11.516000000 -0.000000 -0.000000 0.054999 0.000000 -0.000000 0.000000 1.000000
11.536000000 -0.000000 -0.000000 0.054999 0.000000 -0.000000 0.000000 1.000000
11.556000000 -0.000000 -0.000000 0.054999 0.000000 -0.000000 0.000000 1.000000
11.576000000 -0.000000 -0.000000 0.054999 0.000000 -0.000000 0.000000 1.000000
11.596000000 -0.000000 -0.000000 0.054999 0.000000 -0.000000 0.000000 1.000000
11.616000000 -0.000000 -0.000000 0.054999 0.000000 -0.000000 0.000000 1.000000
11.636000000 -0.000000 -0.000000 0.054999 0.000000 -0.000000 0.000000 1.000000
11.656000000 -0.000000 -0.000000 0.054999 0.000000 -0.000000 0.000000 1.000000
11.676000000 -0.000000 -0.000000 0.054999 0.000000 -0.000000 0.000000 1.000000
11.696000000 -0.000000 -0.000000 0.054999 0.000000 -0.000000 0.000000 1.000000
11.716000000 -0.000000 -0.000000 0.054999 0.000000 -0.000000 0.000000 1.000000
11.736000000 -0.000000 -0.000000 0.054999 0.000000 -0.000000 0.000000 1.000000
11.756000000 -0.000000 -0.000000 0.054999 0.000000 -0.000000 0.000000 1.000000
11.776000000 -0.000000 -0.000000 0.054999 0.000000 -0.000000 0.000000 1.000000
11.796000000 -0.000000 -0.000000 0.054999 0.000000 -0.000000 0.000000 1.000000
11.816000000 -0.000000 -0.000000 0.054999 0.000000 -0.000000 0.000000 1.000000
11.836000000 -0.000000 -0.000000 0.054999 0.000000 -0.000000 0.000000 1.000000
11.856000000 -0.000000 -0.000000 0.054999 0.000000 -0.000000 0.000000 1.000000
11.876000000 -0.000000 -0.000000 0.054999 0.000000 -0.000000 0.000000 1.000000
11.896000000 -0.000000 -0.000000 0.054999 0.000000 -0.000000 0.000000 1.000000
11.916000000 -0.000000 -0.000000 0.054999 0.000000 -0.000000 0.000000 1.000000
11.936000000 -0.000000 -0.000000 0.054999 0.000000 -0.000000 0.000000 1.000000
11.956000000 -0.000000 -0.000000 0.054999 0.000000 -0.000000 0.000000 1.000000
11.976000000 -0.000000 -0.000000 0.054999 0.000000 -0.000000 0.000000 1.000000
11.996000000 -0.000000 -0.000000 0.054999 0.000000 -0.000000 0.000000 1.000000
12.016000000 -0.000000 -0.000000 0.054999 0.000000 -0.000000 0.000000 1.000000
12.036000000 -0.000000 -0.000000 0.054999 0.000000 -0.000000 0.000000 1.000000
12.056000000 -0.000000 -0.000000 0.054999 0.000000 -0.000000 0.000000 1.000000
12.076000000 -0.000000 -0.000000 0.054999 0.000000 -0.000000 0.000000 1.000000
12.096000000 -0.000000 -0.000000 0.054999 0.000000 -0.000000 0.000000 1.000000
12.116000000 -0.000000 -0.000000 0.054999 0.000000 -0.000000 0.000000 1.000000
12.136000000 -0.000000 -0.000000 0.054999 0.000000 -0.000000 0.000000 1.000000
12.156000000 -0.000000 -0.000000 0.054999 0.000000 -0.000000 0.000000 1.000000
12.176000000 -0.000000 -0.000000 0.054999 0.000000 -0.000000 0.000000 1.000000
12.196000000 -0.000000 -0.000000 0.054999 0.000000 -0.000000 0.000000 1.000000
12.216000000 -0.000000 -0.000000 0.054999 0.000000 -0.000000 0.000000 1.000000
12.236000000 -0.000000 -0.000000 0.054999 0.000000 -0.000000 0.000000 1.000000
12.256000000 -0.000000 -0.000000 0.054999 0.000000 -0.000000 0.000000 1.000000
12.276000000 -0.000000 -0.000000 0.054999 0.000000 -0.000000 0.000000 1.000000
12.296000000 -0.000000 -0.000000 0.054999 0.000000 -0.000000 0.000000 1.000000
12.316000000 -0.000000 -0.000000 0.054999 0.000000 -0.000000 0.000000 1.000000
12.336000000 -0.000000 -0.000000 0.054999 0.000000 -0.000000 0.000000 1.000000
12.356000000 -0.000000 -0.000000 0.054999 0.000000 -0.000000 0.000000 1.000000
12.376000000 -0.000000 -0.000000 0.054999 0.000000 -0.000000 0.000000 1.000000
12.396000000 -0.000000 -0.000000 0.054999 0.000000 -0.000000 0.000000 1.000000
12.416000000 -0.000000 -0.000000 0.054999 0.000000 -0.000000 0.000000 1.000000
12.436000000 -0.000000 -0.000000 0.054999 0.000000 -0.000000 0.000000 1.000000
12.456000000 -0.000000 -0.000000 0.054999 0.000000 -0.000000 0.000000 1.000000
12.476000000 -0.000000 -0.000000 0.054999 0.000000 -0.000000 0.000000 1.000000
12.496000000 -0.000000 -0.000000 0.054999 0.000000 -0.000000 0.000000 1.000000
12.516000000 -0.000000 -0.000000 0.054999 0.000000 -0.000000 0.000000 1.000000
12.536000000 -0.000000 -0.000000 0.054999 0.000000 -0.000000 0.000000 1.000000
12.556000000 -0.000000 -0.000000 0.054999 0.000000 -0.000000 0.000000 1.000000
12.576000000 -0.000000 -0.000000 0.054999 0.000000 -0.000000 0.000000 1.000000
12.596000000 -0.000000 -0.000000 0.054999 0.000000 -0.000000 0.000000 1.000000
12.616000000 -0.000000 -0.000000 0.054999 0.000000 -0.000000 0.000000 1.000000
12.636000000 -0.000000 -0.000000 0.054999 0.000000 -0.000000 0.000000 1.000000
12.656000000 -0.000000 -0.000000 0.054999 0.000000 -0.000000 0.000000 1.000000
12.676000000 -0.000000 -0.000000 0.054999 0.000000 -0.000000 0.000000 1.000000
12.696000000 -0.000000 -0.000000 0.054999 0.000000 -0.000000 0.000000 1.000000
12.716000000 -0.000000 -0.000000 0.054999 0.000000 -0.000000 0.000000 1.000000
12.736000000 -0.000000 -0.000000 0.054999 0.000000 -0.000000 0.000000 1.000000
12.756000000 -0.000000 -0.000000 0.054999 0.000000 -0.000000 0.000000 1.000000
12.776000000 -0.000000 -0.000000 0.054999 0.000000 -0.000000 0.000000 1.000000
12.796000000 -0.000000 -0.000000 0.054999 0.000000 -0.000000 0.000000 1.000000
12.816000000 -0.000000 -0.000000 0.054999 0.000000 -0.000000 0.000000 1.000000
12.836000000 -0.000000 -0.000000 0.054999 0.000000 -0.000000 0.000000 1.000000
12.856000000 -0.000000 -0.000000 0.054999 0.000000 -0.000000 0.000000 1.000000
12.876000000 -0.000000 -0.000000 0.054999 0.000000 -0.000000 0.000000 1.000000
12.896000000 -0.000000 -0.000000 0.054999 0.000000 -0.000000 0.000000 1.000000
12.916000000 -0.000000 -0.000000 0.054999 0.000000 -0.000000 0.000000 1.000000
12.936000000 -0.000000 -0.000000 0.054999 0.000000 -0.000000 0.000000 1.000000
12.956000000 -0.000000 -0.000000 0.054999 0.000000 -0.000000 0.000000 1.000000
12.976000000 -0.000000 -0.000000 0.054999 0.000000 -0.000000 0.000000 1.000000
12.996000000 -0.000000 -0.000000 0.054999 0.000000 -0.000000 0.000000 1.000000
13.016000000 -0.000000 -0.000000 0.054999 0.000000 -0.000000 0.000000 1.000000
13.036000000 -0.000000 -0.000000 0.054999 0.000000 -0.000000 0.000000 1.000000
13.056000000 -0.000000 -0.000000 0.054999 0.000000 -0.000000 0.000000 1.000000
13.076000000 -0.000000 -0.000000 0.054999 0.000000 -0.000000 0.000000 1.000000
13.096000000 -0.000000 -0.000000 0.054999 0.000000 -0.000000 0.000000 1.000000
13.116000000 -0.000000 -0.000000 0.054999 0.000000 -0.000000 0.000000 1.000000
13.136000000 -0.000000 -0.000000 0.054999 0.000000 -0.000000 0.000000 1.000000
13.156000000 -0.000000 -0.000000 0.054999 0.000000 -0.000000 0.000000 1.000000
13.176000000 -0.000000 -0.000000 0.054999 0.000000 -0.000000 0.000000 1.000000
13.196000000 -0.000000 -0.000000 0.054999 0.000000 -0.000000 0.000000 1.000000
13.216000000 -0.000000 -0.000000 0.054999 0.000000 -0.000000 0.000000 1.000000
13.236000000 -0.000000 -0.000000 0.054999 0.000000 -0.000000 0.000000 1.000000
13.256000000 -0.000000 -0.000000 0.054999 0.000000 -0.000000 0.000000 1.000000
13.276000000 -0.000000 -0.000000 0.054999 0.000000 -0.000000 0.000000 1.000000
13.296000000 -0.000000 -0.000000 0.054999 0.000000 -0.000000 0.000000 1.000000
13.316000000 -0.000000 -0.000000 0.054999 0.000000 -0.000000 0.000000 1.000000
13.336000000 -0.000000 -0.000000 0.054999 0.000000 -0.000000 0.000000 1.000000
13.356000000 -0.000000 -0.000000 0.054999 0.000000 -0.000000 0.000000 1.000000
13.376000000 -0.000000 -0.000000 0.054999 0.000000 -0.000000 0.000000 1.000000
13.396000000 -0.000000 -0.000000 0.054999 0.000000 -0.000000 0.000000 1.000000
13.416000000 -0.000000 -0.000000 0.054999 0.000000 -0.000000 0.000000 1.000000
13.436000000 -0.000000 -0.000000 0.054999 0.000000 -0.000000 0.000000 1.000000
13.456000000 -0.000000 -0.000000 0.054999 0.000000 -0.000000 0.000000 1.000000
13.476000000 -0.000000 -0.000000 0.054999 0.000000 -0.000000 0.000000 1.000000
13.496000000 -0.000000 -0.000000 0.054999 0.000000 -0.000000 0.000000 1.000000
13.516000000 -0.000000 -0.000000 0.054999 0.000000 -0.000000 0.000000 1.000000
13.536000000 -0.000000 -0.000000 0.054999 0.000000 -0.000000 0.000000 1.000000
13.556000000 -0.000000 -0.000000 0.054999 0.000000 -0.000000 0.000000 1.000000
13.576000000 -0.000000 -0.000000 0.054999 0.000000 -0.000000 0.000000 1.000000
13.596000000 -0.000000 -0.000000 0.054999 0.000000 -0.000000 0.000000 1.000000
13.616000000 -0.000000 -0.000000 0.054999 0.000000 -0.000000 0.000000 1.000000
13.636000000 -0.000000 -0.000000 0.054999 0.000000 -0.000000 0.000000 1.000000
13.656000000 -0.000000 -0.000000 0.054999 0.000000 -0.000000 0.000000 1.000000
13.676000000 -0.000000 -0.000000 0.054999 0.000000 -0.000000 0.000000 1.000000
13.696000000 -0.000000 -0.000000 0.054999 0.000000 -0.000000 0.000000 1.000000
13.716000000 -0.000000 -0.000000 0.054999 0.000000 -0.000000 0.000000 1.000000
13.736000000 -0.000000 -0.000000 0.054999 0.000000 -0.000000 0.000000 1.000000
13.756000000 -0.000000 -0.000000 0.054999 0.000000 -0.000000 0.000000 1.000000
13.776000000 -0.000000 -0.000000 0.054999 0.000000 -0.000000 0.000000 1.000000
13.796000000 -0.000000 -0.000000 0.054999 0.000000 -0.000000 0.000000 1.000000
13.816000000 -0.000000 -0.000000 0.054999 0.000000 -0.000000 0.000000 1.000000
13.836000000 -0.000000 -0.000000 0.054999 0.000000 -0.000000 0.000000 1.000000
13.856000000 -0.000000 -0.000000 0.054999 0.000000 -0.000000 0.000000 1.000000
13.876000000 -0.000000 -0.000000 0.054999 0.000000 -0.000000 0.000000 1.000000
13.896000000 -0.000000 -0.000000 0.054999 0.000000 -0.000000 0.000000 1.000000
13.916000000 -0.000000 -0.000000 0.054999 0.000000 -0.000000 0.000000 1.000000
13.936000000 -0.000000 -0.000000 0.054999 0.000000 -0.000000 0.000000 1.000000
13.956000000 -0.000000 -0.000000 0.054999 0.000000 -0.000000 0.000000 1.000000
13.976000000 -0.000000 -0.000000 0.054999 0.000000 -0.000000 0.000000 1.000000
13.996000000 -0.000000 -0.000000 0.054999 0.000000 -0.000000 0.000000 1.000000
14.016000000 -0.000000 -0.000000 0.054999 0.000000 -0.000000 0.000000 1.000000
14.036000000 -0.000000 -0.000000 0.054999 0.000000 -0.000000 0.000000 1.000000
14.056000000 -0.000000 -0.000000 0.054999 0.000000 -0.000000 0.000000 1.000000
14.076000000 -0.000000 -0.000000 0.054999 0.000000 -0.000000 0.000000 1.000000
14.096000000 -0.000000 -0.000000 0.054999 0.000000 -0.000000 0.000000 1.000000
14.116000000 -0.000000 -0.000000 0.054999 0.000000 -0.000000 0.000000 1.000000
14.136000000 -0.000000 -0.000000 0.054999 0.000000 -0.000000 0.000000 1.000000
14.156000000 -0.000000 -0.000000 0.054999 0.000000 -0.000000 0.000000 1.000000
14.176000000 -0.000000 -0.000000 0.054999 0.000000 -0.000000 0.000000 1.000000
14.196000000 -0.000000 -0.000000 0.054999 0.000000 -0.000000 0.000000 1.000000
14.216000000 -0.000000 -0.000000 0.054999 0.000000 -0.000000 0.000000 1.000000
14.236000000 -0.000000 -0.000000 0.054999 0.000000 -0.000000 0.000000 1.000000
14.256000000 -0.000000 -0.000000 0.054999 0.000000 -0.000000 0.000000 1.000000
14.276000000 -0.000000 -0.000000 0.054999 0.000000 -0.000000 0.000000 1.000000
14.296000000 -0.000000 -0.000000 0.054999 0.000000 -0.000000 0.000000 1.000000
14.316000000 -0.000000 -0.000000 0.054999 0.000000 -0.000000 0.000000 1.000000
14.336000000 -0.000000 -0.000000 0.054999 0.000000 -0.000000 0.000000 1.000000
14.356000000 -0.000000 -0.000000 0.054999 0.000000 -0.000000 0.000000 1.000000
14.376000000 -0.000000 -0.000000 0.054999 0.000000 -0.000000 0.000000 1.000000
14.396000000 -0.000000 -0.000000 0.054999 0.000000 -0.000000 0.000000 1.000000
14.416000000 -0.000000 -0.000000 0.054999 0.000000 -0.000000 0.000000 1.000000
14.436000000 -0.000000 -0.000000 0.054999 0.000000 -0.000000 0.000000 1.000000
14.456000000 -0.000000 -0.000000 0.054999 0.000000 -0.000000 0.000000 1.000000
14.476000000 -0.000000 -0.000000 0.054999 0.000000 -0.000000 0.000000 1.000000
14.496000000 -0.000000 -0.000000 0.054999 0.000000 -0.000000 0.000000 1.000000
14.516000000 -0.000000 -0.000000 0.054999 0.000000 -0.000000 0.000000 1.000000
14.536000000 -0.000000 -0.000000 0.054999 0.000000 -0.000000 0.000000 1.000000
14.556000000 -0.000000 -0.000000 0.054999 0.000000 -0.000000 0.000000 1.000000
14.576000000 -0.000000 -0.000000 0.054999 0.000000 -0.000000 0.000000 1.000000
14.596000000 -0.000000 -0.000000 0.054999 0.000000 -0.000000 0.000000 1.000000
14.616000000 -0.000000 -0.000000 0.054999 0.000000 -0.000000 0.000000 1.000000
14.636000000 -0.000000 -0.000000 0.054999 0.000000 -0.000000 0.000000 1.000000
14.656000000 -0.000000 -0.000000 0.054999 0.000000 -0.000000 0.000000 1.000000
14.676000000 -0.000000 -0.000000 0.054999 0.000000 -0.000000 0.000000 1.000000
14.696000000 -0.000000 -0.000000 0.054999 0.000000 -0.000000 0.000000 1.000000
14.716000000 -0.000000 -0.000000 0.054999 0.000000 -0.000000 0.000000 1.000000
14.736000000 -0.000000 -0.000000 0.054999 0.000000 -0.000000 0.000000 1.000000
14.756000000 -0.000000 -0.000000 0.054999 0.000000 -0.000000 0.000000 1.000000
14.776000000 -0.000000 -0.000000 0.054999 0.000000 -0.000000 0.000000 1.000000
14.796000000 -0.000000 -0.000000 0.054999 0.000000 -0.000000 0.000000 1.000000
14.816000000 -0.000000 -0.000000 0.054999 0.000000 -0.000000 0.000000 1.000000
14.836000000 -0.000000 -0.000000 0.054999 0.000000 -0.000000 0.000000 1.000000
14.856000000 -0.000000 -0.000000 0.054999 0.000000 -0.000000 0.000000 1.000000
14.876000000 -0.000000 -0.000000 0.054999 0.000000 -0.000000 0.000000 1.000000
14.896000000 -0.000000 -0.000000 0.054999 0.000000 -0.000000 0.000000 1.000000
14.916000000 -0.000000 -0.000000 0.054999 0.000000 -0.000000 0.000000 1.000000
14.936000000 -0.000000 -0.000000 0.054999 0.000000 -0.000000 0.000000 1.000000
14.956000000 -0.000000 -0.000000 0.054999 0.000000 -0.000000 0.000000 1.000000
14.976000000 -0.000000 -0.000000 0.054999 0.000000 -0.000000 0.000000 1.000000
14.996000000 -0.000000 -0.000000 0.054999 0.000000 -0.000000 0.000000 1.000000
15.016000000 -0.000000 -0.000000 0.054999 0.000000 -0.000000 0.000000 1.000000
15.036000000 -0.000000 -0.000000 0.054999 0.000000 -0.000000 0.000000 1.000000
15.056000000 -0.000000 -0.000000 0.054999 0.000000 -0.000000 0.000000 1.000000
15.076000000 -0.000000 -0.000000 0.054999 0.000000 -0.000000 0.000000 1.000000
15.096000000 -0.000000 -0.000000 0.054999 0.000000 -0.000000 0.000000 1.000000
15.116000000 -0.000000 -0.000000 0.054999 0.000000 -0.000000 0.000000 1.000000
15.136000000 -0.000000 -0.000000 0.054999 0.000000 -0.000000 0.000000 1.000000
15.156000000 -0.000000 -0.000000 0.054999 0.000000 -0.000000 0.000000 1.000000
15.176000000 -0.000000 -0.000000 0.054999 0.000000 -0.000000 0.000000 1.000000
15.196000000 -0.000000 -0.000000 0.054999 0.000000 -0.000000 0.000000 1.000000
15.216000000 -0.000000 -0.000000 0.054999 0.000000 -0.000000 0.000000 1.000000
15.236000000 -0.000000 -0.000000 0.054999 0.000000 -0.000000 0.000000 1.000000
15.256000000 -0.000000 -0.000000 0.054999 0.000000 -0.000000 0.000000 1.000000
15.276000000 -0.000000 -0.000000 0.054999 0.000000 -0.000000 0.000000 1.000000
15.296000000 -0.000000 -0.000000 0.054999 0.000000 -0.000000 0.000000 1.000000
15.316000000 -0.000000 -0.000000 0.054999 0.000000 -0.000000 0.000000 1.000000
15.336000000 -0.000000 -0.000000 0.054999 0.000000 -0.000000 0.000000 1.000000
15.356000000 -0.000000 -0.000000 0.054999 0.000000 -0.000000 0.000000 1.000000
15.376000000 -0.000000 -0.000000 0.054999 0.000000 -0.000000 0.000000 1.000000
15.396000000 -0.000000 -0.000000 0.054999 0.000000 -0.000000 0.000000 1.000000
15.416000000 -0.000000 -0.000000 0.054999 0.000000 -0.000000 0.000000 1.000000
15.436000000 -0.000000 -0.000000 0.054999 0.000000 -0.000000 0.000000 1.000000
15.456000000 -0.000000 -0.000000 0.054999 0.000000 -0.000000 0.000000 1.000000
15.476000000 -0.000000 -0.000000 0.054999 0.000000 -0.000000 0.000000 1.000000
15.496000000 -0.000000 -0.000000 0.054999 0.000000 -0.000000 0.000000 1.000000
15.516000000 -0.000000 -0.000000 0.054999 0.000000 -0.000000 0.000000 1.000000
15.536000000 -0.000000 -0.000000 0.054999 0.000000 -0.000000 0.000000 1.000000
15.556000000 -0.000000 -0.000000 0.054999 0.000000 -0.000000 0.000000 1.000000
15.576000000 -0.000000 -0.000000 0.054999 0.000000 -0.000000 0.000000 1.000000
15.596000000 -0.000000 -0.000000 0.054999 0.000000 -0.000000 0.000000 1.000000
15.616000000 -0.000000 -0.000000 0.054999 0.000000 -0.000000 0.000000 1.000000
15.636000000 -0.000000 -0.000000 0.054999 0.000000 -0.000000 0.000000 1.000000
15.656000000 -0.000000 -0.000000 0.054999 0.000000 -0.000000 0.000000 1.000000
15.676000000 -0.000000 -0.000000 0.054999 0.000000 -0.000000 0.000000 1.000000
15.696000000 -0.000000 -0.000000 0.054999 0.000000 -0.000000 0.000000 1.000000
15.716000000 -0.000000 -0.000000 0.054999 0.000000 -0.000000 0.000000 1.000000
15.736000000 -0.000000 -0.000000 0.054999 0.000000 -0.000000 0.000000 1.000000
15.756000000 -0.000000 -0.000000 0.054999 0.000000 -0.000000 0.000000 1.000000
15.776000000 -0.000000 -0.000000 0.054999 0.000000 -0.000000 0.000000 1.000000
15.796000000 -0.000000 -0.000000 0.054999 0.000000 -0.000000 0.000000 1.000000
15.816000000 -0.000000 -0.000000 0.054999 0.000000 -0.000000 0.000000 1.000000
15.836000000 -0.000000 -0.000000 0.054999 0.000000 -0.000000 0.000000 1.000000
15.856000000 -0.000000 -0.000000 0.054999 0.000000 -0.000000 0.000000 1.000000
15.876000000 -0.000000 -0.000000 0.054999 0.000000 -0.000000 0.000000 1.000000
15.896000000 -0.000000 -0.000000 0.054999 0.000000 -0.000000 0.000000 1.000000
15.916000000 -0.000000 -0.000000 0.054999 0.000000 -0.000000 0.000000 1.000000
15.936000000 -0.000000 -0.000000 0.054999 0.000000 -0.000000 0.000000 1.000000
15.956000000 -0.000000 -0.000000 0.054999 0.000000 -0.000000 0.000000 1.000000
15.976000000 -0.000000 -0.000000 0.054999 0.000000 -0.000000 0.000000 1.000000
15.996000000 -0.000000 -0.000000 0.054999 0.000000 -0.000000 0.000000 1.000000
16.016000000 -0.000000 -0.000000 0.054999 0.000000 -0.000000 0.000000 1.000000
16.036000000 -0.000000 -0.000000 0.054999 0.000000 -0.000000 0.000000 1.000000
16.056000000 -0.000000 -0.000000 0.054999 0.000000 -0.000000 0.000000 1.000000
16.076000000 -0.000000 -0.000000 0.054999 0.000000 -0.000000 0.000000 1.000000
16.096000000 -0.000000 -0.000000 0.054999 0.000000 -0.000000 0.000000 1.000000
16.116000000 -0.000000 -0.000000 0.054999 0.000000 -0.000000 0.000000 1.000000
16.136000000 -0.000000 -0.000000 0.054999 0.000000 -0.000000 0.000000 1.000000
16.156000000 -0.000000 -0.000000 0.054999 0.000000 -0.000000 0.000000 1.000000
16.176000000 -0.000000 -0.000000 0.054999 0.000000 -0.000000 0.000000 1.000000
16.196000000 -0.000000 -0.000000 0.054999 0.000000 -0.000000 0.000000 1.000000
16.216000000 -0.000000 -0.000000 0.054999 0.000000 -0.000000 0.000000 1.000000
16.236000000 -0.000000 -0.000000 0.054999 0.000000 -0.000000 0.000000 1.000000
16.256000000 -0.000000 -0.000000 0.054999 0.000000 -0.000000 0.000000 1.000000
16.276000000 -0.000000 -0.000000 0.054999 0.000000 -0.000000 0.000000 1.000000
16.296000000 -0.000000 -0.000000 0.054999 0.000000 -0.000000 0.000000 1.000000
16.316000000 -0.000000 -0.000000 0.054999 0.000000 -0.000000 0.000000 1.000000
16.336000000 -0.000000 -0.000000 0.054999 0.000000 -0.000000 0.000000 1.000000
16.356000000 -0.000000 -0.000000 0.054999 0.000000 -0.000000 0.000000 1.000000
16.376000000 -0.000000 -0.000000 0.054999 0.000000 -0.000000 0.000000 1.000000
16.396000000 -0.000000 -0.000000 0.054999 0.000000 -0.000000 0.000000 1.000000
16.416000000 -0.000000 -0.000000 0.054999 0.000000 -0.000000 0.000000 1.000000
16.436000000 -0.000000 -0.000000 0.054999 0.000000 -0.000000 0.000000 1.000000
16.456000000 -0.000000 -0.000000 0.054999 0.000000 -0.000000 0.000000 1.000000
16.476000000 -0.000000 -0.000000 0.054999 0.000000 -0.000000 0.000000 1.000000
16.496000000 -0.000000 -0.000000 0.054999 0.000000 -0.000000 0.000000 1.000000
16.516000000 -0.000000 -0.000000 0.054999 0.000000 -0.000000 0.000000 1.000000
16.536000000 -0.000000 -0.000000 0.054999 0.000000 -0.000000 0.000000 1.000000
16.556000000 -0.000000 -0.000000 0.054999 0.000000 -0.000000 0.000000 1.000000
16.576000000 -0.000000 -0.000000 0.054999 0.000000 -0.000000 0.000000 1.000000
16.596000000 -0.000000 -0.000000 0.054999 0.000000 -0.000000 0.000000 1.000000
16.616000000 -0.000000 -0.000000 0.054999 0.000000 -0.000000 0.000000 1.000000
16.636000000 -0.000000 -0.000000 0.054999 0.000000 -0.000000 0.000000 1.000000
16.656000000 -0.000000 -0.000000 0.054999 0.000000 -0.000000 0.000000 1.000000
16.676000000 -0.000000 -0.000000 0.054999 0.000000 -0.000000 0.000000 1.000000
16.696000000 -0.000000 -0.000000 0.054999 0.000000 -0.000000 0.000000 1.000000
16.716000000 -0.000000 -0.000000 0.054999 0.000000 -0.000000 0.000000 1.000000
16.736000000 -0.000000 -0.000000 0.054999 0.000000 -0.000000 0.000000 1.000000
16.756000000 -0.000000 -0.000000 0.054999 0.000000 -0.000000 0.000000 1.000000
16.776000000 -0.000000 -0.000000 0.054999 0.000000 -0.000000 0.000000 1.000000
16.796000000 -0.000000 -0.000000 0.054999 0.000000 -0.000000 0.000000 1.000000
16.816000000 -0.000000 -0.000000 0.054999 0.000000 -0.000000 0.000000 1.000000
16.836000000 -0.000000 -0.000000 0.054999 0.000000 -0.000000 0.000000 1.000000
16.856000000 -0.000000 -0.000000 0.054999 0.000000 -0.000000 0.000000 1.000000
16.876000000 -0.000000 -0.000000 0.054999 0.000000 -0.000000 0.000000 1.000000
16.896000000 -0.000000 -0.000000 0.054999 0.000000 -0.000000 0.000000 1.000000
16.916000000 -0.000000 -0.000000 0.054999 0.000000 -0.000000 0.000000 1.000000
16.936000000 -0.000000 -0.000000 0.054999 0.000000 -0.000000 0.000000 1.000000
16.956000000 -0.000000 -0.000000 0.054999 0.000000 -0.000000 0.000000 1.000000
16.976000000 -0.000000 -0.000000 0.054999 0.000000 -0.000000 0.000000 1.000000
16.996000000 -0.000000 -0.000000 0.054999 0.000000 -0.000000 0.000000 1.000000
17.016000000 -0.000000 -0.000000 0.054999 0.000000 -0.000000 0.000000 1.000000
17.036000000 -0.000000 -0.000000 0.054999 0.000000 -0.000000 0.000000 1.000000
17.056000000 -0.000000 -0.000000 0.054999 0.000000 -0.000000 0.000000 1.000000
17.076000000 -0.000000 -0.000000 0.054999 0.000000 -0.000000 0.000000 1.000000
17.096000000 -0.000000 -0.000000 0.054999 0.000000 -0.000000 0.000000 1.000000
17.116000000 -0.000000 -0.000000 0.054999 0.000000 -0.000000 0.000000 1.000000
17.136000000 -0.000000 -0.000000 0.054999 0.000000 -0.000000 0.000000 1.000000
17.156000000 -0.000000 -0.000000 0.054999 0.000000 -0.000000 0.000000 1.000000
17.176000000 -0.000000 -0.000000 0.054999 0.000000 -0.000000 0.000000 1.000000
17.196000000 -0.000000 -0.000000 0.054999 0.000000 -0.000000 0.000000 1.000000
17.216000000 -0.000000 -0.000000 0.054999 0.000000 -0.000000 0.000000 1.000000
17.236000000 -0.000000 -0.000000 0.054999 0.000000 -0.000000 0.000000 1.000000
17.256000000 -0.000000 -0.000000 0.054999 0.000000 -0.000000 0.000000 1.000000
17.276000000 -0.000000 -0.000000 0.054999 0.000000 -0.000000 0.000000 1.000000
17.296000000 -0.000000 -0.000000 0.054999 0.000000 -0.000000 0.000000 1.000000
17.316000000 -0.000000 -0.000000 0.054999 0.000000 -0.000000 0.000000 1.000000
17.336000000 -0.000000 -0.000000 0.054999 0.000000 -0.000000 0.000000 1.000000
17.356000000 -0.000000 -0.000000 0.054999 0.000000 -0.000000 0.000000 1.000000
17.376000000 -0.000000 -0.000000 0.054999 0.000000 -0.000000 0.000000 1.000000
17.396000000 -0.000000 -0.000000 0.054999 0.000000 -0.000000 0.000000 1.000000
17.416000000 -0.000000 -0.000000 0.054999 0.000000 -0.000000 0.000000 1.000000
17.436000000 -0.000000 -0.000000 0.054999 0.000000 -0.000000 0.000000 1.000000
17.456000000 -0.000000 -0.000000 0.054999 0.000000 -0.000000 0.000000 1.000000
17.476000000 -0.000000 -0.000000 0.054999 0.000000 -0.000000 0.000000 1.000000
17.496000000 -0.000000 -0.000000 0.054999 0.000000 -0.000000 0.000000 1.000000
17.516000000 -0.000000 -0.000000 0.054999 0.000000 -0.000000 0.000000 1.000000
17.536000000 -0.000000 -0.000000 0.054999 0.000000 -0.000000 0.000000 1.000000
17.556000000 -0.000000 -0.000000 0.054999 0.000000 -0.000000 0.000000 1.000000
17.576000000 -0.000000 -0.000000 0.054999 0.000000 -0.000000 0.000000 1.000000
17.596000000 -0.000000 -0.000000 0.054999 0.000000 -0.000000 0.000000 1.000000
17.616000000 -0.000000 -0.000000 0.054999 0.000000 -0.000000 0.000000 1.000000
17.636000000 -0.000000 -0.000000 0.054999 0.000000 -0.000000 0.000000 1.000000
17.656000000 -0.000000 -0.000000 0.054999 0.000000 -0.000000 0.000000 1.000000
17.676000000 -0.000000 -0.000000 0.054999 0.000000 -0.000000 0.000000 1.000000
17.696000000 -0.000000 -0.000000 0.054999 0.000000 -0.000000 0.000000 1.000000
17.716000000 -0.000000 -0.000000 0.054999 0.000000 -0.000000 0.000000 1.000000
17.736000000 -0.000000 -0.000000 0.054999 0.000000 -0.000000 0.000000 1.000000
17.756000000 -0.000000 -0.000000 0.054999 0.000000 -0.000000 0.000000 1.000000
17.776000000 -0.000000 -0.000000 0.054999 0.000000 -0.000000 0.000000 1.000000
17.796000000 -0.000000 -0.000000 0.054999 0.000000 -0.000000 0.000000 1.000000
17.816000000 -0.000000 -0.000000 0.054999 0.000000 -0.000000 0.000000 1.000000
17.836000000 -0.000000 -0.000000 0.054999 0.000000 -0.000000 0.000000 1.000000
17.856000000 -0.000000 -0.000000 0.054999 0.000000 -0.000000 0.000000 1.000000
17.876000000 -0.000000 -0.000000 0.054999 0.000000 -0.000000 0.000000 1.000000
17.896000000 -0.000000 -0.000000 0.054999 0.000000 -0.000000 0.000000 1.000000
17.916000000 -0.000000 -0.000000 0.054999 0.000000 -0.000000 0.000000 1.000000
17.936000000 -0.000000 -0.000000 0.054999 0.000000 -0.000000 0.000000 1.000000
17.956000000 -0.000000 -0.000000 0.054999 0.000000 -0.000000 0.000000 1.000000
17.976000000 -0.000000 -0.000000 0.054999 0.000000 -0.000000 0.000000 1.000000
17.996000000 -0.000000 -0.000000 0.054999 0.000000 -0.000000 0.000000 1.000000
18.016000000 -0.000000 -0.000000 0.054999 0.000000 -0.000000 0.000000 1.000000
18.036000000 -0.000000 -0.000000 0.054999 0.000000 -0.000000 0.000000 1.000000
18.056000000 -0.000000 -0.000000 0.054999 0.000000 -0.000000 0.000000 1.000000
18.076000000 -0.000000 -0.000000 0.054999 0.000000 -0.000000 0.000000 1.000000
18.096000000 -0.000000 -0.000000 0.054999 0.000000 -0.000000 0.000000 1.000000
18.116000000 -0.000000 -0.000000 0.054999 0.000000 -0.000000 0.000000 1.000000
18.136000000 -0.000000 -0.000000 0.054999 0.000000 -0.000000 0.000000 1.000000
18.156000000 -0.000000 -0.000000 0.054999 0.000000 -0.000000 0.000000 1.000000
18.176000000 -0.000000 -0.000000 0.054999 0.000000 -0.000000 0.000000 1.000000
18.196000000 -0.000000 -0.000000 0.054999 0.000000 -0.000000 0.000000 1.000000
18.216000000 -0.000000 -0.000000 0.054999 0.000000 -0.000000 0.000000 1.000000
18.236000000 -0.000000 -0.000000 0.054999 0.000000 -0.000000 0.000000 1.000000
18.256000000 -0.000000 -0.000000 0.054999 0.000000 -0.000000 0.000000 1.000000
18.276000000 -0.000000 -0.000000 0.054999 0.000000 -0.000000 0.000000 1.000000
18.296000000 -0.000000 -0.000000 0.054999 0.000000 -0.000000 0.000000 1.000000
18.316000000 -0.000000 -0.000000 0.054999 0.000000 -0.000000 0.000000 1.000000
18.336000000 -0.000000 -0.000000 0.054999 0.000000 -0.000000 0.000000 1.000000
18.356000000 -0.000000 -0.000000 0.054999 0.000000 -0.000000 0.000000 1.000000
18.376000000 -0.000000 -0.000000 0.054999 0.000000 -0.000000 0.000000 1.000000
18.396000000 -0.000000 -0.000000 0.054999 0.000000 -0.000000 0.000000 1.000000
18.416000000 -0.000000 -0.000000 0.054999 0.000000 -0.000000 0.000000 1.000000
18.436000000 -0.000000 -0.000000 0.054999 0.000000 -0.000000 0.000000 1.000000
18.456000000 -0.000000 -0.000000 0.054999 0.000000 -0.000000 0.000000 1.000000
18.476000000 -0.000000 -0.000000 0.054999 0.000000 -0.000000 0.000000 1.000000
18.496000000 -0.000000 -0.000000 0.054999 0.000000 -0.000000 0.000000 1.000000
18.516000000 -0.000000 -0.000000 0.054999 0.000000 -0.000000 0.000000 1.000000
18.536000000 -0.000000 -0.000000 0.054999 0.000000 -0.000000 0.000000 1.000000
18.556000000 -0.000000 -0.000000 0.054999 0.000000 -0.000000 0.000000 1.000000
18.576000000 -0.000000 -0.000000 0.054999 0.000000 -0.000000 0.000000 1.000000
18.596000000 -0.000000 -0.000000 0.054999 0.000000 -0.000000 0.000000 1.000000
18.616000000 -0.000000 -0.000000 0.054999 0.000000 -0.000000 0.000000 1.000000
18.636000000 -0.000000 -0.000000 0.054999 0.000000 -0.000000 0.000000 1.000000
18.656000000 -0.000000 -0.000000 0.054999 0.000000 -0.000000 0.000000 1.000000
18.676000000 -0.000000 -0.000000 0.054999 0.000000 -0.000000 0.000000 1.000000
18.696000000 -0.000000 -0.000000 0.054999 0.000000 -0.000000 0.000000 1.000000
18.716000000 -0.000000 -0.000000 0.054999 0.000000 -0.000000 0.000000 1.000000
18.736000000 -0.000000 -0.000000 0.054999 0.000000 -0.000000 0.000000 1.000000
18.756000000 -0.000000 -0.000000 0.054999 0.000000 -0.000000 0.000000 1.000000
18.776000000 -0.000000 -0.000000 0.054999 0.000000 -0.000000 0.000000 1.000000
18.796000000 -0.000000 -0.000000 0.054999 0.000000 -0.000000 0.000000 1.000000
18.816000000 -0.000000 -0.000000 0.054999 0.000000 -0.000000 0.000000 1.000000
18.836000000 -0.000000 -0.000000 0.054999 0.000000 -0.000000 0.000000 1.000000
18.856000000 -0.000000 -0.000000 0.054999 0.000000 -0.000000 0.000000 1.000000
18.876000000 -0.000000 -0.000000 0.054999 0.000000 -0.000000 0.000000 1.000000
18.896000000 -0.000000 -0.000000 0.054999 0.000000 -0.000000 0.000000 1.000000
18.916000000 -0.000000 -0.000000 0.054999 0.000000 -0.000000 0.000000 1.000000
18.936000000 -0.000000 -0.000000 0.054999 0.000000 -0.000000 0.000000 1.000000
18.956000000 -0.000000 -0.000000 0.054999 0.000000 -0.000000 0.000000 1.000000
18.976000000 -0.000000 -0.000000 0.054999 0.000000 -0.000000 0.000000 1.000000
18.996000000 -0.000000 -0.000000 0.054999 0.000000 -0.000000 0.000000 1.000000
19.016000000 -0.000000 -0.000000 0.054999 0.000000 -0.000000 0.000000 1.000000
19.036000000 -0.000000 -0.000000 0.054999 0.000000 -0.000000 0.000000 1.000000
19.056000000 -0.000000 -0.000000 0.054999 0.000000 -0.000000 0.000000 1.000000
19.076000000 -0.000000 -0.000000 0.054999 0.000000 -0.000000 0.000000 1.000000
19.096000000 -0.000000 -0.000000 0.054999 0.000000 -0.000000 0.000000 1.000000
19.116000000 -0.000000 -0.000000 0.054999 0.000000 -0.000000 0.000000 1.000000
19.136000000 -0.000000 -0.000000 0.054999 0.000000 -0.000000 0.000000 1.000000
19.156000000 -0.000000 -0.000000 0.054999 0.000000 -0.000000 0.000000 1.000000
19.176000000 -0.000000 -0.000000 0.054999 0.000000 -0.000000 0.000000 1.000000
19.196000000 -0.000000 -0.000000 0.054999 0.000000 -0.000000 0.000000 1.000000
19.216000000 -0.000000 -0.000000 0.054999 0.000000 -0.000000 0.000000 1.000000
19.236000000 -0.000000 -0.000000 0.054999 0.000000 -0.000000 0.000000 1.000000
19.256000000 -0.000000 -0.000000 0.054999 0.000000 -0.000000 0.000000 1.000000
19.276000000 -0.000000 -0.000000 0.054999 0.000000 -0.000000 0.000000 1.000000
19.296000000 -0.000000 -0.000000 0.054999 0.000000 -0.000000 0.000000 1.000000
19.316000000 -0.000000 -0.000000 0.054999 0.000000 -0.000000 0.000000 1.000000
19.336000000 -0.000000 -0.000000 0.054999 0.000000 -0.000000 0.000000 1.000000
19.356000000 -0.000000 -0.000000 0.054999 0.000000 -0.000000 0.000000 1.000000
19.376000000 -0.000000 -0.000000 0.054999 0.000000 -0.000000 0.000000 1.000000
19.396000000 -0.000000 -0.000000 0.054999 0.000000 -0.000000 0.000000 1.000000
19.416000000 -0.000000 -0.000000 0.054999 0.000000 -0.000000 0.000000 1.000000
19.436000000 -0.000000 -0.000000 0.054999 0.000000 -0.000000 0.000000 1.000000
19.456000000 -0.000000 -0.000000 0.054999 0.000000 -0.000000 0.000000 1.000000
19.476000000 -0.000000 -0.000000 0.054999 0.000000 -0.000000 0.000000 1.000000
19.496000000 -0.000000 -0.000000 0.054999 0.000000 -0.000000 0.000000 1.000000
19.516000000 -0.000000 -0.000000 0.054999 0.000000 -0.000000 0.000000 1.000000
19.536000000 -0.000000 -0.000000 0.054999 0.000000 -0.000000 0.000000 1.000000
19.556000000 -0.000000 -0.000000 0.054999 0.000000 -0.000000 0.000000 1.000000
19.576000000 -0.000000 -0.000000 0.054999 0.000000 -0.000000 0.000000 1.000000
19.596000000 -0.000000 -0.000000 0.054999 0.000000 -0.000000 0.000000 1.000000
19.616000000 -0.000000 -0.000000 0.054999 0.000000 -0.000000 0.000000 1.000000
19.636000000 -0.000000 -0.000000 0.054999 0.000000 -0.000000 0.000000 1.000000
19.656000000 -0.000000 -0.000000 0.054999 0.000000 -0.000000 0.000000 1.000000
19.676000000 -0.000000 -0.000000 0.054999 0.000000 -0.000000 0.000000 1.000000
19.696000000 -0.000000 -0.000000 0.054999 0.000000 -0.000000 0.000000 1.000000
19.716000000 -0.000000 -0.000000 0.054999 0.000000 -0.000000 0.000000 1.000000
19.736000000 -0.000000 -0.000000 0.054999 0.000000 -0.000000 0.000000 1.000000
19.756000000 -0.000000 -0.000000 0.054999 0.000000 -0.000000 0.000000 1.000000
19.776000000 -0.000000 -0.000000 0.054999 0.000000 -0.000000 0.000000 1.000000
19.796000000 -0.000000 -0.000000 0.054999 0.000000 -0.000000 0.000000 1.000000
19.816000000 -0.000000 -0.000000 0.054999 0.000000 -0.000000 0.000000 1.000000
19.836000000 -0.000000 -0.000000 0.054999 0.000000 -0.000000 0.000000 1.000000
19.856000000 -0.000000 -0.000000 0.054999 0.000000 -0.000000 0.000000 1.000000
19.876000000 -0.000000 -0.000000 0.054999 0.000000 -0.000000 0.000000 1.000000
19.896000000 -0.000000 -0.000000 0.054999 0.000000 -0.000000 0.000000 1.000000
19.916000000 -0.000000 -0.000000 0.054999 0.000000 -0.000000 0.000000 1.000000
19.936000000 -0.000000 -0.000000 0.054999 0.000000 -0.000000 0.000000 1.000000
19.956000000 -0.000000 -0.000000 0.054999 0.000000 -0.000000 0.000000 1.000000
19.976000000 -0.000000 -0.000000 0.054999 0.000000 -0.000000 0.000000 1.000000
19.996000000 -0.000000 -0.000000 0.054999 0.000000 -0.000000 0.000000 1.000000
20.016000000 -0.000000 -0.000000 0.054999 0.000000 -0.000000 0.000000 1.000000
20.036000000 -0.000000 -0.000000 0.054999 0.000000 -0.000000 0.000000 1.000000
20.056000000 -0.000000 -0.000000 0.054999 0.000000 -0.000000 0.000000 1.000000
20.076000000 -0.000000 -0.000000 0.054999 0.000000 -0.000000 0.000000 1.000000
20.096000000 -0.000000 -0.000000 0.054999 0.000000 -0.000000 0.000000 1.000000
20.116000000 -0.000000 -0.000000 0.054999 0.000000 -0.000000 0.000000 1.000000
20.136000000 -0.000000 -0.000000 0.054999 0.000000 -0.000000 0.000000 1.000000
20.156000000 -0.000000 -0.000000 0.054999 0.000000 -0.000000 0.000000 1.000000
20.176000000 -0.000000 -0.000000 0.054999 0.000000 -0.000000 0.000000 1.000000
20.196000000 -0.000000 -0.000000 0.054999 0.000000 -0.000000 0.000000 1.000000
20.216000000 -0.000000 -0.000000 0.054999 0.000000 -0.000000 0.000000 1.000000
20.236000000 -0.000000 -0.000000 0.054999 0.000000 -0.000000 0.000000 1.000000
20.256000000 -0.000000 -0.000000 0.054999 0.000000 -0.000000 0.000000 1.000000
20.276000000 -0.000000 -0.000000 0.054999 0.000000 -0.000000 0.000000 1.000000
20.296000000 -0.000000 -0.000000 0.054999 0.000000 -0.000000 0.000000 1.000000
20.316000000 -0.000000 -0.000000 0.054999 0.000000 -0.000000 0.000000 1.000000
20.336000000 -0.000000 -0.000000 0.054999 0.000000 -0.000000 0.000000 1.000000
20.356000000 -0.000000 -0.000000 0.054999 0.000000 -0.000000 0.000000 1.000000
20.376000000 -0.000000 -0.000000 0.054999 0.000000 -0.000000 0.000000 1.000000
20.396000000 -0.000000 -0.000000 0.054999 0.000000 -0.000000 0.000000 1.000000
20.416000000 -0.000000 -0.000000 0.054999 0.000000 -0.000000 0.000000 1.000000
20.436000000 -0.000000 -0.000000 0.054999 0.000000 -0.000000 0.000000 1.000000
20.456000000 -0.000000 -0.000000 0.054999 0.000000 -0.000000 0.000000 1.000000
20.476000000 -0.000000 -0.000000 0.054999 0.000000 -0.000000 0.000000 1.000000
20.496000000 -0.000000 -0.000000 0.054999 0.000000 -0.000000 0.000000 1.000000
20.516000000 -0.000000 -0.000000 0.054999 0.000000 -0.000000 0.000000 1.000000
20.536000000 -0.000000 -0.000000 0.054999 0.000000 -0.000000 0.000000 1.000000
20.556000000 -0.000000 -0.000000 0.054999 0.000000 -0.000000 0.000000 1.000000
20.576000000 -0.000000 -0.000000 0.054999 0.000000 -0.000000 0.000000 1.000000
20.596000000 -0.000000 -0.000000 0.054999 0.000000 -0.000000 0.000000 1.000000
20.616000000 -0.000000 -0.000000 0.054999 0.000000 -0.000000 0.000000 1.000000
20.636000000 -0.000000 -0.000000 0.054999 0.000000 -0.000000 0.000000 1.000000
20.656000000 -0.000000 -0.000000 0.054999 0.000000 -0.000000 0.000000 1.000000
20.676000000 -0.000000 -0.000000 0.054999 0.000000 -0.000000 0.000000 1.000000
20.696000000 -0.000000 -0.000000 0.054999 0.000000 -0.000000 0.000000 1.000000
20.716000000 -0.000000 -0.000000 0.054999 0.000000 -0.000000 0.000000 1.000000
20.736000000 -0.000000 -0.000000 0.054999 0.000000 -0.000000 0.000000 1.000000
20.756000000 -0.000000 -0.000000 0.054999 0.000000 -0.000000 0.000000 1.000000
20.776000000 -0.000000 -0.000000 0.054999 0.000000 -0.000000 0.000000 1.000000
20.796000000 -0.000000 -0.000000 0.054999 0.000000 -0.000000 0.000000 1.000000
20.816000000 -0.000000 -0.000000 0.054999 0.000000 -0.000000 0.000000 1.000000
20.836000000 -0.000000 -0.000000 0.054999 0.000000 -0.000000 0.000000 1.000000
20.856000000 -0.000000 -0.000000 0.054999 0.000000 -0.000000 0.000000 1.000000
20.876000000 -0.000000 -0.000000 0.054999 0.000000 -0.000000 0.000000 1.000000
20.896000000 -0.000000 -0.000000 0.054999 0.000000 -0.000000 0.000000 1.000000
20.916000000 -0.000000 -0.000000 0.054999 0.000000 -0.000000 0.000000 1.000000
20.936000000 -0.000000 -0.000000 0.054999 0.000000 -0.000000 0.000000 1.000000
20.956000000 -0.000000 -0.000000 0.054999 0.000000 -0.000000 0.000000 1.000000
20.976000000 -0.000000 -0.000000 0.054999 0.000000 -0.000000 0.000000 1.000000
20.996000000 -0.000000 -0.000000 0.054999 0.000000 -0.000000 0.000000 1.000000
21.016000000 -0.000000 -0.000000 0.054999 0.000000 -0.000000 0.000000 1.000000
21.036000000 -0.000000 -0.000000 0.054999 0.000000 -0.000000 0.000000 1.000000
21.056000000 -0.000000 -0.000000 0.054999 0.000000 -0.000000 0.000000 1.000000
21.076000000 -0.000000 -0.000000 0.054999 0.000000 -0.000000 0.000000 1.000000
21.096000000 -0.000000 -0.000000 0.054999 0.000000 -0.000000 0.000000 1.000000
21.116000000 -0.000000 -0.000000 0.054999 0.000000 -0.000000 0.000000 1.000000
21.136000000 -0.000000 -0.000000 0.054999 0.000000 -0.000000 0.000000 1.000000
21.156000000 -0.000000 -0.000000 0.054999 0.000000 -0.000000 0.000000 1.000000
21.176000000 -0.000000 -0.000000 0.054999 0.000000 -0.000000 0.000000 1.000000
21.196000000 -0.000000 -0.000000 0.054999 0.000000 -0.000000 0.000000 1.000000
21.216000000 -0.000000 -0.000000 0.054999 0.000000 -0.000000 0.000000 1.000000
21.236000000 -0.000000 -0.000000 0.054999 0.000000 -0.000000 0.000000 1.000000
21.256000000 -0.000000 -0.000000 0.054999 0.000000 -0.000000 0.000000 1.000000
21.276000000 -0.000000 -0.000000 0.054999 0.000000 -0.000000 0.000000 1.000000
21.296000000 -0.000000 -0.000000 0.054999 0.000000 -0.000000 0.000000 1.000000
21.316000000 -0.000000 -0.000000 0.054999 0.000000 -0.000000 0.000000 1.000000
21.336000000 -0.000000 -0.000000 0.054999 0.000000 -0.000000 0.000000 1.000000
21.356000000 -0.000000 -0.000000 0.054999 0.000000 -0.000000 0.000000 1.000000
21.376000000 -0.000000 -0.000000 0.054999 0.000000 -0.000000 0.000000 1.000000
21.396000000 -0.000000 -0.000000 0.054999 0.000000 -0.000000 0.000000 1.000000
21.416000000 -0.000000 -0.000000 0.054999 0.000000 -0.000000 0.000000 1.000000
21.436000000 -0.000000 -0.000000 0.054999 0.000000 -0.000000 0.000000 1.000000
21.456000000 -0.000000 -0.000000 0.054999 0.000000 -0.000000 0.000000 1.000000
21.476000000 -0.000000 -0.000000 0.054999 0.000000 -0.000000 0.000000 1.000000
21.496000000 -0.000000 -0.000000 0.054999 0.000000 -0.000000 0.000000 1.000000
21.516000000 -0.000000 -0.000000 0.054999 0.000000 -0.000000 0.000000 1.000000
21.536000000 -0.000000 -0.000000 0.054999 0.000000 -0.000000 0.000000 1.000000
21.556000000 -0.000000 -0.000000 0.054999 0.000000 -0.000000 0.000000 1.000000
21.576000000 -0.000000 -0.000000 0.054999 0.000000 -0.000000 0.000000 1.000000
21.596000000 -0.000000 -0.000000 0.054999 0.000000 -0.000000 0.000000 1.000000
21.616000000 -0.000000 -0.000000 0.054999 0.000000 -0.000000 0.000000 1.000000
21.636000000 -0.000000 -0.000000 0.054999 0.000000 -0.000000 0.000000 1.000000
21.656000000 -0.000000 -0.000000 0.054999 0.000000 -0.000000 0.000000 1.000000
21.676000000 -0.000000 -0.000000 0.054999 0.000000 -0.000000 0.000000 1.000000
21.696000000 -0.000000 -0.000000 0.054999 0.000000 -0.000000 0.000000 1.000000
21.716000000 -0.000000 -0.000000 0.054999 0.000000 -0.000000 0.000000 1.000000
21.736000000 -0.000000 -0.000000 0.054999 0.000000 -0.000000 0.000000 1.000000
21.756000000 -0.000000 -0.000000 0.054999 0.000000 -0.000000 0.000000 1.000000
21.776000000 -0.000000 -0.000000 0.054999 0.000000 -0.000000 0.000000 1.000000
21.796000000 -0.000000 -0.000000 0.054999 0.000000 -0.000000 0.000000 1.000000
21.816000000 -0.000000 -0.000000 0.054999 0.000000 -0.000000 0.000000 1.000000
21.836000000 -0.000000 -0.000000 0.054999 0.000000 -0.000000 0.000000 1.000000
21.856000000 -0.000000 -0.000000 0.054999 0.000000 -0.000000 0.000000 1.000000
21.876000000 -0.000000 -0.000000 0.055063 -0.000000 0.000030 0.000000 1.000000
21.896000000 0.000000 0.000000 0.055391 -0.000000 0.000184 0.000000 1.000000
21.916000000 0.000002 0.000000 0.056049 -0.000000 0.000490 0.000000 1.000000
21.936000000 0.000008 0.000000 0.057053 -0.000000 0.001005 0.000000 0.999999
21.956000000 0.000022 0.000000 0.058392 -0.000000 0.001766 0.000000 0.999998
21.976000000 0.000052 0.000000 0.060057 -0.000000 0.002783 0.000000 0.999996
21.996000000 0.000104 0.000000 0.062039 -0.000000 0.004108 0.000000 0.999992
22.016000000 0.000191 0.000000 0.064324 -0.000000 0.005739 0.000000 0.999984
22.036000000 0.000326 0.000000 0.066902 -0.000001 0.007701 0.000000 0.999970
22.056000000 0.000525 0.000000 0.069761 -0.000001 0.009988 0.000000 0.999950
22.076000000 0.000807 0.000000 0.072891 -0.000002 0.012575 0.000000 0.999921
22.096000000 0.001193 0.000000 0.076283 -0.000002 0.015474 0.000000 0.999880
22.116000000 0.001707 0.000000 0.079923 -0.000003 0.018652 0.000000 0.999826
22.136000000 0.002374 0.000000 0.083804 -0.000004 0.022104 0.000000 0.999756
22.156000000 0.003223 0.000000 0.087912 -0.000006 0.025799 0.000000 0.999667
22.176000000 0.004283 0.000001 0.092240 -0.000007 0.029693 0.000000 0.999559
22.196000000 0.005586 0.000001 0.096774 -0.000009 0.033776 0.000000 0.999429
22.216000000 0.007163 0.000001 0.101503 -0.000012 0.038010 0.000000 0.999277
22.236000000 0.009048 0.000001 0.106414 -0.000015 0.042371 0.000000 0.999102
22.256000000 0.011275 0.000002 0.111493 -0.000018 0.046828 0.000000 0.998903
22.276000000 0.013880 0.000003 0.116731 -0.000022 0.051329 0.000001 0.998682
22.296000000 0.016896 0.000003 0.122110 -0.000027 0.055867 0.000001 0.998438
22.316000000 0.020359 0.000005 0.127616 -0.000032 0.060403 0.000001 0.998174
22.336000000 0.024302 0.000006 0.133235 -0.000038 0.064915 0.000001 0.997891
22.356000000 0.028760 0.000008 0.138949 -0.000045 0.069383 0.000002 0.997590
22.376000000 0.033765 0.000010 0.144744 -0.000052 0.073741 0.000002 0.997277
22.396000000 0.039349 0.000012 0.150599 -0.000061 0.077961 0.000003 0.996956
22.416000000 0.045542 0.000015 0.156496 -0.000070 0.082009 0.000003 0.996632
22.436000000 0.052373 0.000018 0.162414 -0.000079 0.085843 0.000004 0.996309
22.456000000 0.059866 0.000022 0.168336 -0.000090 0.089434 0.000005 0.995993
22.476000000 0.068048 0.000027 0.174245 -0.000102 0.092746 0.000006 0.995690
22.496000000 0.076941 0.000033 0.180129 -0.000114 0.095762 0.000007 0.995404
22.516000000 0.086564 0.000039 0.185975 -0.000127 0.098463 0.000008 0.995141
22.536000000 0.096936 0.000046 0.191773 -0.000141 0.100814 0.000010 0.994905
22.556000000 0.108073 0.000055 0.197514 -0.000155 0.102780 0.000011 0.994704
22.576000000 0.119985 0.000065 0.203187 -0.000171 0.104315 0.000013 0.994544
22.596000000 0.132680 0.000076 0.208781 -0.000187 0.105394 0.000015 0.994430
22.616000000 0.146164 0.000088 0.214285 -0.000203 0.105993 0.000017 0.994367
22.636000000 0.160437 0.000102 0.219693 -0.000220 0.106100 0.000019 0.994355
22.656000000 0.175496 0.000118 0.224999 -0.000238 0.105712 0.000021 0.994397
22.676000000 0.191337 0.000136 0.230201 -0.000256 0.104835 0.000024 0.994490
22.696000000 0.207949 0.000155 0.235300 -0.000275 0.103482 0.000027 0.994631
22.716000000 0.225321 0.000177 0.240299 -0.000294 0.101679 0.000029 0.994817
22.736000000 0.243437 0.000201 0.245205 -0.000312 0.099451 0.000032 0.995042
22.756000000 0.262279 0.000227 0.250024 -0.000331 0.096833 0.000035 0.995301
22.776000000 0.281825 0.000256 0.254766 -0.000350 0.093864 0.000038 0.995585
22.796000000 0.302052 0.000287 0.259440 -0.000369 0.090579 0.000041 0.995889
22.816000000 0.322933 0.000322 0.264058 -0.000388 0.087027 0.000045 0.996206
22.836000000 0.344439 0.000359 0.268632 -0.000406 0.083243 0.000048 0.996529
22.856000000 0.366542 0.000399 0.273173 -0.000424 0.079278 0.000051 0.996852
22.876000000 0.389208 0.000443 0.277696 -0.000442 0.075171 0.000054 0.997171
22.896000000 0.412406 0.000490 0.282212 -0.000459 0.070966 0.000057 0.997479
22.916000000 0.436103 0.000541 0.286735 -0.000475 0.066705 0.000061 0.997773
22.936000000 0.460263 0.000595 0.291277 -0.000491 0.062423 0.000064 0.998050
22.956000000 0.484853 0.000653 0.295850 -0.000505 0.058164 0.000067 0.998307
22.976000000 0.509838 0.000715 0.300467 -0.000519 0.053953 0.000070 0.998543
22.996000000 0.535186 0.000781 0.305137 -0.000531 0.049830 0.000072 0.998758
23.016000000 0.560861 0.000851 0.309872 -0.000543 0.045818 0.000075 0.998950
23.036000000 0.586832 0.000926 0.314680 -0.000552 0.041942 0.000078 0.999120
23.056000000 0.613068 0.001004 0.319570 -0.000561 0.038228 0.000080 0.999269
23.076000000 0.639538 0.001087 0.324548 -0.000568 0.034688 0.000083 0.999398
23.096000000 0.666213 0.001174 0.329622 -0.000574 0.031345 0.000085 0.999508
23.116000000 0.693066 0.001266 0.334798 -0.000578 0.028205 0.000087 0.999602
23.136000000 0.720071 0.001362 0.340078 -0.000581 0.025281 0.000089 0.999680
23.156000000 0.747204 0.001463 0.345468 -0.000582 0.022577 0.000091 0.999745
23.176000000 0.774443 0.001568 0.350971 -0.000581 0.020096 0.000093 0.999798
23.196000000 0.801768 0.001677 0.356588 -0.000579 0.017843 0.000094 0.999841
23.216000000 0.829160 0.001791 0.362321 -0.000575 0.015810 0.000096 0.999875
23.236000000 0.856603 0.001909 0.368172 -0.000570 0.014000 0.000097 0.999902
23.256000000 0.884082 0.002031 0.374141 -0.000564 0.012403 0.000099 0.999923
23.276000000 0.911583 0.002158 0.380230 -0.000556 0.011015 0.000100 0.999939
23.296000000 0.939096 0.002289 0.386436 -0.000546 0.009829 0.000102 0.999952
23.316000000 0.966610 0.002424 0.392761 -0.000536 0.008832 0.000103 0.999961
23.336000000 0.994118 0.002563 0.399202 -0.000524 0.008017 0.000104 0.999968
23.356000000 1.021613 0.002705 0.405757 -0.000511 0.007371 0.000105 0.999973
23.376000000 1.049089 0.002852 0.412424 -0.000498 0.006883 0.000106 0.999976
23.396000000 1.076544 0.003002 0.419202 -0.000483 0.006539 0.000107 0.999979
23.416000000 1.103973 0.003155 0.426087 -0.000468 0.006327 0.000108 0.999980
23.436000000 1.131376 0.003312 0.433075 -0.000452 0.006233 0.000109 0.999980
23.456000000 1.158751 0.003472 0.440165 -0.000435 0.006246 0.000110 0.999980
23.476000000 1.186100 0.003635 0.447314 -0.000418 0.006352 0.000111 0.999980
23.496000000 1.213421 0.003801 0.454366 -0.000398 0.006545 0.000112 0.999978
23.516000000 1.240717 0.003970 0.461230 -0.000376 0.006815 0.000113 0.999977
23.536000000 1.267989 0.004141 0.467867 -0.000351 0.007150 0.000114 0.999974
23.556000000 1.295240 0.004314 0.474263 -0.000325 0.007538 0.000115 0.999972
23.576000000 1.322473 0.004488 0.480418 -0.000297 0.007961 0.000116 0.999968
23.596000000 1.349691 0.004665 0.486339 -0.000269 0.008408 0.000117 0.999965
23.616000000 1.376897 0.004843 0.492030 -0.000242 0.008864 0.000118 0.999961
23.636000000 1.404095 0.005023 0.497499 -0.000215 0.009320 0.000119 0.999957
23.656000000 1.431288 0.005203 0.502753 -0.000190 0.009768 0.000120 0.999952
23.676000000 1.458479 0.005385 0.507798 -0.000167 0.010200 0.000121 0.999948
23.696000000 1.485673 0.005567 0.512640 -0.000145 0.010610 0.000122 0.999944
23.716000000 1.512871 0.005750 0.517287 -0.000126 0.010993 0.000123 0.999940
23.736000000 1.540078 0.005933 0.521745 -0.000108 0.011345 0.000124 0.999936
23.756000000 1.567295 0.006117 0.526019 -0.000092 0.011663 0.000126 0.999932
23.776000000 1.594525 0.006301 0.530116 -0.000078 0.011945 0.000127 0.999929
23.796000000 1.621771 0.006485 0.534041 -0.000067 0.012189 0.000128 0.999926
23.816000000 1.649033 0.006669 0.537799 -0.000057 0.012393 0.000129 0.999923
23.836000000 1.676314 0.006852 0.541397 -0.000048 0.012559 0.000130 0.999921
23.856000000 1.703615 0.007036 0.544840 -0.000041 0.012687 0.000132 0.999920
23.876000000 1.730937 0.007220 0.548132 -0.000039 0.012777 0.000133 0.999918
23.896000000 1.758280 0.007403 0.551282 -0.000048 0.012831 0.000135 0.999918
23.916000000 1.785646 0.007586 0.554294 -0.000070 0.012852 0.000136 0.999917
23.936000000 1.813034 0.007770 0.557175 -0.000111 0.012840 0.000138 0.999918
23.956000000 1.840443 0.007953 0.559930 -0.000170 0.012799 0.000140 0.999918
23.976000000 1.867875 0.008138 0.562565 -0.000248 0.012732 0.000142 0.999919
23.996000000 1.895328 0.008324 0.565085 -0.000347 0.012640 0.000145 0.999920
24.016000000 1.922802 0.008512 0.567495 -0.000465 0.012528 0.000147 0.999921
24.036000000 1.950296 0.008703 0.569802 -0.000603 0.012398 0.000150 0.999923
24.056000000 1.977808 0.008898 0.572009 -0.000758 0.012254 0.000153 0.999925
24.076000000 2.005339 0.009098 0.574122 -0.000926 0.012097 0.000156 0.999926
24.096000000 2.032886 0.009305 0.576145 -0.001110 0.011930 0.000160 0.999928
24.116000000 2.060448 0.009520 0.578084 -0.001304 0.011758 0.000163 0.999930
24.136000000 2.088024 0.009744 0.579942 -0.001509 0.011581 0.000166 0.999932
24.156000000 2.115614 0.009979 0.581724 -0.001723 0.011403 0.000170 0.999933
24.176000000 2.143214 0.010227 0.583433 -0.001940 0.011225 0.000174 0.999935
24.196000000 2.170824 0.010489 0.585075 -0.002163 0.011050 0.000177 0.999937
24.216000000 2.198443 0.010767 0.586652 -0.002388 0.010880 0.000181 0.999938
24.236000000 2.226069 0.011063 0.588168 -0.002614 0.010715 0.000185 0.999939
24.256000000 2.253702 0.011378 0.589628 -0.002840 0.010558 0.000189 0.999940
24.276000000 2.281339 0.011714 0.591033 -0.003062 0.010409 0.000192 0.999941
24.296000000 2.308980 0.012072 0.592389 -0.003283 0.010270 0.000196 0.999942
24.316000000 2.336624 0.012456 0.593696 -0.003498 0.010141 0.000200 0.999942
24.336000000 2.364269 0.012865 0.594960 -0.003709 0.010022 0.000203 0.999943
24.356000000 2.391915 0.013302 0.596181 -0.003915 0.009915 0.000207 0.999943
24.376000000 2.419562 0.013768 0.597364 -0.004112 0.009819 0.000210 0.999943
24.396000000 2.447207 0.014265 0.598510 -0.004304 0.009734 0.000213 0.999943
24.416000000 2.474851 0.014793 0.599622 -0.004487 0.009661 0.000217 0.999943
24.436000000 2.502493 0.015355 0.600702 -0.004664 0.009598 0.000220 0.999943
24.456000000 2.530133 0.015952 0.601753 -0.004832 0.009546 0.000223 0.999943
24.476000000 2.557770 0.016585 0.602776 -0.004991 0.009504 0.000226 0.999942
24.496000000 2.585404 0.017255 0.603773 -0.005144 0.009472 0.000229 0.999942
24.516000000 2.613035 0.017963 0.604747 -0.005287 0.009448 0.000232 0.999941
24.536000000 2.640662 0.018710 0.605699 -0.005423 0.009433 0.000235 0.999941
24.556000000 2.668286 0.019498 0.606631 -0.005552 0.009426 0.000237 0.999940
24.576000000 2.695906 0.020327 0.607543 -0.005671 0.009426 0.000240 0.999939
24.596000000 2.723522 0.021197 0.608439 -0.005784 0.009432 0.000243 0.999939
24.616000000 2.751135 0.022110 0.609318 -0.005889 0.009443 0.000245 0.999938
24.636000000 2.778745 0.023067 0.610184 -0.005988 0.009459 0.000248 0.999937
24.656000000 2.806351 0.024068 0.611036 -0.006080 0.009479 0.000250 0.999937
24.676000000 2.833954 0.025114 0.611876 -0.006164 0.009503 0.000253 0.999936
24.696000000 2.861555 0.026204 0.612705 -0.006243 0.009529 0.000255 0.999935
24.716000000 2.889152 0.027341 0.613524 -0.006316 0.009557 0.000257 0.999934
24.736000000 2.916748 0.028524 0.614334 -0.006383 0.009586 0.000259 0.999934
24.756000000 2.944341 0.029753 0.615136 -0.006446 0.009616 0.000262 0.999933
24.776000000 2.971932 0.031030 0.615932 -0.006502 0.009646 0.000264 0.999932
24.796000000 2.999521 0.032353 0.616721 -0.006555 0.009677 0.000266 0.999932
24.816000000 3.027110 0.033725 0.617505 -0.006602 0.009706 0.000268 0.999931
24.836000000 3.054696 0.035144 0.618285 -0.006646 0.009735 0.000271 0.999930
24.856000000 3.082282 0.036611 0.619061 -0.006687 0.009762 0.000273 0.999930
24.876000000 3.109868 0.038127 0.619833 -0.006722 0.009788 0.000275 0.999929
24.896000000 3.137452 0.039691 0.620604 -0.006755 0.009812 0.000277 0.999929
24.916000000 3.165037 0.041304 0.621372 -0.006784 0.009834 0.000279 0.999929
24.936000000 3.192621 0.042965 0.622139 -0.006811 0.009854 0.000281 0.999928
24.956000000 3.220205 0.044675 0.622906 -0.006836 0.009872 0.000283 0.999928
24.976000000 3.247790 0.046434 0.623673 -0.006856 0.009887 0.000285 0.999928
24.996000000 3.275375 0.048241 0.624439 -0.006876 0.009900 0.000287 0.999927
25.016000000 3.302960 0.050098 0.625207 -0.006892 0.009912 0.000290 0.999927
25.036000000 3.330545 0.052003 0.625976 -0.006908 0.009920 0.000292 0.999927
25.056000000 3.358131 0.053957 0.626747 -0.006921 0.009927 0.000294 0.999927
25.076000000 3.385718 0.055960 0.627520 -0.006932 0.009932 0.000296 0.999927
25.096000000 3.413306 0.058012 0.628295 -0.006942 0.009935 0.000298 0.999927
25.116000000 3.440894 0.060113 0.629073 -0.006950 0.009937 0.000300 0.999926
25.136000000 3.468483 0.062262 0.629854 -0.006957 0.009936 0.000302 0.999926
25.156000000 3.496072 0.064460 0.630639 -0.006963 0.009934 0.000304 0.999926
25.176000000 3.523662 0.066706 0.631427 -0.006967 0.009931 0.000306 0.999926
25.196000000 3.551253 0.069000 0.632219 -0.006970 0.009927 0.000308 0.999926
25.216000000 3.578845 0.071343 0.633015 -0.006972 0.009922 0.000310 0.999926
25.236000000 3.606437 0.073735 0.633816 -0.006974 0.009916 0.000312 0.999926
25.256000000 3.634030 0.076174 0.634621 -0.006975 0.009910 0.000314 0.999927
25.276000000 3.661623 0.078661 0.635430 -0.006974 0.009903 0.000316 0.999927
25.296000000 3.689216 0.081196 0.636245 -0.006973 0.009895 0.000318 0.999927
25.316000000 3.716810 0.083778 0.637064 -0.006971 0.009887 0.000320 0.999927
25.336000000 3.744405 0.086408 0.637888 -0.006969 0.009880 0.000322 0.999927
25.356000000 3.771999 0.089085 0.638717 -0.006966 0.009872 0.000324 0.999927
25.376000000 3.799594 0.091810 0.639551 -0.006962 0.009864 0.000326 0.999927
25.396000000 3.827189 0.094582 0.640391 -0.006957 0.009857 0.000328 0.999927
25.416000000 3.854784 0.097400 0.641235 -0.006952 0.009850 0.000330 0.999927
25.436000000 3.882378 0.100265 0.642085 -0.006947 0.009843 0.000332 0.999927
25.456000000 3.909973 0.103177 0.642939 -0.006941 0.009837 0.000334 0.999927
25.476000000 3.937568 0.106135 0.643799 -0.006934 0.009831 0.000336 0.999928
25.496000000 3.965163 0.109139 0.644664 -0.006927 0.009825 0.000338 0.999928
25.516000000 3.992757 0.112189 0.645533 -0.006919 0.009821 0.000340 0.999928
25.536000000 4.020352 0.115285 0.646407 -0.006911 0.009816 0.000342 0.999928
25.556000000 4.047946 0.118426 0.647286 -0.006903 0.009813 0.000344 0.999928
25.576000000 4.075540 0.121613 0.648169 -0.006894 0.009809 0.000346 0.999928
25.596000000 4.103133 0.124845 0.649057 -0.006884 0.009807 0.000348 0.999928
25.616000000 4.130726 0.128123 0.649949 -0.006874 0.009805 0.000349 0.999928
25.636000000 4.158319 0.131444 0.650845 -0.006864 0.009803 0.000351 0.999928
25.656000000 4.185912 0.134811 0.651745 -0.006854 0.009802 0.000353 0.999928
25.676000000 4.213504 0.138222 0.652648 -0.006842 0.009801 0.000355 0.999928
25.696000000 4.241095 0.141677 0.653555 -0.006831 0.009801 0.000357 0.999929
25.716000000 4.268687 0.145176 0.654465 -0.006818 0.009801 0.000359 0.999929
25.736000000 4.296278 0.148718 0.655379 -0.006806 0.009801 0.000361 0.999929
25.756000000 4.323869 0.152305 0.656294 -0.006794 0.009802 0.000362 0.999929
25.776000000 4.351459 0.155934 0.657213 -0.006780 0.009803 0.000364 0.999929
25.796000000 4.379049 0.159606 0.658133 -0.006767 0.009804 0.000366 0.999929
25.816000000 4.406638 0.163322 0.659056 -0.006752 0.009806 0.000368 0.999929
25.836000000 4.434227 0.167080 0.659980 -0.006738 0.009807 0.000370 0.999929
25.856000000 4.461816 0.170880 0.660905 -0.006724 0.009809 0.000371 0.999929
25.876000000 4.489405 0.174722 0.661832 -0.006708 0.009811 0.000373 0.999929
25.896000000 4.516993 0.178606 0.662759 -0.006693 0.009813 0.000375 0.999929
25.916000000 4.544581 0.182532 0.663687 -0.006676 0.009814 0.000377 0.999929
25.936000000 4.572169 0.186499 0.664615 -0.006660 0.009816 0.000379 0.999930
25.956000000 4.599756 0.190508 0.665542 -0.006644 0.009818 0.000380 0.999930
25.976000000 4.627343 0.194557 0.666469 -0.006626 0.009820 0.000382 0.999930
25.996000000 4.654930 0.198647 0.667396 -0.006608 0.009821 0.000384 0.999930
26.016000000 4.682517 0.202777 0.668321 -0.006590 0.009823 0.000386 0.999930
26.036000000 4.710103 0.206947 0.669244 -0.006572 0.009824 0.000387 0.999930
26.056000000 4.737690 0.211158 0.670165 -0.006553 0.009826 0.000389 0.999930
26.076000000 4.765276 0.215407 0.671085 -0.006534 0.009827 0.000391 0.999930
26.096000000 4.792861 0.219696 0.672001 -0.006514 0.009828 0.000393 0.999930
26.116000000 4.820447 0.224025 0.672915 -0.006494 0.009829 0.000394 0.999931
26.136000000 4.848032 0.228391 0.673825 -0.006474 0.009830 0.000396 0.999931
26.156000000 4.875617 0.232797 0.674731 -0.006454 0.009830 0.000398 0.999931
26.176000000 4.903202 0.237241 0.675634 -0.006432 0.009831 0.000400 0.999931
26.196000000 4.930787 0.241722 0.676531 -0.006411 0.009831 0.000401 0.999931
26.216000000 4.958372 0.246242 0.677425 -0.006389 0.009831 0.000403 0.999931
26.236000000 4.985956 0.250798 0.678312 -0.006367 0.009831 0.000405 0.999931
26.256000000 5.013540 0.255392 0.679194 -0.006344 0.009831 0.000407 0.999931
26.276000000 5.041124 0.260023 0.680071 -0.006321 0.009831 0.000408 0.999932
26.296000000 5.068708 0.264690 0.680940 -0.006298 0.009831 0.000410 0.999932
26.316000000 5.096292 0.269394 0.681803 -0.006274 0.009831 0.000412 0.999932
26.336000000 5.123875 0.274133 0.682659 -0.006250 0.009830 0.000413 0.999932
26.356000000 5.151458 0.278908 0.683508 -0.006226 0.009830 0.000415 0.999932
26.376000000 5.179041 0.283719 0.684348 -0.006201 0.009830 0.000417 0.999932
26.396000000 5.206624 0.288564 0.685180 -0.006176 0.009829 0.000419 0.999933
26.416000000 5.234206 0.293445 0.686004 -0.006150 0.009828 0.000420 0.999933
26.436000000 5.261788 0.298360 0.686818 -0.006124 0.009828 0.000422 0.999933
26.456000000 5.289370 0.303309 0.687623 -0.006098 0.009827 0.000424 0.999933
26.476000000 5.316952 0.308292 0.688418 -0.006071 0.009826 0.000425 0.999933
26.496000000 5.344533 0.313308 0.689203 -0.006044 0.009826 0.000427 0.999933
26.516000000 5.372114 0.318358 0.689978 -0.006017 0.009825 0.000429 0.999934
26.536000000 5.399695 0.323441 0.690741 -0.005989 0.009824 0.000430 0.999934
26.556000000 5.427275 0.328556 0.691493 -0.005961 0.009824 0.000432 0.999934
26.576000000 5.454856 0.333704 0.692234 -0.005932 0.009823 0.000434 0.999934
26.596000000 5.482435 0.338884 0.692962 -0.005903 0.009823 0.000436 0.999934
26.616000000 5.510015 0.344095 0.693678 -0.005874 0.009822 0.000437 0.999934
26.636000000 5.537594 0.349338 0.694381 -0.005844 0.009821 0.000439 0.999935
26.656000000 5.565173 0.354612 0.695071 -0.005814 0.009821 0.000441 0.999935
26.676000000 5.592751 0.359916 0.695747 -0.005783 0.009820 0.000442 0.999935
26.696000000 5.620329 0.365251 0.696409 -0.005753 0.009820 0.000444 0.999935
26.716000000 5.647907 0.370616 0.697057 -0.005721 0.009819 0.000445 0.999935
26.736000000 5.675484 0.376010 0.697690 -0.005690 0.009819 0.000447 0.999936
26.756000000 5.703061 0.381435 0.698309 -0.005658 0.009818 0.000449 0.999936
26.776000000 5.730638 0.386888 0.698912 -0.005625 0.009818 0.000450 0.999936
26.796000000 5.758214 0.392369 0.699499 -0.005592 0.009818 0.000452 0.999936
26.816000000 5.785790 0.397880 0.700070 -0.005559 0.009817 0.000454 0.999936
26.836000000 5.813365 0.403418 0.700625 -0.005526 0.009817 0.000455 0.999936
26.856000000 5.840940 0.408984 0.701163 -0.005492 0.009817 0.000457 0.999937
26.876000000 5.868514 0.414577 0.701684 -0.005458 0.009816 0.000459 0.999937
26.896000000 5.896088 0.420197 0.702188 -0.005423 0.009816 0.000460 0.999937
26.916000000 5.923662 0.425844 0.702674 -0.005388 0.009816 0.000462 0.999937
26.936000000 5.951235 0.431517 0.703142 -0.005353 0.009816 0.000463 0.999937
26.956000000 5.978808 0.437217 0.703592 -0.005318 0.009815 0.000465 0.999938
26.976000000 6.006380 0.442941 0.704023 -0.005282 0.009815 0.000467 0.999938
26.996000000 6.033952 0.448691 0.704435 -0.005246 0.009815 0.000468 0.999938
27.016000000 6.061524 0.454466 0.704828 -0.005209 0.009815 0.000470 0.999938
27.036000000 6.089095 0.460266 0.705201 -0.005172 0.009815 0.000472 0.999938
27.056000000 6.116665 0.466089 0.705555 -0.005135 0.009814 0.000473 0.999939
27.076000000 6.144235 0.471937 0.705888 -0.005098 0.009814 0.000475 0.999939
27.096000000 6.171805 0.477808 0.706201 -0.005060 0.009814 0.000476 0.999939
27.116000000 6.199374 0.483702 0.706494 -0.005022 0.009814 0.000478 0.999939
27.136000000 6.226942 0.489618 0.706766 -0.004984 0.009814 0.000480 0.999939
27.156000000 6.254511 0.495557 0.707016 -0.004945 0.009813 0.000481 0.999940
27.176000000 6.282078 0.501518 0.707245 -0.004906 0.009813 0.000483 0.999940
27.196000000 6.309645 0.507501 0.707453 -0.004867 0.009813 0.000484 0.999940
27.216000000 6.337212 0.513505 0.707638 -0.004828 0.009813 0.000486 0.999940
27.236000000 6.364778 0.519530 0.707802 -0.004788 0.009813 0.000488 0.999940
27.256000000 6.392344 0.525575 0.707943 -0.004748 0.009812 0.000489 0.999940
27.276000000 6.419909 0.531641 0.708062 -0.004708 0.009812 0.000491 0.999941
27.296000000 6.447474 0.537726 0.708158 -0.004667 0.009812 0.000492 0.999941
27.316000000 6.475038 0.543831 0.708231 -0.004626 0.009812 0.000494 0.999941
27.336000000 6.502602 0.549954 0.708280 -0.004585 0.009811 0.000495 0.999941
27.356000000 6.530165 0.556097 0.708307 -0.004544 0.009811 0.000497 0.999941
27.376000000 6.557727 0.562257 0.708310 -0.004502 0.009811 0.000499 0.999942
27.396000000 6.585290 0.568436 0.708289 -0.004460 0.009811 0.000500 0.999942
27.416000000 6.612851 0.574632 0.708244 -0.004418 0.009810 0.000502 0.999942
27.436000000 6.640412 0.580846 0.708176 -0.004375 0.009810 0.000503 0.999942
27.456000000 6.667973 0.587076 0.708083 -0.004333 0.009810 0.000505 0.999942
27.476000000 6.695533 0.593322 0.707966 -0.004290 0.009810 0.000506 0.999943
27.496000000 6.723092 0.599584 0.707824 -0.004246 0.009809 0.000508 0.999943
27.516000000 6.750651 0.605863 0.707658 -0.004203 0.009809 0.000510 0.999943
27.536000000 6.778209 0.612156 0.707467 -0.004159 0.009809 0.000511 0.999943
27.556000000 6.805767 0.618464 0.707251 -0.004115 0.009809 0.000513 0.999943
27.576000000 6.833324 0.624787 0.707011 -0.004070 0.009809 0.000514 0.999943
27.596000000 6.860881 0.631123 0.706745 -0.004026 0.009808 0.000516 0.999944
27.616000000 6.888437 0.637474 0.706454 -0.003981 0.009808 0.000517 0.999944
27.636000000 6.915993 0.643837 0.706138 -0.003936 0.009808 0.000519 0.999944
27.656000000 6.943548 0.650214 0.705797 -0.003890 0.009808 0.000520 0.999944
27.676000000 6.971102 0.656603 0.705430 -0.003845 0.009808 0.000522 0.999944
27.696000000 6.998656 0.663005 0.705038 -0.003799 0.009807 0.000523 0.999945
27.716000000 7.026210 0.669418 0.704621 -0.003753 0.009807 0.000525 0.999945
27.736000000 7.053762 0.675842 0.704178 -0.003706 0.009807 0.000526 0.999945
27.756000000 7.081315 0.682277 0.703709 -0.003660 0.009807 0.000528 0.999945
27.776000000 7.108866 0.688723 0.703215 -0.003613 0.009807 0.000530 0.999945
27.796000000 7.136417 0.695179 0.702695 -0.003566 0.009807 0.000531 0.999945
27.816000000 7.163968 0.701645 0.702150 -0.003519 0.009806 0.000533 0.999946
27.836000000 7.191518 0.708121 0.701579 -0.003471 0.009806 0.000534 0.999946
27.856000000 7.219067 0.714605 0.700983 -0.003423 0.009806 0.000536 0.999946
27.876000000 7.246616 0.721098 0.700361 -0.003375 0.009806 0.000537 0.999946
27.896000000 7.274164 0.727599 0.699713 -0.003327 0.009806 0.000539 0.999946
27.916000000 7.301712 0.734108 0.699040 -0.003279 0.009806 0.000540 0.999946
27.936000000 7.329259 0.740624 0.698341 -0.003230 0.009806 0.000542 0.999947
27.956000000 7.356805 0.747147 0.697617 -0.003182 0.009806 0.000543 0.999947
27.976000000 7.384351 0.753677 0.696867 -0.003133 0.009806 0.000545 0.999947
27.996000000 7.411897 0.760213 0.696092 -0.003083 0.009806 0.000546 0.999947
28.016000000 7.439442 0.766755 0.695292 -0.003034 0.009806 0.000548 0.999947
28.036000000 7.466986 0.773302 0.694467 -0.002985 0.009806 0.000549 0.999947
28.056000000 7.494529 0.779854 0.693616 -0.002935 0.009806 0.000551 0.999947
28.076000000 7.522073 0.786411 0.692741 -0.002885 0.009806 0.000552 0.999948
28.096000000 7.549615 0.792972 0.691840 -0.002835 0.009806 0.000554 0.999948
28.116000000 7.577157 0.799537 0.690915 -0.002785 0.009806 0.000555 0.999948
28.136000000 7.604698 0.806105 0.689965 -0.002734 0.009806 0.000557 0.999948
28.156000000 7.632239 0.812676 0.688990 -0.002684 0.009806 0.000558 0.999948
28.176000000 7.659780 0.819250 0.687992 -0.002633 0.009806 0.000560 0.999948
28.196000000 7.687319 0.825826 0.686968 -0.002582 0.009806 0.000561 0.999948
28.216000000 7.714858 0.832404 0.685921 -0.002531 0.009806 0.000563 0.999949
28.236000000 7.742397 0.838983 0.684850 -0.002480 0.009806 0.000564 0.999949
28.256000000 7.769935 0.845563 0.683755 -0.002428 0.009806 0.000566 0.999949
28.276000000 7.797473 0.852144 0.682636 -0.002377 0.009806 0.000567 0.999949
28.296000000 7.825010 0.858725 0.681494 -0.002325 0.009806 0.000569 0.999949
28.316000000 7.852546 0.865306 0.680328 -0.002273 0.009806 0.000570 0.999949
28.336000000 7.880082 0.871886 0.679140 -0.002221 0.009807 0.000572 0.999949
28.356000000 7.907617 0.878465 0.677928 -0.002169 0.009807 0.000573 0.999949
28.376000000 7.935152 0.885043 0.676694 -0.002117 0.009807 0.000575 0.999950
28.396000000 7.962687 0.891619 0.675438 -0.002065 0.009807 0.000576 0.999950
28.416000000 7.990220 0.898192 0.674159 -0.002012 0.009807 0.000578 0.999950
28.436000000 8.017754 0.904763 0.672858 -0.001960 0.009807 0.000579 0.999950
28.456000000 8.045286 0.911331 0.671535 -0.001907 0.009808 0.000581 0.999950
28.476000000 8.072819 0.917896 0.670192 -0.001854 0.009808 0.000582 0.999950
28.496000000 8.100351 0.924456 0.668826 -0.001801 0.009808 0.000583 0.999950
28.516000000 8.127882 0.931013 0.667440 -0.001748 0.009808 0.000585 0.999950
28.536000000 8.155413 0.937564 0.666033 -0.001695 0.009809 0.000586 0.999950
28.556000000 8.182943 0.944111 0.664605 -0.001641 0.009809 0.000588 0.999950
28.576000000 8.210473 0.950652 0.663158 -0.001588 0.009809 0.000589 0.999950
28.596000000 8.238002 0.957188 0.661690 -0.001534 0.009809 0.000591 0.999951
28.616000000 8.265531 0.963717 0.660203 -0.001480 0.009810 0.000592 0.999951
28.636000000 8.293059 0.970240 0.658697 -0.001426 0.009810 0.000594 0.999951
28.656000000 8.320587 0.976755 0.657172 -0.001372 0.009810 0.000595 0.999951
28.676000000 8.348114 0.983263 0.655628 -0.001318 0.009810 0.000597 0.999951
28.696000000 8.375641 0.989763 0.654065 -0.001264 0.009811 0.000598 0.999951
28.716000000 8.403168 0.996255 0.652485 -0.001210 0.009811 0.000600 0.999951
28.736000000 8.430694 1.002739 0.650887 -0.001155 0.009811 0.000601 0.999951
28.756000000 8.458220 1.009213 0.649272 -0.001101 0.009812 0.000603 0.999951
28.776000000 8.485745 1.015678 0.647639 -0.001046 0.009812 0.000604 0.999951
28.796000000 8.513270 1.022133 0.645990 -0.000992 0.009812 0.000605 0.999951
28.816000000 8.540794 1.028577 0.644325 -0.000937 0.009813 0.000607 0.999951
28.836000000 8.568318 1.035011 0.642643 -0.000882 0.009813 0.000608 0.999951
28.856000000 8.595842 1.041435 0.640947 -0.000827 0.009814 0.000610 0.999951
28.876000000 8.623365 1.047846 0.639234 -0.000773 0.009814 0.000611 0.999951
28.896000000 8.650888 1.054246 0.637508 -0.000718 0.009814 0.000613 0.999951
28.916000000 8.678411 1.060633 0.635766 -0.000663 0.009815 0.000614 0.999951
28.936000000 8.705933 1.067008 0.634011 -0.000608 0.009815 0.000616 0.999951
28.956000000 8.733454 1.073370 0.632242 -0.000552 0.009816 0.000617 0.999951
28.976000000 8.760976 1.079719 0.630459 -0.000498 0.009816 0.000619 0.999952
28.996000000 8.788497 1.086054 0.628664 -0.000443 0.009817 0.000620 0.999952
29.016000000 8.816017 1.092374 0.626856 -0.000388 0.009817 0.000621 0.999952
29.036000000 8.843538 1.098680 0.625036 -0.000333 0.009818 0.000623 0.999952
29.056000000 8.871058 1.104971 0.623204 -0.000277 0.009818 0.000624 0.999952
29.076000000 8.898578 1.111247 0.621361 -0.000223 0.009819 0.000626 0.999952
29.096000000 8.926097 1.117506 0.619507 -0.000167 0.009819 0.000627 0.999952
29.116000000 8.953616 1.123750 0.617643 -0.000113 0.009820 0.000629 0.999952
29.136000000 8.981135 1.129977 0.615769 -0.000057 0.009820 0.000630 0.999952
29.156000000 9.008654 1.136188 0.613885 -0.000002 0.009821 0.000632 0.999952
29.176000000 9.036172 1.142381 0.611992 0.000053 0.009821 0.000633 0.999952
29.196000000 9.063690 1.148556 0.610091 0.000108 0.009822 0.000634 0.999952
29.216000000 9.091208 1.154714 0.608181 0.000163 0.009822 0.000636 0.999952
29.236000000 9.118725 1.160852 0.606263 0.000218 0.009823 0.000637 0.999952
29.256000000 9.146243 1.166973 0.604338 0.000274 0.009824 0.000639 0.999952
29.276000000 9.173760 1.173073 0.602405 0.000328 0.009824 0.000640 0.999951
29.296000000 9.201276 1.179155 0.600467 0.000384 0.009825 0.000642 0.999951
29.316000000 9.228793 1.185216 0.598522 0.000438 0.009825 0.000643 0.999951
29.336000000 9.256310 1.191257 0.596571 0.000494 0.009826 0.000644 0.999951
29.356000000 9.283826 1.197278 0.594616 0.000549 0.009827 0.000646 0.999951
29.376000000 9.311342 1.203277 0.592656 0.000603 0.009827 0.000647 0.999951
29.396000000 9.338858 1.209255 0.590691 0.000658 0.009828 0.000649 0.999951
29.416000000 9.366374 1.215211 0.588723 0.000713 0.009828 0.000650 0.999951
29.436000000 9.393889 1.221145 0.586751 0.000768 0.009829 0.000652 0.999951
29.456000000 9.421405 1.227056 0.584777 0.000823 0.009830 0.000653 0.999951
29.476000000 9.448920 1.232945 0.582800 0.000877 0.009830 0.000655 0.999951
29.496000000 9.476436 1.238810 0.580821 0.000932 0.009831 0.000656 0.999951
29.516000000 9.503951 1.244651 0.578840 0.000986 0.009832 0.000657 0.999951
29.536000000 9.531466 1.250469 0.576859 0.001041 0.009832 0.000659 0.999951
29.556000000 9.558981 1.256262 0.574877 0.001095 0.009833 0.000660 0.999951
29.576000000 9.586496 1.262031 0.572894 0.001149 0.009834 0.000662 0.999951
29.596000000 9.614010 1.267774 0.570912 0.001203 0.009835 0.000663 0.999951
29.616000000 9.641525 1.273492 0.568931 0.001257 0.009835 0.000665 0.999951
29.636000000 9.669040 1.279184 0.566952 0.001311 0.009836 0.000666 0.999951
29.656000000 9.696555 1.284850 0.564974 0.001366 0.009837 0.000667 0.999950
29.676000000 9.724069 1.290490 0.562998 0.001419 0.009837 0.000669 0.999950
29.696000000 9.751584 1.296103 0.561024 0.001473 0.009838 0.000670 0.999950
29.716000000 9.779099 1.301688 0.559054 0.001526 0.009839 0.000672 0.999950
29.736000000 9.806613 1.307246 0.557088 0.001580 0.009840 0.000673 0.999950
29.756000000 9.834128 1.312776 0.555125 0.001633 0.009840 0.000675 0.999950
29.776000000 9.861643 1.318278 0.553167 0.001686 0.009841 0.000676 0.999950
29.796000000 9.889158 1.323752 0.551214 0.001739 0.009842 0.000678 0.999950
29.816000000 9.916673 1.329196 0.549266 0.001792 0.009843 0.000679 0.999950
29.836000000 9.944187 1.334612 0.547324 0.001845 0.009843 0.000680 0.999950
29.856000000 9.971702 1.339998 0.545389 0.001898 0.009844 0.000682 0.999950
29.876000000 9.999218 1.345353 0.543460 0.001950 0.009845 0.000683 0.999949
29.896000000 10.026733 1.350679 0.541538 0.002003 0.009846 0.000685 0.999949
29.916000000 10.054248 1.355974 0.539624 0.002055 0.009847 0.000686 0.999949
29.936000000 10.081763 1.361238 0.537718 0.002107 0.009847 0.000688 0.999949
29.956000000 10.109279 1.366471 0.535820 0.002160 0.009848 0.000689 0.999949
29.976000000 10.136795 1.371673 0.533932 0.002211 0.009849 0.000690 0.999949
29.996000000 10.164310 1.376842 0.532052 0.002263 0.009850 0.000692 0.999949
30.016000000 10.191826 1.381980 0.530183 0.002314 0.009850 0.000693 0.999949
30.036000000 10.219343 1.387085 0.528324 0.002366 0.009851 0.000695 0.999948
30.056000000 10.246859 1.392157 0.526475 0.002418 0.009852 0.000696 0.999948
30.076000000 10.274375 1.397196 0.524637 0.002468 0.009853 0.000698 0.999948
30.096000000 10.301892 1.402202 0.522811 0.002520 0.009854 0.000699 0.999948
30.116000000 10.329409 1.407174 0.520997 0.002570 0.009854 0.000701 0.999948
30.136000000 10.356926 1.412112 0.519195 0.002621 0.009855 0.000702 0.999948
30.156000000 10.384444 1.417015 0.517406 0.002672 0.009856 0.000703 0.999948
30.176000000 10.411962 1.421884 0.515630 0.002722 0.009857 0.000705 0.999947
30.196000000 10.439479 1.426718 0.513867 0.002772 0.009858 0.000706 0.999947
30.216000000 10.466998 1.431517 0.512119 0.002822 0.009859 0.000708 0.999947
30.236000000 10.494516 1.436280 0.510384 0.002872 0.009859 0.000709 0.999947
30.256000000 10.522035 1.441007 0.508665 0.002922 0.009860 0.000711 0.999947
30.276000000 10.549554 1.445698 0.506960 0.002971 0.009861 0.000712 0.999947
30.296000000 10.577073 1.450353 0.505270 0.003020 0.009862 0.000714 0.999947
30.316000000 10.604593 1.454971 0.503597 0.003069 0.009863 0.000715 0.999946
30.336000000 10.632113 1.459552 0.501939 0.003118 0.009863 0.000717 0.999946
30.356000000 10.659634 1.464096 0.500298 0.003167 0.009864 0.000718 0.999946
30.376000000 10.687154 1.468602 0.498674 0.003215 0.009865 0.000719 0.999946
30.396000000 10.714675 1.473070 0.497067 0.003263 0.009866 0.000721 0.999946
30.416000000 10.742197 1.477500 0.495478 0.003311 0.009867 0.000722 0.999946
30.436000000 10.769719 1.481892 0.493906 0.003359 0.009867 0.000724 0.999945
30.456000000 10.797241 1.486245 0.492353 0.003407 0.009868 0.000725 0.999945
30.476000000 10.824764 1.490560 0.490818 0.003454 0.009869 0.000727 0.999945
30.496000000 10.852287 1.494835 0.489302 0.003501 0.009870 0.000728 0.999945
30.516000000 10.879810 1.499070 0.487805 0.003547 0.009871 0.000730 0.999945
30.536000000 10.907334 1.503266 0.486328 0.003594 0.009871 0.000731 0.999945
30.556000000 10.934859 1.507422 0.484871 0.003641 0.009872 0.000733 0.999944
30.576000000 10.962383 1.511538 0.483433 0.003687 0.009873 0.000734 0.999944
30.596000000 10.989909 1.515613 0.482016 0.003733 0.009874 0.000736 0.999944
30.616000000 11.017434 1.519648 0.480619 0.003778 0.009875 0.000737 0.999944
30.636000000 11.044961 1.523641 0.479243 0.003824 0.009875 0.000738 0.999944
30.656000000 11.072487 1.527593 0.477889 0.003870 0.009876 0.000740 0.999943
30.676000000 11.100015 1.531504 0.476555 0.003914 0.009877 0.000741 0.999943
30.696000000 11.127542 1.535373 0.475244 0.003959 0.009878 0.000743 0.999943
30.716000000 11.155071 1.539200 0.473954 0.004003 0.009879 0.000744 0.999943
30.736000000 11.182599 1.542985 0.472687 0.004048 0.009879 0.000746 0.999943
30.756000000 11.210129 1.546728 0.471442 0.004093 0.009880 0.000747 0.999943
30.776000000 11.237658 1.550428 0.470219 0.004136 0.009881 0.000749 0.999942
30.796000000 11.265189 1.554085 0.469019 0.004179 0.009882 0.000750 0.999942
30.816000000 11.292720 1.557699 0.467843 0.004222 0.009882 0.000752 0.999942
30.836000000 11.320251 1.561270 0.466689 0.004265 0.009883 0.000753 0.999942
30.856000000 11.347783 1.564797 0.465559 0.004308 0.009884 0.000755 0.999942
30.876000000 11.375316 1.568280 0.464453 0.004350 0.009885 0.000756 0.999941
30.896000000 11.402849 1.571719 0.463370 0.004392 0.009885 0.000758 0.999941
30.916000000 11.430383 1.575115 0.462312 0.004434 0.009886 0.000759 0.999941
30.936000000 11.457917 1.578465 0.461277 0.004476 0.009887 0.000761 0.999941
30.956000000 11.484417 1.580258 0.460439 0.006296 0.009428 0.001789 0.999934
30.976000000 11.509366 1.579728 0.459903 0.010619 0.008335 0.004291 0.999900
30.996000000 11.534312 1.579115 0.459458 0.014126 0.007473 0.006698 0.999850
31.016000000 11.559248 1.578392 0.459074 0.016473 0.006918 0.009020 0.999800
31.036000000 11.584170 1.577543 0.458724 0.017612 0.006690 0.011261 0.999759
31.056000000 11.609076 1.576557 0.458395 0.017640 0.006765 0.013425 0.999731
31.076000000 11.633968 1.575436 0.458085 0.016741 0.007103 0.015515 0.999714
31.096000000 11.658849 1.574188 0.457797 0.015116 0.007660 0.017533 0.999703
31.116000000 11.683721 1.572824 0.457530 0.012951 0.008398 0.019481 0.999691
31.136000000 11.708593 1.571364 0.457282 0.010418 0.009275 0.021360 0.999675
31.156000000 11.733469 1.569827 0.457054 0.007653 0.010262 0.023173 0.999650
31.176000000 11.758358 1.568235 0.456843 0.004782 0.011323 0.024920 0.999614
31.196000000 11.783267 1.566612 0.456648 0.001897 0.012432 0.026605 0.999567
31.216000000 11.808204 1.564982 0.456467 -0.000925 0.013562 0.028227 0.999509
31.236000000 11.833178 1.563365 0.456297 -0.003618 0.014689 0.029790 0.999442
31.256000000 11.858196 1.561785 0.456137 -0.006149 0.015792 0.031294 0.999367
31.276000000 11.883266 1.560260 0.455984 -0.008476 0.016853 0.032741 0.999286
31.296000000 11.908397 1.558811 0.455834 -0.010588 0.017854 0.034132 0.999202
31.316000000 11.933593 1.557453 0.455687 -0.012468 0.018783 0.035470 0.999116
31.336000000 11.958863 1.556201 0.455539 -0.014114 0.019627 0.036756 0.999032
31.356000000 11.984212 1.555069 0.455389 -0.015530 0.020377 0.037991 0.998950
31.376000000 12.009645 1.554068 0.455235 -0.016723 0.021028 0.039179 0.998871
31.396000000 12.035166 1.553206 0.455075 -0.017701 0.021573 0.040320 0.998797
31.416000000 12.060779 1.552492 0.454909 -0.018476 0.022011 0.041416 0.998729
31.436000000 12.086486 1.551931 0.454735 -0.019061 0.022340 0.042470 0.998666
31.456000000 12.112290 1.551528 0.454553 -0.019469 0.022561 0.043482 0.998610
31.476000000 12.138191 1.551286 0.454362 -0.019717 0.022677 0.044455 0.998559
31.496000000 12.164190 1.551207 0.454163 -0.019817 0.022689 0.045390 0.998515
31.516000000 12.190287 1.551291 0.453955 -0.019784 0.022605 0.046289 0.998476
31.536000000 12.216480 1.551537 0.453740 -0.019631 0.022430 0.047154 0.998443
31.556000000 12.242769 1.551945 0.453518 -0.019372 0.022169 0.047985 0.998414
31.576000000 12.269150 1.552511 0.453290 -0.019021 0.021832 0.048784 0.998390
31.596000000 12.295621 1.553233 0.453057 -0.018589 0.021427 0.049553 0.998369
31.616000000 12.322178 1.554106 0.452822 -0.018087 0.020960 0.050293 0.998351
31.636000000 12.348818 1.555127 0.452586 -0.017526 0.020443 0.051004 0.998335
31.656000000 12.375536 1.556291 0.452350 -0.016915 0.019882 0.051688 0.998322
31.676000000 12.402329 1.557592 0.452117 -0.016265 0.019287 0.052346 0.998310
31.696000000 12.429191 1.559025 0.451889 -0.015581 0.018667 0.052979 0.998300
31.716000000 12.456118 1.560584 0.451668 -0.014873 0.018030 0.053588 0.998290
31.736000000 12.483105 1.562263 0.451455 -0.014148 0.017383 0.054173 0.998280
31.756000000 12.510146 1.564056 0.451253 -0.013409 0.016734 0.054737 0.998271
31.776000000 12.537238 1.565956 0.451063 -0.012666 0.016091 0.055279 0.998261
31.796000000 12.563295 1.566420 0.451218 -0.009514 0.014948 0.057301 0.998200
31.816000000 12.588659 1.565918 0.451626 -0.005092 0.013573 0.060247 0.998078
31.836000000 12.614045 1.565444 0.452102 -0.001502 0.012419 0.063099 0.997929
31.856000000 12.639448 1.564976 0.452623 0.001113 0.011524 0.065860 0.997762
31.876000000 12.664869 1.564504 0.453174 0.002761 0.010885 0.068526 0.997586
31.896000000 12.690307 1.564017 0.453744 0.003518 0.010492 0.071096 0.997408
31.916000000 12.715757 1.563511 0.454332 0.003522 0.010316 0.073574 0.997230
31.936000000 12.741220 1.562984 0.454940 0.002928 0.010331 0.075960 0.997053
31.956000000 12.766694 1.562441 0.455568 0.001878 0.010511 0.078259 0.996876
31.976000000 12.792181 1.561892 0.456214 0.000495 0.010833 0.080472 0.996698
31.996000000 12.817681 1.561347 0.456878 -0.001108 0.011269 0.082602 0.996518
32.016000000 12.843199 1.560819 0.457560 -0.002846 0.011803 0.084652 0.996337
32.036000000 12.868735 1.560323 0.458256 -0.004636 0.012409 0.086624 0.996153
32.056000000 12.894294 1.559873 0.458966 -0.006426 0.013070 0.088521 0.995968
32.076000000 12.919879 1.559483 0.459687 -0.008164 0.013767 0.090346 0.995782
32.096000000 12.945495 1.559168 0.460417 -0.009812 0.014480 0.092100 0.995596
32.116000000 12.971146 1.558940 0.461155 -0.011351 0.015195 0.093786 0.995412
32.136000000 12.996793 1.558762 0.461939 -0.012458 0.015850 0.095481 0.995227
32.156000000 13.022269 1.558432 0.462941 -0.011936 0.016234 0.097484 0.995033
32.176000000 13.047711 1.558110 0.464032 -0.010921 0.016512 0.099552 0.994835
32.196000000 13.073123 1.557792 0.465204 -0.009624 0.016703 0.101684 0.994630
32.216000000 13.098513 1.557475 0.466445 -0.008222 0.016826 0.103870 0.994415
32.236000000 13.123889 1.557157 0.467745 -0.006855 0.016898 0.106100 0.994188
32.256000000 13.149258 1.556836 0.469091 -0.005621 0.016941 0.108362 0.993951
32.276000000 13.174628 1.556510 0.470474 -0.004600 0.016963 0.110647 0.993704
32.296000000 13.200004 1.556178 0.471887 -0.003831 0.016980 0.112944 0.993449
32.316000000 13.225393 1.555842 0.473320 -0.003348 0.017000 0.115244 0.993186
32.336000000 13.250796 1.555498 0.474774 -0.003122 0.017023 0.117548 0.992916
32.356000000 13.276216 1.555150 0.476245 -0.003144 0.017054 0.119847 0.992641
32.376000000 13.301655 1.554798 0.477729 -0.003380 0.017092 0.122142 0.992360
32.396000000 13.327113 1.554448 0.479227 -0.003793 0.017138 0.124429 0.992073
32.416000000 13.352586 1.554096 0.480742 -0.004313 0.017186 0.126719 0.991780
32.436000000 13.378072 1.553747 0.482275 -0.004896 0.017235 0.129013 0.991481
32.456000000 13.403570 1.553404 0.483826 -0.005508 0.017284 0.131314 0.991175
32.476000000 13.429071 1.553063 0.485401 -0.006079 0.017325 0.133637 0.990860
32.496000000 13.454574 1.552727 0.487003 -0.006583 0.017358 0.135986 0.990537
32.516000000 13.480075 1.552397 0.488631 -0.007016 0.017383 0.138364 0.990204
32.536000000 13.505567 1.552070 0.490295 -0.007324 0.017393 0.140787 0.989860
32.556000000 13.531048 1.551747 0.491994 -0.007522 0.017390 0.143256 0.989504
32.576000000 13.556515 1.551427 0.493730 -0.007617 0.017374 0.145774 0.989136
32.596000000 13.581970 1.551114 0.495502 -0.007641 0.017351 0.148339 0.988755
32.616000000 13.607405 1.550800 0.497315 -0.007572 0.017318 0.150964 0.988359
32.636000000 13.632822 1.550489 0.499166 -0.007453 0.017279 0.153643 0.987947
32.656000000 13.658221 1.550180 0.501054 -0.007307 0.017241 0.156375 0.987520
32.676000000 13.683603 1.549875 0.502975 -0.007179 0.017206 0.159155 0.987078
32.696000000 13.708964 1.549569 0.504934 -0.007043 0.017176 0.161993 0.986617
32.716000000 13.734306 1.549265 0.506926 -0.006938 0.017154 0.164881 0.986140
32.736000000 13.759632 1.548965 0.508947 -0.006895 0.017147 0.167813 0.985646
32.756000000 13.784935 1.548665 0.511001 -0.006878 0.017151 0.170801 0.985132
32.776000000 13.810219 1.548367 0.513085 -0.006912 0.017169 0.173838 0.984600
32.796000000 13.835485 1.548075 0.515195 -0.007014 0.017205 0.176918 0.984050
32.816000000 13.860726 1.547784 0.517337 -0.007137 0.017255 0.180057 0.983479
32.836000000 13.885944 1.547496 0.519507 -0.007295 0.017320 0.183248 0.982887
32.856000000 13.911141 1.547217 0.521704 -0.007500 0.017403 0.186488 0.982274
32.876000000 13.936309 1.546940 0.523934 -0.007701 0.017497 0.189794 0.981638
32.896000000 13.961449 1.546670 0.526194 -0.007908 0.017605 0.193161 0.980977
32.916000000 13.986563 1.546409 0.528483 -0.008137 0.017727 0.196585 0.980293
32.936000000 14.011643 1.546154 0.530807 -0.008334 0.017858 0.200086 0.979580
32.956000000 14.036694 1.545910 0.533160 -0.008543 0.018001 0.203651 0.978841
32.976000000 14.061707 1.545672 0.535551 -0.008711 0.018151 0.207300 0.978070
32.996000000 14.086688 1.545447 0.537973 -0.008887 0.018313 0.211018 0.977270
33.016000000 14.111628 1.545229 0.540434 -0.009022 0.018479 0.214827 0.976436
33.036000000 14.136531 1.545023 0.542929 -0.009142 0.018654 0.218720 0.975566
33.056000000 14.161398 1.544833 0.545457 -0.009277 0.018838 0.222691 0.974663
33.076000000 14.186221 1.544652 0.548024 -0.009380 0.019027 0.226761 0.973719
33.096000000 14.211008 1.544490 0.550623 -0.009507 0.019225 0.230912 0.972738
33.116000000 14.235750 1.544339 0.553261 -0.009609 0.019428 0.235167 0.971713
33.136000000 14.260453 1.544208 0.555931 -0.009743 0.019640 0.239507 0.970647
33.156000000 14.285109 1.544091 0.558640 -0.009857 0.019857 0.243955 0.969533
33.176000000 14.309727 1.543997 0.561381 -0.010013 0.020083 0.248492 0.968374
33.196000000 14.334295 1.543920 0.564161 -0.010151 0.020314 0.253142 0.967163
33.216000000 14.358822 1.543869 0.566972 -0.010333 0.020553 0.257885 0.965902
33.236000000 14.383303 1.543842 0.569819 -0.010529 0.020800 0.262734 0.964587
33.256000000 14.407732 1.543838 0.572705 -0.010706 0.021051 0.267704 0.963212
33.276000000 14.432117 1.543864 0.575624 -0.010929 0.021311 0.272774 0.961780
33.296000000 14.456452 1.543921 0.578578 -0.011162 0.021578 0.277958 0.960286
33.316000000 14.480731 1.544005 0.581574 -0.011372 0.021850 0.283274 0.958723
33.336000000 14.504961 1.544129 0.584602 -0.011623 0.022131 0.288696 0.957095
33.356000000 14.529138 1.544289 0.587668 -0.011883 0.022419 0.294241 0.955394
33.376000000 14.553252 1.544484 0.590777 -0.012115 0.022711 0.299926 0.953615
33.396000000 14.577315 1.544726 0.593920 -0.012387 0.023013 0.305727 0.951761
33.416000000 14.601318 1.545013 0.597100 -0.012670 0.023319 0.311659 0.949823
33.436000000 14.625260 1.545348 0.600312 -0.012988 0.023610 0.317727 0.947799
33.456000000 14.649132 1.545730 0.603551 -0.013340 0.023859 0.323953 0.945678
33.476000000 14.672943 1.546170 0.606792 -0.013837 0.024036 0.330310 0.943465
33.496000000 14.696684 1.546668 0.610027 -0.014476 0.024110 0.336817 0.941150
33.516000000 14.720349 1.547228 0.613240 -0.015285 0.024051 0.343480 0.938728
33.536000000 14.743932 1.547856 0.616417 -0.016283 0.023832 0.350303 0.936192
33.556000000 14.767425 1.548555 0.619538 -0.017487 0.023426 0.357290 0.933536
33.576000000 14.790816 1.549334 0.622584 -0.018928 0.022806 0.364447 0.930752
33.596000000 14.814092 1.550196 0.625529 -0.020646 0.021949 0.371778 0.927832
33.616000000 14.837239 1.551150 0.628348 -0.022668 0.020831 0.379286 0.924767
33.636000000 14.860238 1.552204 0.631014 -0.025020 0.019427 0.386976 0.921546
33.656000000 14.883068 1.553365 0.633499 -0.027721 0.017719 0.394850 0.918156
33.676000000 14.905705 1.554644 0.635772 -0.030788 0.015689 0.402911 0.914587
33.696000000 14.928121 1.556049 0.637798 -0.034230 0.013321 0.411161 0.910823
33.716000000 14.950286 1.557593 0.639546 -0.038055 0.010596 0.419600 0.906849
33.736000000 14.972174 1.559290 0.640974 -0.042291 0.007503 0.428209 0.902658
33.756000000 14.993732 1.561142 0.642054 -0.046860 0.004034 0.437030 0.898217
33.776000000 15.014928 1.563166 0.642745 -0.051775 0.000180 0.446039 0.893515
33.796000000 15.035726 1.565378 0.643004 -0.057024 -0.004062 0.455214 0.888545
33.816000000 15.056065 1.567776 0.642803 -0.062485 -0.008683 0.464599 0.883271
33.836000000 15.075904 1.570373 0.642102 -0.068100 -0.013679 0.474168 0.877690
33.856000000 15.094780 1.572946 0.641241 -0.071702 -0.019224 0.484983 0.871367
33.876000000 15.112508 1.575422 0.640327 -0.072440 -0.025454 0.497303 0.864173
33.896000000 15.129735 1.578154 0.638686 -0.073774 -0.032211 0.509353 0.856784
33.916000000 15.146432 1.581128 0.636278 -0.075844 -0.039562 0.521106 0.849194
33.936000000 15.162577 1.584336 0.633074 -0.078824 -0.047536 0.532487 0.841418
33.956000000 15.178094 1.587753 0.629081 -0.082544 -0.056096 0.543546 0.833425
33.976000000 15.192952 1.591367 0.624244 -0.087058 -0.065145 0.554210 0.825244
33.996000000 15.207080 1.595156 0.618537 -0.092158 -0.074544 0.564513 0.816869
34.016000000 15.220430 1.599104 0.611904 -0.097771 -0.084153 0.574430 0.808325
34.036000000 15.232942 1.603190 0.604298 -0.103750 -0.093827 0.583973 0.799630
34.056000000 15.244576 1.607405 0.595651 -0.110089 -0.103438 0.593122 0.790814
34.076000000 15.255270 1.611729 0.585926 -0.116590 -0.112805 0.601923 0.781902
34.096000000 15.264970 1.616152 0.575096 -0.123052 -0.121754 0.610393 0.772952
34.116000000 15.273609 1.620656 0.563150 -0.129177 -0.130086 0.618596 0.764022
34.136000000 15.281138 1.625231 0.550070 -0.134840 -0.137663 0.626561 0.755174
34.156000000 15.287505 1.629862 0.535845 -0.139878 -0.144330 0.634337 0.746472
34.176000000 15.292696 1.634512 0.520478 -0.144205 -0.149969 0.641939 0.737990
34.196000000 15.296717 1.639149 0.503964 -0.147810 -0.154489 0.649354 0.729812
34.216000000 15.299519 1.643764 0.486321 -0.150640 -0.157813 0.656627 0.721971
34.236000000 15.301063 1.648342 0.467577 -0.152634 -0.159883 0.663803 0.714497
34.256000000 15.301308 1.652881 0.447765 -0.153791 -0.160670 0.670903 0.707405
34.276000000 15.300263 1.657317 0.426953 -0.154103 -0.160153 0.677959 0.700696
34.296000000 15.298006 1.661480 0.405273 -0.153595 -0.158308 0.685005 0.694345
34.316000000 15.295244 1.665188 0.383502 -0.153811 -0.158714 0.689563 0.689677
34.336000000 15.294687 1.663622 0.367010 -0.149908 -0.166481 0.689535 0.688733
34.356000000 15.292557 1.661976 0.349894 -0.144549 -0.170681 0.689958 0.688427
34.376000000 15.288788 1.660197 0.332316 -0.137813 -0.170638 0.690821 0.688953
34.396000000 15.283391 1.658246 0.314347 -0.129841 -0.166379 0.692071 0.690288
34.416000000 15.276399 1.656100 0.296091 -0.120831 -0.158212 0.693599 0.692307
34.436000000 15.267870 1.653750 0.277674 -0.111038 -0.146627 0.695259 0.694828
34.456000000 15.257897 1.651204 0.259209 -0.100741 -0.132203 0.696890 0.697652
34.476000000 15.246603 1.648484 0.240802 -0.090309 -0.115667 0.698327 0.700575
34.496000000 15.234129 1.645623 0.222552 -0.079959 -0.097597 0.699458 0.703448
34.516000000 15.220631 1.642669 0.204550 -0.069963 -0.078610 0.700199 0.706150
34.536000000 15.206273 1.639673 0.186881 -0.060485 -0.059157 0.700512 0.708608
34.556000000 15.191227 1.636698 0.169612 -0.051662 -0.039698 0.700395 0.710776
34.576000000 15.175661 1.633809 0.152798 -0.043598 -0.020543 0.699870 0.712643
34.596000000 15.159743 1.631074 0.136476 -0.036334 -0.002003 0.698981 0.714214
34.616000000 15.143635 1.628561 0.120666 -0.029941 0.015700 0.697786 0.715508
34.636000000 15.127487 1.626339 0.105373 -0.024403 0.032373 0.696348 0.716558
34.656000000 15.111440 1.624475 0.090587 -0.019757 0.047878 0.694735 0.717398
34.676000000 15.099953 1.625279 0.079604 -0.025562 0.038220 0.691714 0.720706
34.696000000 15.090980 1.625726 0.071503 -0.026941 0.025594 0.688155 0.724612
34.716000000 15.084262 1.624793 0.066313 -0.017362 0.017946 0.684438 0.728644
34.736000000 15.078218 1.624704 0.061575 -0.007707 0.010466 0.680807 0.732347
34.756000000 15.072828 1.625330 0.057114 0.001617 0.003368 0.677286 0.735711
34.776000000 15.070553 1.625831 0.055167 0.001327 -0.001836 0.676427 0.736506
34.796000000 15.070043 1.626346 0.054920 0.000095 0.000700 0.676874 0.736098
34.816000000 15.070055 1.626547 0.055796 -0.001166 0.002043 0.676867 0.736101
34.836000000 15.070078 1.626834 0.057003 -0.002904 0.003905 0.676862 0.736094
34.856000000 15.070108 1.627200 0.058501 -0.005067 0.006228 0.676850 0.736078
34.876000000 15.070145 1.627642 0.060256 -0.007606 0.008959 0.676826 0.736049
34.896000000 15.070187 1.628158 0.062237 -0.010477 0.012053 0.676787 0.736005
34.916000000 15.070236 1.628745 0.064413 -0.013637 0.015460 0.676731 0.735942
34.936000000 15.070288 1.629403 0.066753 -0.017044 0.019136 0.676649 0.735859
34.956000000 15.070327 1.630148 0.069226 -0.020656 0.023037 0.676512 0.735781
34.976000000 15.070333 1.630999 0.071801 -0.024425 0.027115 0.676284 0.735736
34.996000000 15.070286 1.631977 0.074451 -0.028310 0.031332 0.675927 0.735758
35.016000000 15.070179 1.633117 0.077147 -0.032241 0.035646 0.675424 0.735862
35.036000000 15.070019 1.634466 0.079869 -0.036114 0.040023 0.674778 0.736050
35.056000000 15.069814 1.636072 0.082598 -0.039843 0.044430 0.673996 0.736321
35.076000000 15.069574 1.637984 0.085308 -0.043362 0.048824 0.673091 0.736671
35.096000000 15.069623 1.639378 0.087913 -0.046762 0.052974 0.672701 0.736533
35.116000000 15.070244 1.639690 0.090292 -0.050144 0.056781 0.673367 0.735417
35.136000000 15.070982 1.640128 0.092570 -0.053404 0.060416 0.674185 0.734147
35.156000000 15.071847 1.640701 0.094723 -0.056511 0.063837 0.675177 0.732712
35.176000000 15.072850 1.641420 0.096728 -0.059437 0.067000 0.676364 0.731102
35.196000000 15.073999 1.642290 0.098569 -0.062162 0.069875 0.677762 0.729310
35.216000000 15.075303 1.643319 0.100233 -0.064672 0.072437 0.679390 0.727324
35.236000000 15.076766 1.644513 0.101715 -0.066962 0.074673 0.681261 0.725137
35.256000000 15.078395 1.645877 0.103011 -0.069026 0.076574 0.683388 0.722740
35.276000000 15.080191 1.647419 0.104118 -0.070862 0.078133 0.685780 0.720125
35.296000000 15.082155 1.649141 0.105038 -0.072474 0.079353 0.688441 0.717286
35.316000000 15.084286 1.651048 0.105775 -0.073862 0.080237 0.691374 0.714219
35.336000000 15.086581 1.653144 0.106333 -0.075032 0.080793 0.694579 0.710917
35.356000000 15.089034 1.655433 0.106718 -0.075988 0.081033 0.698052 0.707377
35.376000000 15.091638 1.657917 0.106937 -0.076738 0.080971 0.701788 0.703597
35.396000000 15.093256 1.658440 0.107115 -0.076881 0.080979 0.704143 0.701224
35.416000000 15.093936 1.657787 0.107259 -0.076591 0.081076 0.705136 0.700245
35.436000000 15.094339 1.657399 0.107338 -0.076269 0.081118 0.705730 0.699677
35.456000000 15.094468 1.657267 0.107337 -0.075962 0.081080 0.705935 0.699508
35.476000000 15.094329 1.657381 0.107245 -0.075696 0.080943 0.705760 0.699729
35.496000000 15.093935 1.657741 0.107056 -0.075479 0.080698 0.705210 0.700335
35.516000000 15.093291 1.658341 0.106773 -0.075312 0.080350 0.704288 0.701320
35.536000000 15.092538 1.658935 0.106420 -0.075090 0.079907 0.703208 0.702478
35.556000000 15.092412 1.658809 0.106012 -0.074476 0.079264 0.703091 0.702733
35.576000000 15.092412 1.658808 0.105539 -0.073788 0.078496 0.703168 0.702815
35.596000000 15.092411 1.658810 0.105027 -0.073044 0.077669 0.703249 0.702903
35.616000000 15.092410 1.658814 0.104478 -0.072244 0.076781 0.703335 0.702997
35.636000000 15.092409 1.658820 0.103891 -0.071391 0.075834 0.703426 0.703096
35.656000000 15.092408 1.658829 0.103272 -0.070491 0.074838 0.703520 0.703200
35.676000000 15.092406 1.658841 0.102630 -0.069556 0.073805 0.703616 0.703306
35.696000000 15.092405 1.658855 0.101971 -0.068596 0.072747 0.703713 0.703413
35.716000000 15.092404 1.658872 0.101303 -0.067623 0.071675 0.703810 0.703520
35.736000000 15.092403 1.658891 0.100633 -0.066647 0.070602 0.703906 0.703626
35.756000000 15.092401 1.658912 0.099967 -0.065677 0.069537 0.704000 0.703730
35.776000000 15.092401 1.658935 0.099312 -0.064722 0.068490 0.704091 0.703830
35.796000000 15.092400 1.658959 0.098672 -0.063790 0.067469 0.704178 0.703926
35.816000000 15.092399 1.658985 0.098053 -0.062887 0.066482 0.704262 0.704018
35.836000000 15.092398 1.659011 0.097459 -0.062020 0.065536 0.704341 0.704104
35.856000000 15.092398 1.659037 0.096893 -0.061195 0.064635 0.704415 0.704186
35.876000000 15.092398 1.659063 0.096359 -0.060415 0.063785 0.704484 0.704261
35.896000000 15.092398 1.659089 0.095858 -0.059684 0.062990 0.704548 0.704331
35.916000000 15.092398 1.659114 0.095394 -0.059006 0.062252 0.704607 0.704395
35.936000000 15.092398 1.659137 0.094967 -0.058382 0.061575 0.704661 0.704453
35.956000000 15.092398 1.659160 0.094578 -0.057814 0.060958 0.704709 0.704505
35.976000000 15.092398 1.659180 0.094228 -0.057303 0.060404 0.704752 0.704551
35.996000000 15.092399 1.659198 0.093918 -0.056849 0.059911 0.704790 0.704592
36.016000000 15.092399 1.659214 0.093646 -0.056452 0.059480 0.704824 0.704627
36.036000000 15.092399 1.659228 0.093412 -0.056111 0.059110 0.704852 0.704657
36.056000000 15.092400 1.659240 0.093216 -0.055825 0.058800 0.704876 0.704681
36.076000000 15.092400 1.659249 0.093057 -0.055592 0.058547 0.704896 0.704701
36.096000000 15.092401 1.659256 0.092933 -0.055411 0.058350 0.704911 0.704717
36.116000000 15.092402 1.659261 0.092843 -0.055280 0.058207 0.704922 0.704727
36.136000000 15.092402 1.659264 0.092785 -0.055195 0.058114 0.704930 0.704734
36.156000000 15.092403 1.659264 0.092757 -0.055154 0.058069 0.704934 0.704737
36.176000000 15.092403 1.659263 0.092754 -0.055149 0.058062 0.704935 0.704737
36.196000000 15.092404 1.659262 0.092752 -0.055146 0.058058 0.704936 0.704736
36.216000000 15.092404 1.659261 0.092751 -0.055145 0.058055 0.704937 0.704735
36.236000000 15.092405 1.659260 0.092749 -0.055142 0.058051 0.704938 0.704735
36.256000000 15.092406 1.659259 0.092748 -0.055141 0.058049 0.704939 0.704734
36.276000000 15.092406 1.659257 0.092747 -0.055139 0.058046 0.704940 0.704734
36.296000000 15.092407 1.659257 0.092746 -0.055138 0.058044 0.704941 0.704734
36.316000000 15.092407 1.659256 0.092745 -0.055137 0.058042 0.704941 0.704733
36.336000000 15.092407 1.659255 0.092744 -0.055135 0.058039 0.704942 0.704733
36.356000000 15.092408 1.659254 0.092743 -0.055133 0.058036 0.704943 0.704732
36.376000000 15.092408 1.659253 0.092742 -0.055132 0.058035 0.704943 0.704732
36.396000000 15.092409 1.659252 0.092741 -0.055131 0.058032 0.704944 0.704732
36.416000000 15.092409 1.659251 0.092740 -0.055130 0.058030 0.704945 0.704731
36.436000000 15.092409 1.659251 0.092740 -0.055129 0.058028 0.704945 0.704731
36.456000000 15.092410 1.659250 0.092739 -0.055128 0.058026 0.704946 0.704731
36.476000000 15.092410 1.659249 0.092738 -0.055126 0.058024 0.704946 0.704730
36.496000000 15.092410 1.659249 0.092737 -0.055126 0.058023 0.704947 0.704730
36.516000000 15.092410 1.659248 0.092737 -0.055125 0.058022 0.704947 0.704730
36.536000000 15.092411 1.659248 0.092736 -0.055124 0.058021 0.704948 0.704730
36.556000000 15.092411 1.659247 0.092735 -0.055123 0.058018 0.704948 0.704729
36.576000000 15.092411 1.659247 0.092735 -0.055122 0.058017 0.704949 0.704729
36.596000000 15.092411 1.659246 0.092734 -0.055122 0.058016 0.704949 0.704729
36.616000000 15.092412 1.659246 0.092734 -0.055121 0.058015 0.704949 0.704729
36.636000000 15.092412 1.659245 0.092733 -0.055120 0.058014 0.704950 0.704729
36.656000000 15.092412 1.659245 0.092733 -0.055120 0.058013 0.704950 0.704728
36.676000000 15.092412 1.659245 0.092733 -0.055119 0.058012 0.704950 0.704728
36.696000000 15.092412 1.659244 0.092732 -0.055118 0.058010 0.704951 0.704728
36.716000000 15.092413 1.659244 0.092732 -0.055118 0.058009 0.704951 0.704728
36.736000000 15.092413 1.659244 0.092732 -0.055118 0.058009 0.704951 0.704728
36.756000000 15.092413 1.659243 0.092731 -0.055117 0.058008 0.704951 0.704728
36.776000000 15.092413 1.659243 0.092731 -0.055116 0.058007 0.704951 0.704727
36.796000000 15.092413 1.659243 0.092730 -0.055116 0.058006 0.704952 0.704727
36.816000000 15.092413 1.659243 0.092730 -0.055116 0.058006 0.704952 0.704727
36.836000000 15.092413 1.659242 0.092730 -0.055115 0.058005 0.704952 0.704727
36.856000000 15.092414 1.659242 0.092729 -0.055115 0.058004 0.704952 0.704727
36.876000000 15.092414 1.659242 0.092729 -0.055115 0.058004 0.704952 0.704727
36.896000000 15.092414 1.659241 0.092729 -0.055114 0.058003 0.704953 0.704727
36.916000000 15.092414 1.659241 0.092729 -0.055114 0.058003 0.704953 0.704727
36.936000000 15.092414 1.659241 0.092729 -0.055113 0.058002 0.704953 0.704727
36.956000000 15.092414 1.659241 0.092729 -0.055113 0.058002 0.704953 0.704727
36.976000000 15.092414 1.659241 0.092728 -0.055113 0.058001 0.704953 0.704726
36.996000000 15.092414 1.659241 0.092728 -0.055113 0.058001 0.704953 0.704726
37.016000000 15.092414 1.659240 0.092728 -0.055112 0.058000 0.704954 0.704726
37.036000000 15.092414 1.659240 0.092728 -0.055112 0.058000 0.704954 0.704726
37.056000000 15.092414 1.659240 0.092728 -0.055112 0.058000 0.704954 0.704726
37.076000000 15.092414 1.659240 0.092727 -0.055112 0.057999 0.704954 0.704726
37.096000000 15.092414 1.659240 0.092727 -0.055112 0.057999 0.704954 0.704726
37.116000000 15.092414 1.659240 0.092727 -0.055112 0.057999 0.704954 0.704726
37.136000000 15.092415 1.659240 0.092727 -0.055111 0.057998 0.704954 0.704726
37.156000000 15.092415 1.659240 0.092727 -0.055111 0.057998 0.704954 0.704726
37.176000000 15.092415 1.659240 0.092727 -0.055111 0.057998 0.704954 0.704726
37.196000000 15.092415 1.659239 0.092726 -0.055110 0.057997 0.704955 0.704726
37.216000000 15.092415 1.659239 0.092726 -0.055110 0.057997 0.704955 0.704726
37.236000000 15.092415 1.659239 0.092726 -0.055110 0.057997 0.704955 0.704726
37.256000000 15.092415 1.659239 0.092726 -0.055110 0.057997 0.704955 0.704726
37.276000000 15.092415 1.659239 0.092726 -0.055110 0.057996 0.704955 0.704726
37.296000000 15.092415 1.659239 0.092726 -0.055110 0.057996 0.704955 0.704726
37.316000000 15.092415 1.659239 0.092726 -0.055110 0.057996 0.704955 0.704726
37.336000000 15.092415 1.659239 0.092726 -0.055110 0.057996 0.704955 0.704726
37.356000000 15.092415 1.659239 0.092726 -0.055110 0.057996 0.704955 0.704726
37.376000000 15.092415 1.659239 0.092726 -0.055110 0.057996 0.704955 0.704726
37.396000000 15.092415 1.659238 0.092726 -0.055109 0.057995 0.704955 0.704725
37.416000000 15.092415 1.659238 0.092726 -0.055109 0.057995 0.704955 0.704725
37.436000000 15.092415 1.659238 0.092726 -0.055109 0.057995 0.704955 0.704725
37.456000000 15.092415 1.659238 0.092726 -0.055109 0.057995 0.704955 0.704725
37.476000000 15.092415 1.659238 0.092726 -0.055109 0.057995 0.704955 0.704725
37.496000000 15.092415 1.659238 0.092726 -0.055109 0.057995 0.704955 0.704725
37.516000000 15.092415 1.659238 0.092726 -0.055109 0.057995 0.704955 0.704725
37.536000000 15.092415 1.659238 0.092725 -0.055109 0.057994 0.704955 0.704725
37.556000000 15.092415 1.659238 0.092725 -0.055109 0.057994 0.704955 0.704725
37.576000000 15.092415 1.659238 0.092725 -0.055109 0.057994 0.704955 0.704725
37.596000000 15.092415 1.659238 0.092725 -0.055109 0.057994 0.704955 0.704725
37.616000000 15.092415 1.659238 0.092725 -0.055109 0.057994 0.704955 0.704725
37.636000000 15.092415 1.659238 0.092725 -0.055109 0.057994 0.704955 0.704725
37.656000000 15.092415 1.659238 0.092725 -0.055109 0.057994 0.704955 0.704725
37.676000000 15.092415 1.659238 0.092725 -0.055109 0.057994 0.704955 0.704725
37.696000000 15.092415 1.659238 0.092725 -0.055109 0.057994 0.704955 0.704725
37.716000000 15.092415 1.659238 0.092725 -0.055109 0.057994 0.704955 0.704725
37.736000000 15.092415 1.659238 0.092725 -0.055109 0.057994 0.704955 0.704725
37.756000000 15.092415 1.659238 0.092725 -0.055108 0.057993 0.704956 0.704725
37.776000000 15.092415 1.659238 0.092725 -0.055108 0.057993 0.704956 0.704725
37.796000000 15.092415 1.659238 0.092725 -0.055108 0.057993 0.704956 0.704725
37.816000000 15.092415 1.659238 0.092725 -0.055108 0.057993 0.704956 0.704725
37.836000000 15.092415 1.659238 0.092725 -0.055108 0.057993 0.704956 0.704725
37.856000000 15.092415 1.659238 0.092725 -0.055108 0.057993 0.704956 0.704725
37.876000000 15.092415 1.659238 0.092725 -0.055108 0.057993 0.704956 0.704725
37.896000000 15.092415 1.659238 0.092725 -0.055108 0.057993 0.704956 0.704725
37.916000000 15.092415 1.659238 0.092725 -0.055108 0.057993 0.704956 0.704725
37.936000000 15.092415 1.659238 0.092725 -0.055108 0.057993 0.704956 0.704725
37.956000000 15.092415 1.659238 0.092725 -0.055108 0.057993 0.704956 0.704725
37.976000000 15.092415 1.659238 0.092725 -0.055108 0.057993 0.704956 0.704725
37.996000000 15.092415 1.659238 0.092725 -0.055108 0.057993 0.704956 0.704725
38.016000000 15.092415 1.659238 0.092725 -0.055108 0.057993 0.704956 0.704725
38.036000000 15.092415 1.659238 0.092725 -0.055108 0.057993 0.704956 0.704725
38.056000000 15.092415 1.659238 0.092725 -0.055108 0.057993 0.704956 0.704725
38.076000000 15.092415 1.659238 0.092725 -0.055108 0.057993 0.704956 0.704725
38.096000000 15.092415 1.659238 0.092725 -0.055108 0.057993 0.704956 0.704725
38.116000000 15.092415 1.659238 0.092725 -0.055108 0.057993 0.704956 0.704725
38.136000000 15.092415 1.659238 0.092725 -0.055108 0.057993 0.704956 0.704725
38.156000000 15.092415 1.659238 0.092725 -0.055108 0.057993 0.704956 0.704725
38.176000000 15.092415 1.659238 0.092725 -0.055108 0.057993 0.704956 0.704725
38.196000000 15.092415 1.659238 0.092725 -0.055108 0.057993 0.704956 0.704725
38.216000000 15.092415 1.659238 0.092725 -0.055108 0.057993 0.704956 0.704725
38.236000000 15.092415 1.659238 0.092725 -0.055108 0.057993 0.704956 0.704725
38.256000000 15.092415 1.659238 0.092725 -0.055108 0.057993 0.704956 0.704725
38.276000000 15.092415 1.659238 0.092725 -0.055108 0.057993 0.704956 0.704725
38.296000000 15.092416 1.659237 0.092724 -0.055107 0.057992 0.704956 0.704725
38.316000000 15.092416 1.659237 0.092724 -0.055107 0.057992 0.704956 0.704725
38.336000000 15.092416 1.659237 0.092724 -0.055107 0.057992 0.704956 0.704725
38.356000000 15.092416 1.659237 0.092724 -0.055107 0.057992 0.704956 0.704725
38.376000000 15.092416 1.659237 0.092724 -0.055107 0.057992 0.704956 0.704725
38.396000000 15.092416 1.659237 0.092724 -0.055107 0.057992 0.704956 0.704725
38.416000000 15.092416 1.659237 0.092724 -0.055107 0.057992 0.704956 0.704725
38.436000000 15.092416 1.659237 0.092724 -0.055107 0.057992 0.704956 0.704725
38.456000000 15.092416 1.659237 0.092724 -0.055107 0.057992 0.704956 0.704725
38.476000000 15.092416 1.659237 0.092724 -0.055107 0.057992 0.704956 0.704725
38.496000000 15.092416 1.659237 0.092724 -0.055107 0.057992 0.704956 0.704725
38.516000000 15.092416 1.659237 0.092724 -0.055107 0.057992 0.704956 0.704725
38.536000000 15.092416 1.659237 0.092724 -0.055107 0.057992 0.704956 0.704725
38.556000000 15.092416 1.659237 0.092724 -0.055107 0.057992 0.704956 0.704725
38.576000000 15.092416 1.659237 0.092724 -0.055107 0.057992 0.704956 0.704725
38.596000000 15.092416 1.659237 0.092724 -0.055107 0.057992 0.704956 0.704725
38.616000000 15.092416 1.659237 0.092724 -0.055107 0.057992 0.704956 0.704725
38.636000000 15.092416 1.659237 0.092724 -0.055107 0.057992 0.704956 0.704725
38.656000000 15.092416 1.659237 0.092724 -0.055107 0.057992 0.704956 0.704725
38.676000000 15.092416 1.659237 0.092724 -0.055107 0.057992 0.704956 0.704725
38.696000000 15.092416 1.659237 0.092724 -0.055107 0.057992 0.704956 0.704725
38.716000000 15.092416 1.659237 0.092724 -0.055107 0.057992 0.704956 0.704725
38.736000000 15.092416 1.659237 0.092724 -0.055107 0.057992 0.704956 0.704725
38.756000000 15.092416 1.659237 0.092724 -0.055107 0.057992 0.704956 0.704725
38.776000000 15.092416 1.659237 0.092724 -0.055107 0.057992 0.704956 0.704725
38.796000000 15.092416 1.659237 0.092724 -0.055107 0.057992 0.704956 0.704725
38.816000000 15.092416 1.659237 0.092724 -0.055107 0.057992 0.704956 0.704725
38.836000000 15.092416 1.659237 0.092724 -0.055107 0.057992 0.704956 0.704725
38.856000000 15.092416 1.659237 0.092724 -0.055107 0.057992 0.704956 0.704725
38.876000000 15.092416 1.659237 0.092724 -0.055107 0.057992 0.704956 0.704725
38.896000000 15.092416 1.659237 0.092724 -0.055107 0.057992 0.704956 0.704725
38.916000000 15.092416 1.659237 0.092724 -0.055107 0.057992 0.704956 0.704725
38.936000000 15.092416 1.659237 0.092724 -0.055107 0.057992 0.704956 0.704725
38.956000000 15.092416 1.659237 0.092724 -0.055107 0.057992 0.704956 0.704725
38.976000000 15.092416 1.659237 0.092724 -0.055107 0.057992 0.704956 0.704725
38.996000000 15.092416 1.659237 0.092724 -0.055107 0.057992 0.704956 0.704725
39.016000000 15.092416 1.659237 0.092724 -0.055107 0.057992 0.704956 0.704725
39.036000000 15.092416 1.659237 0.092724 -0.055107 0.057992 0.704956 0.704725
39.056000000 15.092416 1.659237 0.092724 -0.055107 0.057992 0.704956 0.704725
39.076000000 15.092416 1.659237 0.092724 -0.055107 0.057992 0.704956 0.704725
39.096000000 15.092416 1.659237 0.092724 -0.055107 0.057992 0.704956 0.704725
39.116000000 15.092416 1.659237 0.092724 -0.055107 0.057992 0.704956 0.704725
39.136000000 15.092416 1.659237 0.092724 -0.055107 0.057992 0.704956 0.704725
39.156000000 15.092416 1.659237 0.092724 -0.055107 0.057992 0.704956 0.704725
39.176000000 15.092416 1.659237 0.092724 -0.055107 0.057992 0.704956 0.704725
39.196000000 15.092416 1.659237 0.092724 -0.055107 0.057992 0.704956 0.704725
39.216000000 15.092416 1.659237 0.092724 -0.055107 0.057992 0.704956 0.704725
39.236000000 15.092416 1.659237 0.092725 -0.055108 0.057993 0.704956 0.704725
39.256000000 15.092416 1.659237 0.092729 -0.055115 0.057999 0.704956 0.704724
39.276000000 15.092416 1.659236 0.092747 -0.055141 0.058025 0.704954 0.704722
39.296000000 15.092416 1.659233 0.092778 -0.055186 0.058071 0.704950 0.704718
39.316000000 15.092416 1.659230 0.092822 -0.055251 0.058135 0.704945 0.704713
39.336000000 15.092416 1.659226 0.092878 -0.055333 0.058217 0.704938 0.704706
39.356000000 15.092417 1.659222 0.092945 -0.055430 0.058314 0.704931 0.704698
39.376000000 15.092417 1.659217 0.093020 -0.055540 0.058424 0.704922 0.704689
39.396000000 15.092417 1.659211 0.093103 -0.055662 0.058546 0.704913 0.704679
39.416000000 15.092418 1.659205 0.093193 -0.055793 0.058677 0.704902 0.704668
39.436000000 15.092418 1.659198 0.093288 -0.055932 0.058816 0.704891 0.704656
39.456000000 15.092418 1.659192 0.093386 -0.056076 0.058960 0.704880 0.704644
39.476000000 15.092419 1.659185 0.093487 -0.056224 0.059108 0.704868 0.704632
39.496000000 15.092419 1.659178 0.093589 -0.056374 0.059258 0.704856 0.704619
39.516000000 15.092420 1.659171 0.093692 -0.056524 0.059408 0.704844 0.704607
39.536000000 15.092420 1.659165 0.093793 -0.056672 0.059556 0.704832 0.704594
39.556000000 15.092421 1.659173 0.093890 -0.056826 0.059707 0.704820 0.704581
39.576000000 15.092421 1.659166 0.093987 -0.056969 0.059850 0.704809 0.704569
39.596000000 15.092422 1.659159 0.094082 -0.057107 0.059988 0.704797 0.704557
39.616000000 15.092422 1.659153 0.094172 -0.057238 0.060119 0.704787 0.704546
39.636000000 15.092422 1.659147 0.094256 -0.057362 0.060243 0.704777 0.704536
39.656000000 15.092423 1.659141 0.094335 -0.057478 0.060358 0.704767 0.704526
39.676000000 15.092423 1.659136 0.094408 -0.057584 0.060465 0.704758 0.704517
39.696000000 15.092423 1.659132 0.094474 -0.057680 0.060561 0.704751 0.704508
39.716000000 15.092423 1.659127 0.094533 -0.057766 0.060647 0.704743 0.704501
39.736000000 15.092424 1.659124 0.094584 -0.057842 0.060723 0.704737 0.704494
39.756000000 15.092424 1.659120 0.094629 -0.057908 0.060788 0.704732 0.704489
39.776000000 15.092424 1.659118 0.094667 -0.057962 0.060843 0.704727 0.704484
39.796000000 15.092424 1.659115 0.094697 -0.058007 0.060887 0.704724 0.704480
39.816000000 15.092424 1.659113 0.094720 -0.058041 0.060921 0.704721 0.704477
39.836000000 15.092424 1.659112 0.094736 -0.058065 0.060945 0.704719 0.704475
39.856000000 15.092424 1.659111 0.094746 -0.058079 0.060960 0.704718 0.704474
39.876000000 15.092424 1.659111 0.094749 -0.058084 0.060964 0.704717 0.704474
39.896000000 15.092424 1.659110 0.094747 -0.058080 0.060961 0.704718 0.704474
39.916000000 15.092424 1.659111 0.094738 -0.058068 0.060948 0.704719 0.704475
39.936000000 15.092424 1.659111 0.094725 -0.058047 0.060928 0.704720 0.704477
39.956000000 15.092424 1.659112 0.094706 -0.058020 0.060901 0.704723 0.704479
39.976000000 15.092424 1.659113 0.094683 -0.057986 0.060867 0.704725 0.704482
39.996000000 15.092424 1.659115 0.094655 -0.057946 0.060827 0.704729 0.704486
40.016000000 15.092424 1.659116 0.094624 -0.057900 0.060781 0.704732 0.704490
40.036000000 15.092423 1.659118 0.094590 -0.057850 0.060731 0.704736 0.704494
40.056000000 15.092423 1.659120 0.094553 -0.057796 0.060677 0.704741 0.704499
40.076000000 15.092423 1.659122 0.094513 -0.057738 0.060619 0.704746 0.704504
40.096000000 15.092423 1.659125 0.094471 -0.057677 0.060558 0.704751 0.704509
40.116000000 15.092423 1.659127 0.094428 -0.057613 0.060494 0.704756 0.704514
40.136000000 15.092423 1.659130 0.094383 -0.057548 0.060429 0.704761 0.704520
40.156000000 15.092422 1.659133 0.094337 -0.057481 0.060361 0.704767 0.704526
40.176000000 15.092422 1.659135 0.094291 -0.057412 0.060293 0.704772 0.704531
40.196000000 15.092422 1.659138 0.094243 -0.057344 0.060225 0.704778 0.704537
40.216000000 15.092422 1.659141 0.094196 -0.057275 0.060155 0.704783 0.704543
40.236000000 15.092422 1.659144 0.094149 -0.057206 0.060087 0.704789 0.704549
40.256000000 15.092421 1.659147 0.094102 -0.057137 0.060018 0.704795 0.704555
40.276000000 15.092421 1.659150 0.094056 -0.057069 0.059950 0.704800 0.704561
40.296000000 15.092421 1.659153 0.094010 -0.057002 0.059883 0.704806 0.704566
40.316000000 15.092421 1.659155 0.093965 -0.056936 0.059817 0.704811 0.704572
40.336000000 15.092421 1.659158 0.093921 -0.056871 0.059752 0.704816 0.704578
40.356000000 15.092421 1.659161 0.093877 -0.056808 0.059689 0.704821 0.704583
40.376000000 15.092420 1.659163 0.093835 -0.056746 0.059627 0.704826 0.704588
40.396000000 15.092420 1.659166 0.093794 -0.056686 0.059567 0.704831 0.704593
40.416000000 15.092420 1.659169 0.093754 -0.056627 0.059508 0.704836 0.704598
40.436000000 15.092420 1.659171 0.093715 -0.056570 0.059451 0.704840 0.704603
40.456000000 15.092420 1.659173 0.093677 -0.056515 0.059396 0.704845 0.704608
40.476000000 15.092420 1.659176 0.093640 -0.056461 0.059342 0.704849 0.704612
40.496000000 15.092419 1.659178 0.093604 -0.056408 0.059290 0.704853 0.704617
40.516000000 15.092419 1.659180 0.093569 -0.056357 0.059238 0.704857 0.704621
40.536000000 15.092419 1.659183 0.093535 -0.056307 0.059189 0.704861 0.704625
40.556000000 15.092419 1.659185 0.093502 -0.056259 0.059140 0.704865 0.704629
40.576000000 15.092419 1.659187 0.093470 -0.056211 0.059092 0.704869 0.704633
40.596000000 15.092419 1.659189 0.093438 -0.056164 0.059046 0.704873 0.704637
40.616000000 15.092419 1.659191 0.093406 -0.056119 0.059000 0.704876 0.704641
40.636000000 15.092418 1.659193 0.093375 -0.056073 0.058955 0.704880 0.704645
40.656000000 15.092418 1.659195 0.093345 -0.056029 0.058910 0.704884 0.704649
40.676000000 15.092418 1.659197 0.093315 -0.055984 0.058866 0.704887 0.704652
40.696000000 15.092418 1.659199 0.093284 -0.055940 0.058822 0.704891 0.704656
40.716000000 15.092418 1.659201 0.093254 -0.055896 0.058777 0.704894 0.704660
40.736000000 15.092418 1.659203 0.093224 -0.055852 0.058733 0.704898 0.704663
40.756000000 15.092418 1.659205 0.093194 -0.055807 0.058689 0.704901 0.704667
40.776000000 15.092418 1.659207 0.093163 -0.055763 0.058644 0.704905 0.704671
40.796000000 15.092417 1.659209 0.093132 -0.055717 0.058599 0.704908 0.704675
40.816000000 15.092417 1.659211 0.093101 -0.055671 0.058553 0.704912 0.704678
40.836000000 15.092417 1.659213 0.093069 -0.055625 0.058506 0.704916 0.704682
40.856000000 15.092417 1.659216 0.093037 -0.055577 0.058459 0.704919 0.704686
40.876000000 15.092417 1.659218 0.093004 -0.055529 0.058411 0.704923 0.704690
40.896000000 15.092417 1.659220 0.092970 -0.055480 0.058362 0.704927 0.704694
40.916000000 15.092417 1.659222 0.092936 -0.055430 0.058311 0.704931 0.704698
40.936000000 15.092417 1.659225 0.092901 -0.055379 0.058260 0.704935 0.704703
40.956000000 15.092416 1.659227 0.092865 -0.055326 0.058208 0.704939 0.704707
40.976000000 15.092416 1.659230 0.092828 -0.055273 0.058154 0.704943 0.704711
40.996000000 15.092416 1.659232 0.092796 -0.055225 0.058105 0.704947 0.704715
41.016000000 15.092416 1.659233 0.092781 -0.055203 0.058081 0.704949 0.704717
41.036000000 15.092416 1.659233 0.092780 -0.055201 0.058079 0.704949 0.704718
41.056000000 15.092416 1.659233 0.092780 -0.055201 0.058079 0.704949 0.704718
41.076000000 15.092416 1.659233 0.092780 -0.055201 0.058079 0.704949 0.704718
41.096000000 15.092416 1.659233 0.092780 -0.055201 0.058079 0.704949 0.704718
41.116000000 15.092416 1.659233 0.092780 -0.055201 0.058079 0.704949 0.704718
41.136000000 15.092416 1.659233 0.092780 -0.055201 0.058079 0.704949 0.704718
41.156000000 15.092416 1.659233 0.092780 -0.055201 0.058079 0.704949 0.704718
41.176000000 15.092416 1.659233 0.092780 -0.055201 0.058079 0.704949 0.704718
41.196000000 15.092416 1.659233 0.092780 -0.055201 0.058079 0.704949 0.704718
41.216000000 15.092416 1.659233 0.092780 -0.055201 0.058079 0.704949 0.704718
41.236000000 15.092416 1.659233 0.092779 -0.055200 0.058078 0.704949 0.704718
41.256000000 15.092416 1.659233 0.092779 -0.055200 0.058078 0.704949 0.704718
41.276000000 15.092416 1.659233 0.092779 -0.055200 0.058078 0.704949 0.704718
41.296000000 15.092416 1.659233 0.092779 -0.055200 0.058078 0.704949 0.704718
41.316000000 15.092416 1.659233 0.092779 -0.055200 0.058078 0.704949 0.704718
41.336000000 15.092416 1.659233 0.092779 -0.055200 0.058078 0.704949 0.704718
41.356000000 15.092416 1.659233 0.092779 -0.055200 0.058078 0.704949 0.704718
41.376000000 15.092416 1.659233 0.092779 -0.055200 0.058078 0.704949 0.704718
41.396000000 15.092416 1.659233 0.092779 -0.055200 0.058078 0.704949 0.704718
41.416000000 15.092416 1.659233 0.092779 -0.055200 0.058078 0.704949 0.704718
41.436000000 15.092416 1.659233 0.092779 -0.055200 0.058078 0.704949 0.704718
41.456000000 15.092416 1.659233 0.092779 -0.055200 0.058078 0.704949 0.704718
41.476000000 15.092416 1.659233 0.092779 -0.055200 0.058078 0.704949 0.704718
41.496000000 15.092416 1.659233 0.092779 -0.055200 0.058078 0.704949 0.704718
41.516000000 15.092416 1.659233 0.092779 -0.055200 0.058078 0.704949 0.704718
41.536000000 15.092416 1.659233 0.092779 -0.055200 0.058078 0.704949 0.704718
41.556000000 15.092416 1.659233 0.092779 -0.055200 0.058078 0.704949 0.704718
41.576000000 15.092416 1.659233 0.092779 -0.055200 0.058078 0.704949 0.704718
41.596000000 15.092416 1.659233 0.092779 -0.055200 0.058078 0.704949 0.704718
41.616000000 15.092416 1.659233 0.092779 -0.055200 0.058078 0.704949 0.704718
41.636000000 15.092416 1.659233 0.092778 -0.055199 0.058077 0.704949 0.704718
41.656000000 15.092416 1.659233 0.092778 -0.055198 0.058076 0.704949 0.704718
41.676000000 15.092416 1.659233 0.092776 -0.055196 0.058074 0.704949 0.704718
41.696000000 15.092416 1.659233 0.092773 -0.055192 0.058068 0.704950 0.704718
41.716000000 15.092416 1.659234 0.092768 -0.055185 0.058061 0.704950 0.704719
41.736000000 15.092416 1.659234 0.092762 -0.055175 0.058051 0.704951 0.704720
41.756000000 15.092416 1.659235 0.092753 -0.055163 0.058037 0.704952 0.704721
41.776000000 15.092416 1.659236 0.092742 -0.055147 0.058020 0.704953 0.704722
41.796000000 15.092416 1.659237 0.092729 -0.055127 0.057999 0.704955 0.704724
41.816000000 15.092416 1.659238 0.092712 -0.055103 0.057973 0.704956 0.704726
41.836000000 15.092416 1.659239 0.092693 -0.055075 0.057943 0.704959 0.704729
41.856000000 15.092416 1.659241 0.092672 -0.055044 0.057909 0.704961 0.704732
41.876000000 15.092416 1.659242 0.092647 -0.055008 0.057871 0.704964 0.704735
41.896000000 15.092416 1.659244 0.092620 -0.054968 0.057828 0.704967 0.704738
41.916000000 15.092416 1.659247 0.092591 -0.054925 0.057781 0.704970 0.704742
41.936000000 15.092416 1.659249 0.092558 -0.054878 0.057730 0.704974 0.704746
41.956000000 15.092416 1.659252 0.092523 -0.054827 0.057675 0.704978 0.704751
41.976000000 15.092416 1.659254 0.092486 -0.054773 0.057617 0.704982 0.704755
41.996000000 15.092416 1.659257 0.092447 -0.054715 0.057556 0.704987 0.704760
42.016000000 15.092416 1.659260 0.092406 -0.054655 0.057491 0.704991 0.704766
42.036000000 15.092415 1.659263 0.092363 -0.054592 0.057423 0.704996 0.704771
42.056000000 15.092415 1.659267 0.092319 -0.054527 0.057353 0.705001 0.704777
42.076000000 15.092415 1.659270 0.092273 -0.054460 0.057281 0.705006 0.704783
42.096000000 15.092415 1.659274 0.092225 -0.054391 0.057206 0.705012 0.704789
42.116000000 15.092415 1.659277 0.092177 -0.054320 0.057130 0.705017 0.704795
42.136000000 15.092415 1.659281 0.092128 -0.054248 0.057053 0.705023 0.704801
42.156000000 15.092415 1.659285 0.092078 -0.054176 0.056975 0.705028 0.704808
42.176000000 15.092415 1.659288 0.092028 -0.054102 0.056896 0.705034 0.704814
42.196000000 15.092415 1.659292 0.091978 -0.054029 0.056817 0.705040 0.704820
42.216000000 15.092415 1.659296 0.091927 -0.053955 0.056737 0.705045 0.704827
42.236000000 15.092415 1.659300 0.091877 -0.053881 0.056658 0.705051 0.704833
42.256000000 15.092415 1.659304 0.091827 -0.053808 0.056579 0.705057 0.704840
42.276000000 15.092415 1.659307 0.091777 -0.053735 0.056501 0.705062 0.704846
42.296000000 15.092415 1.659311 0.091728 -0.053663 0.056423 0.705068 0.704852
42.316000000 15.092414 1.659315 0.091680 -0.053592 0.056347 0.705073 0.704858
42.336000000 15.092414 1.659319 0.091632 -0.053522 0.056272 0.705078 0.704864
42.356000000 15.092414 1.659322 0.091585 -0.053454 0.056198 0.705083 0.704870
42.376000000 15.092414 1.659326 0.091539 -0.053387 0.056126 0.705089 0.704876
42.396000000 15.092414 1.659329 0.091494 -0.053321 0.056056 0.705094 0.704881
42.416000000 15.092414 1.659333 0.091451 -0.053257 0.055987 0.705098 0.704887
42.436000000 15.092414 1.659336 0.091408 -0.053195 0.055921 0.705103 0.704892
42.456000000 15.092414 1.659339 0.091367 -0.053135 0.055856 0.705108 0.704897
42.476000000 15.092414 1.659342 0.091327 -0.053077 0.055793 0.705112 0.704902
42.496000000 15.092414 1.659345 0.091289 -0.053020 0.055733 0.705116 0.704907
42.516000000 15.092414 1.659348 0.091252 -0.052966 0.055674 0.705120 0.704912
42.536000000 15.092414 1.659351 0.091216 -0.052914 0.055618 0.705124 0.704916
42.556000000 15.092414 1.659354 0.091182 -0.052863 0.055564 0.705128 0.704920
42.576000000 15.092414 1.659357 0.091149 -0.052815 0.055512 0.705132 0.704924
42.596000000 15.092414 1.659359 0.091117 -0.052769 0.055463 0.705135 0.704928
42.616000000 15.092414 1.659361 0.091087 -0.052725 0.055415 0.705138 0.704932
42.636000000 15.092414 1.659364 0.091058 -0.052683 0.055370 0.705142 0.704936
42.656000000 15.092414 1.659366 0.091031 -0.052642 0.055327 0.705145 0.704939
42.676000000 15.092414 1.659368 0.091004 -0.052604 0.055285 0.705147 0.704942
42.696000000 15.092414 1.659370 0.090979 -0.052567 0.055246 0.705150 0.704945
42.716000000 15.092414 1.659372 0.090956 -0.052532 0.055209 0.705153 0.704948
42.736000000 15.092414 1.659374 0.090933 -0.052499 0.055173 0.705155 0.704951
42.756000000 15.092413 1.659376 0.090912 -0.052468 0.055140 0.705158 0.704954
42.776000000 15.092413 1.659377 0.090891 -0.052438 0.055108 0.705160 0.704956
42.796000000 15.092413 1.659379 0.090872 -0.052410 0.055078 0.705162 0.704958
42.816000000 15.092413 1.659380 0.090854 -0.052384 0.055049 0.705164 0.704961
42.836000000 15.092413 1.659382 0.090837 -0.052359 0.055022 0.705166 0.704963
42.856000000 15.092413 1.659383 0.090821 -0.052335 0.054997 0.705167 0.704965
42.876000000 15.092413 1.659384 0.090806 -0.052313 0.054973 0.705169 0.704967
42.896000000 15.092413 1.659385 0.090791 -0.052292 0.054951 0.705171 0.704968
42.916000000 15.092413 1.659386 0.090778 -0.052272 0.054929 0.705172 0.704970
42.936000000 15.092413 1.659387 0.090765 -0.052254 0.054910 0.705173 0.704972
42.956000000 15.092413 1.659388 0.090754 -0.052237 0.054891 0.705175 0.704973
42.976000000 15.092413 1.659389 0.090743 -0.052221 0.054874 0.705176 0.704974
42.996000000 15.092413 1.659390 0.090732 -0.052206 0.054858 0.705177 0.704976
43.016000000 15.092413 1.659391 0.090723 -0.052192 0.054843 0.705178 0.704977
43.036000000 15.092413 1.659392 0.090714 -0.052179 0.054830 0.705179 0.704978
43.056000000 15.092413 1.659392 0.090706 -0.052167 0.054817 0.705180 0.704979
43.076000000 15.092413 1.659393 0.090699 -0.052157 0.054805 0.705181 0.704980
43.096000000 15.092413 1.659393 0.090692 -0.052147 0.054795 0.705181 0.704980
43.116000000 15.092413 1.659394 0.090686 -0.052138 0.054786 0.705182 0.704981
43.136000000 15.092413 1.659394 0.090681 -0.052131 0.054777 0.705183 0.704982
43.156000000 15.092413 1.659395 0.090676 -0.052124 0.054770 0.705183 0.704982
43.176000000 15.092413 1.659395 0.090672 -0.052118 0.054764 0.705183 0.704983
43.196000000 15.092413 1.659395 0.090670 -0.052114 0.054760 0.705184 0.704983
43.216000000 15.092413 1.659395 0.090666 -0.052109 0.054754 0.705184 0.704984
43.236000000 15.092413 1.659396 0.090665 -0.052107 0.054752 0.705184 0.704984
43.256000000 15.092413 1.659396 0.090663 -0.052104 0.054749 0.705184 0.704984
43.276000000 15.092413 1.659396 0.090662 -0.052103 0.054748 0.705185 0.704984
43.296000000 15.092413 1.659396 0.090662 -0.052103 0.054748 0.705185 0.704984
43.316000000 15.092413 1.659396 0.090662 -0.052103 0.054748 0.705185 0.704984
43.336000000 15.092413 1.659396 0.090662 -0.052103 0.054748 0.705185 0.704984
43.356000000 15.092413 1.659396 0.090662 -0.052103 0.054748 0.705185 0.704984
43.376000000 15.092413 1.659396 0.090662 -0.052103 0.054748 0.705185 0.704984
43.396000000 15.092413 1.659396 0.090662 -0.052103 0.054748 0.705185 0.704984
43.416000000 15.092413 1.659396 0.090662 -0.052103 0.054748 0.705185 0.704984
43.436000000 15.092413 1.659396 0.090662 -0.052103 0.054748 0.705185 0.704984
43.456000000 15.092413 1.659396 0.090662 -0.052102 0.054747 0.705185 0.704984
43.476000000 15.092413 1.659396 0.090662 -0.052102 0.054747 0.705185 0.704984
43.496000000 15.092413 1.659396 0.090662 -0.052102 0.054747 0.705185 0.704984
43.516000000 15.092413 1.659396 0.090662 -0.052102 0.054747 0.705185 0.704984
43.536000000 15.092413 1.659396 0.090662 -0.052102 0.054747 0.705185 0.704984
43.556000000 15.092413 1.659396 0.090662 -0.052102 0.054747 0.705185 0.704984
43.576000000 15.092413 1.659396 0.090662 -0.052102 0.054747 0.705185 0.704984
43.596000000 15.092413 1.659396 0.090662 -0.052102 0.054747 0.705185 0.704984
43.616000000 15.092413 1.659396 0.090662 -0.052102 0.054747 0.705185 0.704984
43.636000000 15.092413 1.659396 0.090662 -0.052102 0.054747 0.705185 0.704984
43.656000000 15.092413 1.659396 0.090662 -0.052102 0.054747 0.705185 0.704984
43.676000000 15.092413 1.659396 0.090662 -0.052102 0.054747 0.705185 0.704984
43.696000000 15.092413 1.659396 0.090662 -0.052102 0.054747 0.705185 0.704984
43.716000000 15.092413 1.659396 0.090662 -0.052102 0.054747 0.705185 0.704984
43.736000000 15.092413 1.659396 0.090662 -0.052102 0.054747 0.705185 0.704984
43.756000000 15.092413 1.659396 0.090662 -0.052102 0.054747 0.705185 0.704984
43.776000000 15.092413 1.659396 0.090662 -0.052102 0.054747 0.705185 0.704984
43.796000000 15.092413 1.659396 0.090662 -0.052102 0.054747 0.705185 0.704984
43.816000000 15.092413 1.659396 0.090662 -0.052102 0.054747 0.705185 0.704984
43.836000000 15.092413 1.659396 0.090662 -0.052102 0.054747 0.705185 0.704984
43.856000000 15.092413 1.659396 0.090662 -0.052102 0.054747 0.705185 0.704984
43.876000000 15.092413 1.659396 0.090662 -0.052102 0.054747 0.705185 0.704984
43.896000000 15.092413 1.659396 0.090662 -0.052102 0.054747 0.705185 0.704984
43.916000000 15.092413 1.659396 0.090662 -0.052102 0.054747 0.705185 0.704984
43.936000000 15.092413 1.659396 0.090662 -0.052102 0.054747 0.705185 0.704984
43.956000000 15.092413 1.659396 0.090662 -0.052102 0.054747 0.705185 0.704984
43.976000000 15.092413 1.659396 0.090662 -0.052102 0.054747 0.705185 0.704984
43.996000000 15.092413 1.659396 0.090662 -0.052102 0.054747 0.705185 0.704984
44.016000000 15.092413 1.659396 0.090662 -0.052102 0.054747 0.705185 0.704984
44.036000000 15.092413 1.659396 0.090662 -0.052102 0.054747 0.705185 0.704984
44.056000000 15.092413 1.659396 0.090662 -0.052102 0.054747 0.705185 0.704984
44.076000000 15.092413 1.659396 0.090662 -0.052102 0.054747 0.705185 0.704984
44.096000000 15.092413 1.659396 0.090662 -0.052102 0.054747 0.705185 0.704984
44.116000000 15.092413 1.659396 0.090662 -0.052102 0.054747 0.705185 0.704984
44.136000000 15.092413 1.659396 0.090662 -0.052102 0.054747 0.705185 0.704984
44.156000000 15.092413 1.659396 0.090662 -0.052102 0.054747 0.705185 0.704984
44.176000000 15.092413 1.659396 0.090662 -0.052102 0.054747 0.705185 0.704984
44.196000000 15.092413 1.659396 0.090662 -0.052102 0.054747 0.705185 0.704984
44.216000000 15.092413 1.659396 0.090662 -0.052102 0.054747 0.705185 0.704984
44.236000000 15.092413 1.659396 0.090662 -0.052102 0.054747 0.705185 0.704984
44.256000000 15.092413 1.659396 0.090662 -0.052102 0.054747 0.705185 0.704984
44.276000000 15.092413 1.659396 0.090662 -0.052102 0.054747 0.705185 0.704984
44.296000000 15.092413 1.659396 0.090662 -0.052102 0.054747 0.705185 0.704984
44.316000000 15.092413 1.659396 0.090662 -0.052102 0.054747 0.705185 0.704984
44.336000000 15.092413 1.659396 0.090662 -0.052102 0.054747 0.705185 0.704984
44.356000000 15.092413 1.659396 0.090664 -0.052106 0.054750 0.705184 0.704984
44.376000000 15.092413 1.659395 0.090667 -0.052110 0.054755 0.705184 0.704984
44.396000000 15.092413 1.659395 0.090672 -0.052117 0.054762 0.705184 0.704983
44.416000000 15.092413 1.659394 0.090679 -0.052127 0.054772 0.705183 0.704982
44.436000000 15.092413 1.659394 0.090688 -0.052140 0.054785 0.705182 0.704981
44.456000000 15.092413 1.659393 0.090699 -0.052157 0.054801 0.705181 0.704980
44.476000000 15.092413 1.659392 0.090712 -0.052177 0.054821 0.705179 0.704978
44.496000000 15.092413 1.659391 0.090729 -0.052201 0.054845 0.705177 0.704977
44.516000000 15.092414 1.659389 0.090748 -0.052228 0.054873 0.705175 0.704974
44.536000000 15.092414 1.659387 0.090770 -0.052261 0.054905 0.705173 0.704972
44.556000000 15.092414 1.659385 0.090795 -0.052297 0.054941 0.705170 0.704969
44.576000000 15.092414 1.659383 0.090822 -0.052337 0.054982 0.705167 0.704966
44.596000000 15.092414 1.659381 0.090853 -0.052382 0.055027 0.705164 0.704962
44.616000000 15.092414 1.659378 0.090886 -0.052431 0.055075 0.705160 0.704959
44.636000000 15.092414 1.659375 0.090922 -0.052484 0.055128 0.705156 0.704955
44.656000000 15.092414 1.659372 0.090961 -0.052540 0.055185 0.705152 0.704950
44.676000000 15.092414 1.659369 0.091002 -0.052601 0.055245 0.705148 0.704945
44.696000000 15.092415 1.659366 0.091045 -0.052665 0.055309 0.705143 0.704940
44.716000000 15.092415 1.659362 0.091091 -0.052732 0.055376 0.705138 0.704935
44.736000000 15.092415 1.659359 0.091139 -0.052802 0.055446 0.705133 0.704930
44.756000000 15.092415 1.659355 0.091189 -0.052875 0.055519 0.705127 0.704924
44.776000000 15.092415 1.659351 0.091241 -0.052950 0.055595 0.705121 0.704918
44.796000000 15.092416 1.659347 0.091294 -0.053028 0.055673 0.705116 0.704912
44.816000000 15.092416 1.659343 0.091348 -0.053108 0.055752 0.705110 0.704905
44.836000000 15.092416 1.659338 0.091404 -0.053190 0.055834 0.705103 0.704899
44.856000000 15.092416 1.659334 0.091461 -0.053273 0.055917 0.705097 0.704892
44.876000000 15.092416 1.659330 0.091518 -0.053357 0.056001 0.705091 0.704886
44.896000000 15.092417 1.659325 0.091576 -0.053442 0.056086 0.705084 0.704879
44.916000000 15.092417 1.659321 0.091635 -0.053528 0.056172 0.705078 0.704872
44.936000000 15.092417 1.659317 0.091694 -0.053614 0.056258 0.705071 0.704865
44.956000000 15.092417 1.659312 0.091753 -0.053701 0.056345 0.705065 0.704858
44.976000000 15.092418 1.659308 0.091812 -0.053787 0.056431 0.705058 0.704851
44.996000000 15.092418 1.659304 0.091870 -0.053873 0.056517 0.705052 0.704845
45.016000000 15.092418 1.659299 0.091929 -0.053959 0.056603 0.705045 0.704838
45.036000000 15.092418 1.659295 0.091987 -0.054044 0.056688 0.705038 0.704831
45.056000000 15.092418 1.659291 0.092045 -0.054129 0.056772 0.705032 0.704824
45.076000000 15.092419 1.659287 0.092102 -0.054212 0.056856 0.705026 0.704817
45.096000000 15.092419 1.659283 0.092158 -0.054295 0.056938 0.705019 0.704811
45.116000000 15.092419 1.659278 0.092214 -0.054376 0.057020 0.705013 0.704804
45.136000000 15.092419 1.659275 0.092268 -0.054456 0.057100 0.705007 0.704798
45.156000000 15.092419 1.659271 0.092322 -0.054535 0.057179 0.705001 0.704791
45.176000000 15.092420 1.659267 0.092375 -0.054612 0.057256 0.704995 0.704785
45.196000000 15.092420 1.659263 0.092427 -0.054688 0.057332 0.704989 0.704779
45.216000000 15.092420 1.659260 0.092478 -0.054763 0.057407 0.704983 0.704773
45.236000000 15.092420 1.659256 0.092528 -0.054836 0.057480 0.704977 0.704767
45.256000000 15.092420 1.659252 0.092577 -0.054908 0.057552 0.704972 0.704761
45.276000000 15.092421 1.659249 0.092625 -0.054978 0.057622 0.704966 0.704755
45.296000000 15.092421 1.659246 0.092672 -0.055047 0.057691 0.704961 0.704749
45.316000000 15.092421 1.659243 0.092718 -0.055115 0.057758 0.704956 0.704744
45.336000000 15.092421 1.659239 0.092763 -0.055181 0.057824 0.704950 0.704739
45.356000000 15.092421 1.659236 0.092807 -0.055245 0.057889 0.704945 0.704733
45.376000000 15.092421 1.659233 0.092851 -0.055309 0.057952 0.704940 0.704728
45.396000000 15.092422 1.659230 0.092893 -0.055371 0.058014 0.704936 0.704723
45.416000000 15.092422 1.659227 0.092935 -0.055432 0.058075 0.704931 0.704718
45.436000000 15.092422 1.659225 0.092976 -0.055491 0.058135 0.704926 0.704713
45.456000000 15.092422 1.659222 0.093016 -0.055550 0.058194 0.704921 0.704708
45.476000000 15.092422 1.659219 0.093055 -0.055608 0.058251 0.704917 0.704703
45.496000000 15.092422 1.659216 0.093094 -0.055664 0.058308 0.704912 0.704699
45.516000000 15.092422 1.659214 0.093132 -0.055720 0.058363 0.704908 0.704694
45.536000000 15.092423 1.659211 0.093169 -0.055775 0.058418 0.704904 0.704690
45.556000000 15.092423 1.659209 0.093206 -0.055829 0.058472 0.704899 0.704685
45.576000000 15.092423 1.659206 0.093242 -0.055882 0.058525 0.704895 0.704681
45.596000000 15.092423 1.659204 0.093278 -0.055934 0.058578 0.704891 0.704676
45.616000000 15.092423 1.659201 0.093313 -0.055986 0.058629 0.704887 0.704672
45.636000000 15.092423 1.659199 0.093348 -0.056037 0.058680 0.704883 0.704668
45.656000000 15.092423 1.659197 0.093383 -0.056087 0.058731 0.704879 0.704664
45.676000000 15.092424 1.659194 0.093417 -0.056137 0.058780 0.704875 0.704659
45.696000000 15.092424 1.659192 0.093450 -0.056186 0.058830 0.704871 0.704655
45.716000000 15.092424 1.659190 0.093484 -0.056235 0.058878 0.704867 0.704651
45.736000000 15.092424 1.659188 0.093517 -0.056283 0.058927 0.704863 0.704647
45.756000000 15.092424 1.659186 0.093549 -0.056331 0.058974 0.704859 0.704643
45.776000000 15.092424 1.659183 0.093581 -0.056378 0.059021 0.704856 0.704639
45.796000000 15.092424 1.659181 0.093613 -0.056425 0.059068 0.704852 0.704635
45.816000000 15.092424 1.659179 0.093644 -0.056471 0.059114 0.704848 0.704632
45.836000000 15.092425 1.659177 0.093676 -0.056516 0.059159 0.704845 0.704628
45.856000000 15.092425 1.659175 0.093706 -0.056561 0.059204 0.704841 0.704624
45.876000000 15.092425 1.659173 0.093737 -0.056605 0.059248 0.704837 0.704620
45.896000000 15.092425 1.659171 0.093766 -0.056649 0.059292 0.704834 0.704617
45.916000000 15.092425 1.659169 0.093796 -0.056692 0.059335 0.704830 0.704613
45.936000000 15.092425 1.659167 0.093825 -0.056735 0.059378 0.704827 0.704609
45.956000000 15.092425 1.659165 0.093854 -0.056777 0.059420 0.704824 0.704606
45.976000000 15.092425 1.659164 0.093882 -0.056818 0.059461 0.704820 0.704602
45.996000000 15.092425 1.659162 0.093909 -0.056858 0.059501 0.704817 0.704599
46.016000000 15.092426 1.659160 0.093937 -0.056898 0.059541 0.704814 0.704596
46.036000000 15.092426 1.659158 0.093963 -0.056937 0.059580 0.704811 0.704592
46.056000000 15.092426 1.659157 0.093989 -0.056975 0.059618 0.704808 0.704589
46.076000000 15.092426 1.659155 0.094015 -0.057012 0.059655 0.704805 0.704586
46.096000000 15.092426 1.659153 0.094040 -0.057049 0.059692 0.704802 0.704583
46.116000000 15.092426 1.659152 0.094064 -0.057084 0.059727 0.704799 0.704580
46.136000000 15.092426 1.659150 0.094087 -0.057119 0.059762 0.704796 0.704577
46.156000000 15.092426 1.659149 0.094110 -0.057152 0.059795 0.704793 0.704574
46.176000000 15.092426 1.659147 0.094133 -0.057185 0.059828 0.704791 0.704571
46.196000000 15.092426 1.659146 0.094154 -0.057216 0.059859 0.704788 0.704569
46.216000000 15.092426 1.659145 0.094175 -0.057247 0.059890 0.704786 0.704566
46.236000000 15.092426 1.659143 0.094195 -0.057276 0.059919 0.704783 0.704563
46.256000000 15.092427 1.659142 0.094214 -0.057304 0.059947 0.704781 0.704561
46.276000000 15.092427 1.659141 0.094233 -0.057331 0.059974 0.704779 0.704559
46.296000000 15.092427 1.659140 0.094251 -0.057357 0.060000 0.704777 0.704557
46.316000000 15.092427 1.659139 0.094267 -0.057382 0.060025 0.704775 0.704554
46.336000000 15.092427 1.659138 0.094284 -0.057406 0.060048 0.704773 0.704552
46.356000000 15.092427 1.659137 0.094299 -0.057428 0.060071 0.704771 0.704551
46.376000000 15.092427 1.659136 0.094313 -0.057449 0.060092 0.704769 0.704549
46.396000000 15.092427 1.659135 0.094327 -0.057469 0.060112 0.704768 0.704547
46.416000000 15.092427 1.659134 0.094339 -0.057487 0.060130 0.704766 0.704546
46.436000000 15.092427 1.659133 0.094351 -0.057505 0.060147 0.704765 0.704544
46.456000000 15.092427 1.659133 0.094362 -0.057520 0.060163 0.704763 0.704543
46.476000000 15.092427 1.659132 0.094372 -0.057535 0.060178 0.704762 0.704541
46.496000000 15.092427 1.659132 0.094381 -0.057548 0.060191 0.704761 0.704540
46.516000000 15.092427 1.659131 0.094389 -0.057560 0.060203 0.704760 0.704539
46.536000000 15.092427 1.659131 0.094397 -0.057571 0.060214 0.704759 0.704538
46.556000000 15.092427 1.659130 0.094403 -0.057581 0.060223 0.704758 0.704538
46.576000000 15.092427 1.659130 0.094409 -0.057589 0.060232 0.704758 0.704537
46.596000000 15.092427 1.659129 0.094413 -0.057596 0.060238 0.704757 0.704536
46.616000000 15.092427 1.659129 0.094416 -0.057600 0.060243 0.704757 0.704536
46.636000000 15.092427 1.659129 0.094420 -0.057605 0.060248 0.704756 0.704535
46.656000000 15.092427 1.659129 0.094422 -0.057608 0.060251 0.704756 0.704535
46.676000000 15.092427 1.659129 0.094423 -0.057609 0.060252 0.704756 0.704535
46.696000000 15.092427 1.659129 0.094423 -0.057610 0.060253 0.704756 0.704535
46.716000000 15.092427 1.659129 0.094423 -0.057610 0.060253 0.704756 0.704535
46.736000000 15.092427 1.659129 0.094421 -0.057607 0.060250 0.704756 0.704535
46.756000000 15.092427 1.659129 0.094418 -0.057603 0.060246 0.704757 0.704536
46.776000000 15.092427 1.659129 0.094415 -0.057598 0.060241 0.704757 0.704536
46.796000000 15.092427 1.659130 0.094411 -0.057592 0.060235 0.704758 0.704537
46.816000000 15.092427 1.659130 0.094406 -0.057584 0.060227 0.704758 0.704537
46.836000000 15.092427 1.659130 0.094400 -0.057576 0.060218 0.704759 0.704538
46.856000000 15.092427 1.659131 0.094393 -0.057566 0.060209 0.704760 0.704539
46.876000000 15.092427 1.659131 0.094385 -0.057555 0.060197 0.704761 0.704540
46.896000000 15.092427 1.659132 0.094377 -0.057542 0.060185 0.704762 0.704541
46.916000000 15.092427 1.659132 0.094368 -0.057529 0.060172 0.704763 0.704542
46.936000000 15.092427 1.659133 0.094358 -0.057514 0.060157 0.704764 0.704543
46.956000000 15.092427 1.659134 0.094347 -0.057498 0.060141 0.704765 0.704545
46.976000000 15.092427 1.659134 0.094335 -0.057481 0.060124 0.704767 0.704546
46.996000000 15.092427 1.659135 0.094323 -0.057463 0.060106 0.704768 0.704548
47.016000000 15.092427 1.659136 0.094310 -0.057444 0.060087 0.704770 0.704549
47.036000000 15.092427 1.659137 0.094296 -0.057424 0.060066 0.704771 0.704551
47.056000000 15.092427 1.659138 0.094281 -0.057402 0.060045 0.704773 0.704553
47.076000000 15.092427 1.659139 0.094266 -0.057379 0.060022 0.704775 0.704555
47.096000000 15.092427 1.659140 0.094249 -0.057356 0.059998 0.704777 0.704557
47.116000000 15.092427 1.659141 0.094232 -0.057331 0.059973 0.704779 0.704559
47.136000000 15.092427 1.659142 0.094214 -0.057305 0.059947 0.704781 0.704561
47.156000000 15.092426 1.659143 0.094196 -0.057277 0.059920 0.704783 0.704563
47.176000000 15.092426 1.659145 0.094177 -0.057249 0.059892 0.704785 0.704566
47.196000000 15.092426 1.659146 0.094157 -0.057220 0.059863 0.704788 0.704568
47.216000000 15.092426 1.659147 0.094136 -0.057190 0.059832 0.704790 0.704571
47.236000000 15.092426 1.659149 0.094114 -0.057158 0.059801 0.704793 0.704574
47.256000000 15.092426 1.659150 0.094092 -0.057126 0.059768 0.704795 0.704576
47.276000000 15.092426 1.659151 0.094069 -0.057092 0.059735 0.704798 0.704579
47.296000000 15.092426 1.659153 0.094046 -0.057057 0.059700 0.704801 0.704582
47.316000000 15.092426 1.659155 0.094021 -0.057022 0.059665 0.704804 0.704585
47.336000000 15.092426 1.659156 0.093996 -0.056985 0.059628 0.704807 0.704588
47.356000000 15.092426 1.659158 0.093970 -0.056947 0.059590 0.704810 0.704591
47.376000000 15.092426 1.659160 0.093944 -0.056909 0.059552 0.704813 0.704595
47.396000000 15.092425 1.659161 0.093917 -0.056869 0.059512 0.704816 0.704598
47.416000000 15.092425 1.659163 0.093889 -0.056829 0.059472 0.704819 0.704601
47.436000000 15.092425 1.659165 0.093861 -0.056787 0.059430 0.704823 0.704605
47.456000000 15.092425 1.659167 0.093832 -0.056744 0.059387 0.704826 0.704609
47.476000000 15.092425 1.659169 0.093802 -0.056701 0.059344 0.704830 0.704612
47.496000000 15.092425 1.659171 0.093771 -0.056656 0.059299 0.704833 0.704616
47.516000000 15.092425 1.659173 0.093740 -0.056611 0.059254 0.704837 0.704620
47.536000000 15.092425 1.659175 0.093709 -0.056565 0.059208 0.704841 0.704624
47.556000000 15.092425 1.659177 0.093677 -0.056518 0.059161 0.704845 0.704628
47.576000000 15.092424 1.659179 0.093644 -0.056469 0.059113 0.704848 0.704632
47.596000000 15.092424 1.659182 0.093610 -0.056421 0.059064 0.704852 0.704636
47.616000000 15.092424 1.659184 0.093576 -0.056371 0.059014 0.704856 0.704640
47.636000000 15.092424 1.659186 0.093542 -0.056320 0.058963 0.704860 0.704644
47.656000000 15.092424 1.659188 0.093507 -0.056269 0.058912 0.704864 0.704648
47.676000000 15.092424 1.659191 0.093471 -0.056217 0.058860 0.704869 0.704653
47.696000000 15.092424 1.659193 0.093435 -0.056164 0.058807 0.704873 0.704657
47.716000000 15.092423 1.659196 0.093398 -0.056110 0.058753 0.704877 0.704662
47.736000000 15.092423 1.659198 0.093361 -0.056055 0.058698 0.704881 0.704666
47.756000000 15.092423 1.659201 0.093323 -0.056000 0.058643 0.704886 0.704671
47.776000000 15.092423 1.659203 0.093285 -0.055944 0.058587 0.704890 0.704675
47.796000000 15.092423 1.659206 0.093246 -0.055887 0.058531 0.704895 0.704680
47.816000000 15.092423 1.659209 0.093207 -0.055830 0.058473 0.704899 0.704685
47.836000000 15.092423 1.659211 0.093167 -0.055772 0.058415 0.704904 0.704690
47.856000000 15.092422 1.659214 0.093127 -0.055713 0.058356 0.704909 0.704695
47.876000000 15.092422 1.659217 0.093086 -0.055654 0.058297 0.704913 0.704700
47.896000000 15.092422 1.659220 0.093045 -0.055594 0.058237 0.704918 0.704704
47.916000000 15.092422 1.659223 0.093004 -0.055533 0.058177 0.704923 0.704709
47.936000000 15.092422 1.659226 0.092962 -0.055472 0.058116 0.704928 0.704715
47.956000000 15.092422 1.659228 0.092920 -0.055411 0.058054 0.704932 0.704720
47.976000000 15.092422 1.659231 0.092878 -0.055348 0.057992 0.704937 0.704725
47.996000000 15.092421 1.659234 0.092835 -0.055286 0.057929 0.704942 0.704730
48.016000000 15.092421 1.659237 0.092792 -0.055223 0.057866 0.704947 0.704735
48.036000000 15.092421 1.659240 0.092748 -0.055159 0.057802 0.704952 0.704740
48.056000000 15.092421 1.659243 0.092704 -0.055095 0.057738 0.704957 0.704746
48.076000000 15.092421 1.659247 0.092660 -0.055030 0.057674 0.704962 0.704751
48.096000000 15.092421 1.659250 0.092616 -0.054965 0.057609 0.704967 0.704756
48.116000000 15.092420 1.659253 0.092571 -0.054900 0.057544 0.704972 0.704761
48.136000000 15.092420 1.659256 0.092527 -0.054834 0.057478 0.704977 0.704767
48.156000000 15.092420 1.659259 0.092481 -0.054768 0.057412 0.704983 0.704772
48.176000000 15.092420 1.659263 0.092436 -0.054702 0.057345 0.704988 0.704778
48.196000000 15.092420 1.659266 0.092391 -0.054635 0.057279 0.704993 0.704783
48.216000000 15.092420 1.659269 0.092345 -0.054568 0.057212 0.704998 0.704788
48.236000000 15.092419 1.659272 0.092299 -0.054501 0.057145 0.705003 0.704794
48.256000000 15.092419 1.659276 0.092253 -0.054433 0.057077 0.705009 0.704799
48.276000000 15.092419 1.659279 0.092207 -0.054366 0.057010 0.705014 0.704805
48.296000000 15.092419 1.659282 0.092160 -0.054298 0.056942 0.705019 0.704810
48.316000000 15.092419 1.659286 0.092114 -0.054230 0.056874 0.705024 0.704816
48.336000000 15.092418 1.659289 0.092067 -0.054162 0.056806 0.705029 0.704821
48.356000000 15.092418 1.659293 0.092021 -0.054093 0.056737 0.705035 0.704827
48.376000000 15.092418 1.659296 0.091974 -0.054025 0.056669 0.705040 0.704832
48.396000000 15.092418 1.659299 0.091927 -0.053957 0.056600 0.705045 0.704838
48.416000000 15.092418 1.659303 0.091880 -0.053888 0.056532 0.705050 0.704843
48.436000000 15.092418 1.659306 0.091834 -0.053819 0.056463 0.705056 0.704849
48.456000000 15.092417 1.659310 0.091787 -0.053751 0.056395 0.705061 0.704854
48.476000000 15.092417 1.659313 0.091740 -0.053682 0.056326 0.705066 0.704860
48.496000000 15.092417 1.659317 0.091693 -0.053613 0.056257 0.705071 0.704865
48.516000000 15.092417 1.659320 0.091646 -0.053545 0.056189 0.705077 0.704871
48.536000000 15.092417 1.659324 0.091599 -0.053477 0.056121 0.705082 0.704876
48.556000000 15.092417 1.659327 0.091553 -0.053408 0.056052 0.705087 0.704882
48.576000000 15.092416 1.659331 0.091506 -0.053340 0.055984 0.705092 0.704887
48.596000000 15.092416 1.659334 0.091460 -0.053272 0.055916 0.705097 0.704892
48.616000000 15.092416 1.659338 0.091413 -0.053204 0.055848 0.705102 0.704898
48.636000000 15.092416 1.659341 0.091367 -0.053136 0.055780 0.705107 0.704903
48.656000000 15.092416 1.659345 0.091321 -0.053068 0.055712 0.705113 0.704909
48.676000000 15.092416 1.659348 0.091275 -0.053001 0.055645 0.705118 0.704914
48.696000000 15.092415 1.659352 0.091229 -0.052934 0.055578 0.705123 0.704919
48.716000000 15.092415 1.659355 0.091183 -0.052867 0.055511 0.705128 0.704924
48.736000000 15.092415 1.659359 0.091138 -0.052801 0.055445 0.705133 0.704930
48.756000000 15.092415 1.659362 0.091093 -0.052734 0.055378 0.705138 0.704935
48.776000000 15.092415 1.659366 0.091048 -0.052668 0.055313 0.705143 0.704940
48.796000000 15.092415 1.659369 0.091003 -0.052603 0.055247 0.705147 0.704945
48.816000000 15.092414 1.659373 0.090959 -0.052538 0.055182 0.705152 0.704950
48.836000000 15.092414 1.659376 0.090914 -0.052473 0.055117 0.705157 0.704955
48.856000000 15.092414 1.659379 0.090870 -0.052408 0.055053 0.705162 0.704960
48.876000000 15.092414 1.659383 0.090827 -0.052345 0.054989 0.705167 0.704965
48.896000000 15.092414 1.659386 0.090784 -0.052281 0.054925 0.705171 0.704970
48.916000000 15.092414 1.659390 0.090741 -0.052218 0.054862 0.705176 0.704975
48.936000000 15.092413 1.659393 0.090698 -0.052156 0.054800 0.705181 0.704980
48.956000000 15.092413 1.659396 0.090656 -0.052094 0.054738 0.705185 0.704985
48.976000000 15.092413 1.659397 0.090641 -0.052072 0.054715 0.705187 0.704987
48.996000000 15.092413 1.659397 0.090641 -0.052072 0.054715 0.705187 0.704987
49.016000000 15.092413 1.659397 0.090641 -0.052072 0.054715 0.705187 0.704987
49.036000000 15.092413 1.659397 0.090641 -0.052072 0.054715 0.705187 0.704987
49.056000000 15.092413 1.659397 0.090641 -0.052072 0.054715 0.705187 0.704987
49.076000000 15.092413 1.659397 0.090641 -0.052072 0.054715 0.705187 0.704987
49.096000000 15.092413 1.659397 0.090641 -0.052072 0.054715 0.705187 0.704987
49.116000000 15.092413 1.659397 0.090641 -0.052072 0.054715 0.705187 0.704987
49.136000000 15.092413 1.659397 0.090641 -0.052072 0.054715 0.705187 0.704987
49.156000000 15.092413 1.659397 0.090641 -0.052072 0.054715 0.705187 0.704987
49.176000000 15.092413 1.659397 0.090641 -0.052072 0.054715 0.705187 0.704987
49.196000000 15.092413 1.659397 0.090641 -0.052072 0.054715 0.705187 0.704987
49.216000000 15.092413 1.659397 0.090641 -0.052072 0.054715 0.705187 0.704987
49.236000000 15.092413 1.659397 0.090641 -0.052072 0.054715 0.705187 0.704987
49.256000000 15.092413 1.659397 0.090641 -0.052072 0.054715 0.705187 0.704987
49.276000000 15.092413 1.659397 0.090641 -0.052072 0.054715 0.705187 0.704987
49.296000000 15.092413 1.659397 0.090641 -0.052072 0.054715 0.705187 0.704987
49.316000000 15.092413 1.659397 0.090641 -0.052072 0.054715 0.705187 0.704987
49.336000000 15.092413 1.659397 0.090641 -0.052072 0.054715 0.705187 0.704987
49.356000000 15.092413 1.659397 0.090641 -0.052072 0.054715 0.705187 0.704987
49.376000000 15.092413 1.659397 0.090641 -0.052072 0.054715 0.705187 0.704987
49.396000000 15.092413 1.659397 0.090641 -0.052072 0.054715 0.705187 0.704987
49.416000000 15.092413 1.659397 0.090641 -0.052072 0.054715 0.705187 0.704987
49.436000000 15.092413 1.659397 0.090641 -0.052072 0.054715 0.705187 0.704987
49.456000000 15.092413 1.659397 0.090641 -0.052072 0.054715 0.705187 0.704987
49.476000000 15.092413 1.659397 0.090641 -0.052072 0.054715 0.705187 0.704987
49.496000000 15.092413 1.659397 0.090641 -0.052072 0.054715 0.705187 0.704987
49.516000000 15.092413 1.659397 0.090641 -0.052072 0.054715 0.705187 0.704987
49.536000000 15.092413 1.659397 0.090641 -0.052072 0.054715 0.705187 0.704987
49.556000000 15.092413 1.659397 0.090641 -0.052072 0.054715 0.705187 0.704987
49.576000000 15.092413 1.659397 0.090641 -0.052072 0.054715 0.705187 0.704987
49.596000000 15.092413 1.659397 0.090641 -0.052072 0.054715 0.705187 0.704987
49.616000000 15.092413 1.659397 0.090641 -0.052072 0.054715 0.705187 0.704987
49.636000000 15.092413 1.659397 0.090641 -0.052072 0.054715 0.705187 0.704987
49.656000000 15.092413 1.659397 0.090641 -0.052072 0.054715 0.705187 0.704987
49.676000000 15.092413 1.659397 0.090641 -0.052072 0.054715 0.705187 0.704987
49.696000000 15.092413 1.659397 0.090641 -0.052072 0.054715 0.705187 0.704987
49.716000000 15.092413 1.659397 0.090641 -0.052072 0.054715 0.705187 0.704987
49.736000000 15.092413 1.659397 0.090641 -0.052072 0.054715 0.705187 0.704987
49.756000000 15.092413 1.659397 0.090641 -0.052072 0.054715 0.705187 0.704987
49.776000000 15.092413 1.659397 0.090641 -0.052072 0.054715 0.705187 0.704987
49.796000000 15.092413 1.659397 0.090641 -0.052072 0.054715 0.705187 0.704987
49.816000000 15.092413 1.659397 0.090641 -0.052072 0.054715 0.705187 0.704987
49.836000000 15.092413 1.659397 0.090641 -0.052072 0.054715 0.705187 0.704987
49.856000000 15.092413 1.659397 0.090641 -0.052072 0.054715 0.705187 0.704987
49.876000000 15.092413 1.659397 0.090641 -0.052072 0.054715 0.705187 0.704987
49.896000000 15.092413 1.659397 0.090641 -0.052072 0.054715 0.705187 0.704987
49.916000000 15.092413 1.659397 0.090641 -0.052072 0.054715 0.705187 0.704987
49.936000000 15.092413 1.659397 0.090641 -0.052072 0.054715 0.705187 0.704987
49.956000000 15.092413 1.659397 0.090641 -0.052072 0.054715 0.705187 0.704987
49.976000000 15.092413 1.659397 0.090641 -0.052072 0.054715 0.705187 0.704987
49.996000000 15.092413 1.659397 0.090641 -0.052072 0.054715 0.705187 0.704987
50.016000000 15.092413 1.659397 0.090641 -0.052072 0.054715 0.705187 0.704987
50.036000000 15.092413 1.659397 0.090641 -0.052072 0.054715 0.705187 0.704987
50.056000000 15.092413 1.659397 0.090641 -0.052072 0.054715 0.705187 0.704987
50.076000000 15.092413 1.659397 0.090641 -0.052072 0.054715 0.705187 0.704987
50.096000000 15.092413 1.659397 0.090641 -0.052072 0.054715 0.705187 0.704987
50.116000000 15.092413 1.659397 0.090641 -0.052072 0.054715 0.705187 0.704987
50.136000000 15.092413 1.659397 0.090641 -0.052072 0.054715 0.705187 0.704987
50.156000000 15.092413 1.659397 0.090641 -0.052072 0.054715 0.705187 0.704987
50.176000000 15.092413 1.659397 0.090641 -0.052072 0.054715 0.705187 0.704987
50.196000000 15.092413 1.659397 0.090641 -0.052072 0.054715 0.705187 0.704987
50.216000000 15.092413 1.659397 0.090641 -0.052072 0.054715 0.705187 0.704987
50.236000000 15.092413 1.659397 0.090641 -0.052072 0.054715 0.705187 0.704987
50.256000000 15.092413 1.659397 0.090641 -0.052072 0.054715 0.705187 0.704987
50.276000000 15.092413 1.659397 0.090641 -0.052072 0.054715 0.705187 0.704987
50.296000000 15.092413 1.659397 0.090641 -0.052072 0.054715 0.705187 0.704987
50.316000000 15.092413 1.659397 0.090641 -0.052072 0.054715 0.705187 0.704987
50.336000000 15.092413 1.659397 0.090641 -0.052072 0.054715 0.705187 0.704987
50.356000000 15.092413 1.659397 0.090641 -0.052072 0.054715 0.705187 0.704987
50.376000000 15.092413 1.659397 0.090641 -0.052072 0.054715 0.705187 0.704987
50.396000000 15.092413 1.659397 0.090641 -0.052072 0.054715 0.705187 0.704987
50.416000000 15.092413 1.659397 0.090641 -0.052072 0.054715 0.705187 0.704987
50.436000000 15.092413 1.659397 0.090641 -0.052072 0.054715 0.705187 0.704987
50.456000000 15.092413 1.659397 0.090641 -0.052072 0.054715 0.705187 0.704987
50.476000000 15.092413 1.659397 0.090641 -0.052072 0.054715 0.705187 0.704987
50.496000000 15.092413 1.659397 0.090641 -0.052072 0.054715 0.705187 0.704987
50.516000000 15.092413 1.659397 0.090641 -0.052072 0.054715 0.705187 0.704987
50.536000000 15.092413 1.659397 0.090641 -0.052072 0.054715 0.705187 0.704987
50.556000000 15.092413 1.659397 0.090641 -0.052072 0.054715 0.705187 0.704987
50.576000000 15.092413 1.659397 0.090641 -0.052072 0.054715 0.705187 0.704987
50.596000000 15.092413 1.659397 0.090641 -0.052072 0.054715 0.705187 0.704987
50.616000000 15.092413 1.659397 0.090641 -0.052072 0.054715 0.705187 0.704987
50.636000000 15.092413 1.659397 0.090641 -0.052072 0.054715 0.705187 0.704987
50.656000000 15.092413 1.659397 0.090641 -0.052072 0.054715 0.705187 0.704987
50.676000000 15.092413 1.659397 0.090641 -0.052072 0.054715 0.705187 0.704987
50.696000000 15.092413 1.659397 0.090641 -0.052072 0.054715 0.705187 0.704987
50.716000000 15.092413 1.659397 0.090641 -0.052072 0.054715 0.705187 0.704987
50.736000000 15.092413 1.659397 0.090641 -0.052072 0.054715 0.705187 0.704987
50.756000000 15.092413 1.659397 0.090641 -0.052072 0.054715 0.705187 0.704987
50.776000000 15.092413 1.659397 0.090641 -0.052072 0.054715 0.705187 0.704987
50.796000000 15.092413 1.659397 0.090641 -0.052072 0.054715 0.705187 0.704987
50.816000000 15.092413 1.659397 0.090641 -0.052072 0.054715 0.705187 0.704987
50.836000000 15.092413 1.659397 0.090641 -0.052072 0.054715 0.705187 0.704987
50.856000000 15.092413 1.659397 0.090641 -0.052072 0.054715 0.705187 0.704987
50.876000000 15.092413 1.659397 0.090641 -0.052072 0.054715 0.705187 0.704987
50.896000000 15.092413 1.659397 0.090641 -0.052072 0.054715 0.705187 0.704987
50.916000000 15.092413 1.659397 0.090641 -0.052072 0.054715 0.705187 0.704987
50.936000000 15.092413 1.659397 0.090641 -0.052072 0.054715 0.705187 0.704987
50.956000000 15.092413 1.659397 0.090641 -0.052072 0.054715 0.705187 0.704987
50.976000000 15.092413 1.659397 0.090641 -0.052072 0.054715 0.705187 0.704987
50.996000000 15.092413 1.659397 0.090641 -0.052072 0.054715 0.705187 0.704987
51.016000000 15.092413 1.659397 0.090641 -0.052072 0.054715 0.705187 0.704987
51.036000000 15.092413 1.659397 0.090641 -0.052072 0.054715 0.705187 0.704987
51.056000000 15.092413 1.659397 0.090641 -0.052072 0.054715 0.705187 0.704987
51.076000000 15.092413 1.659397 0.090641 -0.052072 0.054715 0.705187 0.704987
51.096000000 15.092413 1.659397 0.090641 -0.052072 0.054715 0.705187 0.704987
51.116000000 15.092413 1.659397 0.090641 -0.052072 0.054715 0.705187 0.704987
51.136000000 15.092413 1.659397 0.090641 -0.052072 0.054715 0.705187 0.704987
51.156000000 15.092413 1.659397 0.090641 -0.052072 0.054715 0.705187 0.704987
51.176000000 15.092413 1.659397 0.090641 -0.052072 0.054715 0.705187 0.704987
51.196000000 15.092413 1.659397 0.090641 -0.052072 0.054715 0.705187 0.704987
51.216000000 15.092413 1.659397 0.090641 -0.052072 0.054715 0.705187 0.704987
51.236000000 15.092413 1.659397 0.090641 -0.052072 0.054715 0.705187 0.704987
51.256000000 15.092413 1.659397 0.090641 -0.052072 0.054715 0.705187 0.704987
51.276000000 15.092413 1.659397 0.090641 -0.052072 0.054715 0.705187 0.704987
51.296000000 15.092413 1.659397 0.090641 -0.052072 0.054715 0.705187 0.704987
51.316000000 15.092413 1.659397 0.090641 -0.052072 0.054715 0.705187 0.704987
51.336000000 15.092413 1.659397 0.090641 -0.052072 0.054715 0.705187 0.704987
51.356000000 15.092413 1.659397 0.090641 -0.052072 0.054715 0.705187 0.704987
51.376000000 15.092413 1.659397 0.090641 -0.052072 0.054715 0.705187 0.704987
51.396000000 15.092413 1.659397 0.090641 -0.052072 0.054715 0.705187 0.704987
51.416000000 15.092413 1.659397 0.090641 -0.052072 0.054715 0.705187 0.704987
51.436000000 15.092413 1.659397 0.090641 -0.052072 0.054715 0.705187 0.704987
51.456000000 15.092413 1.659397 0.090641 -0.052072 0.054715 0.705187 0.704987
51.476000000 15.092413 1.659397 0.090641 -0.052072 0.054715 0.705187 0.704987
51.496000000 15.092413 1.659397 0.090641 -0.052072 0.054715 0.705187 0.704987
51.516000000 15.092413 1.659397 0.090641 -0.052072 0.054715 0.705187 0.704987
51.536000000 15.092413 1.659397 0.090641 -0.052072 0.054715 0.705187 0.704987
51.556000000 15.092413 1.659397 0.090641 -0.052072 0.054715 0.705187 0.704987
51.576000000 15.092413 1.659397 0.090641 -0.052072 0.054715 0.705187 0.704987
51.596000000 15.092413 1.659397 0.090641 -0.052072 0.054715 0.705187 0.704987
51.616000000 15.092413 1.659397 0.090641 -0.052072 0.054715 0.705187 0.704987
51.636000000 15.092413 1.659397 0.090641 -0.052072 0.054715 0.705187 0.704987
51.656000000 15.092413 1.659397 0.090641 -0.052072 0.054715 0.705187 0.704987
51.676000000 15.092413 1.659397 0.090641 -0.052072 0.054715 0.705187 0.704987
51.696000000 15.092413 1.659397 0.090641 -0.052072 0.054715 0.705187 0.704987
51.716000000 15.092413 1.659397 0.090641 -0.052072 0.054715 0.705187 0.704987
51.736000000 15.092413 1.659397 0.090641 -0.052072 0.054715 0.705187 0.704987
51.756000000 15.092413 1.659397 0.090641 -0.052072 0.054715 0.705187 0.704987
51.776000000 15.092413 1.659397 0.090641 -0.052072 0.054715 0.705187 0.704987
51.796000000 15.092413 1.659397 0.090641 -0.052072 0.054715 0.705187 0.704987
51.816000000 15.092413 1.659397 0.090641 -0.052072 0.054715 0.705187 0.704987
51.836000000 15.092413 1.659397 0.090641 -0.052072 0.054715 0.705187 0.704987
51.856000000 15.092413 1.659397 0.090641 -0.052072 0.054715 0.705187 0.704987
51.876000000 15.092413 1.659397 0.090641 -0.052072 0.054715 0.705187 0.704987
51.896000000 15.092413 1.659397 0.090641 -0.052072 0.054715 0.705187 0.704987
51.916000000 15.092413 1.659397 0.090641 -0.052072 0.054715 0.705187 0.704987
51.936000000 15.092413 1.659397 0.090641 -0.052072 0.054715 0.705187 0.704987
51.956000000 15.092413 1.659397 0.090641 -0.052072 0.054715 0.705187 0.704987
51.976000000 15.092413 1.659397 0.090641 -0.052072 0.054715 0.705187 0.704987
51.996000000 15.092413 1.659397 0.090641 -0.052072 0.054715 0.705187 0.704987
52.016000000 15.092413 1.659397 0.090641 -0.052072 0.054715 0.705187 0.704987
52.036000000 15.092413 1.659397 0.090641 -0.052072 0.054715 0.705187 0.704987
52.056000000 15.092413 1.659397 0.090641 -0.052072 0.054715 0.705187 0.704987
52.076000000 15.092413 1.659397 0.090641 -0.052072 0.054715 0.705187 0.704987
52.096000000 15.092413 1.659397 0.090641 -0.052072 0.054715 0.705187 0.704987
52.116000000 15.092413 1.659397 0.090641 -0.052072 0.054715 0.705187 0.704987
52.136000000 15.092413 1.659397 0.090641 -0.052072 0.054715 0.705187 0.704987
52.156000000 15.092413 1.659397 0.090641 -0.052072 0.054715 0.705187 0.704987
52.176000000 15.092413 1.659397 0.090641 -0.052072 0.054715 0.705187 0.704987
52.196000000 15.092413 1.659397 0.090641 -0.052072 0.054715 0.705187 0.704987
52.216000000 15.092413 1.659397 0.090641 -0.052072 0.054715 0.705187 0.704987
52.236000000 15.092413 1.659397 0.090641 -0.052072 0.054715 0.705187 0.704987
52.256000000 15.092413 1.659397 0.090641 -0.052072 0.054715 0.705187 0.704987
52.276000000 15.092413 1.659397 0.090641 -0.052072 0.054715 0.705187 0.704987
52.296000000 15.092413 1.659397 0.090641 -0.052072 0.054715 0.705187 0.704987
52.316000000 15.092413 1.659397 0.090641 -0.052072 0.054715 0.705187 0.704987
52.336000000 15.092413 1.659397 0.090641 -0.052072 0.054715 0.705187 0.704987
52.356000000 15.092413 1.659397 0.090641 -0.052072 0.054715 0.705187 0.704987
52.376000000 15.092413 1.659397 0.090641 -0.052072 0.054715 0.705187 0.704987
52.396000000 15.092413 1.659397 0.090641 -0.052072 0.054715 0.705187 0.704987
52.416000000 15.092413 1.659397 0.090641 -0.052072 0.054715 0.705187 0.704987
52.436000000 15.092413 1.659397 0.090641 -0.052072 0.054715 0.705187 0.704987
52.456000000 15.092413 1.659397 0.090641 -0.052072 0.054715 0.705187 0.704987
52.476000000 15.092413 1.659397 0.090641 -0.052072 0.054715 0.705187 0.704987
52.496000000 15.092413 1.659397 0.090641 -0.052072 0.054715 0.705187 0.704987
52.516000000 15.092413 1.659397 0.090641 -0.052072 0.054715 0.705187 0.704987
52.536000000 15.092413 1.659397 0.090641 -0.052072 0.054715 0.705187 0.704987
52.556000000 15.092413 1.659397 0.090641 -0.052072 0.054715 0.705187 0.704987
52.576000000 15.092413 1.659397 0.090641 -0.052072 0.054715 0.705187 0.704987
52.596000000 15.092413 1.659397 0.090641 -0.052072 0.054715 0.705187 0.704987
52.616000000 15.092413 1.659397 0.090641 -0.052072 0.054715 0.705187 0.704987
52.636000000 15.092413 1.659397 0.090641 -0.052072 0.054715 0.705187 0.704987
52.656000000 15.092413 1.659397 0.090641 -0.052072 0.054715 0.705187 0.704987
52.676000000 15.092413 1.659397 0.090641 -0.052072 0.054715 0.705187 0.704987
52.696000000 15.092413 1.659397 0.090642 -0.052073 0.054716 0.705187 0.704987
52.716000000 15.092413 1.659396 0.090660 -0.052100 0.054743 0.705185 0.704985
52.736000000 15.092413 1.659392 0.090708 -0.052170 0.054812 0.705180 0.704979
52.756000000 15.092414 1.659386 0.090783 -0.052281 0.054923 0.705171 0.704971
52.776000000 15.092414 1.659378 0.090885 -0.052429 0.055071 0.705160 0.704959
52.796000000 15.092415 1.659369 0.091010 -0.052613 0.055255 0.705147 0.704945
52.816000000 15.092415 1.659357 0.091156 -0.052827 0.055469 0.705131 0.704928
52.836000000 15.092415 1.659359 0.091317 -0.053062 0.055733 0.705113 0.704907
52.856000000 15.092416 1.659345 0.091497 -0.053326 0.055997 0.705093 0.704886
52.876000000 15.092417 1.659329 0.091691 -0.053610 0.056280 0.705072 0.704863
52.896000000 15.092417 1.659314 0.091895 -0.053908 0.056579 0.705049 0.704839
52.916000000 15.092418 1.659298 0.092106 -0.054218 0.056888 0.705025 0.704814
52.936000000 15.092419 1.659281 0.092322 -0.054534 0.057205 0.705001 0.704789
52.956000000 15.092420 1.659265 0.092541 -0.054855 0.057525 0.704976 0.704763
52.976000000 15.092421 1.659249 0.092760 -0.055175 0.057845 0.704951 0.704737
52.996000000 15.092421 1.659234 0.092977 -0.055493 0.058163 0.704926 0.704710
53.016000000 15.092422 1.659218 0.093190 -0.055805 0.058474 0.704902 0.704685
53.036000000 15.092423 1.659204 0.093397 -0.056108 0.058778 0.704877 0.704659
53.056000000 15.092424 1.659190 0.093597 -0.056401 0.059071 0.704854 0.704635
53.076000000 15.092424 1.659177 0.093789 -0.056681 0.059351 0.704832 0.704611
53.096000000 15.092425 1.659165 0.093970 -0.056947 0.059616 0.704810 0.704589
53.116000000 15.092426 1.659153 0.094140 -0.057196 0.059865 0.704790 0.704568
53.136000000 15.092426 1.659143 0.094299 -0.057428 0.060097 0.704771 0.704548
53.156000000 15.092427 1.659133 0.094445 -0.057641 0.060310 0.704754 0.704530
53.176000000 15.092427 1.659125 0.094577 -0.057835 0.060504 0.704738 0.704513
53.196000000 15.092428 1.659117 0.094697 -0.058010 0.060679 0.704723 0.704498
53.216000000 15.092428 1.659110 0.094803 -0.058165 0.060834 0.704711 0.704485
53.236000000 15.092429 1.659104 0.094895 -0.058299 0.060968 0.704699 0.704473
53.256000000 15.092429 1.659099 0.094974 -0.058415 0.061084 0.704690 0.704463
53.276000000 15.092429 1.659095 0.095039 -0.058511 0.061180 0.704682 0.704455
53.296000000 15.092429 1.659091 0.095092 -0.058588 0.061257 0.704675 0.704448
53.316000000 15.092430 1.659089 0.095133 -0.058648 0.061317 0.704671 0.704443
53.336000000 15.092430 1.659087 0.095163 -0.058691 0.061360 0.704667 0.704439
53.356000000 15.092430 1.659086 0.095181 -0.058718 0.061387 0.704665 0.704437
53.376000000 15.092430 1.659085 0.095189 -0.058730 0.061399 0.704664 0.704436
53.396000000 15.092430 1.659085 0.095188 -0.058728 0.061397 0.704664 0.704436
53.416000000 15.092430 1.659085 0.095178 -0.058714 0.061383 0.704665 0.704437
53.436000000 15.092430 1.659086 0.095160 -0.058687 0.061356 0.704667 0.704440
53.456000000 15.092429 1.659087 0.095135 -0.058651 0.061320 0.704670 0.704443
53.476000000 15.092429 1.659089 0.095104 -0.058605 0.061274 0.704674 0.704447
53.496000000 15.092429 1.659091 0.095067 -0.058552 0.061221 0.704678 0.704452
53.516000000 15.092429 1.659094 0.095026 -0.058492 0.061161 0.704683 0.704457
53.536000000 15.092429 1.659096 0.094981 -0.058426 0.061095 0.704689 0.704462
53.556000000 15.092429 1.659099 0.094933 -0.058356 0.061025 0.704695 0.704469
53.576000000 15.092429 1.659102 0.094883 -0.058282 0.060951 0.704701 0.704475
53.596000000 15.092428 1.659105 0.094831 -0.058206 0.060875 0.704707 0.704481
53.616000000 15.092428 1.659108 0.094778 -0.058128 0.060797 0.704714 0.704488
53.636000000 15.092428 1.659111 0.094724 -0.058050 0.060719 0.704720 0.704495
53.656000000 15.092428 1.659115 0.094670 -0.057971 0.060640 0.704726 0.704502
53.676000000 15.092428 1.659118 0.094617 -0.057894 0.060563 0.704733 0.704508
53.696000000 15.092427 1.659121 0.094565 -0.057818 0.060487 0.704739 0.704515
53.716000000 15.092427 1.659124 0.094515 -0.057743 0.060413 0.704745 0.704521
53.736000000 15.092427 1.659127 0.094466 -0.057672 0.060341 0.704751 0.704527
53.756000000 15.092427 1.659130 0.094419 -0.057603 0.060272 0.704757 0.704533
53.776000000 15.092427 1.659133 0.094374 -0.057537 0.060207 0.704762 0.704539
53.796000000 15.092426 1.659135 0.094331 -0.057475 0.060145 0.704767 0.704544
53.816000000 15.092426 1.659138 0.094292 -0.057417 0.060086 0.704772 0.704549
53.836000000 15.092426 1.659140 0.094254 -0.057363 0.060032 0.704776 0.704554
53.856000000 15.092426 1.659142 0.094220 -0.057312 0.059982 0.704780 0.704558
53.876000000 15.092426 1.659144 0.094188 -0.057266 0.059935 0.704784 0.704562
53.896000000 15.092426 1.659146 0.094159 -0.057223 0.059893 0.704788 0.704566
53.916000000 15.092426 1.659148 0.094133 -0.057185 0.059854 0.704791 0.704569
53.936000000 15.092426 1.659149 0.094109 -0.057150 0.059819 0.704794 0.704572
53.956000000 15.092425 1.659151 0.094088 -0.057119 0.059788 0.704796 0.704575
53.976000000 15.092425 1.659152 0.094069 -0.057091 0.059761 0.704798 0.704577
53.996000000 15.092425 1.659153 0.094052 -0.057067 0.059736 0.704800 0.704579
54.016000000 15.092425 1.659154 0.094037 -0.057045 0.059715 0.704802 0.704581
54.036000000 15.092425 1.659154 0.094025 -0.057026 0.059696 0.704804 0.704582
54.056000000 15.092425 1.659155 0.094013 -0.057010 0.059679 0.704805 0.704584
54.076000000 15.092425 1.659156 0.094003 -0.056995 0.059665 0.704806 0.704585
54.096000000 15.092425 1.659156 0.093995 -0.056983 0.059652 0.704807 0.704586
54.116000000 15.092425 1.659157 0.093987 -0.056971 0.059641 0.704808 0.704587
54.136000000 15.092425 1.659157 0.093980 -0.056961 0.059630 0.704809 0.704588
54.156000000 15.092425 1.659158 0.093973 -0.056951 0.059621 0.704810 0.704589
54.176000000 15.092425 1.659158 0.093967 -0.056942 0.059612 0.704810 0.704590
54.196000000 15.092425 1.659158 0.093961 -0.056933 0.059603 0.704811 0.704590
54.216000000 15.092425 1.659159 0.093955 -0.056924 0.059594 0.704812 0.704591
54.236000000 15.092425 1.659159 0.093948 -0.056915 0.059584 0.704813 0.704592
54.256000000 15.092425 1.659160 0.093941 -0.056904 0.059574 0.704813 0.704593
54.276000000 15.092425 1.659160 0.093933 -0.056893 0.059562 0.704814 0.704594
54.296000000 15.092425 1.659161 0.093925 -0.056880 0.059550 0.704815 0.704595
54.316000000 15.092425 1.659161 0.093915 -0.056866 0.059536 0.704816 0.704596
54.336000000 15.092425 1.659162 0.093904 -0.056851 0.059520 0.704818 0.704597
54.356000000 15.092425 1.659163 0.093892 -0.056833 0.059503 0.704819 0.704599
54.376000000 15.092425 1.659164 0.093879 -0.056814 0.059483 0.704821 0.704600
54.396000000 15.092425 1.659164 0.093865 -0.056792 0.059462 0.704822 0.704602
54.416000000 15.092425 1.659166 0.093848 -0.056769 0.059438 0.704824 0.704604
54.436000000 15.092425 1.659167 0.093831 -0.056743 0.059412 0.704826 0.704606
54.456000000 15.092424 1.659168 0.093811 -0.056714 0.059384 0.704829 0.704609
54.476000000 15.092424 1.659169 0.093790 -0.056684 0.059353 0.704831 0.704611
54.496000000 15.092424 1.659171 0.093768 -0.056651 0.059320 0.704834 0.704614
54.516000000 15.092424 1.659172 0.093744 -0.056615 0.059285 0.704837 0.704617
54.536000000 15.092424 1.659174 0.093718 -0.056578 0.059247 0.704840 0.704620
54.556000000 15.092424 1.659176 0.093691 -0.056538 0.059207 0.704843 0.704624
54.576000000 15.092424 1.659178 0.093662 -0.056495 0.059165 0.704846 0.704627
54.596000000 15.092424 1.659180 0.093631 -0.056451 0.059120 0.704850 0.704631
54.616000000 15.092424 1.659182 0.093599 -0.056404 0.059074 0.704854 0.704635
54.636000000 15.092424 1.659184 0.093566 -0.056355 0.059025 0.704857 0.704639
54.656000000 15.092423 1.659186 0.093531 -0.056304 0.058974 0.704862 0.704643
54.676000000 15.092423 1.659189 0.093495 -0.056252 0.058921 0.704866 0.704648
54.696000000 15.092423 1.659191 0.093458 -0.056197 0.058867 0.704870 0.704652
54.716000000 15.092423 1.659194 0.093420 -0.056141 0.058811 0.704875 0.704657
54.736000000 15.092423 1.659196 0.093380 -0.056083 0.058753 0.704879 0.704662
54.756000000 15.092423 1.659199 0.093340 -0.056024 0.058694 0.704884 0.704667
54.776000000 15.092422 1.659202 0.093298 -0.055963 0.058633 0.704889 0.704672
54.796000000 15.092422 1.659205 0.093256 -0.055901 0.058571 0.704894 0.704677
54.816000000 15.092422 1.659208 0.093213 -0.055838 0.058508 0.704899 0.704682
54.836000000 15.092422 1.659211 0.093169 -0.055774 0.058444 0.704904 0.704687
54.856000000 15.092422 1.659214 0.093125 -0.055709 0.058379 0.704909 0.704693
54.876000000 15.092422 1.659217 0.093080 -0.055643 0.058313 0.704914 0.704698
54.896000000 15.092421 1.659220 0.093034 -0.055577 0.058247 0.704919 0.704704
54.916000000 15.092421 1.659223 0.092988 -0.055510 0.058180 0.704925 0.704709
54.936000000 15.092421 1.659226 0.092942 -0.055442 0.058112 0.704930 0.704715
54.956000000 15.092421 1.659230 0.092895 -0.055373 0.058043 0.704935 0.704720
54.976000000 15.092421 1.659233 0.092848 -0.055305 0.057975 0.704941 0.704726
54.996000000 15.092421 1.659236 0.092801 -0.055236 0.057906 0.704946 0.704732
55.016000000 15.092420 1.659239 0.092754 -0.055167 0.057837 0.704952 0.704737
55.036000000 15.092420 1.659243 0.092707 -0.055097 0.057767 0.704957 0.704743
55.056000000 15.092420 1.659246 0.092659 -0.055028 0.057698 0.704962 0.704749
55.076000000 15.092420 1.659249 0.092612 -0.054958 0.057628 0.704968 0.704755
55.096000000 15.092420 1.659253 0.092564 -0.054889 0.057559 0.704973 0.704760
55.116000000 15.092420 1.659256 0.092516 -0.054819 0.057489 0.704979 0.704766
55.136000000 15.092419 1.659260 0.092469 -0.054749 0.057420 0.704984 0.704772
55.156000000 15.092419 1.659263 0.092421 -0.054680 0.057350 0.704989 0.704777
55.176000000 15.092419 1.659266 0.092374 -0.054611 0.057281 0.704995 0.704783
55.196000000 15.092419 1.659270 0.092327 -0.054541 0.057211 0.705000 0.704789
55.216000000 15.092419 1.659273 0.092280 -0.054472 0.057142 0.705006 0.704794
55.236000000 15.092418 1.659277 0.092232 -0.054403 0.057073 0.705011 0.704800
55.256000000 15.092418 1.659280 0.092185 -0.054334 0.057005 0.705016 0.704805
55.276000000 15.092418 1.659283 0.092139 -0.054266 0.056936 0.705021 0.704811
55.296000000 15.092418 1.659287 0.092092 -0.054197 0.056867 0.705027 0.704816
55.316000000 15.092418 1.659290 0.092045 -0.054129 0.056799 0.705032 0.704822
55.336000000 15.092418 1.659294 0.091999 -0.054061 0.056731 0.705037 0.704827
55.356000000 15.092417 1.659297 0.091952 -0.053993 0.056663 0.705042 0.704833
55.376000000 15.092417 1.659300 0.091906 -0.053925 0.056595 0.705048 0.704838
55.396000000 15.092417 1.659304 0.091860 -0.053857 0.056528 0.705053 0.704844
55.416000000 15.092417 1.659307 0.091814 -0.053790 0.056460 0.705058 0.704849
55.436000000 15.092417 1.659311 0.091768 -0.053723 0.056393 0.705063 0.704854
55.456000000 15.092417 1.659314 0.091722 -0.053655 0.056326 0.705068 0.704860
55.476000000 15.092416 1.659317 0.091676 -0.053588 0.056259 0.705073 0.704865
55.496000000 15.092416 1.659321 0.091631 -0.053522 0.056192 0.705078 0.704871
55.516000000 15.092416 1.659324 0.091585 -0.053455 0.056126 0.705083 0.704876
55.536000000 15.092416 1.659328 0.091540 -0.053389 0.056059 0.705088 0.704881
55.556000000 15.092416 1.659331 0.091494 -0.053322 0.055993 0.705093 0.704886
55.576000000 15.092415 1.659334 0.091449 -0.053256 0.055927 0.705098 0.704892
55.596000000 15.092415 1.659338 0.091404 -0.053190 0.055861 0.705103 0.704897
55.616000000 15.092415 1.659341 0.091359 -0.053124 0.055795 0.705108 0.704902
55.636000000 15.092415 1.659345 0.091314 -0.053059 0.055729 0.705113 0.704907
55.656000000 15.092415 1.659348 0.091270 -0.052993 0.055664 0.705118 0.704912
55.676000000 15.092415 1.659351 0.091225 -0.052928 0.055598 0.705123 0.704918
55.696000000 15.092414 1.659355 0.091181 -0.052863 0.055533 0.705128 0.704923
55.716000000 15.092414 1.659358 0.091136 -0.052798 0.055468 0.705133 0.704928
55.736000000 15.092414 1.659362 0.091092 -0.052733 0.055404 0.705138 0.704933
55.756000000 15.092414 1.659365 0.091048 -0.052668 0.055339 0.705143 0.704938
55.776000000 15.092414 1.659368 0.091004 -0.052604 0.055275 0.705147 0.704943
55.796000000 15.092414 1.659372 0.090961 -0.052540 0.055211 0.705152 0.704948
55.816000000 15.092413 1.659375 0.090917 -0.052477 0.055148 0.705157 0.704953
55.836000000 15.092413 1.659378 0.090886 -0.052431 0.055099 0.705160 0.704957
55.856000000 15.092413 1.659378 0.090882 -0.052425 0.055093 0.705161 0.704957
55.876000000 15.092413 1.659378 0.090882 -0.052425 0.055093 0.705161 0.704957
55.896000000 15.092413 1.659378 0.090882 -0.052425 0.055093 0.705161 0.704957
55.916000000 15.092413 1.659378 0.090882 -0.052425 0.055093 0.705161 0.704957
55.936000000 15.092413 1.659378 0.090882 -0.052425 0.055093 0.705161 0.704957
55.956000000 15.092413 1.659378 0.090882 -0.052425 0.055093 0.705161 0.704957
55.976000000 15.092413 1.659378 0.090882 -0.052425 0.055093 0.705161 0.704957
55.996000000 15.092413 1.659378 0.090882 -0.052425 0.055093 0.705161 0.704957
56.016000000 15.092413 1.659378 0.090882 -0.052425 0.055093 0.705161 0.704957
56.036000000 15.092413 1.659378 0.090882 -0.052425 0.055093 0.705161 0.704957
56.056000000 15.092413 1.659378 0.090882 -0.052425 0.055093 0.705161 0.704957
56.076000000 15.092413 1.659378 0.090882 -0.052425 0.055093 0.705161 0.704957
56.096000000 15.092413 1.659378 0.090882 -0.052425 0.055093 0.705161 0.704957
56.116000000 15.092413 1.659378 0.090882 -0.052425 0.055093 0.705161 0.704957
56.136000000 15.092413 1.659378 0.090882 -0.052425 0.055093 0.705161 0.704957
56.156000000 15.092413 1.659378 0.090882 -0.052425 0.055093 0.705161 0.704957
56.176000000 15.092413 1.659378 0.090882 -0.052425 0.055093 0.705161 0.704957
56.196000000 15.092413 1.659378 0.090882 -0.052425 0.055093 0.705161 0.704957
56.216000000 15.092413 1.659378 0.090882 -0.052425 0.055093 0.705161 0.704957
56.236000000 15.092413 1.659378 0.090882 -0.052425 0.055093 0.705161 0.704957
56.256000000 15.092413 1.659378 0.090882 -0.052425 0.055093 0.705161 0.704957
56.276000000 15.092413 1.659378 0.090882 -0.052425 0.055093 0.705161 0.704957
56.296000000 15.092413 1.659378 0.090882 -0.052425 0.055093 0.705161 0.704957
56.316000000 15.092413 1.659378 0.090882 -0.052425 0.055093 0.705161 0.704957
56.336000000 15.092413 1.659378 0.090882 -0.052425 0.055093 0.705161 0.704957
56.356000000 15.092413 1.659378 0.090882 -0.052425 0.055093 0.705161 0.704957
56.376000000 15.092413 1.659378 0.090882 -0.052425 0.055093 0.705161 0.704957
56.396000000 15.092413 1.659378 0.090882 -0.052425 0.055093 0.705161 0.704957
56.416000000 15.092413 1.659378 0.090882 -0.052425 0.055093 0.705161 0.704957
56.436000000 15.092413 1.659378 0.090882 -0.052425 0.055093 0.705161 0.704957
56.456000000 15.092413 1.659378 0.090882 -0.052425 0.055093 0.705161 0.704957
56.476000000 15.092413 1.659378 0.090882 -0.052425 0.055093 0.705161 0.704957
56.496000000 15.092413 1.659378 0.090882 -0.052425 0.055093 0.705161 0.704957
56.516000000 15.092413 1.659378 0.090882 -0.052425 0.055093 0.705161 0.704957
56.536000000 15.092413 1.659378 0.090882 -0.052425 0.055093 0.705161 0.704957
56.556000000 15.092413 1.659378 0.090882 -0.052425 0.055093 0.705161 0.704957
56.576000000 15.092413 1.659378 0.090882 -0.052425 0.055093 0.705161 0.704957
56.596000000 15.092413 1.659378 0.090882 -0.052425 0.055093 0.705161 0.704957
56.616000000 15.092413 1.659378 0.090882 -0.052425 0.055093 0.705161 0.704957
56.636000000 15.092413 1.659378 0.090882 -0.052425 0.055093 0.705161 0.704957
56.656000000 15.092413 1.659378 0.090882 -0.052425 0.055093 0.705161 0.704957
56.676000000 15.092413 1.659378 0.090882 -0.052425 0.055093 0.705161 0.704957
56.696000000 15.092413 1.659378 0.090882 -0.052425 0.055093 0.705161 0.704957
56.716000000 15.092413 1.659378 0.090882 -0.052425 0.055093 0.705161 0.704957
56.736000000 15.092413 1.659378 0.090882 -0.052425 0.055093 0.705161 0.704957
56.756000000 15.092413 1.659378 0.090881 -0.052424 0.055091 0.705161 0.704957
56.776000000 15.092413 1.659378 0.090881 -0.052424 0.055091 0.705161 0.704957
56.796000000 15.092413 1.659378 0.090881 -0.052424 0.055091 0.705161 0.704957
56.816000000 15.092413 1.659378 0.090881 -0.052424 0.055091 0.705161 0.704957
56.836000000 15.092413 1.659378 0.090881 -0.052424 0.055091 0.705161 0.704957
56.856000000 15.092413 1.659378 0.090881 -0.052424 0.055091 0.705161 0.704957
56.876000000 15.092413 1.659378 0.090881 -0.052424 0.055091 0.705161 0.704957
56.896000000 15.092413 1.659378 0.090881 -0.052424 0.055091 0.705161 0.704957
56.916000000 15.092413 1.659378 0.090881 -0.052424 0.055091 0.705161 0.704957
56.936000000 15.092413 1.659378 0.090881 -0.052424 0.055091 0.705161 0.704957
56.956000000 15.092413 1.659378 0.090881 -0.052424 0.055091 0.705161 0.704957
56.976000000 15.092413 1.659378 0.090881 -0.052424 0.055091 0.705161 0.704957
56.996000000 15.092413 1.659378 0.090881 -0.052424 0.055091 0.705161 0.704957
57.016000000 15.092413 1.659378 0.090881 -0.052424 0.055091 0.705161 0.704957
57.036000000 15.092413 1.659378 0.090881 -0.052424 0.055091 0.705161 0.704957
57.056000000 15.092413 1.659378 0.090881 -0.052424 0.055091 0.705161 0.704957
57.076000000 15.092413 1.659378 0.090881 -0.052424 0.055091 0.705161 0.704957
57.096000000 15.092413 1.659378 0.090881 -0.052424 0.055091 0.705161 0.704957
57.116000000 15.092413 1.659378 0.090881 -0.052424 0.055091 0.705161 0.704957
57.136000000 15.092413 1.659378 0.090881 -0.052424 0.055091 0.705161 0.704957
57.156000000 15.092413 1.659378 0.090881 -0.052424 0.055091 0.705161 0.704957
57.176000000 15.092413 1.659378 0.090881 -0.052424 0.055091 0.705161 0.704957
57.196000000 15.092413 1.659378 0.090881 -0.052424 0.055091 0.705161 0.704957
57.216000000 15.092413 1.659378 0.090880 -0.052423 0.055090 0.705161 0.704957
57.236000000 15.092413 1.659378 0.090880 -0.052423 0.055090 0.705161 0.704957
57.256000000 15.092413 1.659378 0.090880 -0.052423 0.055090 0.705161 0.704957
57.276000000 15.092413 1.659378 0.090880 -0.052423 0.055090 0.705161 0.704957
57.296000000 15.092413 1.659378 0.090880 -0.052423 0.055090 0.705161 0.704957
57.316000000 15.092413 1.659378 0.090880 -0.052423 0.055090 0.705161 0.704957
57.336000000 15.092413 1.659378 0.090880 -0.052423 0.055090 0.705161 0.704957
57.356000000 15.092413 1.659378 0.090880 -0.052423 0.055090 0.705161 0.704957
57.376000000 15.092413 1.659378 0.090880 -0.052423 0.055090 0.705161 0.704957
57.396000000 15.092413 1.659378 0.090880 -0.052423 0.055090 0.705161 0.704957
57.416000000 15.092413 1.659378 0.090880 -0.052423 0.055090 0.705161 0.704957
57.436000000 15.092413 1.659378 0.090880 -0.052423 0.055090 0.705161 0.704957
57.456000000 15.092413 1.659378 0.090880 -0.052423 0.055090 0.705161 0.704957
57.476000000 15.092413 1.659378 0.090880 -0.052423 0.055090 0.705161 0.704957
57.496000000 15.092413 1.659378 0.090880 -0.052423 0.055090 0.705161 0.704957
57.516000000 15.092413 1.659378 0.090880 -0.052423 0.055090 0.705161 0.704957
57.536000000 15.092413 1.659378 0.090880 -0.052423 0.055090 0.705161 0.704957
57.556000000 15.092413 1.659378 0.090880 -0.052423 0.055090 0.705161 0.704957
57.576000000 15.092413 1.659378 0.090880 -0.052423 0.055090 0.705161 0.704957
57.596000000 15.092413 1.659378 0.090880 -0.052423 0.055090 0.705161 0.704957
57.616000000 15.092413 1.659378 0.090880 -0.052423 0.055090 0.705161 0.704957
57.636000000 15.092413 1.659378 0.090880 -0.052423 0.055090 0.705161 0.704957
57.656000000 15.092413 1.659378 0.090880 -0.052422 0.055089 0.705161 0.704958
57.676000000 15.092413 1.659378 0.090880 -0.052422 0.055089 0.705161 0.704958
57.696000000 15.092413 1.659378 0.090880 -0.052422 0.055089 0.705161 0.704958
57.716000000 15.092413 1.659378 0.090880 -0.052422 0.055089 0.705161 0.704958
57.736000000 15.092413 1.659378 0.090880 -0.052422 0.055089 0.705161 0.704958
57.756000000 15.092413 1.659378 0.090880 -0.052422 0.055089 0.705161 0.704958
57.776000000 15.092413 1.659378 0.090880 -0.052422 0.055089 0.705161 0.704958
57.796000000 15.092413 1.659378 0.090880 -0.052422 0.055089 0.705161 0.704958
57.816000000 15.092413 1.659378 0.090880 -0.052422 0.055089 0.705161 0.704958
57.836000000 15.092413 1.659378 0.090880 -0.052422 0.055089 0.705161 0.704958
57.856000000 15.092413 1.659378 0.090880 -0.052422 0.055089 0.705161 0.704958
57.876000000 15.092413 1.659378 0.090880 -0.052422 0.055089 0.705161 0.704958
57.896000000 15.092413 1.659378 0.090880 -0.052422 0.055089 0.705161 0.704958
57.916000000 15.092413 1.659378 0.090880 -0.052422 0.055089 0.705161 0.704958
57.936000000 15.092413 1.659378 0.090880 -0.052422 0.055089 0.705161 0.704958
57.956000000 15.092413 1.659378 0.090880 -0.052422 0.055089 0.705161 0.704958
57.976000000 15.092413 1.659378 0.090880 -0.052422 0.055089 0.705161 0.704958
57.996000000 15.092413 1.659378 0.090880 -0.052422 0.055089 0.705161 0.704958
58.016000000 15.092413 1.659378 0.090880 -0.052422 0.055089 0.705161 0.704958
58.036000000 15.092413 1.659378 0.090880 -0.052422 0.055089 0.705161 0.704958
58.056000000 15.092413 1.659378 0.090880 -0.052422 0.055089 0.705161 0.704958
58.076000000 15.092413 1.659378 0.090880 -0.052422 0.055089 0.705161 0.704958
58.096000000 15.092413 1.659378 0.090880 -0.052422 0.055089 0.705161 0.704958
58.116000000 15.092413 1.659378 0.090880 -0.052422 0.055089 0.705161 0.704958
58.136000000 15.092413 1.659378 0.090880 -0.052422 0.055089 0.705161 0.704958
58.156000000 15.092413 1.659378 0.090880 -0.052422 0.055089 0.705161 0.704958
58.176000000 15.092413 1.659378 0.090880 -0.052422 0.055089 0.705161 0.704958
58.196000000 15.092413 1.659378 0.090880 -0.052422 0.055089 0.705161 0.704958
58.216000000 15.092413 1.659378 0.090880 -0.052422 0.055089 0.705161 0.704958
58.236000000 15.092413 1.659378 0.090880 -0.052422 0.055089 0.705161 0.704958
58.256000000 15.092413 1.659378 0.090880 -0.052422 0.055089 0.705161 0.704958
58.276000000 15.092413 1.659378 0.090880 -0.052422 0.055089 0.705161 0.704958
58.296000000 15.092413 1.659378 0.090880 -0.052422 0.055089 0.705161 0.704958
58.316000000 15.092413 1.659378 0.090880 -0.052422 0.055089 0.705161 0.704958
58.336000000 15.092413 1.659378 0.090880 -0.052422 0.055089 0.705161 0.704958
58.356000000 15.092413 1.659378 0.090880 -0.052422 0.055089 0.705161 0.704958
58.376000000 15.092413 1.659378 0.090880 -0.052422 0.055089 0.705161 0.704958
58.396000000 15.092413 1.659378 0.090880 -0.052422 0.055089 0.705161 0.704958
58.416000000 15.092413 1.659378 0.090881 -0.052425 0.055092 0.705161 0.704957
58.436000000 15.092413 1.659378 0.090883 -0.052427 0.055095 0.705161 0.704957
58.456000000 15.092413 1.659377 0.090888 -0.052434 0.055102 0.705160 0.704957
58.476000000 15.092413 1.659377 0.090894 -0.052443 0.055111 0.705159 0.704956
58.496000000 15.092413 1.659376 0.090902 -0.052455 0.055122 0.705158 0.704955
58.516000000 15.092414 1.659376 0.090912 -0.052470 0.055137 0.705157 0.704954
58.536000000 15.092414 1.659375 0.090925 -0.052489 0.055156 0.705156 0.704952
58.556000000 15.092414 1.659373 0.090941 -0.052511 0.055179 0.705154 0.704951
58.576000000 15.092414 1.659372 0.090959 -0.052538 0.055205 0.705152 0.704949
58.596000000 15.092414 1.659370 0.090980 -0.052568 0.055236 0.705150 0.704946
58.616000000 15.092414 1.659368 0.091003 -0.052603 0.055271 0.705147 0.704943
58.636000000 15.092414 1.659366 0.091030 -0.052642 0.055310 0.705145 0.704940
58.656000000 15.092414 1.659364 0.091060 -0.052686 0.055353 0.705141 0.704937
58.676000000 15.092414 1.659362 0.091092 -0.052733 0.055401 0.705138 0.704933
58.696000000 15.092414 1.659359 0.091127 -0.052785 0.055452 0.705134 0.704929
58.716000000 15.092414 1.659356 0.091165 -0.052840 0.055508 0.705130 0.704925
58.736000000 15.092415 1.659353 0.091206 -0.052900 0.055567 0.705125 0.704920
58.756000000 15.092415 1.659350 0.091249 -0.052963 0.055630 0.705121 0.704915
58.776000000 15.092415 1.659346 0.091294 -0.053029 0.055696 0.705116 0.704910
58.796000000 15.092415 1.659343 0.091342 -0.053099 0.055766 0.705110 0.704904
58.816000000 15.092415 1.659339 0.091391 -0.053171 0.055838 0.705105 0.704899
58.836000000 15.092416 1.659335 0.091442 -0.053246 0.055913 0.705099 0.704893
58.856000000 15.092416 1.659331 0.091495 -0.053324 0.055991 0.705093 0.704887
58.876000000 15.092416 1.659327 0.091549 -0.053403 0.056070 0.705087 0.704880
58.896000000 15.092416 1.659323 0.091605 -0.053484 0.056151 0.705081 0.704874
58.916000000 15.092416 1.659318 0.091661 -0.053567 0.056234 0.705075 0.704867
58.936000000 15.092417 1.659314 0.091719 -0.053651 0.056318 0.705068 0.704860
58.956000000 15.092417 1.659310 0.091777 -0.053736 0.056403 0.705062 0.704854
58.976000000 15.092417 1.659306 0.091835 -0.053822 0.056489 0.705055 0.704847
58.996000000 15.092417 1.659301 0.091894 -0.053908 0.056575 0.705049 0.704840
59.016000000 15.092417 1.659297 0.091953 -0.053994 0.056661 0.705042 0.704833
59.036000000 15.092418 1.659293 0.092012 -0.054080 0.056747 0.705036 0.704826
59.056000000 15.092418 1.659288 0.092070 -0.054166 0.056833 0.705029 0.704819
59.076000000 15.092418 1.659284 0.092129 -0.054252 0.056918 0.705023 0.704812
59.096000000 15.092418 1.659280 0.092187 -0.054336 0.057003 0.705016 0.704805
59.116000000 15.092419 1.659276 0.092244 -0.054420 0.057087 0.705010 0.704799
59.136000000 15.092419 1.659272 0.092301 -0.054503 0.057170 0.705003 0.704792
59.156000000 15.092419 1.659268 0.092356 -0.054585 0.057252 0.704997 0.704785
59.176000000 15.092419 1.659264 0.092411 -0.054666 0.057332 0.704991 0.704779
59.196000000 15.092419 1.659260 0.092465 -0.054745 0.057412 0.704984 0.704772
59.216000000 15.092420 1.659256 0.092519 -0.054822 0.057489 0.704978 0.704766
59.236000000 15.092420 1.659252 0.092571 -0.054899 0.057565 0.704972 0.704760
59.256000000 15.092420 1.659249 0.092622 -0.054973 0.057640 0.704967 0.704754
59.276000000 15.092420 1.659245 0.092672 -0.055047 0.057713 0.704961 0.704748
59.296000000 15.092420 1.659242 0.092720 -0.055118 0.057785 0.704955 0.704742
59.316000000 15.092421 1.659238 0.092768 -0.055188 0.057854 0.704950 0.704736
59.336000000 15.092421 1.659235 0.092815 -0.055256 0.057923 0.704945 0.704730
59.356000000 15.092421 1.659232 0.092860 -0.055323 0.057989 0.704939 0.704725
59.376000000 15.092421 1.659229 0.092905 -0.055388 0.058054 0.704934 0.704720
59.396000000 15.092421 1.659226 0.092948 -0.055451 0.058118 0.704929 0.704714
59.416000000 15.092421 1.659223 0.092990 -0.055513 0.058180 0.704924 0.704709
59.436000000 15.092422 1.659220 0.093032 -0.055574 0.058240 0.704920 0.704704
59.456000000 15.092422 1.659217 0.093072 -0.055633 0.058299 0.704915 0.704699
59.476000000 15.092422 1.659215 0.093112 -0.055691 0.058357 0.704910 0.704695
59.496000000 15.092422 1.659212 0.093150 -0.055747 0.058414 0.704906 0.704690
59.516000000 15.092422 1.659209 0.093188 -0.055803 0.058469 0.704901 0.704685
59.536000000 15.092422 1.659207 0.093225 -0.055857 0.058523 0.704897 0.704681
59.556000000 15.092422 1.659204 0.093261 -0.055910 0.058576 0.704893 0.704676
59.576000000 15.092423 1.659202 0.093297 -0.055962 0.058628 0.704889 0.704672
59.596000000 15.092423 1.659200 0.093332 -0.056013 0.058679 0.704885 0.704668
59.616000000 15.092423 1.659197 0.093366 -0.056063 0.058729 0.704881 0.704664
59.636000000 15.092423 1.659195 0.093399 -0.056112 0.058778 0.704877 0.704660
59.656000000 15.092423 1.659193 0.093432 -0.056160 0.058826 0.704873 0.704656
59.676000000 15.092423 1.659191 0.093465 -0.056208 0.058874 0.704869 0.704652
59.696000000 15.092423 1.659189 0.093497 -0.056255 0.058921 0.704866 0.704648
59.716000000 15.092423 1.659186 0.093528 -0.056301 0.058967 0.704862 0.704644
59.736000000 15.092424 1.659184 0.093559 -0.056346 0.059012 0.704858 0.704640
59.756000000 15.092424 1.659182 0.093590 -0.056391 0.059057 0.704855 0.704636
59.776000000 15.092424 1.659180 0.093620 -0.056435 0.059101 0.704851 0.704633
59.796000000 15.092424 1.659178 0.093650 -0.056479 0.059145 0.704848 0.704629
59.816000000 15.092424 1.659176 0.093679 -0.056522 0.059188 0.704844 0.704625
59.836000000 15.092424 1.659175 0.093708 -0.056564 0.059230 0.704841 0.704622
59.856000000 15.092424 1.659173 0.093737 -0.056606 0.059272 0.704837 0.704618
59.876000000 15.092424 1.659171 0.093765 -0.056647 0.059313 0.704834 0.704615
59.896000000 15.092424 1.659169 0.093793 -0.056688 0.059354 0.704831 0.704611
59.916000000 15.092425 1.659167 0.093820 -0.056728 0.059394 0.704828 0.704608
59.936000000 15.092425 1.659165 0.093847 -0.056768 0.059434 0.704824 0.704605
59.956000000 15.092425 1.659164 0.093874 -0.056807 0.059473 0.704821 0.704601
59.976000000 15.092425 1.659162 0.093900 -0.056845 0.059511 0.704818 0.704598
59.996000000 15.092425 1.659160 0.093926 -0.056882 0.059548 0.704815 0.704595
60.016000000 15.092425 1.659159 0.093951 -0.056919 0.059585 0.704812 0.704592
60.036000000 15.092425 1.659157 0.093976 -0.056955 0.059621 0.704809 0.704589
60.056000000 15.092425 1.659155 0.094000 -0.056991 0.059657 0.704806 0.704586
60.076000000 15.092425 1.659154 0.094024 -0.057025 0.059691 0.704804 0.704583
60.096000000 15.092425 1.659152 0.094047 -0.057059 0.059725 0.704801 0.704580
60.116000000 15.092425 1.659151 0.094069 -0.057092 0.059758 0.704798 0.704577
60.136000000 15.092426 1.659150 0.094091 -0.057124 0.059790 0.704796 0.704574
60.156000000 15.092426 1.659148 0.094112 -0.057155 0.059821 0.704793 0.704572
60.176000000 15.092426 1.659147 0.094133 -0.057185 0.059851 0.704791 0.704569
60.196000000 15.092426 1.659146 0.094153 -0.057215 0.059880 0.704788 0.704567
60.216000000 15.092426 1.659144 0.094172 -0.057243 0.059909 0.704786 0.704564
60.236000000 15.092426 1.659143 0.094191 -0.057270 0.059936 0.704784 0.704562
60.256000000 15.092426 1.659142 0.094208 -0.057296 0.059962 0.704782 0.704560
60.276000000 15.092426 1.659141 0.094225 -0.057321 0.059987 0.704780 0.704558
60.296000000 15.092426 1.659140 0.094242 -0.057345 0.060010 0.704778 0.704556
60.316000000 15.092426 1.659139 0.094257 -0.057367 0.060033 0.704776 0.704554
60.336000000 15.092426 1.659138 0.094272 -0.057389 0.060054 0.704774 0.704552
60.356000000 15.092426 1.659137 0.094286 -0.057409 0.060075 0.704772 0.704550
60.376000000 15.092426 1.659136 0.094299 -0.057428 0.060094 0.704771 0.704549
60.396000000 15.092426 1.659135 0.094311 -0.057446 0.060111 0.704769 0.704547
60.416000000 15.092426 1.659135 0.094322 -0.057462 0.060128 0.704768 0.704546
60.436000000 15.092426 1.659134 0.094333 -0.057477 0.060143 0.704767 0.704544
60.456000000 15.092427 1.659133 0.094342 -0.057491 0.060157 0.704766 0.704543
60.476000000 15.092427 1.659133 0.094351 -0.057504 0.060170 0.704765 0.704542
60.496000000 15.092427 1.659132 0.094359 -0.057516 0.060181 0.704764 0.704541
60.516000000 15.092427 1.659132 0.094365 -0.057526 0.060191 0.704763 0.704540
60.536000000 15.092427 1.659132 0.094372 -0.057534 0.060200 0.704762 0.704540
60.556000000 15.092427 1.659131 0.094377 -0.057542 0.060208 0.704762 0.704539
60.576000000 15.092427 1.659131 0.094381 -0.057548 0.060214 0.704761 0.704538
60.596000000 15.092427 1.659131 0.094384 -0.057552 0.060218 0.704761 0.704538
60.616000000 15.092427 1.659131 0.094387 -0.057557 0.060222 0.704760 0.704538
60.636000000 15.092427 1.659131 0.094388 -0.057559 0.060225 0.704760 0.704537
60.656000000 15.092427 1.659131 0.094388 -0.057559 0.060225 0.704760 0.704537
60.676000000 15.092427 1.659131 0.094388 -0.057559 0.060225 0.704760 0.704537
60.696000000 15.092427 1.659131 0.094387 -0.057558 0.060223 0.704760 0.704538
60.716000000 15.092427 1.659131 0.094386 -0.057555 0.060221 0.704761 0.704538
60.736000000 15.092427 1.659131 0.094382 -0.057550 0.060216 0.704761 0.704538
60.756000000 15.092427 1.659131 0.094378 -0.057544 0.060210 0.704761 0.704539
60.776000000 15.092427 1.659132 0.094373 -0.057537 0.060203 0.704762 0.704539
60.796000000 15.092427 1.659132 0.094367 -0.057529 0.060194 0.704763 0.704540
60.816000000 15.092427 1.659132 0.094361 -0.057519 0.060185 0.704763 0.704541
60.836000000 15.092427 1.659133 0.094354 -0.057508 0.060174 0.704764 0.704542
60.856000000 15.092427 1.659133 0.094345 -0.057496 0.060162 0.704765 0.704543
60.876000000 15.092426 1.659134 0.094337 -0.057483 0.060149 0.704766 0.704544
60.896000000 15.092426 1.659134 0.094327 -0.057469 0.060135 0.704768 0.704545
60.916000000 15.092426 1.659135 0.094316 -0.057454 0.060119 0.704769 0.704546
60.936000000 15.092426 1.659136 0.094305 -0.057437 0.060103 0.704770 0.704548
60.956000000 15.092426 1.659137 0.094293 -0.057419 0.060085 0.704772 0.704549
60.976000000 15.092426 1.659137 0.094280 -0.057400 0.060066 0.704773 0.704551
60.996000000 15.092426 1.659138 0.094266 -0.057380 0.060046 0.704775 0.704553
61.016000000 15.092426 1.659139 0.094252 -0.057359 0.060025 0.704776 0.704554
61.036000000 15.092426 1.659140 0.094237 -0.057337 0.060003 0.704778 0.704556
61.056000000 15.092426 1.659141 0.094221 -0.057314 0.059979 0.704780 0.704558
61.076000000 15.092426 1.659142 0.094204 -0.057289 0.059955 0.704782 0.704560
61.096000000 15.092426 1.659143 0.094186 -0.057264 0.059929 0.704784 0.704563
61.116000000 15.092426 1.659145 0.094168 -0.057237 0.059903 0.704786 0.704565
61.136000000 15.092426 1.659146 0.094149 -0.057209 0.059875 0.704789 0.704567
61.156000000 15.092426 1.659147 0.094129 -0.057180 0.059846 0.704791 0.704570
61.176000000 15.092426 1.659148 0.094109 -0.057151 0.059816 0.704793 0.704572
61.196000000 15.092426 1.659150 0.094088 -0.057120 0.059786 0.704796 0.704575
61.216000000 15.092425 1.659151 0.094066 -0.057088 0.059754 0.704799 0.704578
61.236000000 15.092425 1.659153 0.094044 -0.057055 0.059721 0.704801 0.704580
61.256000000 15.092425 1.659154 0.094020 -0.057021 0.059687 0.704804 0.704583
61.276000000 15.092425 1.659156 0.093996 -0.056986 0.059651 0.704807 0.704586
61.296000000 15.092425 1.659157 0.093972 -0.056950 0.059615 0.704810 0.704589
61.316000000 15.092425 1.659159 0.093946 -0.056912 0.059578 0.704813 0.704592
61.336000000 15.092425 1.659161 0.093920 -0.056874 0.059540 0.704816 0.704596
61.356000000 15.092425 1.659162 0.093894 -0.056835 0.059501 0.704819 0.704599
61.376000000 15.092425 1.659164 0.093866 -0.056795 0.059461 0.704822 0.704602
61.396000000 15.092425 1.659166 0.093838 -0.056754 0.059420 0.704825 0.704606
61.416000000 15.092425 1.659168 0.093810 -0.056712 0.059378 0.704829 0.704609
61.436000000 15.092424 1.659170 0.093780 -0.056669 0.059335 0.704832 0.704613
61.456000000 15.092424 1.659172 0.093750 -0.056625 0.059291 0.704836 0.704617
61.476000000 15.092424 1.659174 0.093720 -0.056581 0.059247 0.704839 0.704620
61.496000000 15.092424 1.659176 0.093688 -0.056535 0.059201 0.704843 0.704624
61.516000000 15.092424 1.659178 0.093657 -0.056488 0.059154 0.704847 0.704628
61.536000000 15.092424 1.659180 0.093624 -0.056441 0.059107 0.704851 0.704632
61.556000000 15.092424 1.659182 0.093591 -0.056393 0.059059 0.704855 0.704636
61.576000000 15.092424 1.659185 0.093557 -0.056343 0.059009 0.704858 0.704640
61.596000000 15.092423 1.659187 0.093523 -0.056293 0.058959 0.704862 0.704644
61.616000000 15.092423 1.659189 0.093489 -0.056243 0.058909 0.704866 0.704649
61.636000000 15.092423 1.659192 0.093453 -0.056191 0.058857 0.704871 0.704653
61.656000000 15.092423 1.659194 0.093417 -0.056138 0.058804 0.704875 0.704657
61.676000000 15.092423 1.659196 0.093381 -0.056085 0.058751 0.704879 0.704662
61.696000000 15.092423 1.659199 0.093344 -0.056031 0.058697 0.704883 0.704666
61.716000000 15.092423 1.659201 0.093307 -0.055976 0.058643 0.704888 0.704671
61.736000000 15.092422 1.659204 0.093269 -0.055921 0.058587 0.704892 0.704675
61.756000000 15.092422 1.659207 0.093230 -0.055865 0.058531 0.704897 0.704680
61.776000000 15.092422 1.659209 0.093191 -0.055808 0.058474 0.704901 0.704685
61.796000000 15.092422 1.659212 0.093152 -0.055750 0.058416 0.704906 0.704690
61.816000000 15.092422 1.659215 0.093112 -0.055692 0.058358 0.704910 0.704694
61.836000000 15.092422 1.659217 0.093072 -0.055633 0.058299 0.704915 0.704699
61.856000000 15.092422 1.659220 0.093032 -0.055574 0.058240 0.704920 0.704704
61.876000000 15.092421 1.659223 0.092991 -0.055514 0.058180 0.704924 0.704709
61.896000000 15.092421 1.659226 0.092949 -0.055453 0.058119 0.704929 0.704714
61.916000000 15.092421 1.659229 0.092907 -0.055392 0.058058 0.704934 0.704719
61.936000000 15.092421 1.659232 0.092865 -0.055330 0.057996 0.704939 0.704724
61.956000000 15.092421 1.659235 0.092823 -0.055268 0.057934 0.704944 0.704729
61.976000000 15.092421 1.659238 0.092780 -0.055205 0.057872 0.704949 0.704735
61.996000000 15.092420 1.659241 0.092737 -0.055142 0.057808 0.704953 0.704740
62.016000000 15.092420 1.659244 0.092693 -0.055078 0.057745 0.704958 0.704745
62.036000000 15.092420 1.659247 0.092649 -0.055014 0.057681 0.704963 0.704750
62.056000000 15.092420 1.659250 0.092605 -0.054950 0.057616 0.704968 0.704756
62.076000000 15.092420 1.659253 0.092561 -0.054885 0.057551 0.704974 0.704761
62.096000000 15.092420 1.659256 0.092517 -0.054820 0.057486 0.704979 0.704766
62.116000000 15.092419 1.659259 0.092472 -0.054754 0.057421 0.704984 0.704771
62.136000000 15.092419 1.659263 0.092427 -0.054688 0.057355 0.704989 0.704777
62.156000000 15.092419 1.659266 0.092381 -0.054622 0.057289 0.704994 0.704782
62.176000000 15.092419 1.659269 0.092336 -0.054556 0.057222 0.704999 0.704788
62.196000000 15.092419 1.659272 0.092291 -0.054489 0.057155 0.705004 0.704793
62.216000000 15.092419 1.659276 0.092245 -0.054422 0.057088 0.705009 0.704798
62.236000000 15.092418 1.659279 0.092199 -0.054355 0.057021 0.705015 0.704804
62.256000000 15.092418 1.659282 0.092153 -0.054287 0.056954 0.705020 0.704809
62.276000000 15.092418 1.659286 0.092107 -0.054220 0.056886 0.705025 0.704815
62.296000000 15.092418 1.659289 0.092061 -0.054152 0.056819 0.705030 0.704820
62.316000000 15.092418 1.659292 0.092014 -0.054084 0.056751 0.705035 0.704826
62.336000000 15.092418 1.659296 0.091968 -0.054017 0.056683 0.705041 0.704831
62.356000000 15.092417 1.659299 0.091922 -0.053948 0.056615 0.705046 0.704837
62.376000000 15.092417 1.659303 0.091875 -0.053880 0.056547 0.705051 0.704842
62.396000000 15.092417 1.659306 0.091829 -0.053812 0.056479 0.705056 0.704848
62.416000000 15.092417 1.659309 0.091782 -0.053744 0.056411 0.705061 0.704853
62.436000000 15.092417 1.659313 0.091736 -0.053676 0.056343 0.705067 0.704858
62.456000000 15.092416 1.659316 0.091689 -0.053608 0.056275 0.705072 0.704864
62.476000000 15.092416 1.659320 0.091643 -0.053540 0.056207 0.705077 0.704869
62.496000000 15.092416 1.659323 0.091597 -0.053472 0.056139 0.705082 0.704875
62.516000000 15.092416 1.659327 0.091550 -0.053405 0.056071 0.705087 0.704880
62.536000000 15.092416 1.659330 0.091504 -0.053337 0.056004 0.705092 0.704886
62.556000000 15.092416 1.659334 0.091458 -0.053269 0.055936 0.705097 0.704891
62.576000000 15.092415 1.659337 0.091412 -0.053202 0.055869 0.705103 0.704896
62.596000000 15.092415 1.659341 0.091366 -0.053135 0.055802 0.705108 0.704902
62.616000000 15.092415 1.659344 0.091320 -0.053068 0.055735 0.705113 0.704907
62.636000000 15.092415 1.659348 0.091275 -0.053001 0.055668 0.705118 0.704912
62.656000000 15.092415 1.659351 0.091229 -0.052934 0.055601 0.705123 0.704917
62.676000000 15.092415 1.659355 0.091184 -0.052868 0.055535 0.705128 0.704923
62.696000000 15.092414 1.659358 0.091139 -0.052802 0.055469 0.705133 0.704928
62.716000000 15.092414 1.659361 0.091094 -0.052737 0.055404 0.705137 0.704933
62.736000000 15.092414 1.659365 0.091050 -0.052671 0.055338 0.705142 0.704938
62.756000000 15.092414 1.659368 0.091005 -0.052606 0.055273 0.705147 0.704943
62.776000000 15.092414 1.659372 0.090961 -0.052542 0.055209 0.705152 0.704948
62.796000000 15.092414 1.659375 0.090917 -0.052478 0.055145 0.705157 0.704953
62.816000000 15.092413 1.659379 0.090874 -0.052414 0.055081 0.705162 0.704958
62.836000000 15.092413 1.659380 0.090850 -0.052379 0.055043 0.705164 0.704961
62.856000000 15.092413 1.659381 0.090849 -0.052377 0.055042 0.705164 0.704961
62.876000000 15.092413 1.659381 0.090849 -0.052377 0.055042 0.705164 0.704961
62.896000000 15.092413 1.659381 0.090849 -0.052377 0.055042 0.705164 0.704961
62.916000000 15.092413 1.659381 0.090849 -0.052377 0.055042 0.705164 0.704961
62.936000000 15.092413 1.659381 0.090849 -0.052377 0.055042 0.705164 0.704961
62.956000000 15.092413 1.659381 0.090849 -0.052377 0.055042 0.705164 0.704961
62.976000000 15.092413 1.659381 0.090849 -0.052377 0.055042 0.705164 0.704961
62.996000000 15.092413 1.659381 0.090849 -0.052377 0.055042 0.705164 0.704961
63.016000000 15.092413 1.659381 0.090849 -0.052377 0.055042 0.705164 0.704961
63.036000000 15.092413 1.659381 0.090849 -0.052377 0.055042 0.705164 0.704961
63.056000000 15.092413 1.659381 0.090849 -0.052377 0.055042 0.705164 0.704961
63.076000000 15.092413 1.659381 0.090849 -0.052377 0.055042 0.705164 0.704961
63.096000000 15.092413 1.659381 0.090849 -0.052377 0.055042 0.705164 0.704961
63.116000000 15.092413 1.659381 0.090849 -0.052377 0.055042 0.705164 0.704961
63.136000000 15.092413 1.659381 0.090849 -0.052377 0.055042 0.705164 0.704961
63.156000000 15.092413 1.659381 0.090849 -0.052377 0.055042 0.705164 0.704961
63.176000000 15.092413 1.659381 0.090849 -0.052377 0.055042 0.705164 0.704961
63.196000000 15.092413 1.659381 0.090849 -0.052377 0.055042 0.705164 0.704961
63.216000000 15.092413 1.659381 0.090849 -0.052377 0.055042 0.705164 0.704961
63.236000000 15.092413 1.659381 0.090849 -0.052377 0.055042 0.705164 0.704961
63.256000000 15.092413 1.659381 0.090849 -0.052377 0.055042 0.705164 0.704961
63.276000000 15.092413 1.659381 0.090849 -0.052377 0.055042 0.705164 0.704961
63.296000000 15.092413 1.659381 0.090849 -0.052377 0.055042 0.705164 0.704961
63.316000000 15.092413 1.659381 0.090849 -0.052377 0.055042 0.705164 0.704961
63.336000000 15.092413 1.659381 0.090849 -0.052377 0.055042 0.705164 0.704961
63.356000000 15.092413 1.659381 0.090849 -0.052377 0.055042 0.705164 0.704961
63.376000000 15.092413 1.659381 0.090849 -0.052377 0.055042 0.705164 0.704961
63.396000000 15.092413 1.659381 0.090849 -0.052377 0.055042 0.705164 0.704961
63.416000000 15.092413 1.659381 0.090849 -0.052377 0.055042 0.705164 0.704961
63.436000000 15.092413 1.659381 0.090849 -0.052377 0.055042 0.705164 0.704961
63.456000000 15.092413 1.659381 0.090849 -0.052377 0.055042 0.705164 0.704961
63.476000000 15.092413 1.659381 0.090849 -0.052377 0.055042 0.705164 0.704961
63.496000000 15.092413 1.659381 0.090849 -0.052377 0.055042 0.705164 0.704961
63.516000000 15.092413 1.659381 0.090849 -0.052377 0.055042 0.705164 0.704961
63.536000000 15.092413 1.659381 0.090849 -0.052377 0.055042 0.705164 0.704961
63.556000000 15.092413 1.659381 0.090849 -0.052377 0.055042 0.705164 0.704961
63.576000000 15.092413 1.659381 0.090849 -0.052377 0.055042 0.705164 0.704961
63.596000000 15.092413 1.659381 0.090849 -0.052377 0.055042 0.705164 0.704961
63.616000000 15.092413 1.659381 0.090849 -0.052377 0.055042 0.705164 0.704961
63.636000000 15.092413 1.659381 0.090849 -0.052377 0.055042 0.705164 0.704961
63.656000000 15.092413 1.659381 0.090849 -0.052377 0.055042 0.705164 0.704961
63.676000000 15.092413 1.659381 0.090849 -0.052377 0.055042 0.705164 0.704961
63.696000000 15.092413 1.659381 0.090849 -0.052377 0.055042 0.705164 0.704961
63.716000000 15.092413 1.659381 0.090849 -0.052377 0.055042 0.705164 0.704961
63.736000000 15.092413 1.659381 0.090849 -0.052377 0.055042 0.705164 0.704961
63.756000000 15.092413 1.659381 0.090849 -0.052377 0.055042 0.705164 0.704961
63.776000000 15.092413 1.659381 0.090849 -0.052377 0.055042 0.705164 0.704961
63.796000000 15.092413 1.659381 0.090849 -0.052377 0.055042 0.705164 0.704961
63.816000000 15.092413 1.659381 0.090849 -0.052377 0.055042 0.705164 0.704961
63.836000000 15.092413 1.659381 0.090849 -0.052377 0.055042 0.705164 0.704961
63.856000000 15.092413 1.659381 0.090849 -0.052377 0.055042 0.705164 0.704961
63.876000000 15.092413 1.659381 0.090849 -0.052377 0.055042 0.705164 0.704961
63.896000000 15.092413 1.659381 0.090849 -0.052377 0.055042 0.705164 0.704961
63.916000000 15.092413 1.659381 0.090849 -0.052377 0.055042 0.705164 0.704961
63.936000000 15.092413 1.659381 0.090849 -0.052377 0.055042 0.705164 0.704961
63.956000000 15.092413 1.659381 0.090849 -0.052377 0.055042 0.705164 0.704961
63.976000000 15.092413 1.659381 0.090849 -0.052377 0.055042 0.705164 0.704961
63.996000000 15.092413 1.659381 0.090849 -0.052377 0.055042 0.705164 0.704961
64.016000000 15.092413 1.659381 0.090849 -0.052377 0.055042 0.705164 0.704961
64.036000000 15.092413 1.659381 0.090849 -0.052377 0.055042 0.705164 0.704961
64.056000000 15.092413 1.659381 0.090849 -0.052377 0.055042 0.705164 0.704961
64.076000000 15.092413 1.659381 0.090849 -0.052377 0.055042 0.705164 0.704961
64.096000000 15.092413 1.659381 0.090849 -0.052377 0.055042 0.705164 0.704961
64.116000000 15.092413 1.659381 0.090849 -0.052377 0.055042 0.705164 0.704961
64.136000000 15.092413 1.659381 0.090849 -0.052377 0.055042 0.705164 0.704961
64.156000000 15.092413 1.659381 0.090849 -0.052377 0.055042 0.705164 0.704961
64.176000000 15.092413 1.659381 0.090849 -0.052377 0.055042 0.705164 0.704961
64.196000000 15.092413 1.659381 0.090849 -0.052377 0.055042 0.705164 0.704961
64.216000000 15.092413 1.659381 0.090849 -0.052377 0.055042 0.705164 0.704961
64.236000000 15.092413 1.659381 0.090849 -0.052377 0.055042 0.705164 0.704961
64.256000000 15.092413 1.659381 0.090849 -0.052377 0.055042 0.705164 0.704961
64.276000000 15.092413 1.659381 0.090849 -0.052377 0.055042 0.705164 0.704961
64.296000000 15.092413 1.659381 0.090849 -0.052377 0.055042 0.705164 0.704961
64.316000000 15.092413 1.659381 0.090849 -0.052377 0.055042 0.705164 0.704961
64.336000000 15.092413 1.659381 0.090849 -0.052377 0.055042 0.705164 0.704961
64.356000000 15.092413 1.659381 0.090849 -0.052377 0.055042 0.705164 0.704961
64.376000000 15.092413 1.659381 0.090849 -0.052377 0.055042 0.705164 0.704961
64.396000000 15.092413 1.659381 0.090849 -0.052377 0.055042 0.705164 0.704961
64.416000000 15.092413 1.659381 0.090849 -0.052377 0.055042 0.705164 0.704961
64.436000000 15.092413 1.659381 0.090849 -0.052377 0.055042 0.705164 0.704961
64.456000000 15.092413 1.659381 0.090849 -0.052377 0.055042 0.705164 0.704961
64.476000000 15.092413 1.659381 0.090849 -0.052377 0.055042 0.705164 0.704961
64.496000000 15.092413 1.659381 0.090849 -0.052377 0.055042 0.705164 0.704961
64.516000000 15.092413 1.659381 0.090849 -0.052377 0.055042 0.705164 0.704961
64.536000000 15.092413 1.659381 0.090849 -0.052377 0.055042 0.705164 0.704961
64.556000000 15.092413 1.659381 0.090849 -0.052377 0.055042 0.705164 0.704961
64.576000000 15.092413 1.659381 0.090849 -0.052377 0.055042 0.705164 0.704961
64.596000000 15.092413 1.659381 0.090849 -0.052377 0.055042 0.705164 0.704961
64.616000000 15.092413 1.659381 0.090849 -0.052377 0.055042 0.705164 0.704961
64.636000000 15.092413 1.659381 0.090849 -0.052377 0.055042 0.705164 0.704961
64.656000000 15.092413 1.659381 0.090849 -0.052377 0.055042 0.705164 0.704961
64.676000000 15.092413 1.659381 0.090849 -0.052377 0.055042 0.705164 0.704961
64.696000000 15.092413 1.659381 0.090849 -0.052377 0.055042 0.705164 0.704961
64.716000000 15.092413 1.659381 0.090849 -0.052377 0.055042 0.705164 0.704961
64.736000000 15.092413 1.659381 0.090849 -0.052377 0.055042 0.705164 0.704961
64.756000000 15.092413 1.659381 0.090849 -0.052377 0.055042 0.705164 0.704961
64.776000000 15.092413 1.659381 0.090849 -0.052377 0.055042 0.705164 0.704961
64.796000000 15.092413 1.659381 0.090849 -0.052377 0.055042 0.705164 0.704961
64.816000000 15.092413 1.659381 0.090849 -0.052377 0.055042 0.705164 0.704961
64.836000000 15.092413 1.659381 0.090849 -0.052377 0.055042 0.705164 0.704961
64.856000000 15.092413 1.659381 0.090849 -0.052377 0.055042 0.705164 0.704961
64.876000000 15.092413 1.659381 0.090849 -0.052377 0.055042 0.705164 0.704961
64.896000000 15.092413 1.659381 0.090849 -0.052377 0.055042 0.705164 0.704961
64.916000000 15.092413 1.659381 0.090849 -0.052377 0.055042 0.705164 0.704961
64.936000000 15.092413 1.659381 0.090849 -0.052377 0.055042 0.705164 0.704961
64.956000000 15.092413 1.659381 0.090849 -0.052377 0.055042 0.705164 0.704961
64.976000000 15.092413 1.659381 0.090849 -0.052377 0.055042 0.705164 0.704961
64.996000000 15.092413 1.659381 0.090849 -0.052377 0.055042 0.705164 0.704961
65.016000000 15.092413 1.659381 0.090849 -0.052377 0.055042 0.705164 0.704961
65.036000000 15.092413 1.659381 0.090849 -0.052377 0.055042 0.705164 0.704961
65.056000000 15.092413 1.659381 0.090849 -0.052377 0.055042 0.705164 0.704961
65.076000000 15.092413 1.659381 0.090849 -0.052377 0.055042 0.705164 0.704961
65.096000000 15.092413 1.659381 0.090849 -0.052377 0.055042 0.705164 0.704961
65.116000000 15.092413 1.659381 0.090849 -0.052377 0.055042 0.705164 0.704961
65.136000000 15.092413 1.659381 0.090849 -0.052377 0.055042 0.705164 0.704961
65.156000000 15.092413 1.659381 0.090849 -0.052377 0.055042 0.705164 0.704961
65.176000000 15.092413 1.659381 0.090849 -0.052377 0.055042 0.705164 0.704961
65.196000000 15.092413 1.659381 0.090849 -0.052377 0.055042 0.705164 0.704961
65.216000000 15.092413 1.659381 0.090849 -0.052377 0.055042 0.705164 0.704961
65.236000000 15.092413 1.659381 0.090849 -0.052377 0.055042 0.705164 0.704961
65.256000000 15.092413 1.659381 0.090849 -0.052377 0.055042 0.705164 0.704961
65.276000000 15.092413 1.659381 0.090849 -0.052377 0.055042 0.705164 0.704961
65.296000000 15.092413 1.659381 0.090849 -0.052377 0.055042 0.705164 0.704961
65.316000000 15.092413 1.659381 0.090849 -0.052377 0.055042 0.705164 0.704961
65.336000000 15.092413 1.659381 0.090849 -0.052377 0.055042 0.705164 0.704961
65.356000000 15.092413 1.659381 0.090849 -0.052377 0.055042 0.705164 0.704961
65.376000000 15.092413 1.659381 0.090849 -0.052377 0.055042 0.705164 0.704961
65.396000000 15.092413 1.659381 0.090849 -0.052377 0.055042 0.705164 0.704961
65.416000000 15.092413 1.659381 0.090849 -0.052377 0.055042 0.705164 0.704961
65.436000000 15.092413 1.659381 0.090849 -0.052377 0.055042 0.705164 0.704961
65.456000000 15.092413 1.659381 0.090849 -0.052377 0.055042 0.705164 0.704961
65.476000000 15.092413 1.659381 0.090849 -0.052377 0.055042 0.705164 0.704961
65.496000000 15.092413 1.659381 0.090849 -0.052377 0.055042 0.705164 0.704961
65.516000000 15.092413 1.659381 0.090849 -0.052377 0.055042 0.705164 0.704961
65.536000000 15.092413 1.659381 0.090849 -0.052377 0.055042 0.705164 0.704961
65.556000000 15.092413 1.659381 0.090849 -0.052377 0.055042 0.705164 0.704961
65.576000000 15.092413 1.659381 0.090849 -0.052377 0.055042 0.705164 0.704961
65.596000000 15.092413 1.659381 0.090849 -0.052377 0.055042 0.705164 0.704961
65.616000000 15.092413 1.659381 0.090849 -0.052377 0.055042 0.705164 0.704961
65.636000000 15.092413 1.659381 0.090849 -0.052377 0.055042 0.705164 0.704961
65.656000000 15.092413 1.659381 0.090849 -0.052377 0.055042 0.705164 0.704961
65.676000000 15.092413 1.659381 0.090849 -0.052377 0.055042 0.705164 0.704961
65.696000000 15.092413 1.659381 0.090849 -0.052377 0.055042 0.705164 0.704961
65.716000000 15.092413 1.659381 0.090849 -0.052377 0.055042 0.705164 0.704961
65.736000000 15.092413 1.659381 0.090849 -0.052377 0.055042 0.705164 0.704961
65.756000000 15.092413 1.659381 0.090849 -0.052377 0.055042 0.705164 0.704961
65.776000000 15.092413 1.659381 0.090849 -0.052377 0.055042 0.705164 0.704961
65.796000000 15.092413 1.659381 0.090849 -0.052377 0.055042 0.705164 0.704961
65.816000000 15.092413 1.659381 0.090849 -0.052377 0.055042 0.705164 0.704961
65.836000000 15.092413 1.659381 0.090849 -0.052377 0.055042 0.705164 0.704961
65.856000000 15.092413 1.659381 0.090849 -0.052377 0.055042 0.705164 0.704961
65.876000000 15.092413 1.659381 0.090849 -0.052377 0.055042 0.705164 0.704961
65.896000000 15.092413 1.659381 0.090849 -0.052377 0.055042 0.705164 0.704961
65.916000000 15.092413 1.659381 0.090849 -0.052377 0.055042 0.705164 0.704961
65.936000000 15.092413 1.659381 0.090849 -0.052377 0.055042 0.705164 0.704961
65.956000000 15.092413 1.659381 0.090849 -0.052377 0.055042 0.705164 0.704961
65.976000000 15.092413 1.659381 0.090849 -0.052377 0.055042 0.705164 0.704961
65.996000000 15.092413 1.659381 0.090849 -0.052377 0.055042 0.705164 0.704961
66.016000000 15.092413 1.659381 0.090849 -0.052377 0.055042 0.705164 0.704961
66.036000000 15.092413 1.659381 0.090849 -0.052377 0.055042 0.705164 0.704961
66.056000000 15.092413 1.659381 0.090849 -0.052377 0.055042 0.705164 0.704961
66.076000000 15.092413 1.659381 0.090849 -0.052377 0.055042 0.705164 0.704961
66.096000000 15.092413 1.659381 0.090849 -0.052377 0.055042 0.705164 0.704961
66.116000000 15.092413 1.659381 0.090849 -0.052377 0.055042 0.705164 0.704961
66.136000000 15.092413 1.659381 0.090849 -0.052377 0.055042 0.705164 0.704961
66.156000000 15.092413 1.659381 0.090849 -0.052377 0.055042 0.705164 0.704961
66.176000000 15.092413 1.659381 0.090849 -0.052377 0.055042 0.705164 0.704961
66.196000000 15.092413 1.659381 0.090849 -0.052377 0.055042 0.705164 0.704961
66.216000000 15.092413 1.659381 0.090849 -0.052377 0.055042 0.705164 0.704961
66.236000000 15.092413 1.659381 0.090849 -0.052377 0.055042 0.705164 0.704961
66.256000000 15.092413 1.659381 0.090849 -0.052377 0.055042 0.705164 0.704961
66.276000000 15.092413 1.659381 0.090849 -0.052377 0.055042 0.705164 0.704961
66.296000000 15.092413 1.659381 0.090849 -0.052377 0.055042 0.705164 0.704961
66.316000000 15.092413 1.659381 0.090849 -0.052377 0.055042 0.705164 0.704961
66.336000000 15.092413 1.659381 0.090849 -0.052377 0.055042 0.705164 0.704961
66.356000000 15.092413 1.659381 0.090849 -0.052377 0.055042 0.705164 0.704961
66.376000000 15.092413 1.659381 0.090849 -0.052377 0.055042 0.705164 0.704961
66.396000000 15.092413 1.659381 0.090849 -0.052377 0.055042 0.705164 0.704961
66.416000000 15.092413 1.659381 0.090849 -0.052377 0.055042 0.705164 0.704961
66.436000000 15.092413 1.659381 0.090849 -0.052377 0.055042 0.705164 0.704961
66.456000000 15.092413 1.659381 0.090849 -0.052377 0.055042 0.705164 0.704961
66.476000000 15.092413 1.659381 0.090849 -0.052377 0.055042 0.705164 0.704961
66.496000000 15.092413 1.659381 0.090849 -0.052377 0.055042 0.705164 0.704961
66.516000000 15.092413 1.659381 0.090849 -0.052377 0.055042 0.705164 0.704961
66.536000000 15.092413 1.659381 0.090849 -0.052377 0.055042 0.705164 0.704961
66.556000000 15.092413 1.659381 0.090849 -0.052377 0.055042 0.705164 0.704961
66.576000000 15.092413 1.659381 0.090849 -0.052377 0.055042 0.705164 0.704961
66.596000000 15.092413 1.659381 0.090849 -0.052377 0.055042 0.705164 0.704961
66.616000000 15.092413 1.659381 0.090849 -0.052377 0.055042 0.705164 0.704961
66.636000000 15.092413 1.659381 0.090849 -0.052377 0.055042 0.705164 0.704961
66.656000000 15.092413 1.659381 0.090849 -0.052377 0.055042 0.705164 0.704961
66.676000000 15.092413 1.659381 0.090849 -0.052377 0.055042 0.705164 0.704961
66.696000000 15.092413 1.659381 0.090849 -0.052377 0.055042 0.705164 0.704961
66.716000000 15.092413 1.659381 0.090849 -0.052377 0.055042 0.705164 0.704961
66.736000000 15.092413 1.659381 0.090849 -0.052377 0.055042 0.705164 0.704961
66.756000000 15.092413 1.659381 0.090849 -0.052377 0.055042 0.705164 0.704961
66.776000000 15.092413 1.659381 0.090849 -0.052377 0.055042 0.705164 0.704961
66.796000000 15.092413 1.659381 0.090849 -0.052377 0.055042 0.705164 0.704961
66.816000000 15.092413 1.659381 0.090849 -0.052377 0.055042 0.705164 0.704961
66.836000000 15.092413 1.659381 0.090849 -0.052377 0.055042 0.705164 0.704961
66.856000000 15.092413 1.659381 0.090849 -0.052377 0.055042 0.705164 0.704961
66.876000000 15.092413 1.659381 0.090849 -0.052377 0.055042 0.705164 0.704961
66.896000000 15.092413 1.659381 0.090849 -0.052377 0.055042 0.705164 0.704961
66.916000000 15.092413 1.659381 0.090849 -0.052377 0.055042 0.705164 0.704961
66.936000000 15.092413 1.659381 0.090849 -0.052377 0.055042 0.705164 0.704961
66.956000000 15.092413 1.659381 0.090850 -0.052378 0.055042 0.705164 0.704961
66.976000000 15.092413 1.659379 0.090869 -0.052406 0.055070 0.705162 0.704959
66.996000000 15.092414 1.659375 0.090918 -0.052479 0.055143 0.705157 0.704953
67.016000000 15.092414 1.659369 0.090997 -0.052595 0.055259 0.705148 0.704944
67.036000000 15.092414 1.659361 0.091104 -0.052750 0.055414 0.705136 0.704932
67.056000000 15.092415 1.659351 0.091234 -0.052942 0.055606 0.705122 0.704917
67.076000000 15.092415 1.659339 0.091387 -0.053165 0.055829 0.705105 0.704899
67.096000000 15.092415 1.659340 0.091555 -0.053407 0.056106 0.705087 0.704877
67.116000000 15.092416 1.659326 0.091742 -0.053681 0.056380 0.705066 0.704855
67.136000000 15.092417 1.659310 0.091943 -0.053975 0.056674 0.705044 0.704832
67.156000000 15.092418 1.659294 0.092153 -0.054284 0.056982 0.705020 0.704807
67.176000000 15.092418 1.659278 0.092371 -0.054603 0.057301 0.704996 0.704781
67.196000000 15.092419 1.659261 0.092593 -0.054928 0.057626 0.704970 0.704755
67.216000000 15.092420 1.659245 0.092817 -0.055256 0.057954 0.704945 0.704728
67.236000000 15.092421 1.659229 0.093041 -0.055583 0.058281 0.704919 0.704701
67.256000000 15.092422 1.659214 0.093261 -0.055905 0.058603 0.704893 0.704674
67.276000000 15.092423 1.659199 0.093477 -0.056221 0.058919 0.704868 0.704648
67.296000000 15.092423 1.659184 0.093685 -0.056526 0.059224 0.704844 0.704622
67.316000000 15.092424 1.659171 0.093886 -0.056820 0.059517 0.704820 0.704597
67.336000000 15.092425 1.659158 0.094076 -0.057098 0.059796 0.704798 0.704574
67.356000000 15.092426 1.659146 0.094255 -0.057360 0.060058 0.704777 0.704552
67.376000000 15.092426 1.659135 0.094422 -0.057605 0.060302 0.704757 0.704531
67.396000000 15.092427 1.659125 0.094576 -0.057830 0.060527 0.704738 0.704511
67.416000000 15.092427 1.659116 0.094716 -0.058034 0.060732 0.704721 0.704494
67.436000000 15.092428 1.659108 0.094842 -0.058218 0.060915 0.704706 0.704478
67.456000000 15.092428 1.659101 0.094953 -0.058380 0.061078 0.704693 0.704464
67.476000000 15.092429 1.659095 0.095049 -0.058521 0.061218 0.704681 0.704452
67.496000000 15.092429 1.659089 0.095130 -0.058640 0.061338 0.704671 0.704441
67.516000000 15.092429 1.659085 0.095198 -0.058739 0.061436 0.704663 0.704433
67.536000000 15.092429 1.659082 0.095251 -0.058816 0.061513 0.704656 0.704426
67.556000000 15.092429 1.659079 0.095290 -0.058874 0.061572 0.704652 0.704421
67.576000000 15.092430 1.659077 0.095317 -0.058914 0.061611 0.704648 0.704418
67.596000000 15.092430 1.659076 0.095332 -0.058935 0.061632 0.704647 0.704416
67.616000000 15.092430 1.659076 0.095335 -0.058940 0.061637 0.704646 0.704415
67.636000000 15.092430 1.659076 0.095328 -0.058929 0.061626 0.704647 0.704416
67.656000000 15.092430 1.659077 0.095310 -0.058904 0.061601 0.704649 0.704418
67.676000000 15.092429 1.659078 0.095284 -0.058865 0.061562 0.704652 0.704422
67.696000000 15.092429 1.659080 0.095250 -0.058815 0.061512 0.704657 0.704426
67.716000000 15.092429 1.659083 0.095208 -0.058754 0.061451 0.704662 0.704431
67.736000000 15.092429 1.659085 0.095160 -0.058684 0.061381 0.704667 0.704438
67.756000000 15.092429 1.659088 0.095107 -0.058606 0.061303 0.704674 0.704444
67.776000000 15.092429 1.659092 0.095049 -0.058521 0.061218 0.704681 0.704452
67.796000000 15.092428 1.659095 0.094987 -0.058431 0.061128 0.704688 0.704460
67.816000000 15.092428 1.659099 0.094922 -0.058336 0.061033 0.704696 0.704468
67.836000000 15.092428 1.659103 0.094855 -0.058238 0.060935 0.704704 0.704476
67.856000000 15.092428 1.659107 0.094786 -0.058137 0.060835 0.704713 0.704485
67.876000000 15.092427 1.659112 0.094717 -0.058036 0.060733 0.704721 0.704494
67.896000000 15.092427 1.659116 0.094647 -0.057933 0.060631 0.704730 0.704503
67.916000000 15.092427 1.659120 0.094577 -0.057832 0.060529 0.704738 0.704511
67.936000000 15.092426 1.659124 0.094509 -0.057731 0.060428 0.704746 0.704520
67.956000000 15.092426 1.659128 0.094441 -0.057632 0.060329 0.704754 0.704528
67.976000000 15.092426 1.659132 0.094375 -0.057535 0.060233 0.704762 0.704537
67.996000000 15.092426 1.659136 0.094311 -0.057442 0.060139 0.704770 0.704545
68.016000000 15.092425 1.659140 0.094249 -0.057351 0.060049 0.704777 0.704552
68.036000000 15.092425 1.659144 0.094190 -0.057265 0.059962 0.704784 0.704560
68.056000000 15.092425 1.659148 0.094133 -0.057182 0.059879 0.704791 0.704567
68.076000000 15.092425 1.659151 0.094080 -0.057103 0.059801 0.704797 0.704574
68.096000000 15.092425 1.659154 0.094029 -0.057029 0.059727 0.704803 0.704580
68.116000000 15.092424 1.659157 0.093981 -0.056959 0.059657 0.704809 0.704586
68.136000000 15.092424 1.659160 0.093936 -0.056894 0.059591 0.704814 0.704591
68.156000000 15.092424 1.659163 0.093895 -0.056832 0.059530 0.704819 0.704596
68.176000000 15.092424 1.659165 0.093856 -0.056776 0.059473 0.704824 0.704601
68.196000000 15.092424 1.659168 0.093820 -0.056723 0.059421 0.704828 0.704606
68.216000000 15.092424 1.659170 0.093786 -0.056674 0.059372 0.704832 0.704610
68.236000000 15.092424 1.659172 0.093756 -0.056629 0.059327 0.704836 0.704614
68.256000000 15.092423 1.659173 0.093727 -0.056588 0.059286 0.704839 0.704617
68.276000000 15.092423 1.659175 0.093701 -0.056550 0.059248 0.704842 0.704620
68.296000000 15.092423 1.659177 0.093677 -0.056515 0.059213 0.704845 0.704623
68.316000000 15.092423 1.659178 0.093655 -0.056482 0.059180 0.704847 0.704626
68.336000000 15.092423 1.659179 0.093635 -0.056452 0.059150 0.704850 0.704628
68.356000000 15.092423 1.659181 0.093615 -0.056424 0.059122 0.704852 0.704631
68.376000000 15.092423 1.659182 0.093597 -0.056398 0.059095 0.704854 0.704633
68.396000000 15.092423 1.659183 0.093580 -0.056372 0.059070 0.704856 0.704635
68.416000000 15.092423 1.659184 0.093564 -0.056348 0.059046 0.704858 0.704637
68.436000000 15.092423 1.659185 0.093548 -0.056325 0.059023 0.704860 0.704639
68.456000000 15.092423 1.659186 0.093532 -0.056302 0.059000 0.704862 0.704641
68.476000000 15.092423 1.659187 0.093516 -0.056279 0.058977 0.704864 0.704643
68.496000000 15.092423 1.659188 0.093500 -0.056256 0.058954 0.704865 0.704645
68.516000000 15.092423 1.659189 0.093484 -0.056232 0.058930 0.704867 0.704647
68.536000000 15.092422 1.659190 0.093467 -0.056207 0.058905 0.704869 0.704649
68.556000000 15.092422 1.659192 0.093450 -0.056182 0.058880 0.704871 0.704651
68.576000000 15.092422 1.659193 0.093432 -0.056155 0.058853 0.704873 0.704653
68.596000000 15.092422 1.659194 0.093412 -0.056127 0.058825 0.704876 0.704656
68.616000000 15.092422 1.659195 0.093392 -0.056097 0.058795 0.704878 0.704658
68.636000000 15.092422 1.659197 0.093371 -0.056066 0.058764 0.704881 0.704661
68.656000000 15.092422 1.659198 0.093348 -0.056032 0.058730 0.704883 0.704664
68.676000000 15.092422 1.659200 0.093324 -0.055997 0.058695 0.704886 0.704667
68.696000000 15.092422 1.659202 0.093298 -0.055960 0.058658 0.704889 0.704670
68.716000000 15.092422 1.659203 0.093271 -0.055920 0.058618 0.704892 0.704673
68.736000000 15.092422 1.659205 0.093243 -0.055878 0.058577 0.704895 0.704676
68.756000000 15.092421 1.659207 0.093213 -0.055835 0.058533 0.704899 0.704680
68.776000000 15.092421 1.659210 0.093181 -0.055789 0.058487 0.704903 0.704684
68.796000000 15.092421 1.659212 0.093148 -0.055741 0.058439 0.704906 0.704688
68.816000000 15.092421 1.659214 0.093114 -0.055690 0.058389 0.704910 0.704692
68.836000000 15.092421 1.659217 0.093078 -0.055638 0.058336 0.704914 0.704696
68.856000000 15.092421 1.659219 0.093041 -0.055584 0.058282 0.704919 0.704701
68.876000000 15.092421 1.659222 0.093003 -0.055527 0.058226 0.704923 0.704705
68.896000000 15.092421 1.659225 0.092963 -0.055469 0.058167 0.704928 0.704710
68.916000000 15.092420 1.659227 0.092922 -0.055409 0.058107 0.704932 0.704715
68.936000000 15.092420 1.659230 0.092880 -0.055348 0.058046 0.704937 0.704720
68.956000000 15.092420 1.659233 0.092837 -0.055284 0.057983 0.704942 0.704725
68.976000000 15.092420 1.659236 0.092793 -0.055220 0.057918 0.704947 0.704731
68.996000000 15.092420 1.659239 0.092747 -0.055154 0.057852 0.704953 0.704736
69.016000000 15.092420 1.659243 0.092702 -0.055086 0.057785 0.704958 0.704742
69.036000000 15.092419 1.659246 0.092655 -0.055018 0.057716 0.704963 0.704747
69.056000000 15.092419 1.659249 0.092607 -0.054948 0.057647 0.704969 0.704753
69.076000000 15.092419 1.659253 0.092559 -0.054878 0.057577 0.704974 0.704759
69.096000000 15.092419 1.659256 0.092511 -0.054807 0.057506 0.704980 0.704765
69.116000000 15.092419 1.659260 0.092462 -0.054735 0.057434 0.704985 0.704770
69.136000000 15.092418 1.659263 0.092412 -0.054663 0.057362 0.704991 0.704776
69.156000000 15.092418 1.659267 0.092363 -0.054590 0.057289 0.704996 0.704782
69.176000000 15.092418 1.659270 0.092313 -0.054517 0.057216 0.705002 0.704788
69.196000000 15.092418 1.659274 0.092263 -0.054444 0.057142 0.705008 0.704794
69.216000000 15.092418 1.659277 0.092212 -0.054370 0.057069 0.705013 0.704800
69.236000000 15.092417 1.659281 0.092162 -0.054296 0.056995 0.705019 0.704806
69.256000000 15.092417 1.659285 0.092112 -0.054223 0.056921 0.705025 0.704812
69.276000000 15.092417 1.659288 0.092061 -0.054149 0.056848 0.705030 0.704818
69.296000000 15.092417 1.659292 0.092011 -0.054076 0.056774 0.705036 0.704824
69.316000000 15.092417 1.659296 0.091961 -0.054002 0.056701 0.705042 0.704830
69.336000000 15.092417 1.659299 0.091911 -0.053929 0.056628 0.705047 0.704836
69.356000000 15.092416 1.659303 0.091862 -0.053856 0.056555 0.705053 0.704841
69.376000000 15.092416 1.659307 0.091812 -0.053784 0.056483 0.705058 0.704847
69.396000000 15.092416 1.659310 0.091763 -0.053712 0.056411 0.705064 0.704853
69.416000000 15.092416 1.659314 0.091714 -0.053640 0.056339 0.705069 0.704859
69.436000000 15.092416 1.659318 0.091665 -0.053569 0.056268 0.705075 0.704864
69.456000000 15.092415 1.659321 0.091617 -0.053498 0.056197 0.705080 0.704870
69.476000000 15.092415 1.659325 0.091569 -0.053428 0.056127 0.705085 0.704876
69.496000000 15.092415 1.659328 0.091522 -0.053358 0.056057 0.705091 0.704881
69.516000000 15.092415 1.659332 0.091474 -0.053289 0.055988 0.705096 0.704887
69.536000000 15.092415 1.659335 0.091427 -0.053220 0.055919 0.705101 0.704892
69.556000000 15.092414 1.659339 0.091381 -0.053152 0.055851 0.705106 0.704898
69.576000000 15.092414 1.659342 0.091335 -0.053084 0.055783 0.705111 0.704903
69.596000000 15.092414 1.659346 0.091289 -0.053017 0.055716 0.705116 0.704908
69.616000000 15.092414 1.659349 0.091243 -0.052951 0.055650 0.705121 0.704914
69.636000000 15.092414 1.659353 0.091198 -0.052885 0.055584 0.705126 0.704919
69.656000000 15.092414 1.659356 0.091153 -0.052819 0.055518 0.705131 0.704924
69.676000000 15.092414 1.659359 0.091120 -0.052770 0.055467 0.705135 0.704928
69.696000000 15.092414 1.659359 0.091118 -0.052768 0.055465 0.705135 0.704928
69.716000000 15.092414 1.659359 0.091118 -0.052768 0.055465 0.705135 0.704928
69.736000000 15.092414 1.659359 0.091118 -0.052768 0.055465 0.705135 0.704928
69.756000000 15.092414 1.659359 0.091118 -0.052768 0.055465 0.705135 0.704928
69.776000000 15.092414 1.659359 0.091118 -0.052768 0.055465 0.705135 0.704928
69.796000000 15.092414 1.659359 0.091118 -0.052768 0.055465 0.705135 0.704928
69.816000000 15.092414 1.659359 0.091118 -0.052768 0.055465 0.705135 0.704928
69.836000000 15.092414 1.659359 0.091118 -0.052768 0.055465 0.705135 0.704928
69.856000000 15.092414 1.659359 0.091118 -0.052768 0.055465 0.705135 0.704928
69.876000000 15.092414 1.659359 0.091118 -0.052768 0.055465 0.705135 0.704928
69.896000000 15.092414 1.659359 0.091118 -0.052768 0.055465 0.705135 0.704928
69.916000000 15.092414 1.659359 0.091118 -0.052768 0.055465 0.705135 0.704928
69.936000000 15.092414 1.659359 0.091118 -0.052768 0.055465 0.705135 0.704928
69.956000000 15.092414 1.659359 0.091118 -0.052768 0.055465 0.705135 0.704928
69.976000000 15.092414 1.659359 0.091118 -0.052768 0.055465 0.705135 0.704928
69.996000000 15.092414 1.659359 0.091118 -0.052768 0.055465 0.705135 0.704928
70.016000000 15.092414 1.659359 0.091118 -0.052768 0.055465 0.705135 0.704928
70.036000000 15.092414 1.659359 0.091118 -0.052768 0.055465 0.705135 0.704928
70.056000000 15.092414 1.659359 0.091118 -0.052768 0.055465 0.705135 0.704928
70.076000000 15.092414 1.659359 0.091118 -0.052768 0.055465 0.705135 0.704928
70.096000000 15.092414 1.659359 0.091118 -0.052768 0.055465 0.705135 0.704928
70.116000000 15.092414 1.659359 0.091118 -0.052768 0.055465 0.705135 0.704928
70.136000000 15.092414 1.659359 0.091118 -0.052768 0.055465 0.705135 0.704928
70.156000000 15.092414 1.659359 0.091118 -0.052768 0.055465 0.705135 0.704928
70.176000000 15.092414 1.659359 0.091118 -0.052768 0.055465 0.705135 0.704928
70.196000000 15.092414 1.659359 0.091118 -0.052768 0.055465 0.705135 0.704928
70.216000000 15.092414 1.659359 0.091118 -0.052768 0.055465 0.705135 0.704928
70.236000000 15.092414 1.659359 0.091118 -0.052768 0.055465 0.705135 0.704928
70.256000000 15.092414 1.659359 0.091118 -0.052768 0.055465 0.705135 0.704928
70.276000000 15.092414 1.659359 0.091118 -0.052768 0.055465 0.705135 0.704928
70.296000000 15.092414 1.659359 0.091118 -0.052768 0.055465 0.705135 0.704928
70.316000000 15.092414 1.659359 0.091118 -0.052768 0.055465 0.705135 0.704928
70.336000000 15.092414 1.659359 0.091118 -0.052768 0.055465 0.705135 0.704928
70.356000000 15.092414 1.659359 0.091118 -0.052768 0.055465 0.705135 0.704928
70.376000000 15.092414 1.659359 0.091118 -0.052768 0.055465 0.705135 0.704928
70.396000000 15.092414 1.659359 0.091118 -0.052768 0.055465 0.705135 0.704928
70.416000000 15.092414 1.659359 0.091118 -0.052768 0.055465 0.705135 0.704928
70.436000000 15.092414 1.659359 0.091118 -0.052768 0.055465 0.705135 0.704928
70.456000000 15.092414 1.659359 0.091118 -0.052768 0.055465 0.705135 0.704928
70.476000000 15.092414 1.659359 0.091118 -0.052768 0.055465 0.705135 0.704928
70.496000000 15.092414 1.659359 0.091118 -0.052768 0.055465 0.705135 0.704928
70.516000000 15.092414 1.659359 0.091118 -0.052768 0.055465 0.705135 0.704928
70.536000000 15.092414 1.659359 0.091118 -0.052768 0.055465 0.705135 0.704928
70.556000000 15.092414 1.659359 0.091118 -0.052768 0.055465 0.705135 0.704928
70.576000000 15.092414 1.659359 0.091118 -0.052768 0.055465 0.705135 0.704928
70.596000000 15.092414 1.659359 0.091118 -0.052768 0.055465 0.705135 0.704928
70.616000000 15.092414 1.659359 0.091118 -0.052768 0.055465 0.705135 0.704928
70.636000000 15.092414 1.659359 0.091118 -0.052768 0.055465 0.705135 0.704928
70.656000000 15.092414 1.659359 0.091118 -0.052768 0.055465 0.705135 0.704928
70.676000000 15.092414 1.659359 0.091118 -0.052768 0.055465 0.705135 0.704928
70.696000000 15.092414 1.659359 0.091118 -0.052768 0.055465 0.705135 0.704928
70.716000000 15.092414 1.659359 0.091118 -0.052768 0.055465 0.705135 0.704928
70.736000000 15.092414 1.659359 0.091118 -0.052768 0.055465 0.705135 0.704928
70.756000000 15.092414 1.659359 0.091118 -0.052768 0.055465 0.705135 0.704928
70.776000000 15.092414 1.659359 0.091118 -0.052768 0.055465 0.705135 0.704928
70.796000000 15.092414 1.659359 0.091118 -0.052768 0.055465 0.705135 0.704928
70.816000000 15.092414 1.659359 0.091118 -0.052768 0.055465 0.705135 0.704928
70.836000000 15.092414 1.659359 0.091118 -0.052768 0.055465 0.705135 0.704928
70.856000000 15.092414 1.659359 0.091118 -0.052768 0.055465 0.705135 0.704928
70.876000000 15.092414 1.659359 0.091118 -0.052768 0.055465 0.705135 0.704928
70.896000000 15.092414 1.659359 0.091118 -0.052768 0.055465 0.705135 0.704928
70.916000000 15.092414 1.659359 0.091118 -0.052768 0.055465 0.705135 0.704928
70.936000000 15.092414 1.659359 0.091118 -0.052768 0.055465 0.705135 0.704928
70.956000000 15.092414 1.659359 0.091118 -0.052768 0.055465 0.705135 0.704928
70.976000000 15.092414 1.659359 0.091118 -0.052768 0.055465 0.705135 0.704928
70.996000000 15.092414 1.659359 0.091118 -0.052768 0.055465 0.705135 0.704928
71.016000000 15.092414 1.659359 0.091118 -0.052768 0.055465 0.705135 0.704928
71.036000000 15.092414 1.659359 0.091118 -0.052768 0.055465 0.705135 0.704928
71.056000000 15.092414 1.659359 0.091118 -0.052768 0.055465 0.705135 0.704928
71.076000000 15.092414 1.659359 0.091118 -0.052768 0.055465 0.705135 0.704928
71.096000000 15.092414 1.659359 0.091118 -0.052768 0.055465 0.705135 0.704928
71.116000000 15.092414 1.659359 0.091118 -0.052768 0.055465 0.705135 0.704928
71.136000000 15.092414 1.659359 0.091118 -0.052768 0.055465 0.705135 0.704928
71.156000000 15.092414 1.659359 0.091118 -0.052768 0.055465 0.705135 0.704928
71.176000000 15.092414 1.659359 0.091118 -0.052768 0.055465 0.705135 0.704928
71.196000000 15.092414 1.659359 0.091118 -0.052768 0.055465 0.705135 0.704928
71.216000000 15.092414 1.659359 0.091118 -0.052768 0.055465 0.705135 0.704928
71.236000000 15.092414 1.659359 0.091118 -0.052768 0.055465 0.705135 0.704928
71.256000000 15.092414 1.659359 0.091118 -0.052768 0.055465 0.705135 0.704928
71.276000000 15.092414 1.659359 0.091118 -0.052768 0.055465 0.705135 0.704928
71.296000000 15.092414 1.659359 0.091118 -0.052768 0.055465 0.705135 0.704928
71.316000000 15.092414 1.659359 0.091118 -0.052768 0.055465 0.705135 0.704928
71.336000000 15.092414 1.659359 0.091118 -0.052768 0.055465 0.705135 0.704928
71.356000000 15.092414 1.659359 0.091118 -0.052768 0.055465 0.705135 0.704928
71.376000000 15.092414 1.659359 0.091118 -0.052768 0.055465 0.705135 0.704928
71.396000000 15.092414 1.659359 0.091118 -0.052768 0.055465 0.705135 0.704928
71.416000000 15.092414 1.659359 0.091118 -0.052768 0.055465 0.705135 0.704928
71.436000000 15.092414 1.659359 0.091118 -0.052768 0.055465 0.705135 0.704928
71.456000000 15.092414 1.659359 0.091118 -0.052768 0.055465 0.705135 0.704928
71.476000000 15.092414 1.659359 0.091118 -0.052768 0.055465 0.705135 0.704928
71.496000000 15.092414 1.659359 0.091118 -0.052768 0.055465 0.705135 0.704928
71.516000000 15.092414 1.659359 0.091118 -0.052768 0.055465 0.705135 0.704928
71.536000000 15.092414 1.659359 0.091118 -0.052768 0.055465 0.705135 0.704928
71.556000000 15.092414 1.659359 0.091118 -0.052768 0.055465 0.705135 0.704928
71.576000000 15.092414 1.659359 0.091118 -0.052768 0.055465 0.705135 0.704928
71.596000000 15.092414 1.659359 0.091118 -0.052768 0.055465 0.705135 0.704928
71.616000000 15.092414 1.659359 0.091118 -0.052768 0.055465 0.705135 0.704928
71.636000000 15.092414 1.659359 0.091118 -0.052768 0.055465 0.705135 0.704928
71.656000000 15.092414 1.659359 0.091118 -0.052768 0.055465 0.705135 0.704928
71.676000000 15.092414 1.659359 0.091118 -0.052768 0.055465 0.705135 0.704928
71.696000000 15.092414 1.659359 0.091118 -0.052768 0.055465 0.705135 0.704928
71.716000000 15.092414 1.659359 0.091118 -0.052768 0.055465 0.705135 0.704928
71.736000000 15.092414 1.659359 0.091118 -0.052768 0.055465 0.705135 0.704928
71.756000000 15.092414 1.659359 0.091118 -0.052768 0.055465 0.705135 0.704928
71.776000000 15.092414 1.659359 0.091118 -0.052768 0.055465 0.705135 0.704928
71.796000000 15.092414 1.659359 0.091118 -0.052768 0.055465 0.705135 0.704928
71.816000000 15.092414 1.659359 0.091118 -0.052768 0.055465 0.705135 0.704928
71.836000000 15.092414 1.659359 0.091118 -0.052768 0.055465 0.705135 0.704928
71.856000000 15.092414 1.659359 0.091118 -0.052768 0.055465 0.705135 0.704928
71.876000000 15.092414 1.659359 0.091118 -0.052768 0.055465 0.705135 0.704928
71.896000000 15.092414 1.659359 0.091118 -0.052768 0.055465 0.705135 0.704928
71.916000000 15.092414 1.659359 0.091118 -0.052768 0.055465 0.705135 0.704928
71.936000000 15.092414 1.659359 0.091118 -0.052768 0.055465 0.705135 0.704928
71.956000000 15.092414 1.659359 0.091118 -0.052768 0.055465 0.705135 0.704928
71.976000000 15.092414 1.659359 0.091118 -0.052768 0.055465 0.705135 0.704928
71.996000000 15.092414 1.659359 0.091118 -0.052768 0.055465 0.705135 0.704928
72.016000000 15.092414 1.659359 0.091118 -0.052768 0.055465 0.705135 0.704928
72.036000000 15.092414 1.659359 0.091118 -0.052768 0.055465 0.705135 0.704928
72.056000000 15.092414 1.659359 0.091118 -0.052768 0.055465 0.705135 0.704928
72.076000000 15.092414 1.659359 0.091118 -0.052768 0.055465 0.705135 0.704928
72.096000000 15.092414 1.659359 0.091118 -0.052768 0.055465 0.705135 0.704928
72.116000000 15.092414 1.659359 0.091118 -0.052768 0.055465 0.705135 0.704928
72.136000000 15.092414 1.659359 0.091118 -0.052768 0.055465 0.705135 0.704928
72.156000000 15.092414 1.659359 0.091118 -0.052768 0.055465 0.705135 0.704928
72.176000000 15.092414 1.659359 0.091118 -0.052768 0.055465 0.705135 0.704928
72.196000000 15.092414 1.659359 0.091118 -0.052768 0.055465 0.705135 0.704928
72.216000000 15.092414 1.659359 0.091118 -0.052768 0.055465 0.705135 0.704928
72.236000000 15.092414 1.659359 0.091118 -0.052768 0.055465 0.705135 0.704928
72.256000000 15.092414 1.659359 0.091118 -0.052768 0.055465 0.705135 0.704928
72.276000000 15.092414 1.659359 0.091118 -0.052768 0.055465 0.705135 0.704928
72.296000000 15.092414 1.659359 0.091118 -0.052768 0.055465 0.705135 0.704928
72.316000000 15.092414 1.659359 0.091118 -0.052768 0.055465 0.705135 0.704928
72.336000000 15.092414 1.659359 0.091118 -0.052768 0.055465 0.705135 0.704928
72.356000000 15.092414 1.659359 0.091118 -0.052768 0.055465 0.705135 0.704928
72.376000000 15.092414 1.659359 0.091118 -0.052768 0.055465 0.705135 0.704928
72.396000000 15.092414 1.659359 0.091118 -0.052768 0.055465 0.705135 0.704928
72.416000000 15.092414 1.659359 0.091118 -0.052768 0.055465 0.705135 0.704928
72.436000000 15.092414 1.659359 0.091118 -0.052768 0.055465 0.705135 0.704928
72.456000000 15.092414 1.659359 0.091118 -0.052768 0.055465 0.705135 0.704928
72.476000000 15.092414 1.659359 0.091118 -0.052768 0.055465 0.705135 0.704928
72.496000000 15.092414 1.659359 0.091118 -0.052768 0.055465 0.705135 0.704928
72.516000000 15.092414 1.659359 0.091118 -0.052768 0.055465 0.705135 0.704928
72.536000000 15.092414 1.659359 0.091118 -0.052768 0.055465 0.705135 0.704928
72.556000000 15.092414 1.659359 0.091118 -0.052768 0.055465 0.705135 0.704928
72.576000000 15.092414 1.659359 0.091118 -0.052768 0.055465 0.705135 0.704928
72.596000000 15.092414 1.659359 0.091118 -0.052768 0.055465 0.705135 0.704928
72.616000000 15.092414 1.659359 0.091118 -0.052768 0.055465 0.705135 0.704928
72.636000000 15.092414 1.659359 0.091119 -0.052769 0.055465 0.705135 0.704928
72.656000000 15.092414 1.659359 0.091124 -0.052776 0.055472 0.705135 0.704928
72.676000000 15.092414 1.659358 0.091134 -0.052791 0.055487 0.705133 0.704926
72.696000000 15.092414 1.659357 0.091149 -0.052813 0.055510 0.705132 0.704925
72.716000000 15.092414 1.659355 0.091170 -0.052843 0.055540 0.705130 0.704922
72.736000000 15.092414 1.659353 0.091195 -0.052880 0.055577 0.705127 0.704919
72.756000000 15.092414 1.659351 0.091225 -0.052924 0.055621 0.705123 0.704916
72.776000000 15.092414 1.659348 0.091260 -0.052975 0.055672 0.705120 0.704912
72.796000000 15.092414 1.659345 0.091299 -0.053032 0.055729 0.705115 0.704907
72.816000000 15.092414 1.659342 0.091342 -0.053096 0.055792 0.705111 0.704902
72.836000000 15.092415 1.659338 0.091389 -0.053165 0.055861 0.705105 0.704897
72.856000000 15.092415 1.659335 0.091440 -0.053239 0.055935 0.705100 0.704891
72.876000000 15.092415 1.659331 0.091494 -0.053318 0.056014 0.705094 0.704885
72.896000000 15.092415 1.659326 0.091550 -0.053401 0.056097 0.705087 0.704878
72.916000000 15.092415 1.659322 0.091610 -0.053488 0.056184 0.705081 0.704871
72.936000000 15.092416 1.659317 0.091671 -0.053578 0.056274 0.705074 0.704864
72.956000000 15.092416 1.659312 0.091735 -0.053671 0.056367 0.705067 0.704857
72.976000000 15.092416 1.659308 0.091800 -0.053766 0.056463 0.705060 0.704849
72.996000000 15.092416 1.659303 0.091866 -0.053864 0.056560 0.705052 0.704841
73.016000000 15.092417 1.659298 0.091933 -0.053962 0.056658 0.705045 0.704833
73.036000000 15.092417 1.659293 0.092001 -0.054061 0.056757 0.705037 0.704825
73.056000000 15.092417 1.659288 0.092069 -0.054161 0.056857 0.705029 0.704817
73.076000000 15.092417 1.659283 0.092138 -0.054261 0.056957 0.705022 0.704809
73.096000000 15.092418 1.659278 0.092205 -0.054360 0.057056 0.705014 0.704801
73.116000000 15.092418 1.659273 0.092273 -0.054459 0.057155 0.705007 0.704793
73.136000000 15.092418 1.659268 0.092339 -0.054556 0.057252 0.704999 0.704785
73.156000000 15.092418 1.659264 0.092405 -0.054653 0.057349 0.704992 0.704777
73.176000000 15.092419 1.659259 0.092470 -0.054747 0.057443 0.704984 0.704770
73.196000000 15.092413 1.659261 0.092529 -0.054864 0.057530 0.704965 0.704773
73.216000000 15.092413 1.659256 0.092591 -0.054955 0.057621 0.704958 0.704765
73.236000000 15.092414 1.659252 0.092652 -0.055044 0.057710 0.704952 0.704757
73.256000000 15.092414 1.659247 0.092711 -0.055131 0.057797 0.704945 0.704750
73.276000000 15.092415 1.659243 0.092769 -0.055215 0.057881 0.704939 0.704742
73.296000000 15.092415 1.659239 0.092824 -0.055297 0.057963 0.704933 0.704735
73.316000000 15.092416 1.659235 0.092878 -0.055375 0.058041 0.704927 0.704728
73.336000000 15.092416 1.659231 0.092930 -0.055451 0.058117 0.704922 0.704722
73.356000000 15.092417 1.659227 0.092980 -0.055524 0.058190 0.704917 0.704715
73.376000000 15.092417 1.659224 0.093028 -0.055594 0.058260 0.704911 0.704709
73.396000000 15.092417 1.659220 0.093074 -0.055662 0.058327 0.704906 0.704703
73.416000000 15.092418 1.659217 0.093118 -0.055727 0.058392 0.704902 0.704698
73.436000000 15.092418 1.659214 0.093160 -0.055789 0.058454 0.704897 0.704692
73.456000000 15.092419 1.659211 0.093201 -0.055849 0.058514 0.704892 0.704687
73.476000000 15.092419 1.659208 0.093240 -0.055906 0.058571 0.704888 0.704682
73.496000000 15.092419 1.659205 0.093278 -0.055961 0.058626 0.704884 0.704677
73.516000000 15.092419 1.659203 0.093314 -0.056014 0.058679 0.704880 0.704673
73.536000000 15.092420 1.659200 0.093349 -0.056065 0.058730 0.704876 0.704668
73.556000000 15.092420 1.659198 0.093382 -0.056114 0.058779 0.704873 0.704664
73.576000000 15.092420 1.659196 0.093415 -0.056161 0.058826 0.704869 0.704660
73.596000000 15.092421 1.659193 0.093446 -0.056207 0.058872 0.704866 0.704656
73.616000000 15.092421 1.659191 0.093476 -0.056251 0.058916 0.704862 0.704652
73.636000000 15.092421 1.659189 0.093505 -0.056294 0.058959 0.704859 0.704648
73.656000000 15.092421 1.659187 0.093534 -0.056336 0.059000 0.704856 0.704644
73.676000000 15.092421 1.659185 0.093561 -0.056376 0.059041 0.704853 0.704641
73.696000000 15.092422 1.659183 0.093589 -0.056416 0.059080 0.704850 0.704637
73.716000000 15.092422 1.659181 0.093615 -0.056454 0.059119 0.704847 0.704634
73.736000000 15.092422 1.659180 0.093641 -0.056492 0.059157 0.704844 0.704631
73.756000000 15.092422 1.659178 0.093666 -0.056530 0.059194 0.704841 0.704627
73.776000000 15.092422 1.659176 0.093691 -0.056566 0.059231 0.704838 0.704624
73.796000000 15.092423 1.659174 0.093716 -0.056602 0.059267 0.704835 0.704621
73.816000000 15.092423 1.659173 0.093740 -0.056638 0.059302 0.704833 0.704618
73.836000000 15.092423 1.659171 0.093764 -0.056673 0.059337 0.704830 0.704615
73.856000000 15.092423 1.659169 0.093788 -0.056708 0.059372 0.704827 0.704612
73.876000000 15.092423 1.659168 0.093812 -0.056742 0.059407 0.704825 0.704609
73.896000000 15.092423 1.659166 0.093835 -0.056777 0.059441 0.704822 0.704606
73.916000000 15.092424 1.659165 0.093858 -0.056810 0.059474 0.704819 0.704603
73.936000000 15.092424 1.659163 0.093881 -0.056844 0.059508 0.704817 0.704600
73.956000000 15.092424 1.659162 0.093904 -0.056877 0.059541 0.704814 0.704597
73.976000000 15.092424 1.659160 0.093926 -0.056910 0.059574 0.704811 0.704594
73.996000000 15.092424 1.659159 0.093948 -0.056942 0.059606 0.704809 0.704591
74.016000000 15.092424 1.659157 0.093970 -0.056975 0.059639 0.704806 0.704589
74.036000000 15.092424 1.659156 0.093992 -0.057006 0.059670 0.704804 0.704586
74.056000000 15.092424 1.659154 0.094013 -0.057038 0.059702 0.704801 0.704583
74.076000000 15.092425 1.659153 0.094034 -0.057068 0.059732 0.704799 0.704580
74.096000000 15.092425 1.659151 0.094055 -0.057099 0.059763 0.704797 0.704578
74.116000000 15.092425 1.659150 0.094075 -0.057128 0.059792 0.704794 0.704575
74.136000000 15.092425 1.659149 0.094095 -0.057158 0.059821 0.704792 0.704573
74.156000000 15.092425 1.659147 0.094115 -0.057186 0.059850 0.704790 0.704570
74.176000000 15.092425 1.659146 0.094134 -0.057214 0.059878 0.704787 0.704568
74.196000000 15.092425 1.659145 0.094152 -0.057241 0.059904 0.704785 0.704566
74.216000000 15.092425 1.659144 0.094170 -0.057267 0.059931 0.704783 0.704563
74.236000000 15.092425 1.659143 0.094187 -0.057292 0.059956 0.704781 0.704561
74.256000000 15.092426 1.659142 0.094204 -0.057316 0.059980 0.704779 0.704559
74.276000000 15.092426 1.659141 0.094220 -0.057340 0.060003 0.704777 0.704557
74.296000000 15.092426 1.659140 0.094235 -0.057362 0.060026 0.704776 0.704555
74.316000000 15.092426 1.659139 0.094249 -0.057383 0.060047 0.704774 0.704553
74.336000000 15.092426 1.659138 0.094263 -0.057403 0.060067 0.704772 0.704552
74.356000000 15.092426 1.659137 0.094276 -0.057422 0.060085 0.704771 0.704550
74.376000000 15.092426 1.659136 0.094288 -0.057439 0.060103 0.704769 0.704548
74.396000000 15.092426 1.659135 0.094299 -0.057456 0.060119 0.704768 0.704547
74.416000000 15.092426 1.659135 0.094309 -0.057471 0.060135 0.704767 0.704546
74.436000000 15.092426 1.659134 0.094319 -0.057485 0.060148 0.704766 0.704544
74.456000000 15.092426 1.659134 0.094327 -0.057497 0.060161 0.704765 0.704543
74.476000000 15.092426 1.659133 0.094335 -0.057508 0.060172 0.704764 0.704542
74.496000000 15.092426 1.659133 0.094342 -0.057518 0.060182 0.704763 0.704542
74.516000000 15.092426 1.659132 0.094347 -0.057526 0.060190 0.704763 0.704541
74.536000000 15.092426 1.659132 0.094352 -0.057533 0.060197 0.704762 0.704540
74.556000000 15.092426 1.659132 0.094355 -0.057538 0.060201 0.704762 0.704540
74.576000000 15.092426 1.659132 0.094359 -0.057543 0.060206 0.704761 0.704539
74.596000000 15.092426 1.659131 0.094360 -0.057545 0.060209 0.704761 0.704539
74.616000000 15.092426 1.659131 0.094361 -0.057546 0.060210 0.704761 0.704539
74.636000000 15.092426 1.659131 0.094361 -0.057546 0.060210 0.704761 0.704539
74.656000000 15.092426 1.659131 0.094360 -0.057545 0.060209 0.704761 0.704539
74.676000000 15.092426 1.659132 0.094358 -0.057543 0.060206 0.704761 0.704539
74.696000000 15.092426 1.659132 0.094355 -0.057537 0.060201 0.704762 0.704540
74.716000000 15.092426 1.659132 0.094351 -0.057531 0.060195 0.704762 0.704540
74.736000000 15.092426 1.659132 0.094346 -0.057524 0.060188 0.704763 0.704541
74.756000000 15.092426 1.659133 0.094340 -0.057516 0.060179 0.704764 0.704542
74.776000000 15.092426 1.659133 0.094333 -0.057506 0.060169 0.704764 0.704542
74.796000000 15.092426 1.659134 0.094326 -0.057495 0.060158 0.704765 0.704543
74.816000000 15.092426 1.659134 0.094317 -0.057482 0.060146 0.704766 0.704544
74.836000000 15.092426 1.659135 0.094308 -0.057469 0.060132 0.704767 0.704545
74.856000000 15.092426 1.659135 0.094298 -0.057454 0.060118 0.704769 0.704547
74.876000000 15.092426 1.659136 0.094287 -0.057438 0.060102 0.704770 0.704548
74.896000000 15.092426 1.659137 0.094275 -0.057421 0.060085 0.704771 0.704550
74.916000000 15.092426 1.659137 0.094263 -0.057403 0.060066 0.704773 0.704551
74.936000000 15.092426 1.659138 0.094249 -0.057383 0.060047 0.704774 0.704553
74.956000000 15.092426 1.659139 0.094235 -0.057363 0.060026 0.704776 0.704554
74.976000000 15.092426 1.659140 0.094221 -0.057341 0.060004 0.704778 0.704556
74.996000000 15.092426 1.659141 0.094205 -0.057318 0.059982 0.704780 0.704558
75.016000000 15.092426 1.659142 0.094189 -0.057294 0.059958 0.704782 0.704560
75.036000000 15.092426 1.659143 0.094171 -0.057269 0.059933 0.704784 0.704562
75.056000000 15.092426 1.659144 0.094154 -0.057243 0.059907 0.704786 0.704565
75.076000000 15.092426 1.659146 0.094135 -0.057216 0.059879 0.704788 0.704567
75.096000000 15.092426 1.659147 0.094116 -0.057188 0.059851 0.704790 0.704569
75.116000000 15.092426 1.659148 0.094096 -0.057158 0.059822 0.704793 0.704572
75.136000000 15.092425 1.659149 0.094075 -0.057128 0.059792 0.704795 0.704574
75.156000000 15.092425 1.659151 0.094054 -0.057097 0.059760 0.704798 0.704577
75.176000000 15.092425 1.659152 0.094031 -0.057064 0.059728 0.704800 0.704580
75.196000000 15.092425 1.659154 0.094009 -0.057031 0.059695 0.704803 0.704583
75.216000000 15.092425 1.659155 0.093985 -0.056997 0.059660 0.704806 0.704586
75.236000000 15.092425 1.659157 0.093961 -0.056961 0.059625 0.704809 0.704589
75.256000000 15.092425 1.659158 0.093936 -0.056925 0.059588 0.704812 0.704592
75.276000000 15.092425 1.659160 0.093911 -0.056887 0.059551 0.704815 0.704595
75.296000000 15.092425 1.659162 0.093884 -0.056849 0.059513 0.704818 0.704598
75.316000000 15.092425 1.659164 0.093858 -0.056810 0.059474 0.704821 0.704601
75.336000000 15.092425 1.659165 0.093830 -0.056770 0.059433 0.704824 0.704605
75.356000000 15.092424 1.659167 0.093802 -0.056728 0.059392 0.704828 0.704608
75.376000000 15.092424 1.659169 0.093773 -0.056686 0.059350 0.704831 0.704612
75.396000000 15.092424 1.659171 0.093744 -0.056643 0.059307 0.704834 0.704615
75.416000000 15.092424 1.659173 0.093714 -0.056599 0.059263 0.704838 0.704619
75.436000000 15.092424 1.659175 0.093683 -0.056554 0.059218 0.704842 0.704623
75.456000000 15.092424 1.659177 0.093652 -0.056508 0.059172 0.704845 0.704627
75.476000000 15.092424 1.659179 0.093620 -0.056462 0.059126 0.704849 0.704631
75.496000000 15.092424 1.659181 0.093587 -0.056414 0.059078 0.704853 0.704635
75.516000000 15.092424 1.659184 0.093554 -0.056366 0.059030 0.704857 0.704639
75.536000000 15.092423 1.659186 0.093521 -0.056317 0.058981 0.704861 0.704643
75.556000000 15.092423 1.659188 0.093486 -0.056267 0.058930 0.704865 0.704647
75.576000000 15.092423 1.659190 0.093452 -0.056216 0.058880 0.704869 0.704651
75.596000000 15.092423 1.659193 0.093416 -0.056164 0.058828 0.704873 0.704655
75.616000000 15.092423 1.659195 0.093380 -0.056112 0.058775 0.704877 0.704660
75.636000000 15.092423 1.659198 0.093344 -0.056058 0.058722 0.704881 0.704664
75.656000000 15.092423 1.659200 0.093307 -0.056004 0.058668 0.704885 0.704669
75.676000000 15.092422 1.659203 0.093270 -0.055949 0.058613 0.704890 0.704673
75.696000000 15.092422 1.659205 0.093232 -0.055894 0.058558 0.704894 0.704678
75.716000000 15.092422 1.659208 0.093193 -0.055838 0.058502 0.704899 0.704683
75.736000000 15.092422 1.659211 0.093154 -0.055781 0.058445 0.704903 0.704687
75.756000000 15.092422 1.659213 0.093115 -0.055723 0.058387 0.704908 0.704692
75.776000000 15.092422 1.659216 0.093075 -0.055665 0.058329 0.704912 0.704697
75.796000000 15.092422 1.659219 0.093035 -0.055606 0.058270 0.704917 0.704702
75.816000000 15.092421 1.659222 0.092994 -0.055547 0.058211 0.704922 0.704707
75.836000000 15.092421 1.659224 0.092953 -0.055486 0.058151 0.704926 0.704712
75.856000000 15.092421 1.659227 0.092912 -0.055426 0.058090 0.704931 0.704717
75.876000000 15.092421 1.659230 0.092870 -0.055365 0.058029 0.704936 0.704722
75.896000000 15.092421 1.659233 0.092828 -0.055303 0.057967 0.704941 0.704727
75.916000000 15.092421 1.659236 0.092785 -0.055240 0.057905 0.704946 0.704732
75.936000000 15.092420 1.659239 0.092742 -0.055178 0.057842 0.704951 0.704737
75.956000000 15.092420 1.659242 0.092699 -0.055114 0.057778 0.704956 0.704742
75.976000000 15.092420 1.659245 0.092656 -0.055051 0.057715 0.704961 0.704747
75.996000000 15.092420 1.659248 0.092612 -0.054986 0.057651 0.704966 0.704753
76.016000000 15.092420 1.659251 0.092568 -0.054922 0.057586 0.704971 0.704758
76.036000000 15.092420 1.659254 0.092523 -0.054857 0.057521 0.704976 0.704763
76.056000000 15.092419 1.659258 0.092479 -0.054791 0.057456 0.704981 0.704769
76.076000000 15.092419 1.659261 0.092434 -0.054726 0.057390 0.704986 0.704774
76.096000000 15.092419 1.659264 0.092389 -0.054660 0.057324 0.704991 0.704779
76.116000000 15.092419 1.659267 0.092343 -0.054594 0.057258 0.704996 0.704785
76.136000000 15.092419 1.659271 0.092298 -0.054527 0.057191 0.705001 0.704790
76.156000000 15.092419 1.659274 0.092252 -0.054460 0.057124 0.705006 0.704796
76.176000000 15.092418 1.659277 0.092207 -0.054393 0.057057 0.705012 0.704801
76.196000000 15.092418 1.659280 0.092161 -0.054326 0.056990 0.705017 0.704806
76.216000000 15.092418 1.659284 0.092115 -0.054258 0.056923 0.705022 0.704812
76.236000000 15.092418 1.659287 0.092068 -0.054191 0.056855 0.705027 0.704817
76.256000000 15.092418 1.659291 0.092022 -0.054123 0.056787 0.705032 0.704823
76.276000000 15.092418 1.659294 0.091976 -0.054055 0.056719 0.705038 0.704828
76.296000000 15.092417 1.659297 0.091929 -0.053987 0.056652 0.705043 0.704834
76.316000000 15.092417 1.659301 0.091883 -0.053919 0.056584 0.705048 0.704839
76.336000000 15.092417 1.659304 0.091836 -0.053851 0.056515 0.705053 0.704845
76.356000000 15.092417 1.659308 0.091790 -0.053783 0.056447 0.705058 0.704850
76.376000000 15.092417 1.659311 0.091743 -0.053715 0.056379 0.705064 0.704856
76.396000000 15.092417 1.659315 0.091697 -0.053646 0.056311 0.705069 0.704861
76.416000000 15.092416 1.659318 0.091650 -0.053578 0.056243 0.705074 0.704866
76.436000000 15.092416 1.659321 0.091604 -0.053510 0.056175 0.705079 0.704872
76.456000000 15.092416 1.659325 0.091557 -0.053442 0.056107 0.705084 0.704877
76.476000000 15.092416 1.659328 0.091511 -0.053375 0.056039 0.705089 0.704883
76.496000000 15.092416 1.659332 0.091465 -0.053307 0.055971 0.705095 0.704888
76.516000000 15.092415 1.659335 0.091419 -0.053239 0.055904 0.705100 0.704893
76.536000000 15.092415 1.659339 0.091373 -0.053172 0.055837 0.705105 0.704899
76.556000000 15.092415 1.659342 0.091327 -0.053105 0.055769 0.705110 0.704904
76.576000000 15.092415 1.659346 0.091281 -0.053038 0.055702 0.705115 0.704909
76.596000000 15.092415 1.659349 0.091235 -0.052971 0.055636 0.705120 0.704915
76.616000000 15.092415 1.659353 0.091190 -0.052904 0.055569 0.705125 0.704920
76.636000000 15.092414 1.659356 0.091145 -0.052838 0.055503 0.705130 0.704925
76.656000000 15.092414 1.659360 0.091100 -0.052772 0.055437 0.705135 0.704930
76.676000000 15.092414 1.659362 0.091066 -0.052722 0.055384 0.705139 0.704935
76.696000000 15.092414 1.659364 0.091048 -0.052697 0.055356 0.705140 0.704937
76.716000000 15.092414 1.659364 0.091046 -0.052693 0.055352 0.705141 0.704937
76.736000000 15.092414 1.659364 0.091046 -0.052693 0.055352 0.705141 0.704937
76.756000000 15.092414 1.659364 0.091046 -0.052693 0.055352 0.705141 0.704937
76.776000000 15.092414 1.659364 0.091046 -0.052693 0.055352 0.705141 0.704937
76.796000000 15.092414 1.659364 0.091046 -0.052694 0.055353 0.705141 0.704937
76.816000000 15.092414 1.659364 0.091046 -0.052694 0.055353 0.705141 0.704937
76.836000000 15.092414 1.659364 0.091046 -0.052694 0.055353 0.705141 0.704937
76.856000000 15.092414 1.659364 0.091047 -0.052695 0.055354 0.705141 0.704937
76.876000000 15.092414 1.659364 0.091047 -0.052695 0.055354 0.705141 0.704937
76.896000000 15.092414 1.659364 0.091047 -0.052695 0.055354 0.705141 0.704937
76.916000000 15.092414 1.659364 0.091047 -0.052695 0.055354 0.705141 0.704937
76.936000000 15.092414 1.659364 0.091048 -0.052696 0.055355 0.705141 0.704937
76.956000000 15.092414 1.659364 0.091048 -0.052696 0.055355 0.705141 0.704937
76.976000000 15.092414 1.659364 0.091048 -0.052696 0.055355 0.705141 0.704937
76.996000000 15.092414 1.659364 0.091048 -0.052696 0.055355 0.705141 0.704937
77.016000000 15.092414 1.659364 0.091048 -0.052696 0.055355 0.705141 0.704937
77.036000000 15.092414 1.659364 0.091048 -0.052696 0.055355 0.705141 0.704937
77.056000000 15.092414 1.659364 0.091048 -0.052696 0.055355 0.705141 0.704937
77.076000000 15.092414 1.659364 0.091048 -0.052696 0.055355 0.705141 0.704937
77.096000000 15.092414 1.659364 0.091048 -0.052696 0.055355 0.705141 0.704937
77.116000000 15.092414 1.659364 0.091048 -0.052696 0.055355 0.705141 0.704937
77.136000000 15.092414 1.659364 0.091048 -0.052696 0.055355 0.705141 0.704937
77.156000000 15.092414 1.659364 0.091048 -0.052696 0.055355 0.705141 0.704937
77.176000000 15.092414 1.659364 0.091048 -0.052696 0.055355 0.705141 0.704937
77.196000000 15.092414 1.659364 0.091048 -0.052696 0.055355 0.705141 0.704937
77.216000000 15.092414 1.659364 0.091048 -0.052696 0.055355 0.705141 0.704937
77.236000000 15.092414 1.659364 0.091048 -0.052696 0.055355 0.705141 0.704937
77.256000000 15.092414 1.659364 0.091048 -0.052696 0.055355 0.705141 0.704937
77.276000000 15.092414 1.659364 0.091048 -0.052696 0.055355 0.705141 0.704937
77.296000000 15.092414 1.659364 0.091048 -0.052696 0.055355 0.705141 0.704937
77.316000000 15.092414 1.659364 0.091048 -0.052696 0.055355 0.705141 0.704937
77.336000000 15.092414 1.659364 0.091048 -0.052696 0.055355 0.705141 0.704937
77.356000000 15.092414 1.659364 0.091048 -0.052696 0.055355 0.705141 0.704937
77.376000000 15.092414 1.659364 0.091048 -0.052696 0.055355 0.705141 0.704937
77.396000000 15.092414 1.659364 0.091048 -0.052696 0.055355 0.705141 0.704937
77.416000000 15.092414 1.659364 0.091048 -0.052696 0.055355 0.705141 0.704937
77.436000000 15.092414 1.659364 0.091048 -0.052696 0.055355 0.705141 0.704937
77.456000000 15.092414 1.659364 0.091048 -0.052696 0.055355 0.705141 0.704937
77.476000000 15.092414 1.659364 0.091048 -0.052696 0.055355 0.705141 0.704937
77.496000000 15.092414 1.659364 0.091048 -0.052696 0.055355 0.705141 0.704937
77.516000000 15.092414 1.659364 0.091048 -0.052696 0.055355 0.705141 0.704937
77.536000000 15.092414 1.659364 0.091048 -0.052696 0.055355 0.705141 0.704937
77.556000000 15.092414 1.659364 0.091048 -0.052696 0.055355 0.705141 0.704937
77.576000000 15.092414 1.659364 0.091048 -0.052696 0.055355 0.705141 0.704937
77.596000000 15.092414 1.659364 0.091048 -0.052696 0.055355 0.705141 0.704937
77.616000000 15.092414 1.659364 0.091048 -0.052696 0.055355 0.705141 0.704937
77.636000000 15.092414 1.659364 0.091048 -0.052696 0.055355 0.705141 0.704937
77.656000000 15.092414 1.659364 0.091048 -0.052696 0.055355 0.705141 0.704937
77.676000000 15.092414 1.659364 0.091048 -0.052696 0.055355 0.705141 0.704937
77.696000000 15.092414 1.659364 0.091048 -0.052696 0.055355 0.705141 0.704937
77.716000000 15.092414 1.659364 0.091048 -0.052696 0.055355 0.705141 0.704937
77.736000000 15.092414 1.659364 0.091048 -0.052696 0.055355 0.705141 0.704937
77.756000000 15.092414 1.659364 0.091048 -0.052696 0.055355 0.705141 0.704937
77.776000000 15.092414 1.659364 0.091048 -0.052696 0.055355 0.705141 0.704937
77.796000000 15.092414 1.659364 0.091048 -0.052696 0.055355 0.705141 0.704937
77.816000000 15.092414 1.659364 0.091048 -0.052696 0.055355 0.705141 0.704937
77.836000000 15.092414 1.659364 0.091048 -0.052696 0.055355 0.705141 0.704937
77.856000000 15.092414 1.659364 0.091048 -0.052696 0.055355 0.705141 0.704937
77.876000000 15.092414 1.659364 0.091048 -0.052696 0.055355 0.705141 0.704937
77.896000000 15.092414 1.659364 0.091048 -0.052696 0.055355 0.705141 0.704937
77.916000000 15.092414 1.659364 0.091048 -0.052696 0.055355 0.705141 0.704937
77.936000000 15.092414 1.659364 0.091048 -0.052696 0.055355 0.705141 0.704937
77.956000000 15.092414 1.659364 0.091048 -0.052696 0.055355 0.705141 0.704937
77.976000000 15.092414 1.659364 0.091048 -0.052696 0.055355 0.705141 0.704937
77.996000000 15.092414 1.659364 0.091048 -0.052696 0.055355 0.705141 0.704937
78.016000000 15.092414 1.659364 0.091048 -0.052696 0.055355 0.705141 0.704937
78.036000000 15.092414 1.659364 0.091048 -0.052696 0.055355 0.705141 0.704937
78.056000000 15.092414 1.659364 0.091048 -0.052696 0.055355 0.705141 0.704937
78.076000000 15.092414 1.659364 0.091048 -0.052696 0.055355 0.705141 0.704937
78.096000000 15.092414 1.659364 0.091048 -0.052696 0.055355 0.705141 0.704937
78.116000000 15.092414 1.659364 0.091048 -0.052696 0.055355 0.705141 0.704937
78.136000000 15.092414 1.659364 0.091048 -0.052696 0.055355 0.705141 0.704937
78.156000000 15.092414 1.659364 0.091048 -0.052696 0.055355 0.705141 0.704937
78.176000000 15.092414 1.659364 0.091048 -0.052696 0.055355 0.705141 0.704937
78.196000000 15.092414 1.659364 0.091048 -0.052696 0.055355 0.705141 0.704937
78.216000000 15.092414 1.659364 0.091048 -0.052696 0.055355 0.705141 0.704937
78.236000000 15.092414 1.659364 0.091048 -0.052696 0.055355 0.705141 0.704937
78.256000000 15.092414 1.659364 0.091048 -0.052696 0.055355 0.705141 0.704937
78.276000000 15.092414 1.659364 0.091048 -0.052696 0.055355 0.705141 0.704937
78.296000000 15.092414 1.659364 0.091048 -0.052696 0.055355 0.705141 0.704937
78.316000000 15.092414 1.659364 0.091048 -0.052696 0.055355 0.705141 0.704937
78.336000000 15.092414 1.659364 0.091048 -0.052696 0.055355 0.705141 0.704937
78.356000000 15.092414 1.659364 0.091048 -0.052696 0.055355 0.705141 0.704937
78.376000000 15.092414 1.659364 0.091048 -0.052696 0.055355 0.705141 0.704937
78.396000000 15.092414 1.659364 0.091048 -0.052696 0.055355 0.705141 0.704937
78.416000000 15.092414 1.659364 0.091048 -0.052696 0.055355 0.705141 0.704937
78.436000000 15.092414 1.659364 0.091048 -0.052696 0.055355 0.705141 0.704937
78.456000000 15.092414 1.659364 0.091048 -0.052696 0.055355 0.705141 0.704937
78.476000000 15.092414 1.659364 0.091048 -0.052696 0.055355 0.705141 0.704937
78.496000000 15.092414 1.659364 0.091048 -0.052696 0.055355 0.705141 0.704937
78.516000000 15.092414 1.659364 0.091048 -0.052696 0.055355 0.705141 0.704937
78.536000000 15.092414 1.659364 0.091048 -0.052696 0.055355 0.705141 0.704937
78.556000000 15.092414 1.659364 0.091048 -0.052696 0.055355 0.705141 0.704937
78.576000000 15.092414 1.659364 0.091048 -0.052696 0.055355 0.705141 0.704937
78.596000000 15.092414 1.659364 0.091048 -0.052696 0.055355 0.705141 0.704937
78.616000000 15.092414 1.659364 0.091048 -0.052696 0.055355 0.705141 0.704937
78.636000000 15.092414 1.659364 0.091048 -0.052696 0.055355 0.705141 0.704937
78.656000000 15.092414 1.659364 0.091048 -0.052696 0.055355 0.705141 0.704937
78.676000000 15.092414 1.659364 0.091048 -0.052696 0.055355 0.705141 0.704937
78.696000000 15.092414 1.659364 0.091048 -0.052696 0.055355 0.705141 0.704937
78.716000000 15.092414 1.659364 0.091048 -0.052696 0.055355 0.705141 0.704937
78.736000000 15.092414 1.659364 0.091048 -0.052696 0.055355 0.705141 0.704937
78.756000000 15.092414 1.659364 0.091048 -0.052696 0.055355 0.705141 0.704937
78.776000000 15.092414 1.659364 0.091048 -0.052696 0.055355 0.705141 0.704937
78.796000000 15.092414 1.659364 0.091048 -0.052696 0.055355 0.705141 0.704937
78.816000000 15.092414 1.659364 0.091048 -0.052696 0.055355 0.705141 0.704937
78.836000000 15.092414 1.659364 0.091048 -0.052696 0.055355 0.705141 0.704937
78.856000000 15.092414 1.659364 0.091048 -0.052696 0.055355 0.705141 0.704937
78.876000000 15.092414 1.659364 0.091048 -0.052696 0.055355 0.705141 0.704937
78.896000000 15.092414 1.659364 0.091048 -0.052696 0.055355 0.705141 0.704937
78.916000000 15.092414 1.659364 0.091048 -0.052696 0.055355 0.705141 0.704937
78.936000000 15.092414 1.659364 0.091048 -0.052696 0.055355 0.705141 0.704937
78.956000000 15.092414 1.659364 0.091048 -0.052696 0.055355 0.705141 0.704937
78.976000000 15.092414 1.659364 0.091048 -0.052696 0.055355 0.705141 0.704937
78.996000000 15.092414 1.659364 0.091048 -0.052696 0.055355 0.705141 0.704937
79.016000000 15.092414 1.659364 0.091048 -0.052696 0.055355 0.705141 0.704937
79.036000000 15.092414 1.659364 0.091048 -0.052696 0.055355 0.705141 0.704937
79.056000000 15.092414 1.659364 0.091048 -0.052696 0.055355 0.705141 0.704937
79.076000000 15.092414 1.659364 0.091048 -0.052696 0.055355 0.705141 0.704937
79.096000000 15.092414 1.659364 0.091048 -0.052696 0.055355 0.705141 0.704937
79.116000000 15.092414 1.659364 0.091048 -0.052696 0.055355 0.705141 0.704937
79.136000000 15.092414 1.659364 0.091048 -0.052696 0.055355 0.705141 0.704937
79.156000000 15.092414 1.659364 0.091048 -0.052696 0.055355 0.705141 0.704937
79.176000000 15.092414 1.659364 0.091048 -0.052696 0.055355 0.705141 0.704937
79.196000000 15.092414 1.659364 0.091048 -0.052696 0.055355 0.705141 0.704937
79.216000000 15.092414 1.659364 0.091048 -0.052696 0.055355 0.705141 0.704937
79.236000000 15.092414 1.659364 0.091048 -0.052696 0.055355 0.705141 0.704937
79.256000000 15.092414 1.659364 0.091048 -0.052696 0.055355 0.705141 0.704937
79.276000000 15.092414 1.659364 0.091048 -0.052696 0.055355 0.705141 0.704937
79.296000000 15.092414 1.659364 0.091048 -0.052696 0.055355 0.705141 0.704937
79.316000000 15.092414 1.659364 0.091048 -0.052696 0.055355 0.705141 0.704937
79.336000000 15.092414 1.659364 0.091048 -0.052696 0.055355 0.705141 0.704937
79.356000000 15.092414 1.659364 0.091048 -0.052696 0.055355 0.705141 0.704937
79.376000000 15.092414 1.659364 0.091048 -0.052696 0.055355 0.705141 0.704937
79.396000000 15.092414 1.659364 0.091048 -0.052696 0.055355 0.705141 0.704937
79.416000000 15.092414 1.659364 0.091048 -0.052696 0.055355 0.705141 0.704937
79.436000000 15.092414 1.659364 0.091048 -0.052696 0.055355 0.705141 0.704937
79.456000000 15.092414 1.659364 0.091048 -0.052696 0.055355 0.705141 0.704937
79.476000000 15.092414 1.659364 0.091048 -0.052696 0.055355 0.705141 0.704937
79.496000000 15.092414 1.659364 0.091048 -0.052696 0.055355 0.705141 0.704937
79.516000000 15.092414 1.659364 0.091048 -0.052696 0.055355 0.705141 0.704937
79.536000000 15.092414 1.659364 0.091048 -0.052696 0.055355 0.705141 0.704937
79.556000000 15.092414 1.659364 0.091048 -0.052696 0.055355 0.705141 0.704937
79.576000000 15.092414 1.659364 0.091048 -0.052696 0.055355 0.705141 0.704937
79.596000000 15.092414 1.659364 0.091048 -0.052696 0.055355 0.705141 0.704937
79.616000000 15.092414 1.659364 0.091048 -0.052696 0.055355 0.705141 0.704937
79.636000000 15.092414 1.659364 0.091048 -0.052696 0.055355 0.705141 0.704937
79.656000000 15.092414 1.659364 0.091048 -0.052696 0.055355 0.705141 0.704937
79.676000000 15.092414 1.659364 0.091048 -0.052696 0.055355 0.705141 0.704937
79.696000000 15.092414 1.659364 0.091048 -0.052696 0.055355 0.705141 0.704937
79.716000000 15.092414 1.659364 0.091048 -0.052696 0.055355 0.705141 0.704937
79.736000000 15.092414 1.659364 0.091048 -0.052696 0.055355 0.705141 0.704937
79.756000000 15.092414 1.659364 0.091048 -0.052696 0.055355 0.705141 0.704937
79.776000000 15.092414 1.659364 0.091048 -0.052696 0.055355 0.705141 0.704937
79.796000000 15.092414 1.659364 0.091048 -0.052696 0.055355 0.705141 0.704937
79.816000000 15.092414 1.659364 0.091048 -0.052696 0.055355 0.705141 0.704937
79.836000000 15.092414 1.659364 0.091048 -0.052696 0.055355 0.705141 0.704937
79.856000000 15.092414 1.659364 0.091048 -0.052696 0.055355 0.705141 0.704937
79.876000000 15.092414 1.659364 0.091048 -0.052696 0.055355 0.705141 0.704937
79.896000000 15.092414 1.659364 0.091048 -0.052696 0.055355 0.705141 0.704937
79.916000000 15.092414 1.659364 0.091048 -0.052696 0.055355 0.705141 0.704937
79.936000000 15.092414 1.659364 0.091048 -0.052696 0.055355 0.705141 0.704937
79.956000000 15.092414 1.659364 0.091048 -0.052696 0.055355 0.705141 0.704937
79.976000000 15.092414 1.659364 0.091048 -0.052696 0.055355 0.705141 0.704937
79.996000000 15.092414 1.659364 0.091048 -0.052696 0.055355 0.705141 0.704937
80.016000000 15.092414 1.659364 0.091048 -0.052696 0.055355 0.705141 0.704937
80.036000000 15.092414 1.659364 0.091048 -0.052696 0.055355 0.705141 0.704937
80.056000000 15.092414 1.659364 0.091048 -0.052696 0.055355 0.705141 0.704937
80.076000000 15.092414 1.659364 0.091048 -0.052696 0.055355 0.705141 0.704937
80.096000000 15.092414 1.659364 0.091048 -0.052696 0.055355 0.705141 0.704937
80.116000000 15.092414 1.659364 0.091048 -0.052696 0.055355 0.705141 0.704937
80.136000000 15.092414 1.659364 0.091048 -0.052696 0.055355 0.705141 0.704937
80.156000000 15.092414 1.659364 0.091048 -0.052696 0.055355 0.705141 0.704937
80.176000000 15.092414 1.659364 0.091048 -0.052696 0.055355 0.705141 0.704937
80.196000000 15.092414 1.659364 0.091048 -0.052696 0.055355 0.705141 0.704937
80.216000000 15.092414 1.659364 0.091048 -0.052696 0.055355 0.705141 0.704937
80.236000000 15.092414 1.659364 0.091048 -0.052696 0.055355 0.705141 0.704937
80.256000000 15.092414 1.659364 0.091048 -0.052696 0.055355 0.705141 0.704937
80.276000000 15.092414 1.659364 0.091048 -0.052696 0.055355 0.705141 0.704937
80.296000000 15.092414 1.659364 0.091048 -0.052696 0.055355 0.705141 0.704937
80.316000000 15.092414 1.659364 0.091048 -0.052696 0.055355 0.705141 0.704937
80.336000000 15.092414 1.659364 0.091048 -0.052696 0.055355 0.705141 0.704937
80.356000000 15.092414 1.659364 0.091048 -0.052696 0.055355 0.705141 0.704937
80.376000000 15.092414 1.659364 0.091048 -0.052696 0.055355 0.705141 0.704937
80.396000000 15.092414 1.659364 0.091048 -0.052696 0.055355 0.705141 0.704937
80.416000000 15.092414 1.659364 0.091048 -0.052696 0.055355 0.705141 0.704937
80.436000000 15.092414 1.659364 0.091048 -0.052696 0.055355 0.705141 0.704937
80.456000000 15.092414 1.659364 0.091048 -0.052696 0.055355 0.705141 0.704937
80.476000000 15.092414 1.659364 0.091048 -0.052696 0.055355 0.705141 0.704937
80.496000000 15.092414 1.659364 0.091048 -0.052696 0.055355 0.705141 0.704937
80.516000000 15.092414 1.659364 0.091048 -0.052696 0.055355 0.705141 0.704937
80.536000000 15.092414 1.659364 0.091048 -0.052696 0.055355 0.705141 0.704937
80.556000000 15.092414 1.659364 0.091048 -0.052696 0.055355 0.705141 0.704937
80.576000000 15.092414 1.659364 0.091048 -0.052696 0.055355 0.705141 0.704937
80.596000000 15.092414 1.659364 0.091048 -0.052697 0.055355 0.705140 0.704937
80.616000000 15.092414 1.659364 0.091048 -0.052697 0.055355 0.705140 0.704937
80.636000000 15.092414 1.659364 0.091048 -0.052697 0.055355 0.705140 0.704937
80.656000000 15.092414 1.659363 0.091055 -0.052707 0.055365 0.705140 0.704936
80.676000000 15.092414 1.659361 0.091086 -0.052752 0.055410 0.705136 0.704932
80.696000000 15.092415 1.659357 0.091142 -0.052834 0.055492 0.705130 0.704926
80.716000000 15.092415 1.659351 0.091221 -0.052950 0.055608 0.705121 0.704917
80.736000000 15.092415 1.659343 0.091322 -0.053097 0.055756 0.705110 0.704905
80.756000000 15.092416 1.659334 0.091442 -0.053274 0.055932 0.705097 0.704891
80.776000000 15.092416 1.659323 0.091579 -0.053475 0.056133 0.705082 0.704875
80.796000000 15.092416 1.659326 0.091728 -0.053694 0.056376 0.705066 0.704855
80.816000000 15.092417 1.659314 0.091893 -0.053935 0.056617 0.705047 0.704836
80.836000000 15.092418 1.659300 0.092068 -0.054192 0.056874 0.705027 0.704815
80.856000000 15.092418 1.659286 0.092251 -0.054460 0.057141 0.705007 0.704794
80.876000000 15.092419 1.659272 0.092439 -0.054735 0.057417 0.704985 0.704771
80.896000000 15.092420 1.659258 0.092630 -0.055016 0.057697 0.704964 0.704749
80.916000000 15.092421 1.659244 0.092823 -0.055298 0.057979 0.704942 0.704725
80.936000000 15.092421 1.659230 0.093015 -0.055578 0.058260 0.704919 0.704702
80.956000000 15.092422 1.659216 0.093204 -0.055855 0.058537 0.704898 0.704679
80.976000000 15.092423 1.659203 0.093389 -0.056126 0.058807 0.704876 0.704657
80.996000000 15.092423 1.659191 0.093568 -0.056388 0.059069 0.704855 0.704635
81.016000000 15.092424 1.659179 0.093740 -0.056640 0.059321 0.704835 0.704614
81.036000000 15.092425 1.659168 0.093904 -0.056880 0.059561 0.704816 0.704594
81.056000000 15.092425 1.659158 0.094059 -0.057107 0.059788 0.704797 0.704574
81.076000000 15.092426 1.659148 0.094204 -0.057318 0.059999 0.704780 0.704556
81.096000000 15.092426 1.659139 0.094338 -0.057514 0.060195 0.704764 0.704540
81.116000000 15.092427 1.659131 0.094460 -0.057694 0.060374 0.704749 0.704524
81.136000000 15.092427 1.659124 0.094571 -0.057856 0.060537 0.704736 0.704511
81.156000000 15.092428 1.659117 0.094671 -0.058001 0.060682 0.704724 0.704498
81.176000000 15.092428 1.659112 0.094758 -0.058129 0.060810 0.704714 0.704487
81.196000000 15.092428 1.659107 0.094833 -0.058239 0.060920 0.704704 0.704478
81.216000000 15.092428 1.659102 0.094897 -0.058333 0.061013 0.704697 0.704469
81.236000000 15.092429 1.659099 0.094950 -0.058410 0.061090 0.704690 0.704463
81.256000000 15.092429 1.659096 0.094991 -0.058471 0.061151 0.704685 0.704458
81.276000000 15.092429 1.659094 0.095023 -0.058516 0.061197 0.704682 0.704454
81.296000000 15.092429 1.659093 0.095044 -0.058547 0.061228 0.704679 0.704451
81.316000000 15.092429 1.659092 0.095056 -0.058565 0.061245 0.704677 0.704449
81.336000000 15.092429 1.659091 0.095059 -0.058570 0.061250 0.704677 0.704449
81.356000000 15.092429 1.659091 0.095055 -0.058563 0.061244 0.704678 0.704449
81.376000000 15.092429 1.659092 0.095043 -0.058546 0.061226 0.704679 0.704451
81.396000000 15.092429 1.659093 0.095024 -0.058518 0.061199 0.704681 0.704453
81.416000000 15.092429 1.659094 0.095000 -0.058483 0.061163 0.704684 0.704456
81.436000000 15.092429 1.659096 0.094970 -0.058439 0.061120 0.704688 0.704460
81.456000000 15.092428 1.659098 0.094936 -0.058390 0.061070 0.704692 0.704465
81.476000000 15.092428 1.659100 0.094898 -0.058334 0.061015 0.704697 0.704469
81.496000000 15.092428 1.659102 0.094857 -0.058275 0.060955 0.704701 0.704475
81.516000000 15.092428 1.659105 0.094814 -0.058211 0.060892 0.704707 0.704480
81.536000000 15.092428 1.659108 0.094769 -0.058145 0.060825 0.704712 0.704486
81.556000000 15.092428 1.659110 0.094722 -0.058077 0.060757 0.704718 0.704492
81.576000000 15.092427 1.659113 0.094675 -0.058007 0.060688 0.704724 0.704498
81.596000000 15.092427 1.659116 0.094627 -0.057937 0.060618 0.704729 0.704504
81.616000000 15.092427 1.659119 0.094579 -0.057868 0.060548 0.704735 0.704510
81.636000000 15.092427 1.659122 0.094532 -0.057799 0.060479 0.704741 0.704516
81.656000000 15.092427 1.659125 0.094486 -0.057731 0.060412 0.704746 0.704521
81.676000000 15.092427 1.659127 0.094441 -0.057665 0.060346 0.704752 0.704527
81.696000000 15.092426 1.659130 0.094397 -0.057601 0.060282 0.704757 0.704532
81.716000000 15.092426 1.659132 0.094355 -0.057540 0.060221 0.704762 0.704538
81.736000000 15.092426 1.659135 0.094315 -0.057481 0.060162 0.704767 0.704543
81.756000000 15.092426 1.659137 0.094277 -0.057426 0.060107 0.704771 0.704547
81.776000000 15.092426 1.659140 0.094241 -0.057373 0.060054 0.704775 0.704552
81.796000000 15.092426 1.659142 0.094208 -0.057324 0.060005 0.704779 0.704556
81.816000000 15.092426 1.659144 0.094176 -0.057278 0.059959 0.704783 0.704560
81.836000000 15.092425 1.659145 0.094147 -0.057236 0.059917 0.704787 0.704564
81.856000000 15.092425 1.659147 0.094120 -0.057196 0.059877 0.704790 0.704567
81.876000000 15.092425 1.659149 0.094095 -0.057160 0.059841 0.704793 0.704570
81.896000000 15.092425 1.659150 0.094073 -0.057127 0.059808 0.704795 0.704573
81.916000000 15.092425 1.659151 0.094052 -0.057096 0.059777 0.704798 0.704576
81.936000000 15.092425 1.659152 0.094033 -0.057068 0.059749 0.704800 0.704578
81.956000000 15.092425 1.659154 0.094016 -0.057043 0.059724 0.704802 0.704580
81.976000000 15.092425 1.659155 0.094000 -0.057020 0.059701 0.704804 0.704582
81.996000000 15.092425 1.659155 0.093986 -0.056999 0.059680 0.704806 0.704584
82.016000000 15.092425 1.659156 0.093973 -0.056980 0.059661 0.704807 0.704585
82.036000000 15.092425 1.659157 0.093961 -0.056963 0.059644 0.704809 0.704587
82.056000000 15.092425 1.659158 0.093950 -0.056946 0.059627 0.704810 0.704588
82.076000000 15.092425 1.659158 0.093939 -0.056931 0.059612 0.704811 0.704590
82.096000000 15.092425 1.659159 0.093929 -0.056916 0.059597 0.704812 0.704591
82.116000000 15.092425 1.659160 0.093919 -0.056902 0.059583 0.704814 0.704592
82.136000000 15.092425 1.659160 0.093909 -0.056888 0.059569 0.704815 0.704593
82.156000000 15.092424 1.659161 0.093900 -0.056873 0.059554 0.704816 0.704594
82.176000000 15.092424 1.659161 0.093890 -0.056859 0.059540 0.704817 0.704596
82.196000000 15.092424 1.659162 0.093879 -0.056843 0.059524 0.704818 0.704597
82.216000000 15.092424 1.659163 0.093868 -0.056827 0.059508 0.704820 0.704598
82.236000000 15.092424 1.659164 0.093856 -0.056810 0.059491 0.704821 0.704600
82.256000000 15.092424 1.659164 0.093844 -0.056792 0.059473 0.704822 0.704601
82.276000000 15.092424 1.659165 0.093830 -0.056772 0.059453 0.704824 0.704603
82.296000000 15.092424 1.659166 0.093816 -0.056750 0.059432 0.704826 0.704605
82.316000000 15.092424 1.659167 0.093800 -0.056727 0.059409 0.704828 0.704607
82.336000000 15.092424 1.659168 0.093783 -0.056703 0.059384 0.704830 0.704609
82.356000000 15.092424 1.659169 0.093765 -0.056676 0.059357 0.704832 0.704611
82.376000000 15.092424 1.659171 0.093745 -0.056647 0.059329 0.704834 0.704613
82.396000000 15.092424 1.659172 0.093724 -0.056617 0.059298 0.704837 0.704616
82.416000000 15.092424 1.659174 0.093702 -0.056584 0.059265 0.704839 0.704619
82.436000000 15.092424 1.659175 0.093678 -0.056549 0.059230 0.704842 0.704622
82.456000000 15.092424 1.659177 0.093653 -0.056512 0.059193 0.704845 0.704625
82.476000000 15.092423 1.659179 0.093626 -0.056473 0.059154 0.704848 0.704628
82.496000000 15.092423 1.659180 0.093598 -0.056432 0.059113 0.704851 0.704632
82.516000000 15.092423 1.659182 0.093569 -0.056389 0.059070 0.704855 0.704635
82.536000000 15.092423 1.659184 0.093538 -0.056344 0.059025 0.704858 0.704639
82.556000000 15.092423 1.659187 0.093505 -0.056296 0.058978 0.704862 0.704643
82.576000000 15.092423 1.659189 0.093472 -0.056247 0.058929 0.704866 0.704647
82.596000000 15.092423 1.659191 0.093437 -0.056197 0.058878 0.704870 0.704651
82.616000000 15.092423 1.659193 0.093401 -0.056144 0.058825 0.704874 0.704656
82.636000000 15.092422 1.659196 0.093364 -0.056090 0.058771 0.704879 0.704660
82.656000000 15.092422 1.659199 0.093326 -0.056034 0.058715 0.704883 0.704665
82.676000000 15.092422 1.659201 0.093287 -0.055976 0.058658 0.704888 0.704670
82.696000000 15.092422 1.659204 0.093247 -0.055917 0.058599 0.704892 0.704675
82.716000000 15.092422 1.659207 0.093205 -0.055857 0.058539 0.704897 0.704680
82.736000000 15.092422 1.659210 0.093164 -0.055796 0.058478 0.704902 0.704685
82.756000000 15.092421 1.659212 0.093121 -0.055733 0.058415 0.704907 0.704690
82.776000000 15.092421 1.659215 0.093077 -0.055670 0.058352 0.704912 0.704695
82.796000000 15.092421 1.659218 0.093033 -0.055606 0.058287 0.704917 0.704700
82.816000000 15.092421 1.659221 0.092989 -0.055540 0.058222 0.704922 0.704706
82.836000000 15.092421 1.659225 0.092944 -0.055474 0.058156 0.704927 0.704711
82.856000000 15.092421 1.659228 0.092898 -0.055407 0.058089 0.704933 0.704717
82.876000000 15.092420 1.659231 0.092852 -0.055340 0.058022 0.704938 0.704722
82.896000000 15.092420 1.659234 0.092806 -0.055272 0.057954 0.704943 0.704728
82.916000000 15.092420 1.659237 0.092759 -0.055204 0.057886 0.704949 0.704733
82.936000000 15.092420 1.659241 0.092712 -0.055135 0.057817 0.704954 0.704739
82.956000000 15.092420 1.659244 0.092665 -0.055066 0.057748 0.704959 0.704745
82.976000000 15.092420 1.659247 0.092618 -0.054997 0.057679 0.704965 0.704750
82.996000000 15.092419 1.659251 0.092570 -0.054928 0.057609 0.704970 0.704756
83.016000000 15.092419 1.659254 0.092523 -0.054858 0.057540 0.704976 0.704762
83.036000000 15.092419 1.659257 0.092475 -0.054788 0.057470 0.704981 0.704767
83.056000000 15.092419 1.659261 0.092428 -0.054719 0.057401 0.704986 0.704773
83.076000000 15.092419 1.659264 0.092380 -0.054649 0.057331 0.704992 0.704779
83.096000000 15.092418 1.659268 0.092332 -0.054579 0.057261 0.704997 0.704784
83.116000000 15.092418 1.659271 0.092285 -0.054510 0.057192 0.705003 0.704790
83.136000000 15.092418 1.659274 0.092237 -0.054440 0.057122 0.705008 0.704796
83.156000000 15.092418 1.659278 0.092190 -0.054371 0.057053 0.705013 0.704801
83.176000000 15.092418 1.659281 0.092143 -0.054301 0.056983 0.705019 0.704807
83.196000000 15.092418 1.659285 0.092095 -0.054232 0.056914 0.705024 0.704813
83.216000000 15.092417 1.659288 0.092048 -0.054163 0.056845 0.705029 0.704818
83.236000000 15.092417 1.659292 0.092001 -0.054094 0.056776 0.705035 0.704824
83.256000000 15.092417 1.659295 0.091954 -0.054025 0.056707 0.705040 0.704829
83.276000000 15.092417 1.659298 0.091907 -0.053957 0.056639 0.705045 0.704835
83.296000000 15.092417 1.659302 0.091861 -0.053888 0.056570 0.705050 0.704840
83.316000000 15.092417 1.659305 0.091814 -0.053820 0.056502 0.705056 0.704846
83.336000000 15.092416 1.659309 0.091768 -0.053752 0.056434 0.705061 0.704851
83.356000000 15.092416 1.659312 0.091721 -0.053684 0.056366 0.705066 0.704857
83.376000000 15.092416 1.659316 0.091675 -0.053616 0.056299 0.705071 0.704862
83.396000000 15.092416 1.659319 0.091629 -0.053549 0.056231 0.705076 0.704867
83.416000000 15.092416 1.659322 0.091583 -0.053482 0.056164 0.705081 0.704873
83.436000000 15.092415 1.659326 0.091537 -0.053415 0.056097 0.705086 0.704878
83.456000000 15.092415 1.659329 0.091491 -0.053348 0.056030 0.705092 0.704883
83.476000000 15.092415 1.659333 0.091446 -0.053281 0.055963 0.705097 0.704889
83.496000000 15.092415 1.659336 0.091401 -0.053214 0.055897 0.705102 0.704894
83.516000000 15.092415 1.659340 0.091355 -0.053148 0.055831 0.705107 0.704899
83.536000000 15.092415 1.659343 0.091310 -0.053082 0.055765 0.705112 0.704904
83.556000000 15.092414 1.659346 0.091272 -0.053026 0.055707 0.705116 0.704909
83.576000000 15.092414 1.659346 0.091270 -0.053022 0.055703 0.705116 0.704909
83.596000000 15.092414 1.659346 0.091270 -0.053022 0.055703 0.705116 0.704909
83.616000000 15.092414 1.659346 0.091270 -0.053022 0.055703 0.705116 0.704909
83.636000000 15.092414 1.659346 0.091270 -0.053022 0.055703 0.705116 0.704909
83.656000000 15.092414 1.659346 0.091270 -0.053022 0.055703 0.705116 0.704909
83.676000000 15.092414 1.659346 0.091270 -0.053022 0.055703 0.705116 0.704909
83.696000000 15.092414 1.659346 0.091270 -0.053022 0.055703 0.705116 0.704909
83.716000000 15.092414 1.659346 0.091270 -0.053022 0.055703 0.705116 0.704909
83.736000000 15.092414 1.659346 0.091270 -0.053022 0.055703 0.705116 0.704909
83.756000000 15.092414 1.659346 0.091270 -0.053022 0.055703 0.705116 0.704909
83.776000000 15.092414 1.659346 0.091270 -0.053022 0.055703 0.705116 0.704909
83.796000000 15.092414 1.659346 0.091270 -0.053022 0.055703 0.705116 0.704909
83.816000000 15.092414 1.659346 0.091270 -0.053022 0.055703 0.705116 0.704909
83.836000000 15.092414 1.659346 0.091270 -0.053022 0.055703 0.705116 0.704909
83.856000000 15.092414 1.659346 0.091270 -0.053022 0.055703 0.705116 0.704909
83.876000000 15.092414 1.659346 0.091270 -0.053022 0.055703 0.705116 0.704909
83.896000000 15.092414 1.659346 0.091270 -0.053022 0.055703 0.705116 0.704909
83.916000000 15.092414 1.659346 0.091270 -0.053022 0.055703 0.705116 0.704909
83.936000000 15.092414 1.659346 0.091270 -0.053022 0.055703 0.705116 0.704909
83.956000000 15.092414 1.659346 0.091270 -0.053022 0.055703 0.705116 0.704909
83.976000000 15.092414 1.659346 0.091270 -0.053022 0.055703 0.705116 0.704909
83.996000000 15.092414 1.659346 0.091270 -0.053022 0.055703 0.705116 0.704909
84.016000000 15.092414 1.659346 0.091270 -0.053022 0.055703 0.705116 0.704909
84.036000000 15.092414 1.659346 0.091270 -0.053022 0.055703 0.705116 0.704909
84.056000000 15.092414 1.659346 0.091270 -0.053022 0.055703 0.705116 0.704909
84.076000000 15.092414 1.659346 0.091270 -0.053022 0.055703 0.705116 0.704909
84.096000000 15.092414 1.659346 0.091270 -0.053022 0.055703 0.705116 0.704909
84.116000000 15.092414 1.659346 0.091270 -0.053022 0.055703 0.705116 0.704909
84.136000000 15.092414 1.659346 0.091270 -0.053022 0.055703 0.705116 0.704909
84.156000000 15.092414 1.659346 0.091270 -0.053022 0.055703 0.705116 0.704909
84.176000000 15.092414 1.659346 0.091270 -0.053022 0.055703 0.705116 0.704909
84.196000000 15.092414 1.659346 0.091270 -0.053022 0.055703 0.705116 0.704909
84.216000000 15.092414 1.659346 0.091270 -0.053022 0.055703 0.705116 0.704909
84.236000000 15.092414 1.659346 0.091270 -0.053022 0.055703 0.705116 0.704909
84.256000000 15.092414 1.659346 0.091270 -0.053022 0.055703 0.705116 0.704909
84.276000000 15.092414 1.659346 0.091270 -0.053022 0.055703 0.705116 0.704909
84.296000000 15.092414 1.659346 0.091270 -0.053022 0.055703 0.705116 0.704909
84.316000000 15.092414 1.659346 0.091270 -0.053022 0.055703 0.705116 0.704909
84.336000000 15.092414 1.659346 0.091270 -0.053022 0.055703 0.705116 0.704909
84.356000000 15.092414 1.659346 0.091270 -0.053022 0.055703 0.705116 0.704909
84.376000000 15.092414 1.659346 0.091270 -0.053022 0.055703 0.705116 0.704909
84.396000000 15.092414 1.659346 0.091270 -0.053022 0.055703 0.705116 0.704909
84.416000000 15.092414 1.659346 0.091270 -0.053022 0.055703 0.705116 0.704909
84.436000000 15.092414 1.659346 0.091270 -0.053022 0.055703 0.705116 0.704909
84.456000000 15.092414 1.659346 0.091270 -0.053022 0.055703 0.705116 0.704909
84.476000000 15.092414 1.659346 0.091270 -0.053022 0.055703 0.705116 0.704909
84.496000000 15.092414 1.659346 0.091270 -0.053022 0.055703 0.705116 0.704909
84.516000000 15.092414 1.659346 0.091270 -0.053022 0.055703 0.705116 0.704909
84.536000000 15.092414 1.659346 0.091270 -0.053022 0.055703 0.705116 0.704909
84.556000000 15.092414 1.659346 0.091270 -0.053022 0.055703 0.705116 0.704909
84.576000000 15.092414 1.659346 0.091270 -0.053022 0.055703 0.705116 0.704909
84.596000000 15.092414 1.659346 0.091270 -0.053022 0.055703 0.705116 0.704909
84.616000000 15.092414 1.659346 0.091270 -0.053022 0.055703 0.705116 0.704909
84.636000000 15.092414 1.659346 0.091270 -0.053022 0.055703 0.705116 0.704909
84.656000000 15.092414 1.659346 0.091270 -0.053022 0.055703 0.705116 0.704909
84.676000000 15.092414 1.659346 0.091270 -0.053022 0.055703 0.705116 0.704909
84.696000000 15.092414 1.659346 0.091270 -0.053022 0.055703 0.705116 0.704909
84.716000000 15.092414 1.659346 0.091270 -0.053022 0.055703 0.705116 0.704909
84.736000000 15.092414 1.659346 0.091270 -0.053022 0.055703 0.705116 0.704909
84.756000000 15.092414 1.659346 0.091270 -0.053022 0.055703 0.705116 0.704909
84.776000000 15.092414 1.659346 0.091270 -0.053022 0.055703 0.705116 0.704909
84.796000000 15.092414 1.659346 0.091270 -0.053022 0.055703 0.705116 0.704909
84.816000000 15.092414 1.659346 0.091270 -0.053022 0.055703 0.705116 0.704909
84.836000000 15.092414 1.659346 0.091270 -0.053022 0.055703 0.705116 0.704909
84.856000000 15.092414 1.659346 0.091270 -0.053022 0.055703 0.705116 0.704909
84.876000000 15.092414 1.659346 0.091270 -0.053022 0.055703 0.705116 0.704909
84.896000000 15.092414 1.659346 0.091270 -0.053022 0.055703 0.705116 0.704909
84.916000000 15.092414 1.659346 0.091270 -0.053022 0.055703 0.705116 0.704909
84.936000000 15.092414 1.659346 0.091270 -0.053022 0.055703 0.705116 0.704909
84.956000000 15.092414 1.659346 0.091270 -0.053022 0.055703 0.705116 0.704909
84.976000000 15.092414 1.659346 0.091270 -0.053022 0.055703 0.705116 0.704909
84.996000000 15.092414 1.659346 0.091270 -0.053022 0.055703 0.705116 0.704909
85.016000000 15.092414 1.659346 0.091270 -0.053022 0.055703 0.705116 0.704909
85.036000000 15.092414 1.659346 0.091270 -0.053022 0.055703 0.705116 0.704909
85.056000000 15.092414 1.659346 0.091270 -0.053022 0.055703 0.705116 0.704909
85.076000000 15.092414 1.659346 0.091270 -0.053022 0.055703 0.705116 0.704909
85.096000000 15.092414 1.659346 0.091270 -0.053022 0.055703 0.705116 0.704909
85.116000000 15.092414 1.659346 0.091270 -0.053022 0.055703 0.705116 0.704909
85.136000000 15.092414 1.659346 0.091270 -0.053022 0.055703 0.705116 0.704909
85.156000000 15.092414 1.659346 0.091270 -0.053022 0.055703 0.705116 0.704909
85.176000000 15.092414 1.659346 0.091270 -0.053022 0.055703 0.705116 0.704909
85.196000000 15.092414 1.659346 0.091270 -0.053022 0.055703 0.705116 0.704909
85.216000000 15.092414 1.659346 0.091270 -0.053022 0.055703 0.705116 0.704909
85.236000000 15.092414 1.659346 0.091270 -0.053022 0.055703 0.705116 0.704909
85.256000000 15.092414 1.659346 0.091270 -0.053022 0.055703 0.705116 0.704909
85.276000000 15.092414 1.659346 0.091270 -0.053022 0.055703 0.705116 0.704909
85.296000000 15.092414 1.659346 0.091270 -0.053022 0.055703 0.705116 0.704909
85.316000000 15.092414 1.659346 0.091270 -0.053022 0.055703 0.705116 0.704909
85.336000000 15.092414 1.659346 0.091270 -0.053022 0.055703 0.705116 0.704909
85.356000000 15.092414 1.659346 0.091270 -0.053022 0.055703 0.705116 0.704909
85.376000000 15.092414 1.659346 0.091270 -0.053022 0.055703 0.705116 0.704909
85.396000000 15.092414 1.659346 0.091270 -0.053022 0.055703 0.705116 0.704909
85.416000000 15.092414 1.659346 0.091270 -0.053022 0.055703 0.705116 0.704909
85.436000000 15.092414 1.659346 0.091270 -0.053022 0.055703 0.705116 0.704909
85.456000000 15.092414 1.659346 0.091270 -0.053022 0.055703 0.705116 0.704909
85.476000000 15.092414 1.659346 0.091270 -0.053022 0.055703 0.705116 0.704909
85.496000000 15.092414 1.659346 0.091270 -0.053022 0.055703 0.705116 0.704909
85.516000000 15.092414 1.659346 0.091270 -0.053022 0.055703 0.705116 0.704909
85.536000000 15.092414 1.659346 0.091270 -0.053022 0.055703 0.705116 0.704909
85.556000000 15.092414 1.659346 0.091270 -0.053022 0.055703 0.705116 0.704909
85.576000000 15.092414 1.659346 0.091270 -0.053022 0.055703 0.705116 0.704909
85.596000000 15.092414 1.659346 0.091270 -0.053022 0.055703 0.705116 0.704909
85.616000000 15.092414 1.659346 0.091270 -0.053022 0.055703 0.705116 0.704909
85.636000000 15.092414 1.659346 0.091270 -0.053022 0.055703 0.705116 0.704909
85.656000000 15.092414 1.659346 0.091270 -0.053022 0.055703 0.705116 0.704909
85.676000000 15.092414 1.659346 0.091270 -0.053022 0.055703 0.705116 0.704909
85.696000000 15.092414 1.659346 0.091270 -0.053022 0.055703 0.705116 0.704909
85.716000000 15.092414 1.659346 0.091270 -0.053022 0.055703 0.705116 0.704909
85.736000000 15.092414 1.659346 0.091270 -0.053022 0.055703 0.705116 0.704909
85.756000000 15.092414 1.659346 0.091270 -0.053022 0.055703 0.705116 0.704909
85.776000000 15.092414 1.659346 0.091270 -0.053022 0.055703 0.705116 0.704909
85.796000000 15.092414 1.659346 0.091270 -0.053022 0.055703 0.705116 0.704909
85.816000000 15.092414 1.659346 0.091270 -0.053022 0.055703 0.705116 0.704909
85.836000000 15.092414 1.659346 0.091270 -0.053022 0.055703 0.705116 0.704909
85.856000000 15.092414 1.659346 0.091270 -0.053022 0.055703 0.705116 0.704909
85.876000000 15.092414 1.659346 0.091270 -0.053022 0.055703 0.705116 0.704909
85.896000000 15.092414 1.659346 0.091270 -0.053022 0.055703 0.705116 0.704909
85.916000000 15.092414 1.659346 0.091270 -0.053022 0.055703 0.705116 0.704909
85.936000000 15.092414 1.659346 0.091270 -0.053022 0.055703 0.705116 0.704909
85.956000000 15.092414 1.659346 0.091270 -0.053022 0.055703 0.705116 0.704909
85.976000000 15.092414 1.659346 0.091270 -0.053022 0.055703 0.705116 0.704909
85.996000000 15.092414 1.659346 0.091270 -0.053022 0.055703 0.705116 0.704909
86.016000000 15.092414 1.659346 0.091270 -0.053022 0.055703 0.705116 0.704909
86.036000000 15.092414 1.659346 0.091270 -0.053022 0.055703 0.705116 0.704909
86.056000000 15.092414 1.659346 0.091270 -0.053022 0.055703 0.705116 0.704909
86.076000000 15.092414 1.659346 0.091270 -0.053022 0.055703 0.705116 0.704909
86.096000000 15.092414 1.659346 0.091270 -0.053022 0.055703 0.705116 0.704909
86.116000000 15.092414 1.659346 0.091270 -0.053022 0.055703 0.705116 0.704909
86.136000000 15.092414 1.659346 0.091270 -0.053022 0.055703 0.705116 0.704909
86.156000000 15.092414 1.659346 0.091270 -0.053022 0.055703 0.705116 0.704909
86.176000000 15.092414 1.659346 0.091270 -0.053022 0.055703 0.705116 0.704909
86.196000000 15.092414 1.659346 0.091270 -0.053022 0.055703 0.705116 0.704909
86.216000000 15.092414 1.659346 0.091270 -0.053022 0.055703 0.705116 0.704909
86.236000000 15.092414 1.659346 0.091270 -0.053022 0.055703 0.705116 0.704909
86.256000000 15.092414 1.659346 0.091270 -0.053022 0.055703 0.705116 0.704909
86.276000000 15.092414 1.659346 0.091270 -0.053022 0.055703 0.705116 0.704909
86.296000000 15.092414 1.659346 0.091270 -0.053022 0.055703 0.705116 0.704909
86.316000000 15.092414 1.659346 0.091270 -0.053022 0.055703 0.705116 0.704909
86.336000000 15.092414 1.659346 0.091270 -0.053022 0.055703 0.705116 0.704909
86.356000000 15.092414 1.659346 0.091270 -0.053022 0.055703 0.705116 0.704909
86.376000000 15.092414 1.659346 0.091270 -0.053022 0.055703 0.705116 0.704909
86.396000000 15.092414 1.659346 0.091270 -0.053022 0.055703 0.705116 0.704909
86.416000000 15.092414 1.659346 0.091270 -0.053022 0.055703 0.705116 0.704909
86.436000000 15.092414 1.659346 0.091270 -0.053022 0.055703 0.705116 0.704909
86.456000000 15.092414 1.659346 0.091270 -0.053022 0.055703 0.705116 0.704909
86.476000000 15.092414 1.659346 0.091270 -0.053022 0.055703 0.705116 0.704909
86.496000000 15.092414 1.659346 0.091270 -0.053022 0.055703 0.705116 0.704909
86.516000000 15.092414 1.659346 0.091270 -0.053022 0.055703 0.705116 0.704909
86.536000000 15.092414 1.659346 0.091270 -0.053022 0.055703 0.705116 0.704909
86.556000000 15.092414 1.659346 0.091270 -0.053022 0.055703 0.705116 0.704909
86.576000000 15.092414 1.659346 0.091270 -0.053022 0.055703 0.705116 0.704909
86.596000000 15.092414 1.659346 0.091270 -0.053022 0.055703 0.705116 0.704909
86.616000000 15.092414 1.659346 0.091270 -0.053022 0.055703 0.705116 0.704909
86.636000000 15.092414 1.659346 0.091270 -0.053022 0.055703 0.705116 0.704909
86.656000000 15.092414 1.659346 0.091270 -0.053022 0.055703 0.705116 0.704909
86.676000000 15.092414 1.659346 0.091270 -0.053022 0.055703 0.705116 0.704909
86.696000000 15.092414 1.659346 0.091270 -0.053022 0.055703 0.705116 0.704909
86.716000000 15.092414 1.659346 0.091270 -0.053022 0.055703 0.705116 0.704909
86.736000000 15.092414 1.659346 0.091270 -0.053022 0.055703 0.705116 0.704909
86.756000000 15.092414 1.659346 0.091270 -0.053022 0.055703 0.705116 0.704909
86.776000000 15.092414 1.659346 0.091270 -0.053022 0.055703 0.705116 0.704909
86.796000000 15.092414 1.659346 0.091270 -0.053022 0.055703 0.705116 0.704909
86.816000000 15.092414 1.659346 0.091270 -0.053022 0.055703 0.705116 0.704909
86.836000000 15.092414 1.659346 0.091270 -0.053022 0.055703 0.705116 0.704909
86.856000000 15.092414 1.659346 0.091270 -0.053022 0.055703 0.705116 0.704909
86.876000000 15.092414 1.659346 0.091270 -0.053022 0.055703 0.705116 0.704909
86.896000000 15.092414 1.659346 0.091270 -0.053022 0.055703 0.705116 0.704909
86.916000000 15.092414 1.659346 0.091270 -0.053022 0.055703 0.705116 0.704909
86.936000000 15.092414 1.659346 0.091270 -0.053022 0.055703 0.705116 0.704909
86.956000000 15.092414 1.659346 0.091270 -0.053022 0.055703 0.705116 0.704909
86.976000000 15.092414 1.659346 0.091270 -0.053022 0.055703 0.705116 0.704909
86.996000000 15.092414 1.659346 0.091270 -0.053022 0.055703 0.705116 0.704909
87.016000000 15.092415 1.659346 0.091275 -0.053031 0.055711 0.705115 0.704909
87.036000000 15.092415 1.659344 0.091294 -0.053058 0.055738 0.705113 0.704907
87.056000000 15.092415 1.659342 0.091324 -0.053103 0.055783 0.705110 0.704903
87.076000000 15.092415 1.659339 0.091367 -0.053165 0.055845 0.705105 0.704898
87.096000000 15.092415 1.659335 0.091420 -0.053243 0.055923 0.705099 0.704892
87.116000000 15.092415 1.659330 0.091483 -0.053335 0.056015 0.705092 0.704885
87.136000000 15.092416 1.659325 0.091555 -0.053440 0.056120 0.705084 0.704876
87.156000000 15.092416 1.659319 0.091635 -0.053557 0.056237 0.705076 0.704867
87.176000000 15.092416 1.659312 0.091721 -0.053684 0.056364 0.705066 0.704857
87.196000000 15.092417 1.659305 0.091814 -0.053820 0.056501 0.705056 0.704846
87.216000000 15.092417 1.659298 0.091912 -0.053964 0.056644 0.705045 0.704834
87.236000000 15.092417 1.659291 0.092014 -0.054113 0.056793 0.705033 0.704822
87.256000000 15.092411 1.659290 0.092116 -0.054283 0.056944 0.705009 0.704821
87.276000000 15.092419 1.659289 0.092223 -0.054439 0.057108 0.705009 0.704796
87.296000000 15.092420 1.659281 0.092332 -0.054600 0.057268 0.704997 0.704783
87.316000000 15.092420 1.659272 0.092442 -0.054761 0.057429 0.704984 0.704770
87.336000000 15.092420 1.659264 0.092552 -0.054921 0.057590 0.704972 0.704757
87.356000000 15.092421 1.659255 0.092661 -0.055080 0.057749 0.704959 0.704744
87.376000000 15.092421 1.659247 0.092767 -0.055237 0.057905 0.704947 0.704731
87.396000000 15.092421 1.659239 0.092872 -0.055389 0.058058 0.704935 0.704718
87.416000000 15.092422 1.659232 0.092973 -0.055538 0.058206 0.704923 0.704706
87.436000000 15.092422 1.659225 0.093071 -0.055681 0.058349 0.704912 0.704694
87.456000000 15.092422 1.659218 0.093165 -0.055818 0.058486 0.704901 0.704683
87.476000000 15.092423 1.659211 0.093254 -0.055949 0.058617 0.704891 0.704672
87.496000000 15.092423 1.659205 0.093339 -0.056073 0.058741 0.704881 0.704662
87.516000000 15.092423 1.659199 0.093419 -0.056191 0.058859 0.704871 0.704652
87.536000000 15.092424 1.659194 0.093495 -0.056301 0.058969 0.704862 0.704643
87.556000000 15.092424 1.659189 0.093565 -0.056404 0.059072 0.704854 0.704634
87.576000000 15.092424 1.659184 0.093630 -0.056500 0.059167 0.704847 0.704626
87.596000000 15.092424 1.659180 0.093690 -0.056588 0.059256 0.704839 0.704619
87.616000000 15.092425 1.659176 0.093746 -0.056669 0.059336 0.704833 0.704612
87.636000000 15.092425 1.659172 0.093796 -0.056742 0.059410 0.704827 0.704606
87.656000000 15.092425 1.659169 0.093842 -0.056809 0.059477 0.704822 0.704600
87.676000000 15.092425 1.659166 0.093883 -0.056869 0.059537 0.704817 0.704595
87.696000000 15.092425 1.659163 0.093920 -0.056923 0.059591 0.704812 0.704591
87.716000000 15.092425 1.659161 0.093952 -0.056971 0.059639 0.704808 0.704587
87.736000000 15.092425 1.659159 0.093981 -0.057013 0.059681 0.704805 0.704583
87.756000000 15.092425 1.659157 0.094006 -0.057050 0.059718 0.704802 0.704580
87.776000000 15.092425 1.659155 0.094028 -0.057082 0.059750 0.704799 0.704578
87.796000000 15.092426 1.659154 0.094047 -0.057109 0.059777 0.704797 0.704575
87.816000000 15.092426 1.659153 0.094063 -0.057133 0.059800 0.704795 0.704573
87.836000000 15.092426 1.659152 0.094077 -0.057153 0.059820 0.704794 0.704572
87.856000000 15.092426 1.659151 0.094088 -0.057169 0.059837 0.704792 0.704570
87.876000000 15.092426 1.659150 0.094097 -0.057183 0.059851 0.704791 0.704569
87.896000000 15.092426 1.659149 0.094105 -0.057195 0.059862 0.704790 0.704568
87.916000000 15.092426 1.659149 0.094112 -0.057204 0.059872 0.704789 0.704567
87.936000000 15.092426 1.659148 0.094117 -0.057212 0.059879 0.704789 0.704567
87.956000000 15.092426 1.659148 0.094121 -0.057218 0.059886 0.704788 0.704566
87.976000000 15.092426 1.659148 0.094125 -0.057224 0.059891 0.704788 0.704566
87.996000000 15.092426 1.659147 0.094128 -0.057228 0.059895 0.704787 0.704565
88.016000000 15.092426 1.659147 0.094131 -0.057233 0.059900 0.704787 0.704565
88.036000000 15.092426 1.659147 0.094134 -0.057236 0.059904 0.704787 0.704565
88.056000000 15.092426 1.659146 0.094137 -0.057241 0.059909 0.704786 0.704564
88.076000000 15.092426 1.659146 0.094139 -0.057244 0.059912 0.704786 0.704564
88.096000000 15.092426 1.659146 0.094143 -0.057250 0.059918 0.704786 0.704563
88.116000000 15.092426 1.659145 0.094147 -0.057255 0.059923 0.704785 0.704563
88.136000000 15.092426 1.659145 0.094151 -0.057261 0.059929 0.704785 0.704563
88.156000000 15.092426 1.659145 0.094155 -0.057268 0.059935 0.704784 0.704562
88.176000000 15.092426 1.659144 0.094160 -0.057275 0.059943 0.704783 0.704561
88.196000000 15.092426 1.659144 0.094166 -0.057283 0.059951 0.704783 0.704561
88.216000000 15.092426 1.659143 0.094172 -0.057292 0.059959 0.704782 0.704560
88.236000000 15.092426 1.659143 0.094178 -0.057301 0.059969 0.704781 0.704559
88.256000000 15.092426 1.659142 0.094185 -0.057312 0.059979 0.704780 0.704558
88.276000000 15.092426 1.659142 0.094193 -0.057323 0.059990 0.704780 0.704557
88.296000000 15.092426 1.659141 0.094201 -0.057334 0.060002 0.704779 0.704556
88.316000000 15.092426 1.659141 0.094209 -0.057346 0.060014 0.704778 0.704555
88.336000000 15.092426 1.659140 0.094218 -0.057359 0.060027 0.704777 0.704554
88.356000000 15.092426 1.659140 0.094226 -0.057372 0.060040 0.704776 0.704553
88.376000000 15.092426 1.659139 0.094235 -0.057385 0.060053 0.704774 0.704552
88.396000000 15.092426 1.659138 0.094245 -0.057398 0.060066 0.704773 0.704551
88.416000000 15.092426 1.659138 0.094254 -0.057412 0.060079 0.704772 0.704550
88.436000000 15.092426 1.659137 0.094263 -0.057425 0.060092 0.704771 0.704549
88.456000000 15.092426 1.659137 0.094271 -0.057438 0.060105 0.704770 0.704548
88.476000000 15.092426 1.659136 0.094280 -0.057450 0.060118 0.704769 0.704547
88.496000000 15.092426 1.659135 0.094288 -0.057462 0.060130 0.704768 0.704545
88.516000000 15.092426 1.659135 0.094296 -0.057473 0.060141 0.704767 0.704545
88.536000000 15.092426 1.659134 0.094303 -0.057484 0.060152 0.704766 0.704544
88.556000000 15.092426 1.659134 0.094310 -0.057494 0.060161 0.704766 0.704543
88.576000000 15.092426 1.659134 0.094316 -0.057502 0.060170 0.704765 0.704542
88.596000000 15.092426 1.659133 0.094321 -0.057510 0.060177 0.704764 0.704541
88.616000000 15.092426 1.659133 0.094325 -0.057516 0.060184 0.704764 0.704541
88.636000000 15.092426 1.659133 0.094329 -0.057521 0.060189 0.704763 0.704540
88.656000000 15.092426 1.659132 0.094331 -0.057524 0.060192 0.704763 0.704540
88.676000000 15.092426 1.659132 0.094332 -0.057527 0.060194 0.704763 0.704540
88.696000000 15.092426 1.659132 0.094333 -0.057528 0.060195 0.704763 0.704540
88.716000000 15.092426 1.659132 0.094333 -0.057528 0.060195 0.704763 0.704540
88.736000000 15.092426 1.659132 0.094331 -0.057525 0.060193 0.704763 0.704540
88.756000000 15.092426 1.659133 0.094328 -0.057520 0.060188 0.704763 0.704541
88.776000000 15.092426 1.659133 0.094324 -0.057514 0.060182 0.704764 0.704541
88.796000000 15.092426 1.659133 0.094318 -0.057506 0.060174 0.704765 0.704542
88.816000000 15.092426 1.659134 0.094312 -0.057497 0.060165 0.704765 0.704543
88.836000000 15.092426 1.659134 0.094304 -0.057486 0.060153 0.704766 0.704543
88.856000000 15.092426 1.659135 0.094295 -0.057473 0.060141 0.704767 0.704545
88.876000000 15.092426 1.659135 0.094285 -0.057458 0.060126 0.704768 0.704546
88.896000000 15.092426 1.659136 0.094274 -0.057442 0.060110 0.704770 0.704547
88.916000000 15.092426 1.659137 0.094262 -0.057424 0.060092 0.704771 0.704549
88.936000000 15.092426 1.659137 0.094249 -0.057404 0.060072 0.704773 0.704550
88.956000000 15.092426 1.659138 0.094234 -0.057383 0.060051 0.704775 0.704552
88.976000000 15.092426 1.659139 0.094218 -0.057360 0.060028 0.704776 0.704554
88.996000000 15.092426 1.659140 0.094202 -0.057336 0.060003 0.704778 0.704556
89.016000000 15.092426 1.659142 0.094184 -0.057309 0.059977 0.704781 0.704559
89.036000000 15.092426 1.659143 0.094165 -0.057282 0.059950 0.704783 0.704561
89.056000000 15.092426 1.659144 0.094145 -0.057253 0.059920 0.704785 0.704563
89.076000000 15.092426 1.659145 0.094124 -0.057222 0.059890 0.704788 0.704566
89.096000000 15.092426 1.659147 0.094103 -0.057191 0.059858 0.704790 0.704569
89.116000000 15.092425 1.659148 0.094080 -0.057158 0.059825 0.704793 0.704571
89.136000000 15.092425 1.659150 0.094056 -0.057123 0.059791 0.704796 0.704574
89.156000000 15.092425 1.659151 0.094032 -0.057088 0.059755 0.704799 0.704577
89.176000000 15.092425 1.659153 0.094007 -0.057051 0.059718 0.704802 0.704581
89.196000000 15.092425 1.659155 0.093981 -0.057013 0.059680 0.704805 0.704584
89.216000000 15.092425 1.659156 0.093954 -0.056974 0.059641 0.704808 0.704587
89.236000000 15.092425 1.659158 0.093927 -0.056934 0.059601 0.704811 0.704590
89.256000000 15.092425 1.659160 0.093899 -0.056892 0.059560 0.704814 0.704594
89.276000000 15.092425 1.659162 0.093870 -0.056850 0.059518 0.704818 0.704597
89.296000000 15.092425 1.659164 0.093840 -0.056807 0.059475 0.704821 0.704601
89.316000000 15.092424 1.659166 0.093810 -0.056763 0.059431 0.704825 0.704605
89.336000000 15.092424 1.659168 0.093780 -0.056718 0.059386 0.704828 0.704609
89.356000000 15.092424 1.659170 0.093748 -0.056672 0.059340 0.704832 0.704612
89.376000000 15.092424 1.659172 0.093716 -0.056626 0.059294 0.704836 0.704616
89.396000000 15.092424 1.659174 0.093684 -0.056578 0.059246 0.704840 0.704620
89.416000000 15.092424 1.659176 0.093651 -0.056530 0.059198 0.704843 0.704624
89.436000000 15.092424 1.659178 0.093618 -0.056481 0.059149 0.704847 0.704629
89.456000000 15.092424 1.659181 0.093584 -0.056431 0.059099 0.704851 0.704633
89.476000000 15.092423 1.659183 0.093549 -0.056381 0.059049 0.704855 0.704637
89.496000000 15.092423 1.659185 0.093514 -0.056330 0.058998 0.704860 0.704641
89.516000000 15.092423 1.659188 0.093479 -0.056278 0.058946 0.704864 0.704646
89.536000000 15.092423 1.659190 0.093443 -0.056226 0.058893 0.704868 0.704650
89.556000000 15.092423 1.659192 0.093407 -0.056172 0.058840 0.704872 0.704654
89.576000000 15.092423 1.659195 0.093370 -0.056119 0.058787 0.704876 0.704659
89.596000000 15.092423 1.659197 0.093333 -0.056064 0.058732 0.704881 0.704663
89.616000000 15.092422 1.659200 0.093295 -0.056009 0.058677 0.704885 0.704668
89.636000000 15.092422 1.659202 0.093257 -0.055953 0.058621 0.704890 0.704673
89.656000000 15.092422 1.659205 0.093219 -0.055897 0.058565 0.704894 0.704677
89.676000000 15.092422 1.659208 0.093180 -0.055840 0.058508 0.704898 0.704682
89.696000000 15.092422 1.659210 0.093140 -0.055783 0.058451 0.704903 0.704687
89.716000000 15.092422 1.659213 0.093101 -0.055725 0.058393 0.704908 0.704692
89.736000000 15.092422 1.659216 0.093061 -0.055666 0.058334 0.704912 0.704696
89.756000000 15.092421 1.659219 0.093020 -0.055607 0.058275 0.704917 0.704701
89.776000000 15.092421 1.659221 0.092980 -0.055547 0.058215 0.704922 0.704706
89.796000000 15.092421 1.659224 0.092938 -0.055487 0.058155 0.704926 0.704711
89.816000000 15.092421 1.659227 0.092897 -0.055426 0.058094 0.704931 0.704716
89.836000000 15.092421 1.659230 0.092855 -0.055365 0.058033 0.704936 0.704721
89.856000000 15.092421 1.659233 0.092813 -0.055303 0.057971 0.704941 0.704726
89.876000000 15.092420 1.659236 0.092770 -0.055241 0.057909 0.704946 0.704732
89.896000000 15.092420 1.659239 0.092727 -0.055178 0.057846 0.704951 0.704737
89.916000000 15.092420 1.659242 0.092684 -0.055115 0.057783 0.704956 0.704742
89.936000000 15.092420 1.659245 0.092641 -0.055051 0.057719 0.704961 0.704747
89.956000000 15.092420 1.659248 0.092597 -0.054987 0.057655 0.704966 0.704752
89.976000000 15.092420 1.659251 0.092553 -0.054923 0.057591 0.704971 0.704758
89.996000000 15.092419 1.659254 0.092508 -0.054858 0.057526 0.704976 0.704763
90.016000000 15.092419 1.659258 0.092464 -0.054792 0.057460 0.704981 0.704768
90.036000000 15.092419 1.659261 0.092419 -0.054726 0.057395 0.704986 0.704774
90.056000000 15.092419 1.659264 0.092374 -0.054660 0.057329 0.704991 0.704779
90.076000000 15.092419 1.659267 0.092328 -0.054594 0.057262 0.704996 0.704784
90.096000000 15.092419 1.659270 0.092283 -0.054527 0.057196 0.705001 0.704790
90.116000000 15.092418 1.659274 0.092237 -0.054460 0.057129 0.705006 0.704795
90.136000000 15.092418 1.659277 0.092191 -0.054393 0.057061 0.705012 0.704801
90.156000000 15.092418 1.659280 0.092145 -0.054325 0.056994 0.705017 0.704806
90.176000000 15.092418 1.659284 0.092099 -0.054258 0.056926 0.705022 0.704812
90.196000000 15.092418 1.659287 0.092052 -0.054189 0.056858 0.705027 0.704817
90.216000000 15.092418 1.659291 0.092006 -0.054121 0.056790 0.705033 0.704823
90.236000000 15.092417 1.659294 0.091959 -0.054053 0.056721 0.705038 0.704828
90.256000000 15.092417 1.659297 0.091912 -0.053984 0.056653 0.705043 0.704834
90.276000000 15.092417 1.659301 0.091865 -0.053916 0.056584 0.705048 0.704839
90.296000000 15.092417 1.659304 0.091818 -0.053847 0.056516 0.705054 0.704845
90.316000000 15.092417 1.659308 0.091771 -0.053778 0.056447 0.705059 0.704850
90.336000000 15.092417 1.659311 0.091724 -0.053709 0.056378 0.705064 0.704856
90.356000000 15.092416 1.659315 0.091677 -0.053641 0.056309 0.705069 0.704861
90.376000000 15.092416 1.659318 0.091630 -0.053572 0.056240 0.705075 0.704867
90.396000000 15.092416 1.659322 0.091583 -0.053503 0.056172 0.705080 0.704872
90.416000000 15.092416 1.659325 0.091536 -0.053434 0.056103 0.705085 0.704878
90.436000000 15.092416 1.659329 0.091490 -0.053366 0.056034 0.705090 0.704883
90.456000000 15.092415 1.659332 0.091443 -0.053297 0.055966 0.705095 0.704889
90.476000000 15.092415 1.659336 0.091396 -0.053229 0.055897 0.705101 0.704894
90.496000000 15.092415 1.659339 0.091349 -0.053160 0.055829 0.705106 0.704899
90.516000000 15.092415 1.659343 0.091309 -0.053101 0.055766 0.705110 0.704904
90.536000000 15.092415 1.659345 0.091281 -0.053060 0.055722 0.705113 0.704908
90.556000000 15.092415 1.659346 0.091265 -0.053037 0.055697 0.705115 0.704910
90.576000000 15.092415 1.659346 0.091261 -0.053031 0.055691 0.705115 0.704910
90.596000000 15.092415 1.659346 0.091261 -0.053031 0.055691 0.705115 0.704910
90.616000000 15.092415 1.659346 0.091261 -0.053031 0.055691 0.705115 0.704910
90.636000000 15.092415 1.659346 0.091261 -0.053031 0.055691 0.705115 0.704910
90.656000000 15.092415 1.659346 0.091262 -0.053032 0.055692 0.705115 0.704910
90.676000000 15.092415 1.659346 0.091262 -0.053032 0.055692 0.705115 0.704910
90.696000000 15.092415 1.659346 0.091262 -0.053032 0.055692 0.705115 0.704910
90.716000000 15.092415 1.659346 0.091263 -0.053033 0.055693 0.705115 0.704910
90.736000000 15.092415 1.659346 0.091263 -0.053033 0.055693 0.705115 0.704910
90.756000000 15.092415 1.659346 0.091263 -0.053033 0.055693 0.705115 0.704910
90.776000000 15.092415 1.659346 0.091263 -0.053034 0.055694 0.705115 0.704910
90.796000000 15.092415 1.659346 0.091263 -0.053034 0.055694 0.705115 0.704910
90.816000000 15.092415 1.659346 0.091263 -0.053034 0.055694 0.705115 0.704910
90.836000000 15.092415 1.659346 0.091263 -0.053034 0.055694 0.705115 0.704910
90.856000000 15.092415 1.659346 0.091263 -0.053034 0.055694 0.705115 0.704910
90.876000000 15.092415 1.659346 0.091264 -0.053035 0.055695 0.705115 0.704910
90.896000000 15.092415 1.659346 0.091264 -0.053035 0.055695 0.705115 0.704910
90.916000000 15.092415 1.659346 0.091264 -0.053035 0.055695 0.705115 0.704910
90.936000000 15.092415 1.659346 0.091264 -0.053035 0.055695 0.705115 0.704910
90.956000000 15.092415 1.659346 0.091264 -0.053035 0.055695 0.705115 0.704910
90.976000000 15.092415 1.659346 0.091264 -0.053035 0.055695 0.705115 0.704910
90.996000000 15.092415 1.659346 0.091264 -0.053035 0.055695 0.705115 0.704910
91.016000000 15.092415 1.659346 0.091265 -0.053036 0.055696 0.705115 0.704910
91.036000000 15.092415 1.659346 0.091265 -0.053036 0.055696 0.705115 0.704910
91.056000000 15.092415 1.659346 0.091265 -0.053036 0.055696 0.705115 0.704910
91.076000000 15.092415 1.659346 0.091265 -0.053036 0.055696 0.705115 0.704910
91.096000000 15.092415 1.659346 0.091265 -0.053036 0.055696 0.705115 0.704910
91.116000000 15.092415 1.659346 0.091265 -0.053036 0.055696 0.705115 0.704910
91.136000000 15.092415 1.659346 0.091264 -0.053035 0.055695 0.705115 0.704910
91.156000000 15.092415 1.659346 0.091263 -0.053033 0.055693 0.705115 0.704910
91.176000000 15.092415 1.659346 0.091261 -0.053031 0.055690 0.705115 0.704910
91.196000000 15.092415 1.659347 0.091257 -0.053026 0.055685 0.705116 0.704911
91.216000000 15.092415 1.659347 0.091253 -0.053020 0.055678 0.705116 0.704911
91.236000000 15.092415 1.659347 0.091248 -0.053013 0.055670 0.705117 0.704912
91.256000000 15.092415 1.659348 0.091242 -0.053004 0.055661 0.705117 0.704913
91.276000000 15.092415 1.659348 0.091235 -0.052993 0.055650 0.705118 0.704914
91.296000000 15.092415 1.659349 0.091227 -0.052981 0.055637 0.705119 0.704915
91.316000000 15.092415 1.659350 0.091218 -0.052968 0.055623 0.705120 0.704916
91.336000000 15.092415 1.659350 0.091208 -0.052953 0.055607 0.705121 0.704917
91.356000000 15.092415 1.659351 0.091197 -0.052937 0.055589 0.705122 0.704918
91.376000000 15.092415 1.659352 0.091185 -0.052919 0.055570 0.705124 0.704920
91.396000000 15.092415 1.659353 0.091172 -0.052901 0.055550 0.705125 0.704921
91.416000000 15.092415 1.659354 0.091159 -0.052881 0.055529 0.705127 0.704923
91.436000000 15.092415 1.659356 0.091144 -0.052860 0.055507 0.705128 0.704925
91.456000000 15.092415 1.659357 0.091130 -0.052839 0.055484 0.705130 0.704927
91.476000000 15.092415 1.659358 0.091115 -0.052817 0.055460 0.705131 0.704929
91.496000000 15.092415 1.659359 0.091099 -0.052794 0.055436 0.705133 0.704930
91.516000000 15.092415 1.659360 0.091083 -0.052771 0.055411 0.705135 0.704932
91.536000000 15.092415 1.659362 0.091068 -0.052748 0.055386 0.705137 0.704934
91.556000000 15.092415 1.659363 0.091052 -0.052725 0.055361 0.705138 0.704936
91.576000000 15.092415 1.659364 0.091036 -0.052702 0.055337 0.705140 0.704938
91.596000000 15.092415 1.659365 0.091021 -0.052679 0.055312 0.705142 0.704940
91.616000000 15.092415 1.659367 0.091005 -0.052657 0.055288 0.705143 0.704942
91.636000000 15.092415 1.659368 0.090991 -0.052635 0.055265 0.705145 0.704944
91.656000000 15.092415 1.659369 0.090976 -0.052614 0.055243 0.705147 0.704946
91.676000000 15.092415 1.659370 0.090963 -0.052594 0.055221 0.705148 0.704947
91.696000000 15.092415 1.659371 0.090950 -0.052575 0.055201 0.705150 0.704949
91.716000000 15.092415 1.659372 0.090937 -0.052557 0.055181 0.705151 0.704950
91.736000000 15.092415 1.659373 0.090926 -0.052541 0.055164 0.705152 0.704952
91.756000000 15.092415 1.659374 0.090915 -0.052525 0.055147 0.705153 0.704953
91.776000000 15.092415 1.659375 0.090906 -0.052511 0.055132 0.705154 0.704954
91.796000000 15.092415 1.659375 0.090897 -0.052499 0.055118 0.705155 0.704955
91.816000000 15.092415 1.659376 0.090890 -0.052488 0.055107 0.705156 0.704956
91.836000000 15.092415 1.659376 0.090883 -0.052478 0.055097 0.705157 0.704957
91.856000000 15.092415 1.659377 0.090878 -0.052471 0.055088 0.705157 0.704958
91.876000000 15.092415 1.659377 0.090874 -0.052465 0.055082 0.705158 0.704958
91.896000000 15.092415 1.659377 0.090871 -0.052460 0.055077 0.705158 0.704959
91.916000000 15.092415 1.659378 0.090870 -0.052458 0.055075 0.705158 0.704959
91.936000000 15.092415 1.659378 0.090869 -0.052457 0.055074 0.705158 0.704959
91.956000000 15.092415 1.659378 0.090869 -0.052457 0.055074 0.705158 0.704959
91.976000000 15.092415 1.659378 0.090869 -0.052457 0.055074 0.705158 0.704959
91.996000000 15.092415 1.659378 0.090869 -0.052457 0.055074 0.705158 0.704959
92.016000000 15.092415 1.659378 0.090869 -0.052457 0.055074 0.705158 0.704959
92.036000000 15.092415 1.659378 0.090869 -0.052457 0.055074 0.705158 0.704959
92.056000000 15.092415 1.659378 0.090869 -0.052457 0.055074 0.705158 0.704959
92.076000000 15.092415 1.659378 0.090869 -0.052457 0.055074 0.705158 0.704959
92.096000000 15.092415 1.659378 0.090869 -0.052457 0.055074 0.705158 0.704959
92.116000000 15.092415 1.659378 0.090869 -0.052457 0.055074 0.705158 0.704959
92.136000000 15.092415 1.659378 0.090869 -0.052457 0.055074 0.705158 0.704959
92.156000000 15.092415 1.659378 0.090869 -0.052457 0.055074 0.705158 0.704959
92.176000000 15.092415 1.659378 0.090869 -0.052457 0.055074 0.705158 0.704959
92.196000000 15.092415 1.659378 0.090869 -0.052457 0.055074 0.705158 0.704959
92.216000000 15.092415 1.659378 0.090869 -0.052457 0.055074 0.705158 0.704959
92.236000000 15.092415 1.659378 0.090869 -0.052457 0.055074 0.705158 0.704959
92.256000000 15.092415 1.659378 0.090869 -0.052457 0.055074 0.705158 0.704959
92.276000000 15.092415 1.659378 0.090869 -0.052457 0.055074 0.705158 0.704959
92.296000000 15.092415 1.659378 0.090869 -0.052457 0.055074 0.705158 0.704959
92.316000000 15.092415 1.659378 0.090869 -0.052457 0.055074 0.705158 0.704959
92.336000000 15.092415 1.659378 0.090869 -0.052457 0.055074 0.705158 0.704959
92.356000000 15.092415 1.659378 0.090869 -0.052457 0.055074 0.705158 0.704959
92.376000000 15.092415 1.659378 0.090869 -0.052457 0.055074 0.705158 0.704959
92.396000000 15.092415 1.659378 0.090869 -0.052457 0.055074 0.705158 0.704959
92.416000000 15.092415 1.659378 0.090869 -0.052457 0.055074 0.705158 0.704959
92.436000000 15.092415 1.659378 0.090869 -0.052457 0.055074 0.705158 0.704959
92.456000000 15.092415 1.659378 0.090869 -0.052457 0.055074 0.705158 0.704959
92.476000000 15.092415 1.659378 0.090869 -0.052457 0.055074 0.705158 0.704959
92.496000000 15.092415 1.659378 0.090869 -0.052457 0.055074 0.705158 0.704959
92.516000000 15.092415 1.659378 0.090869 -0.052457 0.055074 0.705158 0.704959
92.536000000 15.092415 1.659378 0.090869 -0.052457 0.055074 0.705158 0.704959
92.556000000 15.092415 1.659378 0.090869 -0.052457 0.055074 0.705158 0.704959
92.576000000 15.092415 1.659378 0.090869 -0.052457 0.055074 0.705158 0.704959
92.596000000 15.092415 1.659378 0.090869 -0.052457 0.055074 0.705158 0.704959
92.616000000 15.092415 1.659378 0.090869 -0.052457 0.055074 0.705158 0.704959
92.636000000 15.092415 1.659378 0.090869 -0.052457 0.055074 0.705158 0.704959
92.656000000 15.092415 1.659378 0.090869 -0.052457 0.055074 0.705158 0.704959
92.676000000 15.092415 1.659378 0.090869 -0.052457 0.055074 0.705158 0.704959
92.696000000 15.092415 1.659378 0.090869 -0.052457 0.055074 0.705158 0.704959
92.716000000 15.092415 1.659378 0.090869 -0.052457 0.055074 0.705158 0.704959
92.736000000 15.092415 1.659378 0.090869 -0.052457 0.055074 0.705158 0.704959
92.756000000 15.092415 1.659378 0.090869 -0.052457 0.055074 0.705158 0.704959
92.776000000 15.092415 1.659378 0.090869 -0.052457 0.055074 0.705158 0.704959
92.796000000 15.092415 1.659378 0.090869 -0.052457 0.055074 0.705158 0.704959
92.816000000 15.092415 1.659378 0.090869 -0.052457 0.055074 0.705158 0.704959
92.836000000 15.092415 1.659378 0.090869 -0.052457 0.055074 0.705158 0.704959
92.856000000 15.092415 1.659378 0.090869 -0.052457 0.055074 0.705158 0.704959
92.876000000 15.092415 1.659378 0.090869 -0.052457 0.055074 0.705158 0.704959
92.896000000 15.092415 1.659378 0.090869 -0.052457 0.055074 0.705158 0.704959
92.916000000 15.092415 1.659378 0.090869 -0.052457 0.055074 0.705158 0.704959
92.936000000 15.092415 1.659378 0.090869 -0.052457 0.055074 0.705158 0.704959
92.956000000 15.092415 1.659378 0.090869 -0.052457 0.055074 0.705158 0.704959
92.976000000 15.092415 1.659378 0.090869 -0.052457 0.055074 0.705158 0.704959
92.996000000 15.092415 1.659378 0.090869 -0.052457 0.055074 0.705158 0.704959
93.016000000 15.092415 1.659378 0.090869 -0.052457 0.055074 0.705158 0.704959
93.036000000 15.092415 1.659378 0.090869 -0.052457 0.055074 0.705158 0.704959
93.056000000 15.092415 1.659378 0.090869 -0.052457 0.055074 0.705158 0.704959
93.076000000 15.092415 1.659378 0.090868 -0.052456 0.055073 0.705158 0.704959
93.096000000 15.092415 1.659378 0.090868 -0.052456 0.055073 0.705158 0.704959
93.116000000 15.092415 1.659378 0.090868 -0.052456 0.055073 0.705158 0.704959
93.136000000 15.092415 1.659378 0.090868 -0.052456 0.055073 0.705158 0.704959
93.156000000 15.092415 1.659378 0.090868 -0.052456 0.055073 0.705158 0.704959
93.176000000 15.092415 1.659378 0.090868 -0.052456 0.055073 0.705158 0.704959
93.196000000 15.092415 1.659378 0.090868 -0.052456 0.055073 0.705158 0.704959
93.216000000 15.092415 1.659378 0.090868 -0.052456 0.055073 0.705158 0.704959
93.236000000 15.092415 1.659378 0.090868 -0.052456 0.055073 0.705158 0.704959
93.256000000 15.092415 1.659378 0.090868 -0.052456 0.055073 0.705158 0.704959
93.276000000 15.092415 1.659378 0.090868 -0.052456 0.055073 0.705158 0.704959
93.296000000 15.092415 1.659378 0.090868 -0.052456 0.055073 0.705158 0.704959
93.316000000 15.092415 1.659378 0.090868 -0.052456 0.055073 0.705158 0.704959
93.336000000 15.092415 1.659378 0.090868 -0.052456 0.055073 0.705158 0.704959
93.356000000 15.092415 1.659378 0.090868 -0.052456 0.055073 0.705158 0.704959
93.376000000 15.092415 1.659378 0.090868 -0.052456 0.055073 0.705158 0.704959
93.396000000 15.092415 1.659378 0.090868 -0.052456 0.055073 0.705158 0.704959
93.416000000 15.092415 1.659378 0.090868 -0.052456 0.055073 0.705158 0.704959
93.436000000 15.092415 1.659378 0.090868 -0.052456 0.055073 0.705158 0.704959
93.456000000 15.092415 1.659378 0.090868 -0.052456 0.055073 0.705158 0.704959
93.476000000 15.092415 1.659378 0.090868 -0.052456 0.055073 0.705158 0.704959
93.496000000 15.092415 1.659378 0.090868 -0.052456 0.055073 0.705158 0.704959
93.516000000 15.092415 1.659378 0.090868 -0.052456 0.055073 0.705158 0.704959
93.536000000 15.092415 1.659378 0.090868 -0.052456 0.055073 0.705158 0.704959
93.556000000 15.092415 1.659378 0.090868 -0.052456 0.055073 0.705158 0.704959
93.576000000 15.092415 1.659378 0.090868 -0.052456 0.055073 0.705158 0.704959
93.596000000 15.092415 1.659378 0.090868 -0.052456 0.055073 0.705158 0.704959
93.616000000 15.092415 1.659378 0.090868 -0.052456 0.055073 0.705158 0.704959
93.636000000 15.092415 1.659378 0.090868 -0.052456 0.055073 0.705158 0.704959
93.656000000 15.092415 1.659378 0.090868 -0.052456 0.055073 0.705158 0.704959
93.676000000 15.092415 1.659378 0.090868 -0.052456 0.055073 0.705158 0.704959
93.696000000 15.092415 1.659378 0.090868 -0.052456 0.055073 0.705158 0.704959
93.716000000 15.092415 1.659378 0.090868 -0.052456 0.055073 0.705158 0.704959
93.736000000 15.092415 1.659377 0.090870 -0.052459 0.055075 0.705158 0.704959
93.756000000 15.092415 1.659377 0.090881 -0.052475 0.055091 0.705157 0.704957
93.776000000 15.092415 1.659375 0.090903 -0.052506 0.055123 0.705155 0.704955
93.796000000 15.092415 1.659372 0.090934 -0.052553 0.055170 0.705151 0.704951
93.816000000 15.092415 1.659369 0.090976 -0.052614 0.055231 0.705147 0.704947
93.836000000 15.092415 1.659365 0.091027 -0.052689 0.055305 0.705141 0.704941
93.856000000 15.092415 1.659361 0.091087 -0.052776 0.055392 0.705135 0.704934
93.876000000 15.092416 1.659356 0.091154 -0.052874 0.055491 0.705127 0.704926
93.896000000 15.092416 1.659350 0.091228 -0.052983 0.055600 0.705119 0.704918
93.916000000 15.092416 1.659344 0.091308 -0.053101 0.055717 0.705110 0.704908
93.936000000 15.092417 1.659337 0.091394 -0.053227 0.055843 0.705101 0.704898
93.956000000 15.092417 1.659330 0.091485 -0.053359 0.055975 0.705091 0.704888
93.976000000 15.092417 1.659323 0.091579 -0.053497 0.056113 0.705080 0.704877
93.996000000 15.092418 1.659316 0.091676 -0.053639 0.056255 0.705069 0.704865
94.016000000 15.092411 1.659315 0.091772 -0.053801 0.056397 0.705047 0.704865
94.036000000 15.092419 1.659315 0.091872 -0.053948 0.056553 0.705047 0.704840
94.056000000 15.092420 1.659307 0.091974 -0.054097 0.056703 0.705035 0.704829
94.076000000 15.092420 1.659298 0.092077 -0.054248 0.056853 0.705024 0.704816
94.096000000 15.092420 1.659290 0.092179 -0.054397 0.057002 0.705012 0.704804
94.116000000 15.092421 1.659283 0.092279 -0.054544 0.057149 0.705001 0.704793
94.136000000 15.092421 1.659275 0.092378 -0.054689 0.057294 0.704990 0.704781
94.156000000 15.092421 1.659268 0.092474 -0.054830 0.057435 0.704979 0.704769
94.176000000 15.092422 1.659260 0.092568 -0.054967 0.057572 0.704968 0.704758
94.196000000 15.092422 1.659254 0.092658 -0.055099 0.057704 0.704958 0.704748
94.216000000 15.092422 1.659247 0.092745 -0.055227 0.057832 0.704948 0.704737
94.236000000 15.092423 1.659241 0.092829 -0.055349 0.057954 0.704938 0.704727
94.256000000 15.092423 1.659235 0.092908 -0.055465 0.058070 0.704929 0.704718
94.276000000 15.092423 1.659229 0.092984 -0.055576 0.058181 0.704920 0.704709
94.296000000 15.092423 1.659224 0.093055 -0.055680 0.058285 0.704912 0.704700
94.316000000 15.092424 1.659219 0.093122 -0.055779 0.058383 0.704904 0.704692
94.336000000 15.092424 1.659214 0.093186 -0.055871 0.058476 0.704897 0.704684
94.356000000 15.092424 1.659210 0.093245 -0.055957 0.058562 0.704890 0.704677
94.376000000 15.092424 1.659206 0.093299 -0.056038 0.058642 0.704883 0.704670
94.396000000 15.092424 1.659202 0.093350 -0.056112 0.058717 0.704877 0.704664
94.416000000 15.092425 1.659199 0.093397 -0.056181 0.058786 0.704872 0.704658
94.436000000 15.092425 1.659196 0.093441 -0.056245 0.058849 0.704867 0.704653
94.456000000 15.092425 1.659193 0.093481 -0.056304 0.058908 0.704862 0.704648
94.476000000 15.092425 1.659190 0.093518 -0.056357 0.058962 0.704858 0.704644
94.496000000 15.092425 1.659187 0.093551 -0.056407 0.059011 0.704854 0.704640
94.516000000 15.092425 1.659185 0.093582 -0.056452 0.059056 0.704850 0.704636
94.536000000 15.092425 1.659183 0.093610 -0.056493 0.059097 0.704847 0.704633
94.556000000 15.092425 1.659181 0.093636 -0.056531 0.059135 0.704844 0.704629
94.576000000 15.092425 1.659179 0.093660 -0.056566 0.059170 0.704841 0.704626
94.596000000 15.092425 1.659178 0.093682 -0.056598 0.059202 0.704838 0.704624
94.616000000 15.092426 1.659176 0.093702 -0.056627 0.059232 0.704836 0.704621
94.636000000 15.092426 1.659175 0.093721 -0.056655 0.059259 0.704834 0.704619
94.656000000 15.092426 1.659174 0.093739 -0.056680 0.059285 0.704832 0.704617
94.676000000 15.092426 1.659172 0.093755 -0.056705 0.059309 0.704830 0.704615
94.696000000 15.092426 1.659171 0.093771 -0.056728 0.059332 0.704828 0.704613
94.716000000 15.092426 1.659170 0.093786 -0.056750 0.059354 0.704826 0.704611
94.736000000 15.092426 1.659169 0.093801 -0.056771 0.059376 0.704824 0.704609
94.756000000 15.092426 1.659168 0.093815 -0.056793 0.059397 0.704823 0.704608
94.776000000 15.092426 1.659167 0.093829 -0.056813 0.059418 0.704821 0.704606
94.796000000 15.092426 1.659166 0.093844 -0.056834 0.059438 0.704819 0.704604
94.816000000 15.092426 1.659165 0.093858 -0.056855 0.059459 0.704818 0.704602
94.836000000 15.092426 1.659164 0.093872 -0.056876 0.059481 0.704816 0.704600
94.856000000 15.092426 1.659163 0.093887 -0.056898 0.059502 0.704814 0.704599
94.876000000 15.092426 1.659162 0.093902 -0.056920 0.059524 0.704812 0.704597
94.896000000 15.092426 1.659161 0.093917 -0.056942 0.059546 0.704810 0.704595
94.916000000 15.092426 1.659159 0.093933 -0.056965 0.059569 0.704809 0.704593
94.936000000 15.092426 1.659158 0.093949 -0.056989 0.059593 0.704807 0.704591
94.956000000 15.092426 1.659157 0.093966 -0.057013 0.059617 0.704805 0.704589
94.976000000 15.092426 1.659156 0.093983 -0.057038 0.059642 0.704803 0.704587
94.996000000 15.092427 1.659155 0.094000 -0.057063 0.059667 0.704801 0.704585
95.016000000 15.092427 1.659154 0.094018 -0.057089 0.059693 0.704799 0.704583
95.036000000 15.092427 1.659152 0.094036 -0.057115 0.059720 0.704796 0.704580
95.056000000 15.092427 1.659151 0.094054 -0.057142 0.059746 0.704794 0.704578
95.076000000 15.092427 1.659150 0.094072 -0.057169 0.059773 0.704792 0.704576
95.096000000 15.092427 1.659149 0.094091 -0.057196 0.059800 0.704790 0.704573
95.116000000 15.092427 1.659147 0.094110 -0.057223 0.059828 0.704788 0.704571
95.136000000 15.092427 1.659146 0.094128 -0.057251 0.059855 0.704785 0.704569
95.156000000 15.092427 1.659145 0.094147 -0.057278 0.059882 0.704783 0.704567
95.176000000 15.092427 1.659144 0.094165 -0.057305 0.059909 0.704781 0.704564
95.196000000 15.092427 1.659143 0.094183 -0.057331 0.059936 0.704779 0.704562
95.216000000 15.092427 1.659141 0.094201 -0.057357 0.059962 0.704777 0.704560
95.236000000 15.092427 1.659140 0.094219 -0.057383 0.059987 0.704775 0.704558
95.256000000 15.092427 1.659139 0.094236 -0.057408 0.060012 0.704773 0.704555
95.276000000 15.092427 1.659138 0.094252 -0.057432 0.060036 0.704771 0.704553
95.296000000 15.092427 1.659137 0.094268 -0.057455 0.060060 0.704769 0.704551
95.316000000 15.092428 1.659136 0.094283 -0.057478 0.060082 0.704767 0.704550
95.336000000 15.092428 1.659135 0.094298 -0.057499 0.060103 0.704765 0.704548
95.356000000 15.092428 1.659134 0.094312 -0.057519 0.060123 0.704764 0.704546
95.376000000 15.092428 1.659133 0.094324 -0.057538 0.060142 0.704762 0.704544
95.396000000 15.092428 1.659133 0.094336 -0.057555 0.060159 0.704761 0.704543
95.416000000 15.092428 1.659132 0.094347 -0.057571 0.060175 0.704759 0.704542
95.436000000 15.092428 1.659131 0.094357 -0.057586 0.060190 0.704758 0.704540
95.456000000 15.092428 1.659131 0.094366 -0.057599 0.060203 0.704757 0.704539
95.476000000 15.092428 1.659130 0.094374 -0.057610 0.060214 0.704756 0.704538
95.496000000 15.092428 1.659130 0.094381 -0.057620 0.060224 0.704755 0.704537
95.516000000 15.092428 1.659129 0.094386 -0.057628 0.060233 0.704755 0.704537
95.536000000 15.092428 1.659129 0.094391 -0.057635 0.060239 0.704754 0.704536
95.556000000 15.092428 1.659129 0.094394 -0.057639 0.060243 0.704754 0.704536
95.576000000 15.092428 1.659129 0.094396 -0.057643 0.060247 0.704753 0.704535
95.596000000 15.092428 1.659129 0.094397 -0.057644 0.060248 0.704753 0.704535
95.616000000 15.092428 1.659129 0.094397 -0.057644 0.060248 0.704753 0.704535
95.636000000 15.092428 1.659129 0.094396 -0.057643 0.060247 0.704753 0.704535
95.656000000 15.092428 1.659129 0.094393 -0.057639 0.060243 0.704754 0.704536
95.676000000 15.092428 1.659129 0.094390 -0.057633 0.060237 0.704754 0.704536
95.696000000 15.092428 1.659129 0.094385 -0.057626 0.060230 0.704755 0.704537
95.716000000 15.092428 1.659130 0.094379 -0.057617 0.060221 0.704756 0.704538
95.736000000 15.092428 1.659130 0.094371 -0.057607 0.060211 0.704756 0.704539
95.756000000 15.092428 1.659131 0.094363 -0.057595 0.060199 0.704757 0.704540
95.776000000 15.092428 1.659131 0.094354 -0.057581 0.060185 0.704758 0.704541
95.796000000 15.092428 1.659132 0.094344 -0.057566 0.060170 0.704760 0.704542
95.816000000 15.092428 1.659132 0.094333 -0.057550 0.060154 0.704761 0.704543
95.836000000 15.092428 1.659133 0.094320 -0.057532 0.060136 0.704762 0.704545
95.856000000 15.092428 1.659134 0.094307 -0.057513 0.060117 0.704764 0.704547
95.876000000 15.092428 1.659135 0.094293 -0.057492 0.060096 0.704766 0.704548
95.896000000 15.092427 1.659136 0.094278 -0.057470 0.060075 0.704767 0.704550
95.916000000 15.092427 1.659137 0.094263 -0.057447 0.060051 0.704769 0.704552
95.936000000 15.092427 1.659138 0.094246 -0.057423 0.060027 0.704771 0.704554
95.956000000 15.092427 1.659139 0.094228 -0.057397 0.060001 0.704773 0.704556
95.976000000 15.092427 1.659140 0.094210 -0.057370 0.059975 0.704776 0.704559
95.996000000 15.092427 1.659141 0.094191 -0.057343 0.059947 0.704778 0.704561
96.016000000 15.092427 1.659143 0.094171 -0.057314 0.059918 0.704780 0.704564
96.036000000 15.092427 1.659144 0.094151 -0.057283 0.059888 0.704783 0.704566
96.056000000 15.092427 1.659145 0.094129 -0.057252 0.059857 0.704785 0.704569
96.076000000 15.092427 1.659147 0.094107 -0.057220 0.059824 0.704788 0.704572
96.096000000 15.092427 1.659148 0.094085 -0.057187 0.059791 0.704791 0.704574
96.116000000 15.092427 1.659150 0.094061 -0.057153 0.059757 0.704793 0.704577
96.136000000 15.092427 1.659151 0.094037 -0.057118 0.059722 0.704796 0.704580
96.156000000 15.092426 1.659153 0.094013 -0.057082 0.059686 0.704799 0.704583
96.176000000 15.092426 1.659154 0.093987 -0.057045 0.059649 0.704802 0.704586
96.196000000 15.092426 1.659156 0.093961 -0.057007 0.059611 0.704805 0.704590
96.216000000 15.092426 1.659158 0.093935 -0.056968 0.059572 0.704808 0.704593
96.236000000 15.092426 1.659160 0.093908 -0.056928 0.059533 0.704811 0.704596
96.256000000 15.092426 1.659161 0.093880 -0.056887 0.059492 0.704815 0.704600
96.276000000 15.092426 1.659163 0.093852 -0.056846 0.059450 0.704818 0.704603
96.296000000 15.092426 1.659165 0.093823 -0.056804 0.059408 0.704821 0.704607
96.316000000 15.092426 1.659167 0.093793 -0.056761 0.059365 0.704825 0.704610
96.336000000 15.092426 1.659169 0.093763 -0.056717 0.059321 0.704829 0.704614
96.356000000 15.092425 1.659171 0.093733 -0.056672 0.059276 0.704832 0.704618
96.376000000 15.092425 1.659173 0.093702 -0.056626 0.059231 0.704836 0.704622
96.396000000 15.092425 1.659175 0.093670 -0.056580 0.059184 0.704839 0.704626
96.416000000 15.092425 1.659177 0.093638 -0.056533 0.059137 0.704843 0.704630
96.436000000 15.092425 1.659180 0.093605 -0.056485 0.059089 0.704847 0.704634
96.456000000 15.092425 1.659182 0.093571 -0.056436 0.059040 0.704851 0.704638
96.476000000 15.092425 1.659184 0.093538 -0.056386 0.058991 0.704855 0.704642
96.496000000 15.092425 1.659186 0.093503 -0.056336 0.058941 0.704859 0.704646
96.516000000 15.092424 1.659189 0.093468 -0.056285 0.058890 0.704863 0.704650
96.536000000 15.092424 1.659191 0.093433 -0.056233 0.058838 0.704867 0.704655
96.556000000 15.092424 1.659193 0.093397 -0.056180 0.058785 0.704871 0.704659
96.576000000 15.092424 1.659196 0.093360 -0.056127 0.058732 0.704876 0.704663
96.596000000 15.092424 1.659198 0.093324 -0.056073 0.058678 0.704880 0.704668
96.616000000 15.092424 1.659201 0.093286 -0.056018 0.058623 0.704884 0.704673
96.636000000 15.092424 1.659203 0.093248 -0.055963 0.058568 0.704889 0.704677
96.656000000 15.092424 1.659206 0.093210 -0.055906 0.058511 0.704893 0.704682
96.676000000 15.092423 1.659209 0.093171 -0.055850 0.058454 0.704898 0.704687
96.696000000 15.092423 1.659211 0.093131 -0.055792 0.058397 0.704902 0.704691
96.716000000 15.092423 1.659214 0.093092 -0.055734 0.058339 0.704907 0.704696
96.736000000 15.092423 1.659217 0.093051 -0.055675 0.058280 0.704912 0.704701
96.756000000 15.092423 1.659220 0.093011 -0.055615 0.058220 0.704916 0.704706
96.776000000 15.092423 1.659223 0.092970 -0.055555 0.058160 0.704921 0.704711
96.796000000 15.092422 1.659225 0.092928 -0.055494 0.058099 0.704926 0.704716
96.816000000 15.092422 1.659228 0.092886 -0.055433 0.058038 0.704931 0.704721
96.836000000 15.092422 1.659231 0.092844 -0.055371 0.057976 0.704935 0.704726
96.856000000 15.092422 1.659234 0.092801 -0.055309 0.057913 0.704940 0.704731
96.876000000 15.092422 1.659237 0.092758 -0.055246 0.057851 0.704945 0.704736
96.896000000 15.092422 1.659240 0.092715 -0.055182 0.057787 0.704950 0.704742
96.916000000 15.092422 1.659243 0.092671 -0.055118 0.057723 0.704955 0.704747
96.936000000 15.092421 1.659246 0.092627 -0.055054 0.057659 0.704960 0.704752
96.956000000 15.092421 1.659250 0.092583 -0.054988 0.057594 0.704965 0.704757
96.976000000 15.092421 1.659253 0.092538 -0.054923 0.057528 0.704971 0.704763
96.996000000 15.092421 1.659256 0.092493 -0.054857 0.057462 0.704976 0.704768
97.016000000 15.092421 1.659259 0.092448 -0.054791 0.057396 0.704981 0.704773
97.036000000 15.092421 1.659262 0.092402 -0.054725 0.057330 0.704986 0.704779
97.056000000 15.092420 1.659266 0.092357 -0.054658 0.057263 0.704991 0.704784
97.076000000 15.092420 1.659269 0.092311 -0.054591 0.057196 0.704996 0.704790
97.096000000 15.092420 1.659272 0.092265 -0.054523 0.057128 0.705002 0.704795
97.116000000 15.092420 1.659276 0.092219 -0.054455 0.057061 0.705007 0.704801
97.136000000 15.092420 1.659279 0.092172 -0.054387 0.056993 0.705012 0.704806
97.156000000 15.092420 1.659282 0.092125 -0.054319 0.056924 0.705017 0.704812
97.176000000 15.092419 1.659286 0.092079 -0.054251 0.056856 0.705023 0.704817
97.196000000 15.092419 1.659289 0.092032 -0.054182 0.056788 0.705028 0.704823
97.216000000 15.092419 1.659292 0.091985 -0.054114 0.056719 0.705033 0.704828
97.236000000 15.092419 1.659296 0.091938 -0.054045 0.056650 0.705038 0.704834
97.256000000 15.092419 1.659299 0.091891 -0.053976 0.056581 0.705044 0.704839
97.276000000 15.092418 1.659303 0.091844 -0.053907 0.056512 0.705049 0.704845
97.296000000 15.092418 1.659306 0.091797 -0.053838 0.056443 0.705054 0.704850
97.316000000 15.092418 1.659310 0.091750 -0.053769 0.056374 0.705060 0.704856
97.336000000 15.092418 1.659313 0.091702 -0.053700 0.056305 0.705065 0.704862
97.356000000 15.092418 1.659317 0.091655 -0.053630 0.056236 0.705070 0.704867
97.376000000 15.092418 1.659320 0.091608 -0.053562 0.056167 0.705075 0.704873
97.396000000 15.092417 1.659324 0.091561 -0.053493 0.056098 0.705081 0.704878
97.416000000 15.092417 1.659327 0.091514 -0.053424 0.056029 0.705086 0.704883
97.436000000 15.092417 1.659331 0.091467 -0.053355 0.055961 0.705091 0.704889
97.456000000 15.092417 1.659334 0.091420 -0.053286 0.055892 0.705096 0.704894
97.476000000 15.092417 1.659338 0.091374 -0.053218 0.055824 0.705101 0.704900
97.496000000 15.092417 1.659341 0.091327 -0.053150 0.055755 0.705106 0.704905
97.516000000 15.092416 1.659345 0.091281 -0.053082 0.055688 0.705112 0.704911
97.536000000 15.092416 1.659349 0.091234 -0.053014 0.055620 0.705117 0.704916
97.556000000 15.092416 1.659352 0.091188 -0.052946 0.055552 0.705122 0.704921
97.576000000 15.092416 1.659356 0.091142 -0.052879 0.055485 0.705127 0.704927
97.596000000 15.092416 1.659359 0.091097 -0.052812 0.055418 0.705132 0.704932
97.616000000 15.092416 1.659363 0.091051 -0.052746 0.055351 0.705137 0.704937
97.636000000 15.092415 1.659366 0.091006 -0.052679 0.055285 0.705142 0.704942
97.656000000 15.092415 1.659370 0.090961 -0.052613 0.055219 0.705147 0.704947
97.676000000 15.092415 1.659371 0.090947 -0.052594 0.055198 0.705148 0.704949
97.696000000 15.092415 1.659371 0.090947 -0.052594 0.055198 0.705148 0.704949
97.716000000 15.092415 1.659371 0.090947 -0.052594 0.055198 0.705148 0.704949
97.736000000 15.092415 1.659371 0.090947 -0.052594 0.055198 0.705148 0.704949
97.756000000 15.092415 1.659371 0.090947 -0.052594 0.055198 0.705148 0.704949
97.776000000 15.092415 1.659371 0.090947 -0.052594 0.055198 0.705148 0.704949
97.796000000 15.092415 1.659371 0.090947 -0.052594 0.055198 0.705148 0.704949
97.816000000 15.092415 1.659371 0.090947 -0.052594 0.055198 0.705148 0.704949
97.836000000 15.092415 1.659371 0.090947 -0.052594 0.055198 0.705148 0.704949
97.856000000 15.092415 1.659371 0.090947 -0.052594 0.055198 0.705148 0.704949
97.876000000 15.092415 1.659371 0.090947 -0.052594 0.055198 0.705148 0.704949
97.896000000 15.092415 1.659371 0.090947 -0.052594 0.055198 0.705148 0.704949
97.916000000 15.092415 1.659371 0.090947 -0.052594 0.055198 0.705148 0.704949
97.936000000 15.092415 1.659371 0.090947 -0.052594 0.055198 0.705148 0.704949
97.956000000 15.092415 1.659371 0.090947 -0.052594 0.055198 0.705148 0.704949
97.976000000 15.092415 1.659371 0.090947 -0.052594 0.055198 0.705148 0.704949
97.996000000 15.092415 1.659371 0.090947 -0.052594 0.055198 0.705148 0.704949
98.016000000 15.092415 1.659371 0.090947 -0.052594 0.055198 0.705148 0.704949
98.036000000 15.092415 1.659371 0.090947 -0.052594 0.055198 0.705148 0.704949
98.056000000 15.092415 1.659371 0.090947 -0.052594 0.055198 0.705148 0.704949
98.076000000 15.092415 1.659371 0.090947 -0.052594 0.055198 0.705148 0.704949
98.096000000 15.092415 1.659371 0.090947 -0.052594 0.055198 0.705148 0.704949
98.116000000 15.092415 1.659371 0.090947 -0.052594 0.055198 0.705148 0.704949
98.136000000 15.092415 1.659371 0.090947 -0.052594 0.055198 0.705148 0.704949
98.156000000 15.092415 1.659371 0.090947 -0.052594 0.055198 0.705148 0.704949
98.176000000 15.092415 1.659371 0.090947 -0.052594 0.055198 0.705148 0.704949
98.196000000 15.092415 1.659371 0.090947 -0.052594 0.055198 0.705148 0.704949
98.216000000 15.092415 1.659371 0.090947 -0.052594 0.055198 0.705148 0.704949
98.236000000 15.092415 1.659371 0.090947 -0.052594 0.055198 0.705148 0.704949
98.256000000 15.092415 1.659371 0.090947 -0.052594 0.055198 0.705148 0.704949
98.276000000 15.092415 1.659371 0.090947 -0.052594 0.055198 0.705148 0.704949
98.296000000 15.092415 1.659371 0.090947 -0.052594 0.055198 0.705148 0.704949
98.316000000 15.092415 1.659371 0.090947 -0.052594 0.055198 0.705148 0.704949
98.336000000 15.092415 1.659371 0.090947 -0.052594 0.055198 0.705148 0.704949
98.356000000 15.092415 1.659371 0.090947 -0.052594 0.055198 0.705148 0.704949
98.376000000 15.092415 1.659371 0.090947 -0.052594 0.055198 0.705148 0.704949
98.396000000 15.092415 1.659371 0.090947 -0.052594 0.055198 0.705148 0.704949
98.416000000 15.092415 1.659371 0.090947 -0.052594 0.055198 0.705148 0.704949
98.436000000 15.092415 1.659371 0.090947 -0.052594 0.055198 0.705148 0.704949
98.456000000 15.092415 1.659371 0.090947 -0.052594 0.055198 0.705148 0.704949
98.476000000 15.092415 1.659371 0.090947 -0.052594 0.055198 0.705148 0.704949
98.496000000 15.092415 1.659371 0.090947 -0.052594 0.055198 0.705148 0.704949
98.516000000 15.092415 1.659371 0.090947 -0.052594 0.055198 0.705148 0.704949
98.536000000 15.092415 1.659371 0.090947 -0.052594 0.055198 0.705148 0.704949
98.556000000 15.092415 1.659371 0.090947 -0.052594 0.055198 0.705148 0.704949
98.576000000 15.092415 1.659371 0.090947 -0.052594 0.055198 0.705148 0.704949
98.596000000 15.092415 1.659371 0.090947 -0.052594 0.055198 0.705148 0.704949
98.616000000 15.092415 1.659371 0.090947 -0.052594 0.055198 0.705148 0.704949
98.636000000 15.092415 1.659371 0.090947 -0.052594 0.055198 0.705148 0.704949
98.656000000 15.092415 1.659371 0.090947 -0.052594 0.055198 0.705148 0.704949
98.676000000 15.092415 1.659371 0.090947 -0.052594 0.055198 0.705148 0.704949
98.696000000 15.092415 1.659371 0.090947 -0.052594 0.055198 0.705148 0.704949
98.716000000 15.092415 1.659371 0.090947 -0.052594 0.055198 0.705148 0.704949
98.736000000 15.092415 1.659371 0.090947 -0.052594 0.055198 0.705148 0.704949
98.756000000 15.092415 1.659371 0.090947 -0.052594 0.055198 0.705148 0.704949
98.776000000 15.092415 1.659371 0.090947 -0.052594 0.055198 0.705148 0.704949
98.796000000 15.092415 1.659371 0.090947 -0.052594 0.055198 0.705148 0.704949
98.816000000 15.092415 1.659371 0.090947 -0.052594 0.055198 0.705148 0.704949
98.836000000 15.092415 1.659371 0.090947 -0.052594 0.055198 0.705148 0.704949
98.856000000 15.092415 1.659371 0.090947 -0.052594 0.055198 0.705148 0.704949
98.876000000 15.092415 1.659371 0.090947 -0.052594 0.055198 0.705148 0.704949
98.896000000 15.092415 1.659371 0.090947 -0.052594 0.055198 0.705148 0.704949
98.916000000 15.092415 1.659371 0.090947 -0.052594 0.055198 0.705148 0.704949
98.936000000 15.092415 1.659371 0.090947 -0.052594 0.055198 0.705148 0.704949
98.956000000 15.092415 1.659371 0.090947 -0.052594 0.055198 0.705148 0.704949
98.976000000 15.092415 1.659371 0.090947 -0.052594 0.055198 0.705148 0.704949
98.996000000 15.092415 1.659371 0.090947 -0.052594 0.055198 0.705148 0.704949
99.016000000 15.092415 1.659371 0.090947 -0.052594 0.055198 0.705148 0.704949
99.036000000 15.092415 1.659371 0.090947 -0.052594 0.055198 0.705148 0.704949
99.056000000 15.092415 1.659371 0.090947 -0.052594 0.055198 0.705148 0.704949
99.076000000 15.092415 1.659371 0.090947 -0.052594 0.055198 0.705148 0.704949
99.096000000 15.092415 1.659371 0.090947 -0.052594 0.055198 0.705148 0.704949
99.116000000 15.092415 1.659371 0.090947 -0.052594 0.055198 0.705148 0.704949
99.136000000 15.092415 1.659371 0.090947 -0.052594 0.055198 0.705148 0.704949
99.156000000 15.092415 1.659371 0.090947 -0.052594 0.055198 0.705148 0.704949
99.176000000 15.092415 1.659371 0.090947 -0.052594 0.055198 0.705148 0.704949
99.196000000 15.092415 1.659371 0.090947 -0.052594 0.055198 0.705148 0.704949
99.216000000 15.092415 1.659371 0.090947 -0.052594 0.055198 0.705148 0.704949
99.236000000 15.092415 1.659371 0.090947 -0.052594 0.055198 0.705148 0.704949
99.256000000 15.092415 1.659371 0.090947 -0.052594 0.055198 0.705148 0.704949
99.276000000 15.092415 1.659371 0.090947 -0.052594 0.055198 0.705148 0.704949
99.296000000 15.092415 1.659371 0.090947 -0.052594 0.055198 0.705148 0.704949
99.316000000 15.092415 1.659371 0.090947 -0.052594 0.055198 0.705148 0.704949
99.336000000 15.092415 1.659371 0.090947 -0.052594 0.055198 0.705148 0.704949
99.356000000 15.092415 1.659371 0.090947 -0.052594 0.055198 0.705148 0.704949
99.376000000 15.092415 1.659371 0.090947 -0.052594 0.055198 0.705148 0.704949
99.396000000 15.092415 1.659371 0.090947 -0.052594 0.055198 0.705148 0.704949
99.416000000 15.092415 1.659371 0.090947 -0.052594 0.055198 0.705148 0.704949
99.436000000 15.092415 1.659371 0.090947 -0.052594 0.055198 0.705148 0.704949
99.456000000 15.092415 1.659371 0.090947 -0.052594 0.055198 0.705148 0.704949
99.476000000 15.092415 1.659371 0.090947 -0.052594 0.055198 0.705148 0.704949
99.496000000 15.092415 1.659371 0.090947 -0.052594 0.055198 0.705148 0.704949
99.516000000 15.092415 1.659371 0.090947 -0.052594 0.055198 0.705148 0.704949
99.536000000 15.092415 1.659371 0.090947 -0.052594 0.055198 0.705148 0.704949
99.556000000 15.092415 1.659371 0.090947 -0.052594 0.055198 0.705148 0.704949
99.576000000 15.092415 1.659371 0.090947 -0.052594 0.055198 0.705148 0.704949
99.596000000 15.092415 1.659371 0.090947 -0.052594 0.055198 0.705148 0.704949
99.616000000 15.092415 1.659371 0.090947 -0.052594 0.055198 0.705148 0.704949
99.636000000 15.092415 1.659371 0.090947 -0.052594 0.055198 0.705148 0.704949
99.656000000 15.092415 1.659371 0.090947 -0.052594 0.055198 0.705148 0.704949
99.676000000 15.092415 1.659371 0.090947 -0.052594 0.055198 0.705148 0.704949
99.696000000 15.092415 1.659371 0.090947 -0.052594 0.055198 0.705148 0.704949
99.716000000 15.092415 1.659371 0.090947 -0.052594 0.055198 0.705148 0.704949
99.736000000 15.092415 1.659371 0.090947 -0.052594 0.055198 0.705148 0.704949
99.756000000 15.092415 1.659371 0.090947 -0.052594 0.055198 0.705148 0.704949
99.776000000 15.092415 1.659371 0.090947 -0.052594 0.055198 0.705148 0.704949
99.796000000 15.092415 1.659371 0.090947 -0.052594 0.055198 0.705148 0.704949
99.816000000 15.092415 1.659371 0.090947 -0.052594 0.055198 0.705148 0.704949
99.836000000 15.092415 1.659371 0.090947 -0.052594 0.055198 0.705148 0.704949
99.856000000 15.092415 1.659371 0.090947 -0.052594 0.055198 0.705148 0.704949
99.876000000 15.092415 1.659371 0.090947 -0.052594 0.055198 0.705148 0.704949
99.896000000 15.092415 1.659371 0.090947 -0.052594 0.055198 0.705148 0.704949
99.916000000 15.092415 1.659371 0.090947 -0.052594 0.055198 0.705148 0.704949
99.936000000 15.092415 1.659371 0.090947 -0.052594 0.055198 0.705148 0.704949
99.956000000 15.092415 1.659371 0.090947 -0.052594 0.055198 0.705148 0.704949
99.976000000 15.092415 1.659371 0.090947 -0.052594 0.055198 0.705148 0.704949
99.996000000 15.092415 1.659371 0.090947 -0.052594 0.055198 0.705148 0.704949
100.016000000 15.092415 1.659371 0.090947 -0.052594 0.055198 0.705148 0.704949
100.036000000 15.092415 1.659371 0.090947 -0.052594 0.055198 0.705148 0.704949
100.056000000 15.092415 1.659371 0.090947 -0.052594 0.055198 0.705148 0.704949
100.076000000 15.092415 1.659371 0.090947 -0.052594 0.055198 0.705148 0.704949
100.096000000 15.092415 1.659371 0.090947 -0.052594 0.055198 0.705148 0.704949
100.116000000 15.092415 1.659371 0.090947 -0.052594 0.055198 0.705148 0.704949
100.136000000 15.092415 1.659371 0.090947 -0.052594 0.055198 0.705148 0.704949
100.156000000 15.092415 1.659371 0.090947 -0.052594 0.055198 0.705148 0.704949
100.176000000 15.092415 1.659371 0.090947 -0.052594 0.055198 0.705148 0.704949
100.196000000 15.092415 1.659371 0.090947 -0.052594 0.055198 0.705148 0.704949
100.216000000 15.092415 1.659371 0.090947 -0.052594 0.055198 0.705148 0.704949
100.236000000 15.092415 1.659371 0.090947 -0.052594 0.055198 0.705148 0.704949
100.256000000 15.092415 1.659371 0.090947 -0.052594 0.055198 0.705148 0.704949
100.276000000 15.092415 1.659371 0.090947 -0.052594 0.055198 0.705148 0.704949
100.296000000 15.092415 1.659371 0.090947 -0.052594 0.055198 0.705148 0.704949
100.316000000 15.092415 1.659371 0.090947 -0.052594 0.055198 0.705148 0.704949
100.336000000 15.092415 1.659371 0.090947 -0.052594 0.055198 0.705148 0.704949
100.356000000 15.092415 1.659371 0.090947 -0.052594 0.055198 0.705148 0.704949
100.376000000 15.092415 1.659371 0.090947 -0.052594 0.055198 0.705148 0.704949
100.396000000 15.092415 1.659371 0.090947 -0.052594 0.055198 0.705148 0.704949
100.416000000 15.092415 1.659371 0.090947 -0.052594 0.055198 0.705148 0.704949
100.436000000 15.092415 1.659371 0.090947 -0.052594 0.055198 0.705148 0.704949
100.456000000 15.092415 1.659371 0.090947 -0.052594 0.055198 0.705148 0.704949
100.476000000 15.092415 1.659371 0.090947 -0.052594 0.055198 0.705148 0.704949
100.496000000 15.092415 1.659371 0.090947 -0.052594 0.055198 0.705148 0.704949
100.516000000 15.092415 1.659371 0.090947 -0.052594 0.055198 0.705148 0.704949
100.536000000 15.092415 1.659371 0.090947 -0.052594 0.055198 0.705148 0.704949
100.556000000 15.092415 1.659371 0.090947 -0.052594 0.055198 0.705148 0.704949
100.576000000 15.092415 1.659371 0.090947 -0.052594 0.055198 0.705148 0.704949
100.596000000 15.092415 1.659371 0.090947 -0.052594 0.055198 0.705148 0.704949
100.616000000 15.092415 1.659371 0.090947 -0.052594 0.055198 0.705148 0.704949
100.636000000 15.092415 1.659371 0.090947 -0.052594 0.055198 0.705148 0.704949
100.656000000 15.092415 1.659371 0.090947 -0.052594 0.055198 0.705148 0.704949
100.676000000 15.092415 1.659371 0.090947 -0.052594 0.055198 0.705148 0.704949
100.696000000 15.092415 1.659371 0.090947 -0.052594 0.055198 0.705148 0.704949
100.716000000 15.092415 1.659371 0.090947 -0.052594 0.055198 0.705148 0.704949
100.736000000 15.092415 1.659371 0.090947 -0.052594 0.055198 0.705148 0.704949
100.756000000 15.092415 1.659371 0.090947 -0.052594 0.055198 0.705148 0.704949
100.776000000 15.092415 1.659371 0.090947 -0.052594 0.055198 0.705148 0.704949
100.796000000 15.092415 1.659371 0.090947 -0.052594 0.055198 0.705148 0.704949
100.816000000 15.092415 1.659371 0.090947 -0.052594 0.055198 0.705148 0.704949
100.836000000 15.092415 1.659371 0.090947 -0.052594 0.055198 0.705148 0.704949
100.856000000 15.092415 1.659371 0.090947 -0.052594 0.055198 0.705148 0.704949
100.876000000 15.092415 1.659371 0.090947 -0.052594 0.055198 0.705148 0.704949
100.896000000 15.092415 1.659371 0.090947 -0.052594 0.055198 0.705148 0.704949
100.916000000 15.092415 1.659371 0.090947 -0.052594 0.055198 0.705148 0.704949
100.936000000 15.092415 1.659371 0.090947 -0.052594 0.055198 0.705148 0.704949
100.956000000 15.092415 1.659371 0.090947 -0.052594 0.055198 0.705148 0.704949
100.976000000 15.092415 1.659371 0.090947 -0.052594 0.055198 0.705148 0.704949
100.996000000 15.092415 1.659371 0.090947 -0.052594 0.055198 0.705148 0.704949
101.016000000 15.092415 1.659371 0.090947 -0.052594 0.055198 0.705148 0.704949
101.036000000 15.092415 1.659371 0.090947 -0.052594 0.055198 0.705148 0.704949
101.056000000 15.092415 1.659371 0.090947 -0.052594 0.055198 0.705148 0.704949
101.076000000 15.092415 1.659371 0.090947 -0.052594 0.055198 0.705148 0.704949
101.096000000 15.092415 1.659371 0.090947 -0.052594 0.055198 0.705148 0.704949
101.116000000 15.092415 1.659371 0.090947 -0.052594 0.055198 0.705148 0.704949
101.136000000 15.092415 1.659371 0.090947 -0.052594 0.055198 0.705148 0.704949
101.156000000 15.092415 1.659371 0.090947 -0.052594 0.055198 0.705148 0.704949
101.176000000 15.092415 1.659371 0.090947 -0.052594 0.055198 0.705148 0.704949
101.196000000 15.092415 1.659371 0.090947 -0.052594 0.055198 0.705148 0.704949
101.216000000 15.092415 1.659371 0.090947 -0.052594 0.055198 0.705148 0.704949
101.236000000 15.092415 1.659371 0.090947 -0.052594 0.055198 0.705148 0.704949
101.256000000 15.092415 1.659371 0.090947 -0.052594 0.055198 0.705148 0.704949
101.276000000 15.092415 1.659371 0.090947 -0.052594 0.055198 0.705148 0.704949
101.296000000 15.092415 1.659370 0.090951 -0.052599 0.055203 0.705148 0.704949
101.316000000 15.092415 1.659369 0.090974 -0.052632 0.055236 0.705145 0.704946
101.336000000 15.092415 1.659365 0.091019 -0.052698 0.055302 0.705140 0.704941
101.356000000 15.092416 1.659360 0.091084 -0.052794 0.055398 0.705133 0.704933
101.376000000 15.092416 1.659354 0.091168 -0.052917 0.055521 0.705124 0.704924
101.396000000 15.092416 1.659346 0.091269 -0.053065 0.055669 0.705113 0.704912
101.416000000 15.092417 1.659337 0.091385 -0.053235 0.055839 0.705100 0.704899
101.436000000 15.092417 1.659327 0.091515 -0.053425 0.056029 0.705086 0.704884
101.456000000 15.092418 1.659331 0.091652 -0.053634 0.056249 0.705070 0.704865
101.476000000 15.092418 1.659319 0.091802 -0.053855 0.056470 0.705054 0.704848
101.496000000 15.092419 1.659307 0.091961 -0.054086 0.056701 0.705036 0.704829
101.516000000 15.092420 1.659294 0.092125 -0.054327 0.056942 0.705017 0.704810
101.536000000 15.092420 1.659282 0.092292 -0.054572 0.057187 0.704998 0.704790
101.556000000 15.092421 1.659269 0.092462 -0.054821 0.057436 0.704979 0.704770
101.576000000 15.092421 1.659256 0.092632 -0.055070 0.057685 0.704960 0.704750
101.596000000 15.092422 1.659244 0.092801 -0.055317 0.057932 0.704940 0.704729
101.616000000 15.092423 1.659232 0.092967 -0.055560 0.058175 0.704921 0.704709
101.636000000 15.092423 1.659220 0.093130 -0.055798 0.058413 0.704902 0.704690
101.656000000 15.092424 1.659209 0.093287 -0.056029 0.058643 0.704884 0.704670
101.676000000 15.092424 1.659198 0.093439 -0.056250 0.058864 0.704866 0.704652
101.696000000 15.092425 1.659188 0.093583 -0.056461 0.059076 0.704849 0.704634
101.716000000 15.092425 1.659179 0.093719 -0.056661 0.059275 0.704833 0.704618
101.736000000 15.092426 1.659170 0.093848 -0.056849 0.059463 0.704818 0.704602
101.756000000 15.092426 1.659162 0.093967 -0.057024 0.059638 0.704804 0.704587
101.776000000 15.092427 1.659155 0.094077 -0.057185 0.059799 0.704791 0.704573
101.796000000 15.092427 1.659148 0.094178 -0.057332 0.059946 0.704779 0.704561
101.816000000 15.092427 1.659142 0.094269 -0.057465 0.060079 0.704768 0.704550
101.836000000 15.092428 1.659136 0.094351 -0.057585 0.060199 0.704758 0.704539
101.856000000 15.092428 1.659131 0.094423 -0.057690 0.060304 0.704750 0.704530
101.876000000 15.092428 1.659127 0.094485 -0.057781 0.060395 0.704742 0.704523
101.896000000 15.092428 1.659124 0.094539 -0.057860 0.060474 0.704736 0.704516
101.916000000 15.092428 1.659121 0.094583 -0.057925 0.060539 0.704730 0.704510
101.936000000 15.092429 1.659118 0.094620 -0.057978 0.060592 0.704726 0.704506
101.956000000 15.092429 1.659116 0.094648 -0.058020 0.060634 0.704723 0.704502
101.976000000 15.092429 1.659115 0.094669 -0.058050 0.060664 0.704720 0.704500
101.996000000 15.092429 1.659114 0.094683 -0.058071 0.060685 0.704718 0.704498
102.016000000 15.092429 1.659113 0.094690 -0.058082 0.060696 0.704717 0.704497
102.036000000 15.092429 1.659113 0.094692 -0.058084 0.060698 0.704717 0.704497
102.056000000 15.092429 1.659113 0.094689 -0.058079 0.060693 0.704718 0.704497
102.076000000 15.092429 1.659113 0.094680 -0.058067 0.060681 0.704719 0.704498
102.096000000 15.092429 1.659114 0.094668 -0.058049 0.060663 0.704720 0.704500
102.116000000 15.092429 1.659114 0.094652 -0.058026 0.060639 0.704722 0.704502
102.136000000 15.092429 1.659116 0.094633 -0.057998 0.060612 0.704724 0.704504
102.156000000 15.092429 1.659117 0.094612 -0.057967 0.060581 0.704727 0.704507
102.176000000 15.092428 1.659118 0.094588 -0.057932 0.060546 0.704730 0.704510
102.196000000 15.092428 1.659119 0.094563 -0.057896 0.060510 0.704733 0.704513
102.216000000 15.092428 1.659121 0.094538 -0.057858 0.060472 0.704736 0.704516
102.236000000 15.092428 1.659123 0.094511 -0.057819 0.060433 0.704739 0.704519
102.256000000 15.092428 1.659124 0.094484 -0.057780 0.060394 0.704742 0.704523
102.276000000 15.092428 1.659126 0.094458 -0.057741 0.060355 0.704745 0.704526
102.296000000 15.092428 1.659127 0.094431 -0.057703 0.060317 0.704749 0.704529
102.316000000 15.092428 1.659129 0.094406 -0.057666 0.060280 0.704752 0.704533
102.336000000 15.092428 1.659130 0.094381 -0.057630 0.060244 0.704754 0.704536
102.356000000 15.092428 1.659132 0.094358 -0.057596 0.060210 0.704757 0.704539
102.376000000 15.092427 1.659133 0.094336 -0.057563 0.060177 0.704760 0.704541
102.396000000 15.092427 1.659134 0.094316 -0.057533 0.060147 0.704762 0.704544
102.416000000 15.092427 1.659135 0.094297 -0.057506 0.060120 0.704765 0.704546
102.436000000 15.092427 1.659136 0.094279 -0.057480 0.060094 0.704767 0.704548
102.456000000 15.092427 1.659137 0.094264 -0.057458 0.060072 0.704769 0.704550
102.476000000 15.092427 1.659138 0.094250 -0.057437 0.060051 0.704770 0.704552
102.496000000 15.092427 1.659139 0.094238 -0.057419 0.060034 0.704772 0.704554
102.516000000 15.092427 1.659139 0.094227 -0.057404 0.060018 0.704773 0.704555
102.536000000 15.092427 1.659140 0.094218 -0.057391 0.060005 0.704774 0.704556
102.556000000 15.092427 1.659140 0.094211 -0.057380 0.059994 0.704775 0.704557
102.576000000 15.092427 1.659141 0.094205 -0.057371 0.059986 0.704776 0.704558
102.596000000 15.092427 1.659141 0.094200 -0.057365 0.059979 0.704776 0.704558
102.616000000 15.092427 1.659141 0.094197 -0.057360 0.059974 0.704777 0.704559
102.636000000 15.092427 1.659141 0.094195 -0.057357 0.059971 0.704777 0.704559
102.656000000 15.092427 1.659141 0.094193 -0.057354 0.059968 0.704777 0.704559
102.676000000 15.092427 1.659141 0.094192 -0.057353 0.059967 0.704777 0.704559
102.696000000 15.092427 1.659141 0.094192 -0.057353 0.059967 0.704777 0.704559
102.716000000 15.092427 1.659141 0.094192 -0.057353 0.059967 0.704777 0.704559
102.736000000 15.092427 1.659141 0.094192 -0.057353 0.059967 0.704777 0.704559
102.756000000 15.092427 1.659141 0.094193 -0.057354 0.059968 0.704777 0.704559
102.776000000 15.092427 1.659141 0.094193 -0.057354 0.059968 0.704777 0.704559
102.796000000 15.092427 1.659141 0.094194 -0.057355 0.059969 0.704777 0.704559
102.816000000 15.092427 1.659141 0.094194 -0.057355 0.059969 0.704777 0.704559
102.836000000 15.092427 1.659141 0.094194 -0.057355 0.059969 0.704777 0.704559
102.856000000 15.092427 1.659141 0.094193 -0.057354 0.059968 0.704777 0.704559
102.876000000 15.092427 1.659141 0.094190 -0.057350 0.059964 0.704777 0.704560
102.896000000 15.092427 1.659141 0.094187 -0.057345 0.059959 0.704778 0.704560
102.916000000 15.092427 1.659142 0.094183 -0.057339 0.059953 0.704778 0.704561
102.936000000 15.092427 1.659142 0.094178 -0.057331 0.059946 0.704779 0.704561
102.956000000 15.092427 1.659142 0.094171 -0.057322 0.059936 0.704780 0.704562
102.976000000 15.092427 1.659143 0.094163 -0.057311 0.059925 0.704780 0.704563
102.996000000 15.092427 1.659143 0.094154 -0.057297 0.059911 0.704782 0.704564
103.016000000 15.092427 1.659144 0.094144 -0.057282 0.059896 0.704783 0.704565
103.036000000 15.092427 1.659145 0.094132 -0.057265 0.059879 0.704784 0.704567
103.056000000 15.092427 1.659146 0.094119 -0.057245 0.059859 0.704786 0.704569
103.076000000 15.092427 1.659147 0.094104 -0.057224 0.059838 0.704788 0.704570
103.096000000 15.092427 1.659148 0.094088 -0.057200 0.059814 0.704789 0.704572
103.116000000 15.092426 1.659149 0.094070 -0.057174 0.059788 0.704792 0.704575
103.136000000 15.092426 1.659150 0.094051 -0.057146 0.059760 0.704794 0.704577
103.156000000 15.092426 1.659151 0.094030 -0.057116 0.059730 0.704796 0.704580
103.176000000 15.092426 1.659153 0.094008 -0.057084 0.059698 0.704799 0.704582
103.196000000 15.092426 1.659154 0.093985 -0.057049 0.059664 0.704802 0.704585
103.216000000 15.092426 1.659156 0.093960 -0.057013 0.059627 0.704805 0.704588
103.236000000 15.092426 1.659157 0.093934 -0.056975 0.059589 0.704808 0.704591
103.256000000 15.092426 1.659159 0.093907 -0.056935 0.059549 0.704811 0.704595
103.276000000 15.092426 1.659161 0.093878 -0.056893 0.059507 0.704814 0.704598
103.296000000 15.092426 1.659163 0.093848 -0.056850 0.059464 0.704818 0.704602
103.316000000 15.092426 1.659165 0.093818 -0.056805 0.059419 0.704821 0.704606
103.336000000 15.092425 1.659167 0.093786 -0.056758 0.059372 0.704825 0.704610
103.356000000 15.092425 1.659169 0.093753 -0.056710 0.059324 0.704829 0.704614
103.376000000 15.092425 1.659171 0.093719 -0.056661 0.059275 0.704833 0.704618
103.396000000 15.092425 1.659174 0.093684 -0.056610 0.059224 0.704837 0.704622
103.416000000 15.092425 1.659176 0.093649 -0.056558 0.059172 0.704841 0.704627
103.436000000 15.092425 1.659178 0.093613 -0.056505 0.059119 0.704846 0.704631
103.456000000 15.092425 1.659181 0.093576 -0.056451 0.059065 0.704850 0.704636
103.476000000 15.092424 1.659183 0.093538 -0.056395 0.059010 0.704854 0.704640
103.496000000 15.092424 1.659186 0.093500 -0.056339 0.058954 0.704859 0.704645
103.516000000 15.092424 1.659189 0.093461 -0.056283 0.058897 0.704863 0.704650
103.536000000 15.092424 1.659191 0.093421 -0.056225 0.058839 0.704868 0.704654
103.556000000 15.092424 1.659194 0.093381 -0.056166 0.058781 0.704873 0.704659
103.576000000 15.092424 1.659197 0.093341 -0.056108 0.058722 0.704877 0.704664
103.596000000 15.092424 1.659199 0.093300 -0.056048 0.058662 0.704882 0.704669
103.616000000 15.092423 1.659202 0.093259 -0.055988 0.058602 0.704887 0.704674
103.636000000 15.092423 1.659205 0.093218 -0.055927 0.058542 0.704892 0.704679
103.656000000 15.092423 1.659208 0.093176 -0.055866 0.058481 0.704896 0.704684
103.676000000 15.092423 1.659211 0.093134 -0.055805 0.058419 0.704901 0.704689
103.696000000 15.092423 1.659214 0.093092 -0.055743 0.058357 0.704906 0.704695
103.716000000 15.092423 1.659216 0.093049 -0.055680 0.058295 0.704911 0.704700
103.736000000 15.092423 1.659219 0.093007 -0.055618 0.058232 0.704916 0.704705
103.756000000 15.092422 1.659222 0.092964 -0.055555 0.058169 0.704921 0.704710
103.776000000 15.092422 1.659225 0.092920 -0.055492 0.058106 0.704926 0.704715
103.796000000 15.092422 1.659228 0.092877 -0.055428 0.058043 0.704931 0.704721
103.816000000 15.092422 1.659231 0.092834 -0.055365 0.057979 0.704936 0.704726
103.836000000 15.092422 1.659234 0.092790 -0.055301 0.057915 0.704941 0.704731
103.856000000 15.092422 1.659237 0.092746 -0.055236 0.057851 0.704946 0.704736
103.876000000 15.092421 1.659241 0.092702 -0.055172 0.057787 0.704951 0.704742
103.896000000 15.092421 1.659244 0.092658 -0.055107 0.057722 0.704956 0.704747
103.916000000 15.092421 1.659247 0.092614 -0.055043 0.057657 0.704961 0.704752
103.936000000 15.092421 1.659250 0.092569 -0.054978 0.057592 0.704966 0.704757
103.956000000 15.092421 1.659253 0.092525 -0.054912 0.057527 0.704971 0.704763
103.976000000 15.092421 1.659256 0.092480 -0.054847 0.057462 0.704976 0.704768
103.996000000 15.092420 1.659259 0.092435 -0.054781 0.057396 0.704982 0.704773
104.016000000 15.092420 1.659263 0.092390 -0.054716 0.057331 0.704987 0.704779
104.036000000 15.092420 1.659266 0.092345 -0.054650 0.057265 0.704992 0.704784
104.056000000 15.092420 1.659269 0.092300 -0.054583 0.057198 0.704997 0.704790
104.076000000 15.092420 1.659272 0.092255 -0.054517 0.057132 0.705002 0.704795
104.096000000 15.092420 1.659276 0.092209 -0.054451 0.057066 0.705007 0.704800
104.116000000 15.092419 1.659279 0.092164 -0.054384 0.056999 0.705012 0.704806
104.136000000 15.092419 1.659282 0.092118 -0.054317 0.056932 0.705017 0.704811
104.156000000 15.092419 1.659285 0.092072 -0.054250 0.056865 0.705023 0.704817
104.176000000 15.092419 1.659289 0.092027 -0.054183 0.056798 0.705028 0.704822
104.196000000 15.092419 1.659292 0.091981 -0.054116 0.056731 0.705033 0.704827
104.216000000 15.092419 1.659296 0.091935 -0.054048 0.056663 0.705038 0.704833
104.236000000 15.092418 1.659299 0.091888 -0.053981 0.056596 0.705043 0.704838
104.256000000 15.092418 1.659302 0.091842 -0.053913 0.056528 0.705049 0.704844
104.276000000 15.092418 1.659306 0.091796 -0.053845 0.056460 0.705054 0.704849
104.296000000 15.092418 1.659309 0.091750 -0.053777 0.056392 0.705059 0.704855
104.316000000 15.092418 1.659313 0.091703 -0.053709 0.056325 0.705064 0.704860
104.336000000 15.092418 1.659316 0.091657 -0.053641 0.056257 0.705069 0.704865
104.356000000 15.092417 1.659319 0.091610 -0.053573 0.056189 0.705074 0.704871
104.376000000 15.092417 1.659323 0.091564 -0.053505 0.056121 0.705080 0.704876
104.396000000 15.092417 1.659326 0.091517 -0.053437 0.056053 0.705085 0.704882
104.416000000 15.092417 1.659330 0.091471 -0.053369 0.055985 0.705090 0.704887
104.436000000 15.092417 1.659333 0.091425 -0.053301 0.055917 0.705095 0.704892
104.456000000 15.092416 1.659337 0.091378 -0.053233 0.055849 0.705100 0.704898
104.476000000 15.092416 1.659340 0.091332 -0.053166 0.055781 0.705105 0.704903
104.496000000 15.092416 1.659344 0.091286 -0.053098 0.055713 0.705110 0.704909
104.516000000 15.092416 1.659347 0.091240 -0.053031 0.055646 0.705115 0.704914
104.536000000 15.092416 1.659351 0.091194 -0.052963 0.055578 0.705120 0.704919
104.556000000 15.092416 1.659354 0.091148 -0.052896 0.055511 0.705126 0.704924
104.576000000 15.092416 1.659358 0.091107 -0.052836 0.055449 0.705130 0.704929
104.596000000 15.092416 1.659360 0.091082 -0.052799 0.055409 0.705133 0.704932
104.616000000 15.092416 1.659360 0.091072 -0.052785 0.055394 0.705134 0.704934
104.636000000 15.092416 1.659360 0.091072 -0.052785 0.055394 0.705134 0.704934
104.656000000 15.092416 1.659360 0.091072 -0.052785 0.055394 0.705134 0.704934
104.676000000 15.092416 1.659360 0.091072 -0.052785 0.055394 0.705134 0.704934
104.696000000 15.092416 1.659360 0.091072 -0.052785 0.055394 0.705134 0.704934
104.716000000 15.092416 1.659360 0.091072 -0.052785 0.055394 0.705134 0.704934
104.736000000 15.092416 1.659360 0.091073 -0.052786 0.055395 0.705134 0.704934
104.756000000 15.092416 1.659360 0.091073 -0.052786 0.055395 0.705134 0.704934
104.776000000 15.092416 1.659360 0.091073 -0.052786 0.055395 0.705134 0.704934
104.796000000 15.092416 1.659360 0.091073 -0.052786 0.055395 0.705134 0.704934
104.816000000 15.092416 1.659360 0.091073 -0.052786 0.055395 0.705134 0.704934
104.836000000 15.092416 1.659360 0.091073 -0.052786 0.055395 0.705134 0.704934
104.856000000 15.092416 1.659360 0.091073 -0.052786 0.055395 0.705134 0.704934
104.876000000 15.092416 1.659360 0.091073 -0.052786 0.055395 0.705134 0.704934
104.896000000 15.092416 1.659360 0.091073 -0.052786 0.055395 0.705134 0.704934
104.916000000 15.092416 1.659360 0.091073 -0.052786 0.055395 0.705134 0.704934
104.936000000 15.092416 1.659360 0.091074 -0.052787 0.055396 0.705134 0.704934
104.956000000 15.092416 1.659360 0.091074 -0.052787 0.055396 0.705134 0.704934
104.976000000 15.092416 1.659360 0.091074 -0.052787 0.055396 0.705134 0.704934
104.996000000 15.092416 1.659360 0.091074 -0.052787 0.055396 0.705134 0.704934
105.016000000 15.092416 1.659360 0.091074 -0.052787 0.055396 0.705134 0.704934
105.036000000 15.092416 1.659360 0.091074 -0.052787 0.055396 0.705134 0.704934
105.056000000 15.092416 1.659360 0.091074 -0.052787 0.055396 0.705134 0.704934
105.076000000 15.092416 1.659360 0.091074 -0.052787 0.055396 0.705134 0.704934
105.096000000 15.092416 1.659360 0.091074 -0.052787 0.055396 0.705134 0.704934
105.116000000 15.092416 1.659360 0.091074 -0.052787 0.055396 0.705134 0.704934
105.136000000 15.092416 1.659360 0.091074 -0.052787 0.055396 0.705134 0.704934
105.156000000 15.092416 1.659360 0.091074 -0.052787 0.055396 0.705134 0.704934
105.176000000 15.092416 1.659360 0.091074 -0.052787 0.055396 0.705134 0.704934
105.196000000 15.092416 1.659360 0.091074 -0.052787 0.055396 0.705134 0.704934
105.216000000 15.092416 1.659360 0.091074 -0.052787 0.055396 0.705134 0.704934
105.236000000 15.092416 1.659360 0.091074 -0.052787 0.055396 0.705134 0.704934
105.256000000 15.092416 1.659360 0.091074 -0.052787 0.055396 0.705134 0.704934
105.276000000 15.092416 1.659360 0.091074 -0.052787 0.055396 0.705134 0.704934
105.296000000 15.092416 1.659360 0.091074 -0.052787 0.055396 0.705134 0.704934
105.316000000 15.092416 1.659360 0.091074 -0.052787 0.055396 0.705134 0.704934
105.336000000 15.092416 1.659360 0.091074 -0.052787 0.055396 0.705134 0.704934
105.356000000 15.092416 1.659360 0.091074 -0.052787 0.055396 0.705134 0.704934
105.376000000 15.092416 1.659360 0.091074 -0.052787 0.055396 0.705134 0.704934
105.396000000 15.092416 1.659360 0.091073 -0.052786 0.055395 0.705134 0.704934
105.416000000 15.092416 1.659361 0.091071 -0.052784 0.055392 0.705134 0.704934
105.436000000 15.092416 1.659361 0.091069 -0.052781 0.055389 0.705134 0.704934
105.456000000 15.092416 1.659361 0.091065 -0.052775 0.055383 0.705135 0.704935
105.476000000 15.092416 1.659361 0.091061 -0.052769 0.055377 0.705135 0.704935
105.496000000 15.092415 1.659362 0.091056 -0.052761 0.055368 0.705136 0.704936
105.516000000 15.092415 1.659362 0.091049 -0.052752 0.055358 0.705136 0.704937
105.536000000 15.092415 1.659363 0.091042 -0.052740 0.055346 0.705137 0.704937
105.556000000 15.092415 1.659364 0.091033 -0.052727 0.055332 0.705138 0.704939
105.576000000 15.092415 1.659364 0.091023 -0.052713 0.055316 0.705139 0.704940
105.596000000 15.092415 1.659365 0.091011 -0.052696 0.055298 0.705140 0.704941
105.616000000 15.092415 1.659366 0.090999 -0.052678 0.055279 0.705142 0.704943
105.636000000 15.092415 1.659367 0.090986 -0.052659 0.055259 0.705143 0.704944
105.656000000 15.092415 1.659368 0.090972 -0.052638 0.055236 0.705145 0.704946
105.676000000 15.092415 1.659370 0.090957 -0.052617 0.055213 0.705146 0.704948
105.696000000 15.092415 1.659371 0.090941 -0.052594 0.055188 0.705148 0.704950
105.716000000 15.092415 1.659372 0.090925 -0.052570 0.055163 0.705150 0.704952
105.736000000 15.092415 1.659374 0.090908 -0.052545 0.055136 0.705152 0.704954
105.756000000 15.092415 1.659375 0.090891 -0.052520 0.055109 0.705154 0.704956
105.776000000 15.092415 1.659376 0.090873 -0.052494 0.055082 0.705156 0.704958
105.796000000 15.092415 1.659378 0.090856 -0.052469 0.055054 0.705157 0.704960
105.816000000 15.092415 1.659379 0.090838 -0.052443 0.055026 0.705159 0.704962
105.836000000 15.092415 1.659381 0.090821 -0.052417 0.054999 0.705161 0.704965
105.856000000 15.092415 1.659382 0.090803 -0.052392 0.054971 0.705163 0.704967
105.876000000 15.092415 1.659383 0.090786 -0.052367 0.054944 0.705165 0.704969
105.896000000 15.092415 1.659385 0.090770 -0.052342 0.054918 0.705167 0.704971
105.916000000 15.092415 1.659386 0.090753 -0.052319 0.054893 0.705169 0.704973
105.936000000 15.092415 1.659387 0.090738 -0.052296 0.054869 0.705170 0.704975
105.956000000 15.092415 1.659389 0.090723 -0.052274 0.054845 0.705172 0.704977
105.976000000 15.092415 1.659390 0.090709 -0.052254 0.054823 0.705173 0.704978
105.996000000 15.092415 1.659391 0.090696 -0.052234 0.054803 0.705175 0.704980
106.016000000 15.092415 1.659392 0.090684 -0.052216 0.054783 0.705176 0.704981
106.036000000 15.092415 1.659393 0.090672 -0.052200 0.054766 0.705177 0.704983
106.056000000 15.092415 1.659393 0.090662 -0.052185 0.054750 0.705178 0.704984
106.076000000 15.092415 1.659394 0.090653 -0.052172 0.054736 0.705179 0.704985
106.096000000 15.092415 1.659395 0.090645 -0.052160 0.054723 0.705180 0.704986
106.116000000 15.092415 1.659395 0.090639 -0.052150 0.054713 0.705181 0.704987
106.136000000 15.092415 1.659396 0.090633 -0.052142 0.054704 0.705182 0.704988
106.156000000 15.092415 1.659396 0.090629 -0.052136 0.054697 0.705182 0.704988
106.176000000 15.092415 1.659396 0.090626 -0.052132 0.054693 0.705182 0.704988
106.196000000 15.092415 1.659397 0.090624 -0.052130 0.054690 0.705183 0.704989
106.216000000 15.092415 1.659397 0.090624 -0.052129 0.054689 0.705183 0.704989
106.236000000 15.092415 1.659397 0.090624 -0.052129 0.054689 0.705183 0.704989
106.256000000 15.092415 1.659397 0.090624 -0.052129 0.054689 0.705183 0.704989
106.276000000 15.092415 1.659397 0.090624 -0.052129 0.054689 0.705183 0.704989
106.296000000 15.092415 1.659397 0.090624 -0.052129 0.054689 0.705183 0.704989
106.316000000 15.092415 1.659397 0.090624 -0.052129 0.054689 0.705183 0.704989
106.336000000 15.092415 1.659397 0.090624 -0.052129 0.054689 0.705183 0.704989
106.356000000 15.092415 1.659397 0.090624 -0.052129 0.054689 0.705183 0.704989
106.376000000 15.092415 1.659397 0.090624 -0.052129 0.054689 0.705183 0.704989
106.396000000 15.092415 1.659397 0.090624 -0.052129 0.054689 0.705183 0.704989
106.416000000 15.092415 1.659397 0.090624 -0.052129 0.054689 0.705183 0.704989
106.436000000 15.092415 1.659397 0.090623 -0.052128 0.054688 0.705183 0.704989
106.456000000 15.092415 1.659397 0.090623 -0.052128 0.054688 0.705183 0.704989
106.476000000 15.092415 1.659397 0.090623 -0.052128 0.054688 0.705183 0.704989
106.496000000 15.092415 1.659397 0.090623 -0.052128 0.054688 0.705183 0.704989
106.516000000 15.092415 1.659397 0.090623 -0.052128 0.054688 0.705183 0.704989
106.536000000 15.092415 1.659397 0.090623 -0.052128 0.054688 0.705183 0.704989
106.556000000 15.092415 1.659397 0.090623 -0.052128 0.054688 0.705183 0.704989
106.576000000 15.092415 1.659397 0.090623 -0.052128 0.054688 0.705183 0.704989
106.596000000 15.092415 1.659397 0.090623 -0.052128 0.054688 0.705183 0.704989
106.616000000 15.092415 1.659397 0.090623 -0.052128 0.054688 0.705183 0.704989
106.636000000 15.092415 1.659397 0.090623 -0.052128 0.054688 0.705183 0.704989
106.656000000 15.092415 1.659397 0.090623 -0.052128 0.054688 0.705183 0.704989
106.676000000 15.092415 1.659397 0.090623 -0.052128 0.054688 0.705183 0.704989
106.696000000 15.092415 1.659397 0.090623 -0.052128 0.054688 0.705183 0.704989
106.716000000 15.092415 1.659397 0.090623 -0.052128 0.054688 0.705183 0.704989
106.736000000 15.092415 1.659397 0.090623 -0.052128 0.054688 0.705183 0.704989
106.756000000 15.092415 1.659397 0.090623 -0.052128 0.054688 0.705183 0.704989
106.776000000 15.092415 1.659397 0.090623 -0.052128 0.054688 0.705183 0.704989
106.796000000 15.092415 1.659397 0.090623 -0.052128 0.054688 0.705183 0.704989
106.816000000 15.092415 1.659397 0.090623 -0.052128 0.054688 0.705183 0.704989
106.836000000 15.092415 1.659397 0.090623 -0.052128 0.054688 0.705183 0.704989
106.856000000 15.092415 1.659397 0.090623 -0.052128 0.054688 0.705183 0.704989
106.876000000 15.092415 1.659397 0.090623 -0.052128 0.054688 0.705183 0.704989
106.896000000 15.092415 1.659397 0.090623 -0.052128 0.054688 0.705183 0.704989
106.916000000 15.092415 1.659397 0.090623 -0.052128 0.054688 0.705183 0.704989
106.936000000 15.092415 1.659397 0.090623 -0.052128 0.054688 0.705183 0.704989
106.956000000 15.092415 1.659397 0.090623 -0.052128 0.054688 0.705183 0.704989
106.976000000 15.092415 1.659397 0.090623 -0.052128 0.054688 0.705183 0.704989
106.996000000 15.092415 1.659397 0.090623 -0.052128 0.054688 0.705183 0.704989
107.016000000 15.092415 1.659397 0.090623 -0.052128 0.054688 0.705183 0.704989
107.036000000 15.092415 1.659397 0.090623 -0.052128 0.054688 0.705183 0.704989
107.056000000 15.092415 1.659397 0.090623 -0.052128 0.054688 0.705183 0.704989
107.076000000 15.092415 1.659397 0.090623 -0.052128 0.054688 0.705183 0.704989
107.096000000 15.092415 1.659397 0.090623 -0.052128 0.054688 0.705183 0.704989
107.116000000 15.092415 1.659397 0.090623 -0.052128 0.054688 0.705183 0.704989
107.136000000 15.092415 1.659397 0.090623 -0.052128 0.054688 0.705183 0.704989
107.156000000 15.092415 1.659397 0.090624 -0.052129 0.054689 0.705183 0.704989
107.176000000 15.092415 1.659397 0.090625 -0.052131 0.054691 0.705182 0.704989
107.196000000 15.092415 1.659396 0.090627 -0.052134 0.054694 0.705182 0.704988
107.216000000 15.092415 1.659396 0.090632 -0.052141 0.054702 0.705182 0.704988
107.236000000 15.092415 1.659395 0.090638 -0.052150 0.054710 0.705181 0.704987
107.256000000 15.092415 1.659395 0.090646 -0.052162 0.054722 0.705180 0.704986
107.276000000 15.092415 1.659394 0.090657 -0.052177 0.054738 0.705179 0.704985
107.296000000 15.092415 1.659393 0.090670 -0.052196 0.054756 0.705178 0.704984
107.316000000 15.092415 1.659392 0.090685 -0.052219 0.054779 0.705176 0.704982
107.336000000 15.092415 1.659390 0.090703 -0.052245 0.054806 0.705174 0.704980
107.356000000 15.092415 1.659389 0.090724 -0.052276 0.054836 0.705172 0.704977
107.376000000 15.092416 1.659387 0.090748 -0.052311 0.054871 0.705169 0.704975
107.396000000 15.092416 1.659385 0.090775 -0.052350 0.054910 0.705166 0.704972
107.416000000 15.092416 1.659382 0.090804 -0.052393 0.054953 0.705163 0.704968
107.436000000 15.092416 1.659380 0.090836 -0.052441 0.055001 0.705160 0.704964
107.456000000 15.092416 1.659377 0.090872 -0.052492 0.055052 0.705156 0.704960
107.476000000 15.092416 1.659374 0.090909 -0.052547 0.055107 0.705152 0.704956
107.496000000 15.092416 1.659371 0.090950 -0.052606 0.055166 0.705147 0.704952
107.516000000 15.092416 1.659368 0.090992 -0.052669 0.055229 0.705143 0.704947
107.536000000 15.092417 1.659364 0.091037 -0.052735 0.055295 0.705138 0.704941
107.556000000 15.092417 1.659361 0.091085 -0.052804 0.055364 0.705132 0.704936
107.576000000 15.092417 1.659357 0.091134 -0.052876 0.055436 0.705127 0.704930
107.596000000 15.092417 1.659353 0.091185 -0.052951 0.055511 0.705121 0.704925
107.616000000 15.092417 1.659349 0.091237 -0.053028 0.055587 0.705116 0.704918
107.636000000 15.092418 1.659345 0.091291 -0.053107 0.055667 0.705110 0.704912
107.656000000 15.092418 1.659341 0.091346 -0.053188 0.055748 0.705104 0.704906
107.676000000 15.092418 1.659336 0.091403 -0.053270 0.055830 0.705097 0.704899
107.696000000 15.092418 1.659332 0.091460 -0.053354 0.055914 0.705091 0.704893
107.716000000 15.092418 1.659328 0.091518 -0.053438 0.055998 0.705085 0.704886
107.736000000 15.092419 1.659323 0.091576 -0.053524 0.056084 0.705078 0.704879
107.756000000 15.092419 1.659319 0.091635 -0.053610 0.056170 0.705072 0.704872
107.776000000 15.092419 1.659315 0.091694 -0.053696 0.056256 0.705065 0.704865
107.796000000 15.092419 1.659310 0.091753 -0.053783 0.056342 0.705058 0.704859
107.816000000 15.092419 1.659306 0.091811 -0.053869 0.056429 0.705052 0.704852
107.836000000 15.092420 1.659302 0.091870 -0.053955 0.056514 0.705045 0.704845
107.856000000 15.092420 1.659297 0.091928 -0.054040 0.056600 0.705039 0.704838
107.876000000 15.092420 1.659293 0.091986 -0.054125 0.056684 0.705032 0.704831
107.896000000 15.092420 1.659289 0.092043 -0.054209 0.056768 0.705026 0.704824
107.916000000 15.092420 1.659285 0.092100 -0.054291 0.056851 0.705019 0.704818
107.936000000 15.092421 1.659281 0.092156 -0.054373 0.056933 0.705013 0.704811
107.956000000 15.092421 1.659277 0.092211 -0.054454 0.057013 0.705007 0.704805
107.976000000 15.092421 1.659273 0.092265 -0.054533 0.057093 0.705001 0.704798
107.996000000 15.092421 1.659269 0.092318 -0.054611 0.057171 0.704995 0.704792
108.016000000 15.092421 1.659265 0.092370 -0.054688 0.057247 0.704989 0.704786
108.036000000 15.092422 1.659262 0.092422 -0.054763 0.057322 0.704983 0.704780
108.056000000 15.092422 1.659258 0.092472 -0.054837 0.057396 0.704977 0.704773
108.076000000 15.092422 1.659254 0.092522 -0.054909 0.057468 0.704972 0.704768
108.096000000 15.092422 1.659251 0.092570 -0.054980 0.057539 0.704966 0.704762
108.116000000 15.092422 1.659248 0.092617 -0.055049 0.057609 0.704961 0.704756
108.136000000 15.092422 1.659244 0.092664 -0.055117 0.057677 0.704955 0.704751
108.156000000 15.092423 1.659241 0.092709 -0.055184 0.057743 0.704950 0.704745
108.176000000 15.092423 1.659238 0.092754 -0.055249 0.057808 0.704945 0.704740
108.196000000 15.092423 1.659235 0.092798 -0.055313 0.057872 0.704940 0.704735
108.216000000 15.092423 1.659232 0.092840 -0.055376 0.057935 0.704935 0.704729
108.236000000 15.092423 1.659229 0.092882 -0.055437 0.057996 0.704930 0.704724
108.256000000 15.092423 1.659226 0.092924 -0.055497 0.058057 0.704926 0.704719
108.276000000 15.092424 1.659224 0.092964 -0.055557 0.058116 0.704921 0.704715
108.296000000 15.092424 1.659221 0.093004 -0.055615 0.058174 0.704916 0.704710
108.316000000 15.092424 1.659218 0.093043 -0.055672 0.058231 0.704912 0.704705
108.336000000 15.092424 1.659215 0.093081 -0.055728 0.058287 0.704907 0.704700
108.356000000 15.092424 1.659213 0.093119 -0.055783 0.058342 0.704903 0.704696
108.376000000 15.092424 1.659210 0.093156 -0.055838 0.058397 0.704899 0.704691
108.396000000 15.092424 1.659208 0.093193 -0.055891 0.058450 0.704894 0.704687
108.416000000 15.092425 1.659205 0.093229 -0.055944 0.058503 0.704890 0.704682
108.436000000 15.092425 1.659203 0.093264 -0.055996 0.058555 0.704886 0.704678
108.456000000 15.092425 1.659201 0.093299 -0.056048 0.058607 0.704882 0.704674
108.476000000 15.092425 1.659198 0.093334 -0.056098 0.058657 0.704878 0.704670
108.496000000 15.092425 1.659196 0.093369 -0.056149 0.058708 0.704874 0.704665
108.516000000 15.092425 1.659194 0.093402 -0.056198 0.058757 0.704870 0.704661
108.536000000 15.092425 1.659191 0.093436 -0.056247 0.058806 0.704866 0.704657
108.556000000 15.092425 1.659189 0.093469 -0.056296 0.058855 0.704862 0.704653
108.576000000 15.092426 1.659187 0.093502 -0.056344 0.058903 0.704858 0.704649
108.596000000 15.092426 1.659185 0.093534 -0.056392 0.058950 0.704855 0.704645
108.616000000 15.092426 1.659183 0.093566 -0.056438 0.058997 0.704851 0.704641
108.636000000 15.092426 1.659181 0.093598 -0.056485 0.059044 0.704847 0.704637
108.656000000 15.092426 1.659178 0.093630 -0.056531 0.059090 0.704843 0.704634
108.676000000 15.092426 1.659176 0.093661 -0.056576 0.059135 0.704840 0.704630
108.696000000 15.092426 1.659174 0.093691 -0.056621 0.059180 0.704836 0.704626
108.716000000 15.092426 1.659172 0.093721 -0.056665 0.059224 0.704833 0.704622
108.736000000 15.092426 1.659170 0.093751 -0.056709 0.059268 0.704829 0.704619
108.756000000 15.092427 1.659168 0.093781 -0.056752 0.059311 0.704826 0.704615
108.776000000 15.092427 1.659167 0.093809 -0.056794 0.059353 0.704822 0.704611
108.796000000 15.092427 1.659165 0.093838 -0.056836 0.059394 0.704819 0.704608
108.816000000 15.092427 1.659163 0.093866 -0.056877 0.059435 0.704816 0.704604
108.836000000 15.092427 1.659161 0.093893 -0.056917 0.059476 0.704812 0.704601
108.856000000 15.092427 1.659159 0.093920 -0.056956 0.059515 0.704809 0.704598
108.876000000 15.092427 1.659158 0.093947 -0.056995 0.059554 0.704806 0.704594
108.896000000 15.092427 1.659156 0.093973 -0.057033 0.059592 0.704803 0.704591
108.916000000 15.092427 1.659154 0.093998 -0.057070 0.059628 0.704800 0.704588
108.936000000 15.092427 1.659153 0.094023 -0.057106 0.059665 0.704797 0.704585
108.956000000 15.092428 1.659151 0.094047 -0.057141 0.059700 0.704794 0.704582
108.976000000 15.092428 1.659150 0.094070 -0.057175 0.059734 0.704791 0.704579
108.996000000 15.092428 1.659148 0.094093 -0.057208 0.059767 0.704789 0.704576
109.016000000 15.092428 1.659147 0.094115 -0.057240 0.059799 0.704786 0.704574
109.036000000 15.092428 1.659145 0.094136 -0.057272 0.059830 0.704784 0.704571
109.056000000 15.092428 1.659144 0.094156 -0.057302 0.059860 0.704781 0.704568
109.076000000 15.092428 1.659143 0.094176 -0.057330 0.059889 0.704779 0.704566
109.096000000 15.092428 1.659142 0.094195 -0.057358 0.059917 0.704777 0.704564
109.116000000 15.092428 1.659140 0.094213 -0.057385 0.059943 0.704774 0.704561
109.136000000 15.092428 1.659139 0.094231 -0.057410 0.059969 0.704772 0.704559
109.156000000 15.092428 1.659138 0.094247 -0.057434 0.059993 0.704770 0.704557
109.176000000 15.092428 1.659137 0.094263 -0.057457 0.060016 0.704769 0.704555
109.196000000 15.092428 1.659136 0.094278 -0.057479 0.060038 0.704767 0.704553
109.216000000 15.092428 1.659135 0.094292 -0.057500 0.060058 0.704765 0.704552
109.236000000 15.092428 1.659135 0.094305 -0.057519 0.060077 0.704763 0.704550
109.256000000 15.092429 1.659134 0.094317 -0.057537 0.060095 0.704762 0.704548
109.276000000 15.092429 1.659133 0.094328 -0.057554 0.060112 0.704761 0.704547
109.296000000 15.092429 1.659132 0.094339 -0.057569 0.060127 0.704759 0.704546
109.316000000 15.092429 1.659132 0.094349 -0.057583 0.060141 0.704758 0.704545
109.336000000 15.092429 1.659131 0.094357 -0.057596 0.060154 0.704757 0.704543
109.356000000 15.092429 1.659131 0.094365 -0.057607 0.060166 0.704756 0.704542
109.376000000 15.092429 1.659130 0.094372 -0.057617 0.060176 0.704755 0.704542
109.396000000 15.092429 1.659130 0.094378 -0.057626 0.060185 0.704755 0.704541
109.416000000 15.092429 1.659130 0.094383 -0.057634 0.060192 0.704754 0.704540
109.436000000 15.092429 1.659129 0.094388 -0.057640 0.060199 0.704754 0.704540
109.456000000 15.092429 1.659129 0.094391 -0.057644 0.060203 0.704753 0.704539
109.476000000 15.092429 1.659129 0.094394 -0.057649 0.060207 0.704753 0.704539
109.496000000 15.092429 1.659129 0.094395 -0.057651 0.060210 0.704753 0.704539
109.516000000 15.092429 1.659129 0.094396 -0.057652 0.060211 0.704753 0.704539
109.536000000 15.092429 1.659129 0.094396 -0.057652 0.060211 0.704753 0.704539
109.556000000 15.092429 1.659129 0.094395 -0.057651 0.060210 0.704753 0.704539
109.576000000 15.092429 1.659129 0.094393 -0.057647 0.060206 0.704753 0.704539
109.596000000 15.092429 1.659129 0.094390 -0.057644 0.060203 0.704753 0.704539
109.616000000 15.092429 1.659129 0.094386 -0.057638 0.060196 0.704754 0.704540
109.636000000 15.092429 1.659130 0.094382 -0.057631 0.060190 0.704754 0.704540
109.656000000 15.092429 1.659130 0.094376 -0.057623 0.060182 0.704755 0.704541
109.676000000 15.092429 1.659131 0.094370 -0.057614 0.060172 0.704756 0.704542
109.696000000 15.092429 1.659131 0.094363 -0.057604 0.060162 0.704757 0.704543
109.716000000 15.092429 1.659131 0.094355 -0.057592 0.060151 0.704758 0.704544
109.736000000 15.092429 1.659132 0.094346 -0.057579 0.060138 0.704759 0.704545
109.756000000 15.092429 1.659133 0.094337 -0.057565 0.060124 0.704760 0.704546
109.776000000 15.092429 1.659133 0.094326 -0.057550 0.060109 0.704761 0.704547
109.796000000 15.092428 1.659134 0.094315 -0.057534 0.060092 0.704762 0.704549
109.816000000 15.092428 1.659135 0.094303 -0.057517 0.060075 0.704764 0.704550
109.836000000 15.092428 1.659136 0.094290 -0.057498 0.060056 0.704765 0.704552
109.856000000 15.092428 1.659136 0.094277 -0.057478 0.060037 0.704767 0.704553
109.876000000 15.092428 1.659137 0.094263 -0.057457 0.060016 0.704769 0.704555
109.896000000 15.092428 1.659138 0.094248 -0.057435 0.059994 0.704770 0.704557
109.916000000 15.092428 1.659139 0.094232 -0.057412 0.059971 0.704772 0.704559
109.936000000 15.092428 1.659140 0.094215 -0.057388 0.059946 0.704774 0.704561
109.956000000 15.092428 1.659141 0.094198 -0.057362 0.059921 0.704776 0.704563
109.976000000 15.092428 1.659143 0.094180 -0.057336 0.059894 0.704778 0.704566
109.996000000 15.092428 1.659144 0.094161 -0.057308 0.059867 0.704781 0.704568
110.016000000 15.092428 1.659145 0.094141 -0.057280 0.059838 0.704783 0.704570
110.036000000 15.092428 1.659146 0.094121 -0.057250 0.059809 0.704785 0.704573
110.056000000 15.092428 1.659148 0.094100 -0.057219 0.059778 0.704788 0.704575
110.076000000 15.092428 1.659149 0.094078 -0.057187 0.059746 0.704790 0.704578
110.096000000 15.092428 1.659151 0.094056 -0.057154 0.059713 0.704793 0.704581
110.116000000 15.092427 1.659152 0.094032 -0.057120 0.059679 0.704796 0.704584
110.136000000 15.092427 1.659154 0.094008 -0.057085 0.059644 0.704799 0.704587
110.156000000 15.092427 1.659155 0.093984 -0.057049 0.059608 0.704802 0.704590
110.176000000 15.092427 1.659157 0.093958 -0.057012 0.059571 0.704805 0.704593
110.196000000 15.092427 1.659159 0.093932 -0.056974 0.059533 0.704808 0.704596
110.216000000 15.092427 1.659160 0.093906 -0.056935 0.059494 0.704811 0.704600
110.236000000 15.092427 1.659162 0.093878 -0.056895 0.059454 0.704814 0.704603
110.256000000 15.092427 1.659164 0.093850 -0.056854 0.059412 0.704817 0.704606
110.276000000 15.092427 1.659166 0.093822 -0.056812 0.059371 0.704821 0.704610
110.296000000 15.092427 1.659168 0.093792 -0.056769 0.059328 0.704824 0.704614
110.316000000 15.092426 1.659170 0.093762 -0.056725 0.059284 0.704828 0.704617
110.336000000 15.092426 1.659172 0.093732 -0.056680 0.059239 0.704831 0.704621
110.356000000 15.092426 1.659174 0.093700 -0.056634 0.059193 0.704835 0.704625
110.376000000 15.092426 1.659176 0.093668 -0.056588 0.059146 0.704839 0.704629
110.396000000 15.092426 1.659178 0.093636 -0.056540 0.059099 0.704843 0.704633
110.416000000 15.092426 1.659180 0.093603 -0.056492 0.059051 0.704847 0.704637
110.436000000 15.092426 1.659182 0.093569 -0.056443 0.059001 0.704851 0.704641
110.456000000 15.092426 1.659185 0.093535 -0.056392 0.058951 0.704855 0.704645
110.476000000 15.092426 1.659187 0.093500 -0.056341 0.058900 0.704859 0.704649
110.496000000 15.092425 1.659189 0.093465 -0.056290 0.058849 0.704863 0.704654
110.516000000 15.092425 1.659192 0.093429 -0.056237 0.058796 0.704867 0.704658
110.536000000 15.092425 1.659194 0.093392 -0.056184 0.058743 0.704871 0.704663
110.556000000 15.092425 1.659197 0.093355 -0.056130 0.058689 0.704875 0.704667
110.576000000 15.092425 1.659199 0.093318 -0.056075 0.058634 0.704880 0.704672
110.596000000 15.092425 1.659202 0.093280 -0.056019 0.058578 0.704884 0.704676
110.616000000 15.092425 1.659204 0.093242 -0.055963 0.058522 0.704889 0.704681
110.636000000 15.092424 1.659207 0.093203 -0.055906 0.058465 0.704893 0.704686
110.656000000 15.092424 1.659210 0.093163 -0.055848 0.058407 0.704898 0.704690
110.676000000 15.092424 1.659213 0.093123 -0.055790 0.058349 0.704902 0.704695
110.696000000 15.092424 1.659215 0.093083 -0.055731 0.058290 0.704907 0.704700
110.716000000 15.092424 1.659218 0.093042 -0.055672 0.058231 0.704912 0.704705
110.736000000 15.092424 1.659221 0.093001 -0.055611 0.058170 0.704917 0.704710
110.756000000 15.092424 1.659224 0.092960 -0.055551 0.058110 0.704921 0.704715
110.776000000 15.092423 1.659227 0.092918 -0.055489 0.058048 0.704926 0.704720
110.796000000 15.092423 1.659230 0.092876 -0.055427 0.057987 0.704931 0.704725
110.816000000 15.092423 1.659233 0.092833 -0.055365 0.057924 0.704936 0.704730
110.836000000 15.092423 1.659236 0.092790 -0.055302 0.057861 0.704941 0.704735
110.856000000 15.092423 1.659239 0.092747 -0.055239 0.057798 0.704946 0.704741
110.876000000 15.092423 1.659242 0.092703 -0.055175 0.057734 0.704951 0.704746
110.896000000 15.092422 1.659245 0.092659 -0.055111 0.057670 0.704956 0.704751
110.916000000 15.092422 1.659248 0.092615 -0.055046 0.057605 0.704961 0.704756
110.936000000 15.092422 1.659251 0.092571 -0.054981 0.057540 0.704966 0.704762
110.956000000 15.092422 1.659254 0.092526 -0.054915 0.057475 0.704971 0.704767
110.976000000 15.092422 1.659257 0.092481 -0.054849 0.057409 0.704976 0.704772
110.996000000 15.092422 1.659261 0.092436 -0.054783 0.057343 0.704981 0.704778
111.016000000 15.092422 1.659264 0.092390 -0.054717 0.057276 0.704987 0.704783
111.036000000 15.092421 1.659267 0.092345 -0.054650 0.057209 0.704992 0.704789
111.056000000 15.092421 1.659270 0.092299 -0.054583 0.057142 0.704997 0.704794
111.076000000 15.092421 1.659274 0.092253 -0.054516 0.057075 0.705002 0.704800
111.096000000 15.092421 1.659277 0.092207 -0.054448 0.057007 0.705007 0.704805
111.116000000 15.092421 1.659280 0.092160 -0.054380 0.056940 0.705013 0.704811
111.136000000 15.092421 1.659284 0.092114 -0.054312 0.056872 0.705018 0.704816
111.156000000 15.092420 1.659287 0.092068 -0.054244 0.056804 0.705023 0.704821
111.176000000 15.092420 1.659291 0.092021 -0.054176 0.056736 0.705028 0.704827
111.196000000 15.092420 1.659294 0.091974 -0.054108 0.056667 0.705034 0.704832
111.216000000 15.092420 1.659297 0.091928 -0.054039 0.056599 0.705039 0.704838
111.236000000 15.092420 1.659301 0.091881 -0.053971 0.056530 0.705044 0.704843
111.256000000 15.092419 1.659304 0.091834 -0.053902 0.056462 0.705049 0.704849
111.276000000 15.092419 1.659308 0.091787 -0.053833 0.056393 0.705055 0.704854
111.296000000 15.092419 1.659311 0.091740 -0.053765 0.056324 0.705060 0.704860
111.316000000 15.092419 1.659315 0.091693 -0.053696 0.056256 0.705065 0.704865
111.336000000 15.092419 1.659318 0.091647 -0.053628 0.056187 0.705070 0.704871
111.356000000 15.092419 1.659322 0.091600 -0.053559 0.056119 0.705075 0.704876
111.376000000 15.092418 1.659325 0.091553 -0.053491 0.056050 0.705081 0.704882
111.396000000 15.092418 1.659329 0.091506 -0.053422 0.055982 0.705086 0.704887
111.416000000 15.092418 1.659332 0.091460 -0.053354 0.055914 0.705091 0.704893
111.436000000 15.092418 1.659336 0.091413 -0.053286 0.055846 0.705096 0.704898
111.456000000 15.092418 1.659339 0.091367 -0.053218 0.055778 0.705101 0.704903
111.476000000 15.092418 1.659343 0.091321 -0.053150 0.055710 0.705106 0.704909
111.496000000 15.092417 1.659346 0.091275 -0.053083 0.055643 0.705111 0.704914
111.516000000 15.092417 1.659350 0.091229 -0.053016 0.055576 0.705117 0.704919
111.536000000 15.092417 1.659353 0.091183 -0.052949 0.055509 0.705122 0.704925
111.556000000 15.092417 1.659357 0.091137 -0.052882 0.055442 0.705127 0.704930
111.576000000 15.092417 1.659360 0.091092 -0.052816 0.055375 0.705132 0.704935
111.596000000 15.092417 1.659364 0.091047 -0.052749 0.055309 0.705137 0.704940
111.616000000 15.092416 1.659367 0.091002 -0.052684 0.055244 0.705141 0.704945
111.636000000 15.092416 1.659371 0.090958 -0.052618 0.055178 0.705146 0.704951
111.656000000 15.092416 1.659374 0.090913 -0.052553 0.055113 0.705151 0.704956
111.676000000 15.092416 1.659377 0.090869 -0.052489 0.055049 0.705156 0.704961
111.696000000 15.092416 1.659381 0.090825 -0.052424 0.054984 0.705161 0.704966
111.716000000 15.092416 1.659384 0.090782 -0.052361 0.054921 0.705165 0.704971
111.736000000 15.092416 1.659388 0.090739 -0.052297 0.054857 0.705170 0.704976
111.756000000 15.092415 1.659391 0.090696 -0.052235 0.054795 0.705175 0.704981
111.776000000 15.092415 1.659394 0.090653 -0.052172 0.054732 0.705179 0.704985
111.796000000 15.092415 1.659397 0.090613 -0.052114 0.054673 0.705184 0.704990
111.816000000 15.092415 1.659398 0.090605 -0.052102 0.054660 0.705185 0.704991
111.836000000 15.092415 1.659398 0.090605 -0.052102 0.054660 0.705185 0.704991
111.856000000 15.092415 1.659398 0.090605 -0.052102 0.054660 0.705185 0.704991
111.876000000 15.092415 1.659398 0.090605 -0.052102 0.054660 0.705185 0.704991
111.896000000 15.092415 1.659398 0.090605 -0.052102 0.054660 0.705185 0.704991
111.916000000 15.092415 1.659398 0.090605 -0.052102 0.054660 0.705185 0.704991
111.936000000 15.092415 1.659398 0.090605 -0.052102 0.054660 0.705185 0.704991
111.956000000 15.092415 1.659398 0.090605 -0.052102 0.054660 0.705185 0.704991
111.976000000 15.092415 1.659398 0.090605 -0.052102 0.054660 0.705185 0.704991
111.996000000 15.092415 1.659398 0.090605 -0.052102 0.054660 0.705185 0.704991
112.016000000 15.092415 1.659398 0.090605 -0.052102 0.054660 0.705185 0.704991
112.036000000 15.092415 1.659398 0.090605 -0.052102 0.054660 0.705185 0.704991
112.056000000 15.092415 1.659398 0.090605 -0.052102 0.054660 0.705185 0.704991
112.076000000 15.092415 1.659398 0.090605 -0.052102 0.054660 0.705185 0.704991
112.096000000 15.092415 1.659398 0.090605 -0.052102 0.054660 0.705185 0.704991
112.116000000 15.092415 1.659398 0.090605 -0.052102 0.054660 0.705185 0.704991
112.136000000 15.092415 1.659398 0.090605 -0.052102 0.054660 0.705185 0.704991
112.156000000 15.092415 1.659398 0.090605 -0.052102 0.054660 0.705185 0.704991
112.176000000 15.092415 1.659398 0.090605 -0.052102 0.054660 0.705185 0.704991
112.196000000 15.092415 1.659398 0.090605 -0.052102 0.054660 0.705185 0.704991
112.216000000 15.092415 1.659398 0.090605 -0.052102 0.054660 0.705185 0.704991
112.236000000 15.092415 1.659398 0.090605 -0.052102 0.054660 0.705185 0.704991
112.256000000 15.092415 1.659398 0.090605 -0.052102 0.054660 0.705185 0.704991
112.276000000 15.092415 1.659398 0.090605 -0.052102 0.054660 0.705185 0.704991
112.296000000 15.092415 1.659398 0.090605 -0.052102 0.054660 0.705185 0.704991
112.316000000 15.092415 1.659398 0.090605 -0.052102 0.054660 0.705185 0.704991
112.336000000 15.092415 1.659398 0.090605 -0.052102 0.054660 0.705185 0.704991
112.356000000 15.092415 1.659398 0.090605 -0.052102 0.054660 0.705185 0.704991
112.376000000 15.092415 1.659398 0.090605 -0.052102 0.054660 0.705185 0.704991
112.396000000 15.092415 1.659398 0.090605 -0.052102 0.054660 0.705185 0.704991
112.416000000 15.092415 1.659398 0.090605 -0.052102 0.054660 0.705185 0.704991
112.436000000 15.092415 1.659398 0.090605 -0.052102 0.054660 0.705185 0.704991
112.456000000 15.092415 1.659398 0.090605 -0.052102 0.054660 0.705185 0.704991
112.476000000 15.092415 1.659398 0.090605 -0.052102 0.054660 0.705185 0.704991
112.496000000 15.092415 1.659398 0.090605 -0.052102 0.054660 0.705185 0.704991
112.516000000 15.092415 1.659398 0.090605 -0.052102 0.054660 0.705185 0.704991
112.536000000 15.092415 1.659398 0.090605 -0.052102 0.054660 0.705185 0.704991
112.556000000 15.092415 1.659398 0.090605 -0.052102 0.054660 0.705185 0.704991
112.576000000 15.092415 1.659398 0.090605 -0.052102 0.054660 0.705185 0.704991
112.596000000 15.092415 1.659398 0.090605 -0.052102 0.054660 0.705185 0.704991
112.616000000 15.092415 1.659398 0.090605 -0.052102 0.054660 0.705185 0.704991
112.636000000 15.092415 1.659398 0.090605 -0.052102 0.054660 0.705185 0.704991
112.656000000 15.092415 1.659398 0.090605 -0.052102 0.054660 0.705185 0.704991
112.676000000 15.092415 1.659398 0.090605 -0.052102 0.054660 0.705185 0.704991
112.696000000 15.092415 1.659398 0.090605 -0.052102 0.054660 0.705185 0.704991
112.716000000 15.092415 1.659398 0.090605 -0.052102 0.054660 0.705185 0.704991
112.736000000 15.092415 1.659398 0.090605 -0.052102 0.054660 0.705185 0.704991
112.756000000 15.092415 1.659398 0.090605 -0.052102 0.054660 0.705185 0.704991
112.776000000 15.092415 1.659398 0.090605 -0.052102 0.054660 0.705185 0.704991
112.796000000 15.092415 1.659398 0.090605 -0.052102 0.054660 0.705185 0.704991
112.816000000 15.092415 1.659398 0.090605 -0.052102 0.054660 0.705185 0.704991
112.836000000 15.092415 1.659398 0.090605 -0.052102 0.054660 0.705185 0.704991
112.856000000 15.092415 1.659398 0.090605 -0.052102 0.054660 0.705185 0.704991
112.876000000 15.092415 1.659398 0.090605 -0.052102 0.054660 0.705185 0.704991
112.896000000 15.092415 1.659398 0.090605 -0.052102 0.054660 0.705185 0.704991
112.916000000 15.092415 1.659398 0.090605 -0.052102 0.054660 0.705185 0.704991
112.936000000 15.092415 1.659398 0.090605 -0.052102 0.054660 0.705185 0.704991
112.956000000 15.092415 1.659398 0.090605 -0.052102 0.054660 0.705185 0.704991
112.976000000 15.092415 1.659398 0.090605 -0.052102 0.054660 0.705185 0.704991
112.996000000 15.092415 1.659398 0.090605 -0.052102 0.054660 0.705185 0.704991
113.016000000 15.092415 1.659398 0.090605 -0.052102 0.054660 0.705185 0.704991
113.036000000 15.092415 1.659398 0.090605 -0.052102 0.054660 0.705185 0.704991
113.056000000 15.092415 1.659398 0.090605 -0.052102 0.054660 0.705185 0.704991
113.076000000 15.092415 1.659398 0.090605 -0.052102 0.054660 0.705185 0.704991
113.096000000 15.092415 1.659398 0.090605 -0.052102 0.054660 0.705185 0.704991
113.116000000 15.092415 1.659398 0.090605 -0.052102 0.054660 0.705185 0.704991
113.136000000 15.092415 1.659398 0.090605 -0.052102 0.054660 0.705185 0.704991
113.156000000 15.092415 1.659398 0.090605 -0.052102 0.054660 0.705185 0.704991
113.176000000 15.092415 1.659398 0.090605 -0.052102 0.054660 0.705185 0.704991
113.196000000 15.092415 1.659398 0.090605 -0.052102 0.054660 0.705185 0.704991
113.216000000 15.092415 1.659398 0.090605 -0.052102 0.054660 0.705185 0.704991
113.236000000 15.092415 1.659398 0.090605 -0.052102 0.054660 0.705185 0.704991
113.256000000 15.092415 1.659398 0.090605 -0.052102 0.054660 0.705185 0.704991
113.276000000 15.092415 1.659398 0.090605 -0.052102 0.054660 0.705185 0.704991
113.296000000 15.092415 1.659398 0.090605 -0.052102 0.054660 0.705185 0.704991
113.316000000 15.092415 1.659398 0.090605 -0.052102 0.054660 0.705185 0.704991
113.336000000 15.092415 1.659398 0.090605 -0.052102 0.054660 0.705185 0.704991
113.356000000 15.092415 1.659398 0.090605 -0.052102 0.054660 0.705185 0.704991
113.376000000 15.092415 1.659398 0.090605 -0.052102 0.054660 0.705185 0.704991
113.396000000 15.092415 1.659398 0.090605 -0.052102 0.054660 0.705185 0.704991
113.416000000 15.092415 1.659398 0.090605 -0.052102 0.054660 0.705185 0.704991
113.436000000 15.092415 1.659398 0.090605 -0.052102 0.054660 0.705185 0.704991
113.456000000 15.092415 1.659398 0.090605 -0.052102 0.054660 0.705185 0.704991
113.476000000 15.092415 1.659398 0.090605 -0.052102 0.054660 0.705185 0.704991
113.496000000 15.092415 1.659398 0.090605 -0.052102 0.054660 0.705185 0.704991
113.516000000 15.092415 1.659398 0.090605 -0.052102 0.054660 0.705185 0.704991
113.536000000 15.092415 1.659398 0.090605 -0.052102 0.054660 0.705185 0.704991
113.556000000 15.092415 1.659398 0.090605 -0.052102 0.054660 0.705185 0.704991
113.576000000 15.092415 1.659398 0.090605 -0.052102 0.054660 0.705185 0.704991
113.596000000 15.092415 1.659398 0.090605 -0.052102 0.054660 0.705185 0.704991
113.616000000 15.092415 1.659398 0.090605 -0.052102 0.054660 0.705185 0.704991
113.636000000 15.092415 1.659398 0.090605 -0.052102 0.054660 0.705185 0.704991
113.656000000 15.092415 1.659398 0.090605 -0.052102 0.054660 0.705185 0.704991
113.676000000 15.092415 1.659398 0.090605 -0.052102 0.054660 0.705185 0.704991
113.696000000 15.092415 1.659398 0.090605 -0.052102 0.054660 0.705185 0.704991
113.716000000 15.092415 1.659398 0.090605 -0.052102 0.054660 0.705185 0.704991
113.736000000 15.092415 1.659398 0.090605 -0.052102 0.054660 0.705185 0.704991
113.756000000 15.092415 1.659398 0.090605 -0.052102 0.054660 0.705185 0.704991
113.776000000 15.092415 1.659398 0.090605 -0.052102 0.054660 0.705185 0.704991
113.796000000 15.092415 1.659398 0.090605 -0.052102 0.054660 0.705185 0.704991
113.816000000 15.092415 1.659398 0.090605 -0.052102 0.054660 0.705185 0.704991
113.836000000 15.092415 1.659398 0.090605 -0.052102 0.054660 0.705185 0.704991
113.856000000 15.092415 1.659398 0.090605 -0.052102 0.054660 0.705185 0.704991
113.876000000 15.092415 1.659398 0.090605 -0.052102 0.054660 0.705185 0.704991
113.896000000 15.092415 1.659398 0.090605 -0.052102 0.054660 0.705185 0.704991
113.916000000 15.092415 1.659398 0.090605 -0.052102 0.054660 0.705185 0.704991
113.936000000 15.092415 1.659398 0.090605 -0.052102 0.054660 0.705185 0.704991
113.956000000 15.092415 1.659398 0.090605 -0.052102 0.054660 0.705185 0.704991
113.976000000 15.092415 1.659398 0.090605 -0.052102 0.054660 0.705185 0.704991
113.996000000 15.092415 1.659398 0.090605 -0.052102 0.054660 0.705185 0.704991
114.016000000 15.092415 1.659398 0.090605 -0.052102 0.054660 0.705185 0.704991
114.036000000 15.092415 1.659398 0.090605 -0.052102 0.054660 0.705185 0.704991
114.056000000 15.092415 1.659398 0.090605 -0.052102 0.054660 0.705185 0.704991
114.076000000 15.092415 1.659398 0.090605 -0.052102 0.054660 0.705185 0.704991
114.096000000 15.092415 1.659398 0.090605 -0.052102 0.054660 0.705185 0.704991
114.116000000 15.092415 1.659398 0.090605 -0.052102 0.054660 0.705185 0.704991
114.136000000 15.092415 1.659398 0.090605 -0.052102 0.054660 0.705185 0.704991
114.156000000 15.092415 1.659398 0.090605 -0.052102 0.054660 0.705185 0.704991
114.176000000 15.092415 1.659398 0.090605 -0.052102 0.054660 0.705185 0.704991
114.196000000 15.092415 1.659398 0.090605 -0.052102 0.054660 0.705185 0.704991
114.216000000 15.092415 1.659398 0.090605 -0.052102 0.054660 0.705185 0.704991
114.236000000 15.092415 1.659398 0.090605 -0.052102 0.054660 0.705185 0.704991
114.256000000 15.092415 1.659398 0.090605 -0.052102 0.054660 0.705185 0.704991
114.276000000 15.092415 1.659398 0.090605 -0.052102 0.054660 0.705185 0.704991
114.296000000 15.092415 1.659398 0.090605 -0.052102 0.054660 0.705185 0.704991
114.316000000 15.092415 1.659398 0.090605 -0.052102 0.054660 0.705185 0.704991
114.336000000 15.092415 1.659398 0.090605 -0.052102 0.054660 0.705185 0.704991
114.356000000 15.092415 1.659398 0.090605 -0.052102 0.054660 0.705185 0.704991
114.376000000 15.092415 1.659398 0.090605 -0.052102 0.054660 0.705185 0.704991
114.396000000 15.092415 1.659398 0.090605 -0.052102 0.054660 0.705185 0.704991
114.416000000 15.092415 1.659398 0.090605 -0.052102 0.054660 0.705185 0.704991
114.436000000 15.092415 1.659398 0.090605 -0.052102 0.054660 0.705185 0.704991
114.456000000 15.092415 1.659398 0.090605 -0.052102 0.054660 0.705185 0.704991
114.476000000 15.092415 1.659398 0.090605 -0.052102 0.054660 0.705185 0.704991
114.496000000 15.092415 1.659398 0.090605 -0.052102 0.054660 0.705185 0.704991
114.516000000 15.092415 1.659398 0.090605 -0.052102 0.054660 0.705185 0.704991
114.536000000 15.092415 1.659398 0.090605 -0.052102 0.054660 0.705185 0.704991
114.556000000 15.092415 1.659398 0.090605 -0.052102 0.054660 0.705185 0.704991
114.576000000 15.092415 1.659398 0.090605 -0.052102 0.054660 0.705185 0.704991
114.596000000 15.092415 1.659398 0.090605 -0.052102 0.054660 0.705185 0.704991
114.616000000 15.092415 1.659398 0.090605 -0.052102 0.054660 0.705185 0.704991
114.636000000 15.092415 1.659398 0.090605 -0.052102 0.054660 0.705185 0.704991
114.656000000 15.092415 1.659398 0.090605 -0.052102 0.054660 0.705185 0.704991
114.676000000 15.092415 1.659398 0.090605 -0.052102 0.054660 0.705185 0.704991
114.696000000 15.092415 1.659398 0.090605 -0.052102 0.054660 0.705185 0.704991
114.716000000 15.092415 1.659398 0.090605 -0.052102 0.054660 0.705185 0.704991
114.736000000 15.092415 1.659398 0.090605 -0.052102 0.054660 0.705185 0.704991
114.756000000 15.092415 1.659398 0.090605 -0.052102 0.054660 0.705185 0.704991
114.776000000 15.092415 1.659398 0.090605 -0.052102 0.054660 0.705185 0.704991
114.796000000 15.092415 1.659398 0.090605 -0.052102 0.054660 0.705185 0.704991
114.816000000 15.092415 1.659398 0.090605 -0.052102 0.054660 0.705185 0.704991
114.836000000 15.092415 1.659398 0.090605 -0.052102 0.054660 0.705185 0.704991
114.856000000 15.092415 1.659398 0.090605 -0.052102 0.054660 0.705185 0.704991
114.876000000 15.092415 1.659398 0.090605 -0.052102 0.054660 0.705185 0.704991
114.896000000 15.092415 1.659398 0.090605 -0.052102 0.054660 0.705185 0.704991
114.916000000 15.092415 1.659398 0.090605 -0.052102 0.054660 0.705185 0.704991
114.936000000 15.092415 1.659398 0.090605 -0.052102 0.054660 0.705185 0.704991
114.956000000 15.092415 1.659398 0.090605 -0.052102 0.054660 0.705185 0.704991
114.976000000 15.092415 1.659398 0.090605 -0.052102 0.054660 0.705185 0.704991
114.996000000 15.092415 1.659398 0.090605 -0.052102 0.054660 0.705185 0.704991
115.016000000 15.092415 1.659398 0.090605 -0.052102 0.054660 0.705185 0.704991
115.036000000 15.092415 1.659398 0.090605 -0.052102 0.054660 0.705185 0.704991
115.056000000 15.092415 1.659398 0.090605 -0.052102 0.054660 0.705185 0.704991
115.076000000 15.092415 1.659398 0.090605 -0.052102 0.054660 0.705185 0.704991
115.096000000 15.092415 1.659398 0.090605 -0.052102 0.054660 0.705185 0.704991
115.116000000 15.092415 1.659398 0.090605 -0.052102 0.054660 0.705185 0.704991
115.136000000 15.092415 1.659398 0.090605 -0.052102 0.054660 0.705185 0.704991
115.156000000 15.092415 1.659398 0.090605 -0.052102 0.054660 0.705185 0.704991
115.176000000 15.092415 1.659398 0.090605 -0.052102 0.054660 0.705185 0.704991
115.196000000 15.092415 1.659398 0.090605 -0.052102 0.054660 0.705185 0.704991
115.216000000 15.092415 1.659398 0.090605 -0.052102 0.054660 0.705185 0.704991
115.236000000 15.092415 1.659398 0.090605 -0.052102 0.054660 0.705185 0.704991
115.256000000 15.092415 1.659398 0.090605 -0.052102 0.054660 0.705185 0.704991
115.276000000 15.092415 1.659398 0.090605 -0.052102 0.054660 0.705185 0.704991
115.296000000 15.092415 1.659398 0.090605 -0.052102 0.054660 0.705185 0.704991
115.316000000 15.092415 1.659398 0.090605 -0.052102 0.054660 0.705185 0.704991
115.336000000 15.092415 1.659398 0.090605 -0.052102 0.054660 0.705185 0.704991
115.356000000 15.092415 1.659398 0.090605 -0.052102 0.054660 0.705185 0.704991
115.376000000 15.092415 1.659398 0.090605 -0.052102 0.054660 0.705185 0.704991
115.396000000 15.092415 1.659398 0.090605 -0.052102 0.054660 0.705185 0.704991
115.416000000 15.092415 1.659398 0.090605 -0.052102 0.054660 0.705185 0.704991
115.436000000 15.092415 1.659398 0.090605 -0.052102 0.054660 0.705185 0.704991
115.456000000 15.092415 1.659398 0.090605 -0.052102 0.054660 0.705185 0.704991
115.476000000 15.092415 1.659398 0.090605 -0.052102 0.054660 0.705185 0.704991
115.496000000 15.092415 1.659398 0.090605 -0.052102 0.054660 0.705185 0.704991
115.516000000 15.092415 1.659398 0.090605 -0.052102 0.054660 0.705185 0.704991
115.536000000 15.092415 1.659398 0.090610 -0.052108 0.054666 0.705184 0.704990
115.556000000 15.092415 1.659395 0.090640 -0.052153 0.054711 0.705181 0.704987
115.576000000 15.092415 1.659391 0.090699 -0.052239 0.054797 0.705174 0.704980
115.596000000 15.092416 1.659384 0.090785 -0.052366 0.054924 0.705165 0.704970
115.616000000 15.092416 1.659375 0.090897 -0.052530 0.055087 0.705153 0.704958
115.636000000 15.092417 1.659365 0.091031 -0.052726 0.055284 0.705138 0.704942
115.656000000 15.092410 1.659360 0.091186 -0.052952 0.055512 0.705110 0.704936
115.676000000 15.092417 1.659354 0.091354 -0.053198 0.055785 0.705103 0.704903
115.696000000 15.092418 1.659339 0.091540 -0.053472 0.056058 0.705082 0.704881
115.716000000 15.092419 1.659323 0.091739 -0.053763 0.056349 0.705060 0.704858
115.736000000 15.092419 1.659307 0.091947 -0.054067 0.056653 0.705037 0.704833
115.756000000 15.092420 1.659291 0.092161 -0.054381 0.056967 0.705013 0.704808
115.776000000 15.092421 1.659275 0.092379 -0.054700 0.057286 0.704988 0.704782
115.796000000 15.092422 1.659259 0.092599 -0.055022 0.057608 0.704963 0.704756
115.816000000 15.092423 1.659243 0.092818 -0.055342 0.057928 0.704938 0.704730
115.836000000 15.092423 1.659227 0.093034 -0.055659 0.058245 0.704913 0.704704
115.856000000 15.092424 1.659213 0.093246 -0.055968 0.058554 0.704888 0.704678
115.876000000 15.092425 1.659198 0.093451 -0.056269 0.058855 0.704865 0.704653
115.896000000 15.092426 1.659185 0.093648 -0.056557 0.059143 0.704841 0.704629
115.916000000 15.092426 1.659172 0.093836 -0.056832 0.059418 0.704819 0.704606
115.936000000 15.092427 1.659160 0.094013 -0.057092 0.059678 0.704798 0.704584
115.956000000 15.092427 1.659149 0.094179 -0.057335 0.059921 0.704779 0.704563
115.976000000 15.092428 1.659139 0.094333 -0.057560 0.060145 0.704760 0.704544
115.996000000 15.092429 1.659130 0.094474 -0.057766 0.060352 0.704743 0.704526
116.016000000 15.092429 1.659121 0.094602 -0.057953 0.060538 0.704728 0.704510
116.036000000 15.092429 1.659114 0.094716 -0.058120 0.060705 0.704714 0.704496
116.056000000 15.092430 1.659107 0.094816 -0.058267 0.060852 0.704702 0.704483
116.076000000 15.092430 1.659102 0.094903 -0.058394 0.060979 0.704692 0.704472
116.096000000 15.092430 1.659097 0.094977 -0.058502 0.061087 0.704683 0.704463
116.116000000 15.092431 1.659093 0.095038 -0.058590 0.061175 0.704675 0.704455
116.136000000 15.092431 1.659090 0.095086 -0.058661 0.061246 0.704669 0.704449
116.156000000 15.092431 1.659088 0.095122 -0.058714 0.061299 0.704665 0.704445
116.176000000 15.092431 1.659086 0.095147 -0.058750 0.061335 0.704662 0.704442
116.196000000 15.092431 1.659085 0.095161 -0.058771 0.061356 0.704660 0.704440
116.216000000 15.092431 1.659085 0.095165 -0.058776 0.061361 0.704660 0.704439
116.236000000 15.092431 1.659085 0.095160 -0.058770 0.061355 0.704660 0.704440
116.256000000 15.092431 1.659085 0.095147 -0.058750 0.061335 0.704662 0.704442
116.276000000 15.092431 1.659086 0.095126 -0.058719 0.061304 0.704665 0.704444
116.296000000 15.092431 1.659088 0.095098 -0.058679 0.061264 0.704668 0.704448
116.316000000 15.092431 1.659090 0.095064 -0.058630 0.061215 0.704672 0.704452
116.336000000 15.092431 1.659092 0.095026 -0.058573 0.061158 0.704677 0.704457
116.356000000 15.092430 1.659095 0.094983 -0.058510 0.061095 0.704682 0.704462
116.376000000 15.092430 1.659097 0.094936 -0.058442 0.061028 0.704688 0.704468
116.396000000 15.092430 1.659100 0.094887 -0.058370 0.060956 0.704694 0.704475
116.416000000 15.092430 1.659103 0.094836 -0.058295 0.060881 0.704700 0.704481
116.436000000 15.092430 1.659106 0.094783 -0.058218 0.060803 0.704706 0.704488
116.456000000 15.092429 1.659109 0.094730 -0.058140 0.060725 0.704713 0.704494
116.476000000 15.092429 1.659113 0.094676 -0.058061 0.060646 0.704719 0.704501
116.496000000 15.092429 1.659116 0.094622 -0.057983 0.060568 0.704726 0.704508
116.516000000 15.092429 1.659119 0.094569 -0.057905 0.060491 0.704732 0.704515
116.536000000 15.092429 1.659122 0.094518 -0.057830 0.060415 0.704738 0.704521
116.556000000 15.092428 1.659125 0.094467 -0.057756 0.060342 0.704744 0.704527
116.576000000 15.092428 1.659128 0.094419 -0.057685 0.060271 0.704750 0.704533
116.596000000 15.092428 1.659131 0.094373 -0.057618 0.060203 0.704755 0.704539
116.616000000 15.092428 1.659134 0.094329 -0.057553 0.060139 0.704761 0.704545
116.636000000 15.092428 1.659136 0.094287 -0.057493 0.060078 0.704766 0.704550
116.656000000 15.092428 1.659139 0.094248 -0.057436 0.060021 0.704770 0.704555
116.676000000 15.092428 1.659141 0.094212 -0.057383 0.059968 0.704775 0.704559
116.696000000 15.092427 1.659143 0.094179 -0.057334 0.059920 0.704779 0.704563
116.716000000 15.092427 1.659145 0.094148 -0.057289 0.059875 0.704782 0.704567
116.736000000 15.092427 1.659147 0.094120 -0.057248 0.059834 0.704786 0.704571
116.756000000 15.092427 1.659148 0.094095 -0.057211 0.059797 0.704789 0.704574
116.776000000 15.092427 1.659150 0.094072 -0.057178 0.059763 0.704791 0.704577
116.796000000 15.092427 1.659151 0.094052 -0.057148 0.059734 0.704794 0.704579
116.816000000 15.092427 1.659152 0.094034 -0.057122 0.059707 0.704796 0.704581
116.836000000 15.092427 1.659153 0.094018 -0.057098 0.059684 0.704798 0.704583
116.856000000 15.092427 1.659154 0.094004 -0.057078 0.059664 0.704799 0.704585
116.876000000 15.092427 1.659155 0.093992 -0.057060 0.059646 0.704801 0.704587
116.896000000 15.092427 1.659155 0.093981 -0.057044 0.059630 0.704802 0.704588
116.916000000 15.092427 1.659156 0.093971 -0.057031 0.059616 0.704803 0.704589
116.936000000 15.092427 1.659157 0.093963 -0.057019 0.059604 0.704804 0.704590
116.956000000 15.092427 1.659157 0.093956 -0.057008 0.059594 0.704805 0.704591
116.976000000 15.092427 1.659157 0.093949 -0.056998 0.059584 0.704806 0.704592
116.996000000 15.092427 1.659158 0.093943 -0.056989 0.059574 0.704807 0.704593
117.016000000 15.092427 1.659158 0.093937 -0.056980 0.059566 0.704807 0.704593
117.036000000 15.092426 1.659159 0.093931 -0.056971 0.059557 0.704808 0.704594
117.056000000 15.092426 1.659159 0.093924 -0.056962 0.059547 0.704809 0.704595
117.076000000 15.092426 1.659159 0.093918 -0.056952 0.059537 0.704810 0.704596
117.096000000 15.092426 1.659160 0.093910 -0.056941 0.059527 0.704810 0.704597
117.116000000 15.092426 1.659160 0.093902 -0.056929 0.059515 0.704811 0.704598
117.136000000 15.092426 1.659161 0.093893 -0.056916 0.059502 0.704812 0.704599
117.156000000 15.092426 1.659162 0.093883 -0.056902 0.059487 0.704814 0.704600
117.176000000 15.092426 1.659162 0.093872 -0.056885 0.059471 0.704815 0.704601
117.196000000 15.092426 1.659163 0.093860 -0.056867 0.059453 0.704816 0.704603
117.216000000 15.092426 1.659164 0.093846 -0.056847 0.059433 0.704818 0.704605
117.236000000 15.092426 1.659165 0.093831 -0.056825 0.059410 0.704820 0.704607
117.256000000 15.092426 1.659166 0.093814 -0.056800 0.059386 0.704822 0.704609
117.276000000 15.092426 1.659167 0.093796 -0.056773 0.059359 0.704824 0.704611
117.296000000 15.092426 1.659168 0.093776 -0.056744 0.059330 0.704826 0.704613
117.316000000 15.092426 1.659170 0.093754 -0.056713 0.059298 0.704829 0.704616
117.336000000 15.092426 1.659171 0.093731 -0.056679 0.059264 0.704832 0.704619
117.356000000 15.092426 1.659173 0.093706 -0.056642 0.059228 0.704834 0.704622
117.376000000 15.092426 1.659175 0.093680 -0.056604 0.059190 0.704838 0.704625
117.396000000 15.092425 1.659177 0.093652 -0.056563 0.059149 0.704841 0.704629
117.416000000 15.092425 1.659179 0.093622 -0.056520 0.059105 0.704844 0.704632
117.436000000 15.092425 1.659181 0.093591 -0.056474 0.059060 0.704848 0.704636
117.456000000 15.092425 1.659183 0.093559 -0.056426 0.059012 0.704852 0.704640
117.476000000 15.092425 1.659185 0.093525 -0.056377 0.058963 0.704856 0.704644
117.496000000 15.092425 1.659187 0.093489 -0.056325 0.058911 0.704860 0.704648
117.516000000 15.092425 1.659190 0.093453 -0.056272 0.058858 0.704864 0.704653
117.536000000 15.092425 1.659192 0.093415 -0.056217 0.058803 0.704869 0.704658
117.556000000 15.092424 1.659195 0.093376 -0.056160 0.058746 0.704873 0.704662
117.576000000 15.092424 1.659198 0.093336 -0.056101 0.058687 0.704878 0.704667
117.596000000 15.092424 1.659200 0.093296 -0.056041 0.058628 0.704883 0.704672
117.616000000 15.092424 1.659203 0.093254 -0.055980 0.058566 0.704887 0.704677
117.636000000 15.092424 1.659206 0.093211 -0.055918 0.058504 0.704892 0.704682
117.656000000 15.092424 1.659209 0.093168 -0.055854 0.058440 0.704897 0.704688
117.676000000 15.092424 1.659212 0.093124 -0.055790 0.058376 0.704902 0.704693
117.696000000 15.092423 1.659215 0.093079 -0.055725 0.058311 0.704908 0.704698
117.716000000 15.092423 1.659218 0.093034 -0.055658 0.058245 0.704913 0.704704
117.736000000 15.092423 1.659221 0.092988 -0.055591 0.058178 0.704918 0.704709
117.756000000 15.092423 1.659224 0.092942 -0.055524 0.058110 0.704923 0.704715
117.776000000 15.092423 1.659228 0.092896 -0.055456 0.058042 0.704929 0.704721
117.796000000 15.092423 1.659231 0.092849 -0.055388 0.057974 0.704934 0.704726
117.816000000 15.092422 1.659234 0.092802 -0.055319 0.057905 0.704940 0.704732
117.836000000 15.092422 1.659238 0.092755 -0.055250 0.057836 0.704945 0.704738
117.856000000 15.092422 1.659241 0.092707 -0.055180 0.057767 0.704950 0.704743
117.876000000 15.092422 1.659244 0.092660 -0.055111 0.057697 0.704956 0.704749
117.896000000 15.092422 1.659247 0.092612 -0.055041 0.057628 0.704961 0.704755
117.916000000 15.092421 1.659251 0.092565 -0.054972 0.057558 0.704967 0.704760
117.936000000 15.092421 1.659254 0.092517 -0.054902 0.057488 0.704972 0.704766
117.956000000 15.092421 1.659258 0.092470 -0.054832 0.057419 0.704978 0.704772
117.976000000 15.092421 1.659261 0.092422 -0.054763 0.057349 0.704983 0.704777
117.996000000 15.092421 1.659264 0.092375 -0.054693 0.057280 0.704988 0.704783
118.016000000 15.092421 1.659268 0.092327 -0.054624 0.057211 0.704994 0.704789
118.036000000 15.092420 1.659271 0.092280 -0.054555 0.057141 0.704999 0.704794
118.056000000 15.092420 1.659275 0.092233 -0.054486 0.057072 0.705004 0.704800
118.076000000 15.092420 1.659278 0.092186 -0.054417 0.057003 0.705010 0.704805
118.096000000 15.092420 1.659281 0.092139 -0.054348 0.056935 0.705015 0.704811
118.116000000 15.092420 1.659285 0.092092 -0.054279 0.056866 0.705020 0.704816
118.136000000 15.092420 1.659288 0.092045 -0.054211 0.056798 0.705026 0.704822
118.156000000 15.092419 1.659292 0.091999 -0.054143 0.056729 0.705031 0.704827
118.176000000 15.092419 1.659295 0.091952 -0.054075 0.056661 0.705036 0.704833
118.196000000 15.092419 1.659298 0.091906 -0.054007 0.056593 0.705041 0.704838
118.216000000 15.092419 1.659302 0.091860 -0.053939 0.056526 0.705047 0.704844
118.236000000 15.092419 1.659305 0.091813 -0.053872 0.056458 0.705052 0.704849
118.256000000 15.092419 1.659309 0.091767 -0.053804 0.056391 0.705057 0.704855
118.276000000 15.092418 1.659312 0.091722 -0.053737 0.056324 0.705062 0.704860
118.296000000 15.092418 1.659315 0.091676 -0.053670 0.056257 0.705067 0.704865
118.316000000 15.092418 1.659319 0.091630 -0.053603 0.056190 0.705072 0.704871
118.336000000 15.092418 1.659322 0.091585 -0.053536 0.056123 0.705077 0.704876
118.356000000 15.092418 1.659326 0.091539 -0.053470 0.056057 0.705082 0.704881
118.376000000 15.092418 1.659329 0.091494 -0.053403 0.055990 0.705087 0.704887
118.396000000 15.092417 1.659332 0.091449 -0.053337 0.055924 0.705092 0.704892
118.416000000 15.092417 1.659336 0.091403 -0.053271 0.055858 0.705097 0.704897
118.436000000 15.092417 1.659339 0.091358 -0.053205 0.055792 0.705102 0.704902
118.456000000 15.092417 1.659343 0.091313 -0.053139 0.055726 0.705107 0.704908
118.476000000 15.092417 1.659346 0.091269 -0.053074 0.055661 0.705112 0.704913
118.496000000 15.092417 1.659349 0.091224 -0.053008 0.055595 0.705117 0.704918
118.516000000 15.092416 1.659353 0.091180 -0.052943 0.055530 0.705122 0.704923
118.536000000 15.092416 1.659356 0.091135 -0.052878 0.055465 0.705127 0.704928
118.556000000 15.092416 1.659360 0.091091 -0.052813 0.055400 0.705132 0.704933
118.576000000 15.092416 1.659363 0.091047 -0.052749 0.055336 0.705137 0.704938
118.596000000 15.092416 1.659366 0.091003 -0.052684 0.055271 0.705141 0.704943
118.616000000 15.092416 1.659370 0.090959 -0.052620 0.055207 0.705146 0.704948
118.636000000 15.092415 1.659373 0.090916 -0.052556 0.055143 0.705151 0.704953
118.656000000 15.092415 1.659376 0.090872 -0.052493 0.055080 0.705156 0.704958
118.676000000 15.092415 1.659378 0.090847 -0.052456 0.055040 0.705158 0.704961
118.696000000 15.092415 1.659379 0.090845 -0.052453 0.055038 0.705159 0.704962
118.716000000 15.092415 1.659379 0.090845 -0.052453 0.055038 0.705159 0.704962
118.736000000 15.092415 1.659379 0.090845 -0.052453 0.055038 0.705159 0.704962
118.756000000 15.092415 1.659379 0.090845 -0.052453 0.055038 0.705159 0.704962
118.776000000 15.092415 1.659379 0.090845 -0.052453 0.055038 0.705159 0.704962
118.796000000 15.092415 1.659379 0.090845 -0.052453 0.055038 0.705159 0.704962
118.816000000 15.092415 1.659379 0.090845 -0.052453 0.055038 0.705159 0.704962
118.836000000 15.092415 1.659379 0.090845 -0.052453 0.055038 0.705159 0.704962
118.856000000 15.092415 1.659379 0.090845 -0.052453 0.055038 0.705159 0.704962
118.876000000 15.092415 1.659379 0.090845 -0.052453 0.055038 0.705159 0.704962
118.896000000 15.092415 1.659379 0.090845 -0.052453 0.055038 0.705159 0.704962
118.916000000 15.092415 1.659379 0.090845 -0.052453 0.055038 0.705159 0.704962
118.936000000 15.092415 1.659379 0.090845 -0.052453 0.055038 0.705159 0.704962
118.956000000 15.092415 1.659379 0.090845 -0.052453 0.055038 0.705159 0.704962
118.976000000 15.092415 1.659379 0.090845 -0.052453 0.055038 0.705159 0.704962
118.996000000 15.092415 1.659379 0.090845 -0.052453 0.055038 0.705159 0.704962
119.016000000 15.092415 1.659379 0.090845 -0.052453 0.055038 0.705159 0.704962
119.036000000 15.092415 1.659379 0.090845 -0.052453 0.055038 0.705159 0.704962
119.056000000 15.092415 1.659379 0.090845 -0.052453 0.055038 0.705159 0.704962
119.076000000 15.092415 1.659379 0.090845 -0.052453 0.055038 0.705159 0.704962
119.096000000 15.092415 1.659379 0.090845 -0.052453 0.055038 0.705159 0.704962
119.116000000 15.092415 1.659379 0.090845 -0.052453 0.055038 0.705159 0.704962
119.136000000 15.092415 1.659379 0.090845 -0.052453 0.055038 0.705159 0.704962
119.156000000 15.092415 1.659379 0.090845 -0.052453 0.055038 0.705159 0.704962
119.176000000 15.092415 1.659379 0.090845 -0.052453 0.055038 0.705159 0.704962
119.196000000 15.092415 1.659379 0.090845 -0.052453 0.055038 0.705159 0.704962
119.216000000 15.092415 1.659379 0.090845 -0.052453 0.055038 0.705159 0.704962
119.236000000 15.092415 1.659379 0.090845 -0.052453 0.055038 0.705159 0.704962
119.256000000 15.092415 1.659379 0.090845 -0.052453 0.055038 0.705159 0.704962
119.276000000 15.092415 1.659379 0.090845 -0.052453 0.055038 0.705159 0.704962
119.296000000 15.092415 1.659379 0.090845 -0.052453 0.055038 0.705159 0.704962
119.316000000 15.092415 1.659379 0.090845 -0.052453 0.055038 0.705159 0.704962
119.336000000 15.092415 1.659379 0.090845 -0.052453 0.055038 0.705159 0.704962
119.356000000 15.092415 1.659379 0.090845 -0.052453 0.055038 0.705159 0.704962
119.376000000 15.092415 1.659379 0.090845 -0.052453 0.055038 0.705159 0.704962
119.396000000 15.092415 1.659379 0.090845 -0.052453 0.055038 0.705159 0.704962
119.416000000 15.092415 1.659379 0.090845 -0.052453 0.055038 0.705159 0.704962
119.436000000 15.092415 1.659379 0.090845 -0.052453 0.055038 0.705159 0.704962
119.456000000 15.092415 1.659379 0.090845 -0.052453 0.055038 0.705159 0.704962
119.476000000 15.092415 1.659379 0.090845 -0.052453 0.055038 0.705159 0.704962
119.496000000 15.092415 1.659379 0.090845 -0.052453 0.055038 0.705159 0.704962
119.516000000 15.092415 1.659379 0.090845 -0.052453 0.055038 0.705159 0.704962
119.536000000 15.092415 1.659379 0.090845 -0.052453 0.055038 0.705159 0.704962
119.556000000 15.092415 1.659379 0.090845 -0.052453 0.055038 0.705159 0.704962
119.576000000 15.092415 1.659379 0.090845 -0.052453 0.055038 0.705159 0.704962
119.596000000 15.092415 1.659379 0.090845 -0.052453 0.055038 0.705159 0.704962
119.616000000 15.092415 1.659379 0.090845 -0.052453 0.055038 0.705159 0.704962
119.636000000 15.092415 1.659379 0.090845 -0.052453 0.055038 0.705159 0.704962
119.656000000 15.092415 1.659379 0.090845 -0.052453 0.055038 0.705159 0.704962
119.676000000 15.092415 1.659379 0.090845 -0.052453 0.055038 0.705159 0.704962
119.696000000 15.092415 1.659379 0.090845 -0.052453 0.055038 0.705159 0.704962
119.716000000 15.092415 1.659379 0.090845 -0.052453 0.055038 0.705159 0.704962
119.736000000 15.092415 1.659379 0.090845 -0.052453 0.055038 0.705159 0.704962
119.756000000 15.092415 1.659379 0.090845 -0.052453 0.055038 0.705159 0.704962
119.776000000 15.092415 1.659379 0.090845 -0.052453 0.055038 0.705159 0.704962
119.796000000 15.092415 1.659379 0.090845 -0.052453 0.055038 0.705159 0.704962
119.816000000 15.092415 1.659379 0.090845 -0.052453 0.055038 0.705159 0.704962
119.836000000 15.092415 1.659379 0.090845 -0.052453 0.055038 0.705159 0.704962
119.856000000 15.092415 1.659379 0.090845 -0.052453 0.055038 0.705159 0.704962
119.876000000 15.092415 1.659379 0.090845 -0.052453 0.055038 0.705159 0.704962
119.896000000 15.092415 1.659379 0.090845 -0.052453 0.055037 0.705159 0.704962
119.916000000 15.092415 1.659379 0.090845 -0.052453 0.055037 0.705159 0.704962
119.936000000 15.092415 1.659379 0.090845 -0.052453 0.055037 0.705159 0.704962
119.956000000 15.092415 1.659379 0.090845 -0.052453 0.055037 0.705159 0.704962
119.976000000 15.092415 1.659379 0.090845 -0.052453 0.055037 0.705159 0.704962
119.996000000 15.092415 1.659379 0.090845 -0.052453 0.055037 0.705159 0.704962
120.016000000 15.092415 1.659379 0.090845 -0.052453 0.055037 0.705159 0.704962
120.036000000 15.092415 1.659379 0.090845 -0.052453 0.055037 0.705159 0.704962
120.056000000 15.092415 1.659379 0.090845 -0.052453 0.055037 0.705159 0.704962
120.076000000 15.092415 1.659379 0.090845 -0.052453 0.055037 0.705159 0.704962
120.096000000 15.092415 1.659379 0.090845 -0.052453 0.055037 0.705159 0.704962
120.116000000 15.092415 1.659379 0.090845 -0.052453 0.055037 0.705159 0.704962
120.136000000 15.092415 1.659379 0.090845 -0.052453 0.055037 0.705159 0.704962
120.156000000 15.092415 1.659379 0.090845 -0.052453 0.055037 0.705159 0.704962
120.176000000 15.092415 1.659379 0.090845 -0.052453 0.055037 0.705159 0.704962
120.196000000 15.092415 1.659379 0.090845 -0.052453 0.055037 0.705159 0.704962
120.216000000 15.092415 1.659379 0.090845 -0.052453 0.055037 0.705159 0.704962
120.236000000 15.092415 1.659379 0.090845 -0.052453 0.055037 0.705159 0.704962
120.256000000 15.092415 1.659379 0.090845 -0.052453 0.055037 0.705159 0.704962
120.276000000 15.092415 1.659379 0.090845 -0.052453 0.055037 0.705159 0.704962
120.296000000 15.092415 1.659379 0.090845 -0.052453 0.055037 0.705159 0.704962
120.316000000 15.092415 1.659379 0.090845 -0.052453 0.055037 0.705159 0.704962
120.336000000 15.092415 1.659379 0.090845 -0.052453 0.055037 0.705159 0.704962
120.356000000 15.092415 1.659379 0.090845 -0.052453 0.055037 0.705159 0.704962
120.376000000 15.092415 1.659379 0.090845 -0.052453 0.055037 0.705159 0.704962
120.396000000 15.092415 1.659379 0.090845 -0.052453 0.055037 0.705159 0.704962
120.416000000 15.092415 1.659379 0.090845 -0.052453 0.055037 0.705159 0.704962
120.436000000 15.092415 1.659379 0.090845 -0.052453 0.055037 0.705159 0.704962
120.456000000 15.092415 1.659379 0.090845 -0.052453 0.055037 0.705159 0.704962
120.476000000 15.092415 1.659379 0.090844 -0.052452 0.055036 0.705159 0.704962
120.496000000 15.092415 1.659379 0.090844 -0.052452 0.055036 0.705159 0.704962
120.516000000 15.092415 1.659379 0.090844 -0.052452 0.055036 0.705159 0.704962
120.536000000 15.092415 1.659379 0.090844 -0.052452 0.055036 0.705159 0.704962
120.556000000 15.092415 1.659379 0.090844 -0.052452 0.055036 0.705159 0.704962
120.576000000 15.092415 1.659379 0.090844 -0.052452 0.055036 0.705159 0.704962
120.596000000 15.092415 1.659379 0.090844 -0.052452 0.055036 0.705159 0.704962
120.616000000 15.092415 1.659379 0.090844 -0.052452 0.055036 0.705159 0.704962
120.636000000 15.092415 1.659379 0.090844 -0.052452 0.055036 0.705159 0.704962
120.656000000 15.092415 1.659379 0.090844 -0.052452 0.055036 0.705159 0.704962
120.676000000 15.092415 1.659379 0.090844 -0.052452 0.055036 0.705159 0.704962
120.696000000 15.092415 1.659379 0.090844 -0.052452 0.055036 0.705159 0.704962
120.716000000 15.092415 1.659379 0.090844 -0.052452 0.055036 0.705159 0.704962
120.736000000 15.092415 1.659379 0.090844 -0.052452 0.055036 0.705159 0.704962
120.756000000 15.092415 1.659379 0.090844 -0.052452 0.055036 0.705159 0.704962
120.776000000 15.092415 1.659379 0.090844 -0.052452 0.055036 0.705159 0.704962
120.796000000 15.092415 1.659379 0.090844 -0.052452 0.055036 0.705159 0.704962
120.816000000 15.092415 1.659379 0.090844 -0.052452 0.055036 0.705159 0.704962
120.836000000 15.092415 1.659379 0.090844 -0.052452 0.055036 0.705159 0.704962
120.856000000 15.092415 1.659379 0.090844 -0.052452 0.055036 0.705159 0.704962
120.876000000 15.092415 1.659379 0.090844 -0.052452 0.055036 0.705159 0.704962
120.896000000 15.092415 1.659379 0.090844 -0.052452 0.055036 0.705159 0.704962
120.916000000 15.092415 1.659379 0.090844 -0.052452 0.055036 0.705159 0.704962
120.936000000 15.092415 1.659379 0.090844 -0.052452 0.055036 0.705159 0.704962
120.956000000 15.092415 1.659379 0.090844 -0.052452 0.055036 0.705159 0.704962
120.976000000 15.092415 1.659379 0.090844 -0.052452 0.055036 0.705159 0.704962
120.996000000 15.092415 1.659379 0.090844 -0.052452 0.055036 0.705159 0.704962
121.016000000 15.092415 1.659379 0.090844 -0.052452 0.055036 0.705159 0.704962
121.036000000 15.092415 1.659379 0.090844 -0.052452 0.055036 0.705159 0.704962
121.056000000 15.092415 1.659379 0.090844 -0.052452 0.055036 0.705159 0.704962
121.076000000 15.092415 1.659379 0.090844 -0.052452 0.055036 0.705159 0.704962
121.096000000 15.092415 1.659379 0.090844 -0.052452 0.055036 0.705159 0.704962
121.116000000 15.092415 1.659379 0.090844 -0.052452 0.055036 0.705159 0.704962
121.136000000 15.092415 1.659379 0.090844 -0.052452 0.055036 0.705159 0.704962
121.156000000 15.092415 1.659379 0.090844 -0.052452 0.055036 0.705159 0.704962
121.176000000 15.092415 1.659379 0.090844 -0.052452 0.055036 0.705159 0.704962
121.196000000 15.092415 1.659379 0.090844 -0.052452 0.055036 0.705159 0.704962
121.216000000 15.092415 1.659379 0.090844 -0.052452 0.055036 0.705159 0.704962
121.236000000 15.092415 1.659379 0.090845 -0.052453 0.055037 0.705159 0.704962
121.256000000 15.092415 1.659379 0.090847 -0.052456 0.055039 0.705158 0.704961
121.276000000 15.092415 1.659378 0.090851 -0.052461 0.055045 0.705158 0.704961
121.296000000 15.092415 1.659378 0.090856 -0.052469 0.055052 0.705157 0.704960
121.316000000 15.092415 1.659377 0.090863 -0.052479 0.055063 0.705157 0.704960
121.336000000 15.092415 1.659377 0.090872 -0.052493 0.055076 0.705156 0.704959
121.356000000 15.092415 1.659376 0.090884 -0.052510 0.055094 0.705154 0.704957
121.376000000 15.092415 1.659375 0.090898 -0.052531 0.055114 0.705153 0.704956
121.396000000 15.092416 1.659373 0.090915 -0.052556 0.055139 0.705151 0.704954
121.416000000 15.092416 1.659372 0.090935 -0.052585 0.055168 0.705149 0.704951
121.436000000 15.092416 1.659370 0.090957 -0.052618 0.055201 0.705146 0.704949
121.456000000 15.092416 1.659368 0.090983 -0.052655 0.055239 0.705144 0.704946
121.476000000 15.092416 1.659366 0.091011 -0.052697 0.055280 0.705140 0.704943
121.496000000 15.092416 1.659363 0.091043 -0.052743 0.055326 0.705137 0.704939
121.516000000 15.092416 1.659361 0.091077 -0.052793 0.055376 0.705133 0.704935
121.536000000 15.092416 1.659358 0.091114 -0.052847 0.055430 0.705129 0.704931
121.556000000 15.092416 1.659355 0.091153 -0.052905 0.055488 0.705125 0.704926
121.576000000 15.092417 1.659352 0.091195 -0.052966 0.055550 0.705120 0.704921
121.596000000 15.092417 1.659348 0.091239 -0.053031 0.055615 0.705115 0.704916
121.616000000 15.092417 1.659345 0.091286 -0.053099 0.055683 0.705110 0.704911
121.636000000 15.092417 1.659341 0.091335 -0.053171 0.055754 0.705105 0.704905
121.656000000 15.092417 1.659337 0.091385 -0.053245 0.055828 0.705099 0.704899
121.676000000 15.092417 1.659333 0.091437 -0.053321 0.055904 0.705094 0.704893
121.696000000 15.092418 1.659329 0.091491 -0.053400 0.055983 0.705088 0.704887
121.716000000 15.092418 1.659325 0.091546 -0.053480 0.056064 0.705081 0.704881
121.736000000 15.092418 1.659321 0.091602 -0.053563 0.056146 0.705075 0.704874
121.756000000 15.092418 1.659317 0.091659 -0.053646 0.056230 0.705069 0.704868
121.776000000 15.092418 1.659312 0.091717 -0.053731 0.056314 0.705062 0.704861
121.796000000 15.092419 1.659308 0.091776 -0.053816 0.056399 0.705056 0.704854
121.816000000 15.092419 1.659304 0.091834 -0.053902 0.056485 0.705049 0.704847
121.836000000 15.092419 1.659299 0.091893 -0.053989 0.056572 0.705043 0.704840
121.856000000 15.092419 1.659295 0.091952 -0.054075 0.056658 0.705036 0.704833
121.876000000 15.092420 1.659291 0.092011 -0.054161 0.056744 0.705029 0.704826
121.896000000 15.092420 1.659286 0.092069 -0.054247 0.056830 0.705023 0.704819
121.916000000 15.092420 1.659282 0.092127 -0.054332 0.056915 0.705016 0.704813
121.936000000 15.092420 1.659278 0.092185 -0.054416 0.056999 0.705010 0.704806
121.956000000 15.092420 1.659274 0.092242 -0.054500 0.057082 0.705003 0.704799
121.976000000 15.092421 1.659270 0.092298 -0.054582 0.057165 0.704997 0.704792
121.996000000 15.092421 1.659266 0.092354 -0.054663 0.057246 0.704991 0.704786
122.016000000 15.092421 1.659262 0.092408 -0.054743 0.057325 0.704985 0.704779
122.036000000 15.092421 1.659258 0.092462 -0.054821 0.057404 0.704978 0.704773
122.056000000 15.092421 1.659254 0.092514 -0.054898 0.057481 0.704972 0.704767
122.076000000 15.092422 1.659251 0.092566 -0.054973 0.057556 0.704967 0.704760
122.096000000 15.092422 1.659247 0.092616 -0.055047 0.057630 0.704961 0.704754
122.116000000 15.092422 1.659244 0.092665 -0.055119 0.057702 0.704955 0.704749
122.136000000 15.092422 1.659240 0.092713 -0.055190 0.057773 0.704950 0.704743
122.156000000 15.092422 1.659237 0.092761 -0.055259 0.057842 0.704944 0.704737
122.176000000 15.092422 1.659234 0.092807 -0.055326 0.057909 0.704939 0.704732
122.196000000 15.092423 1.659231 0.092852 -0.055392 0.057975 0.704934 0.704726
122.216000000 15.092423 1.659228 0.092895 -0.055456 0.058039 0.704929 0.704721
122.236000000 15.092423 1.659225 0.092938 -0.055519 0.058101 0.704924 0.704716
122.256000000 15.092423 1.659222 0.092980 -0.055580 0.058163 0.704919 0.704711
122.276000000 15.092423 1.659219 0.093021 -0.055640 0.058222 0.704914 0.704706
122.296000000 15.092423 1.659216 0.093061 -0.055698 0.058281 0.704910 0.704701
122.316000000 15.092424 1.659214 0.093100 -0.055755 0.058338 0.704905 0.704696
122.336000000 15.092424 1.659211 0.093138 -0.055811 0.058394 0.704901 0.704692
122.356000000 15.092424 1.659208 0.093175 -0.055866 0.058449 0.704896 0.704687
122.376000000 15.092424 1.659206 0.093212 -0.055920 0.058502 0.704892 0.704683
122.396000000 15.092424 1.659204 0.093248 -0.055972 0.058555 0.704888 0.704678
122.416000000 15.092424 1.659201 0.093283 -0.056024 0.058606 0.704884 0.704674
122.436000000 15.092424 1.659199 0.093317 -0.056074 0.058656 0.704880 0.704670
122.456000000 15.092424 1.659197 0.093351 -0.056124 0.058706 0.704876 0.704666
122.476000000 15.092425 1.659194 0.093385 -0.056173 0.058755 0.704872 0.704662
122.496000000 15.092425 1.659192 0.093418 -0.056221 0.058803 0.704868 0.704658
122.516000000 15.092425 1.659190 0.093450 -0.056268 0.058850 0.704864 0.704654
122.536000000 15.092425 1.659188 0.093482 -0.056314 0.058897 0.704861 0.704650
122.556000000 15.092425 1.659186 0.093513 -0.056360 0.058943 0.704857 0.704646
122.576000000 15.092425 1.659184 0.093544 -0.056405 0.058988 0.704853 0.704642
122.596000000 15.092425 1.659182 0.093574 -0.056450 0.059032 0.704850 0.704638
122.616000000 15.092425 1.659180 0.093604 -0.056494 0.059076 0.704846 0.704635
122.636000000 15.092425 1.659178 0.093634 -0.056538 0.059120 0.704843 0.704631
122.656000000 15.092426 1.659176 0.093663 -0.056580 0.059163 0.704839 0.704627
122.676000000 15.092426 1.659174 0.093692 -0.056623 0.059205 0.704836 0.704624
122.696000000 15.092426 1.659172 0.093721 -0.056664 0.059247 0.704833 0.704620
122.716000000 15.092426 1.659170 0.093749 -0.056705 0.059288 0.704829 0.704617
122.736000000 15.092426 1.659168 0.093777 -0.056746 0.059328 0.704826 0.704613
122.756000000 15.092426 1.659166 0.093804 -0.056786 0.059368 0.704823 0.704610
122.776000000 15.092426 1.659165 0.093831 -0.056825 0.059407 0.704820 0.704607
122.796000000 15.092426 1.659163 0.093857 -0.056864 0.059446 0.704817 0.704604
122.816000000 15.092426 1.659161 0.093883 -0.056902 0.059484 0.704814 0.704600
122.836000000 15.092426 1.659160 0.093909 -0.056939 0.059521 0.704811 0.704597
122.856000000 15.092427 1.659158 0.093934 -0.056976 0.059558 0.704808 0.704594
122.876000000 15.092427 1.659156 0.093958 -0.057012 0.059594 0.704805 0.704591
122.896000000 15.092427 1.659155 0.093982 -0.057047 0.059629 0.704802 0.704588
122.916000000 15.092427 1.659153 0.094006 -0.057081 0.059663 0.704799 0.704585
122.936000000 15.092427 1.659152 0.094029 -0.057115 0.059697 0.704796 0.704582
122.956000000 15.092427 1.659150 0.094051 -0.057147 0.059729 0.704794 0.704580
122.976000000 15.092427 1.659149 0.094073 -0.057179 0.059761 0.704791 0.704577
122.996000000 15.092427 1.659148 0.094094 -0.057210 0.059792 0.704789 0.704574
123.016000000 15.092427 1.659146 0.094114 -0.057240 0.059822 0.704786 0.704572
123.036000000 15.092427 1.659145 0.094134 -0.057268 0.059850 0.704784 0.704569
123.056000000 15.092427 1.659144 0.094153 -0.057296 0.059878 0.704782 0.704567
123.076000000 15.092427 1.659143 0.094171 -0.057323 0.059905 0.704779 0.704565
123.096000000 15.092428 1.659142 0.094188 -0.057349 0.059930 0.704777 0.704563
123.116000000 15.092428 1.659140 0.094205 -0.057373 0.059955 0.704775 0.704560
123.136000000 15.092428 1.659139 0.094221 -0.057396 0.059978 0.704773 0.704558
123.156000000 15.092428 1.659138 0.094236 -0.057418 0.060000 0.704772 0.704557
123.176000000 15.092428 1.659138 0.094250 -0.057439 0.060021 0.704770 0.704555
123.196000000 15.092428 1.659137 0.094264 -0.057459 0.060041 0.704768 0.704553
123.216000000 15.092428 1.659136 0.094277 -0.057478 0.060060 0.704767 0.704552
123.236000000 15.092428 1.659135 0.094288 -0.057495 0.060077 0.704765 0.704550
123.256000000 15.092428 1.659134 0.094299 -0.057511 0.060093 0.704764 0.704549
123.276000000 15.092428 1.659134 0.094309 -0.057526 0.060108 0.704763 0.704547
123.296000000 15.092428 1.659133 0.094319 -0.057539 0.060121 0.704762 0.704546
123.316000000 15.092428 1.659133 0.094327 -0.057551 0.060133 0.704761 0.704545
123.336000000 15.092428 1.659132 0.094334 -0.057562 0.060144 0.704760 0.704544
123.356000000 15.092428 1.659132 0.094341 -0.057572 0.060154 0.704759 0.704544
123.376000000 15.092428 1.659131 0.094346 -0.057580 0.060162 0.704759 0.704543
123.396000000 15.092428 1.659131 0.094351 -0.057587 0.060169 0.704758 0.704542
123.416000000 15.092428 1.659131 0.094355 -0.057592 0.060174 0.704757 0.704542
123.436000000 15.092428 1.659131 0.094358 -0.057596 0.060178 0.704757 0.704541
123.456000000 15.092428 1.659131 0.094360 -0.057600 0.060182 0.704757 0.704541
123.476000000 15.092428 1.659131 0.094361 -0.057601 0.060183 0.704757 0.704541
123.496000000 15.092428 1.659131 0.094361 -0.057601 0.060183 0.704757 0.704541
123.516000000 15.092428 1.659131 0.094361 -0.057601 0.060183 0.704757 0.704541
123.536000000 15.092428 1.659131 0.094359 -0.057599 0.060180 0.704757 0.704541
123.556000000 15.092428 1.659131 0.094357 -0.057596 0.060178 0.704757 0.704541
123.576000000 15.092428 1.659131 0.094353 -0.057590 0.060172 0.704758 0.704542
123.596000000 15.092428 1.659131 0.094349 -0.057583 0.060165 0.704758 0.704543
123.616000000 15.092428 1.659132 0.094344 -0.057576 0.060158 0.704759 0.704543
123.636000000 15.092428 1.659132 0.094338 -0.057567 0.060149 0.704760 0.704544
123.656000000 15.092428 1.659132 0.094331 -0.057557 0.060139 0.704760 0.704545
123.676000000 15.092428 1.659133 0.094323 -0.057546 0.060128 0.704761 0.704546
123.696000000 15.092428 1.659134 0.094315 -0.057533 0.060115 0.704762 0.704547
123.716000000 15.092428 1.659134 0.094305 -0.057520 0.060102 0.704763 0.704548
123.736000000 15.092428 1.659135 0.094295 -0.057505 0.060087 0.704765 0.704549
123.756000000 15.092428 1.659135 0.094284 -0.057489 0.060071 0.704766 0.704551
123.776000000 15.092428 1.659136 0.094273 -0.057472 0.060054 0.704767 0.704552
123.796000000 15.092428 1.659137 0.094260 -0.057454 0.060036 0.704769 0.704554
123.816000000 15.092428 1.659138 0.094247 -0.057434 0.060016 0.704770 0.704555
123.836000000 15.092428 1.659139 0.094233 -0.057414 0.059996 0.704772 0.704557
123.856000000 15.092428 1.659140 0.094218 -0.057392 0.059974 0.704774 0.704559
123.876000000 15.092428 1.659141 0.094203 -0.057370 0.059952 0.704776 0.704561
123.896000000 15.092428 1.659142 0.094187 -0.057346 0.059928 0.704778 0.704563
123.916000000 15.092427 1.659143 0.094169 -0.057321 0.059903 0.704780 0.704565
123.936000000 15.092427 1.659144 0.094152 -0.057295 0.059877 0.704782 0.704567
123.956000000 15.092427 1.659145 0.094133 -0.057268 0.059850 0.704784 0.704569
123.976000000 15.092427 1.659146 0.094114 -0.057240 0.059822 0.704786 0.704572
123.996000000 15.092427 1.659148 0.094094 -0.057211 0.059792 0.704789 0.704574
124.016000000 15.092427 1.659149 0.094073 -0.057180 0.059762 0.704791 0.704577
124.036000000 15.092427 1.659150 0.094052 -0.057149 0.059731 0.704794 0.704579
124.056000000 15.092427 1.659152 0.094030 -0.057116 0.059698 0.704796 0.704582
124.076000000 15.092427 1.659153 0.094007 -0.057083 0.059665 0.704799 0.704585
124.096000000 15.092427 1.659155 0.093983 -0.057049 0.059631 0.704802 0.704588
124.116000000 15.092427 1.659156 0.093959 -0.057013 0.059595 0.704805 0.704591
124.136000000 15.092427 1.659158 0.093934 -0.056977 0.059559 0.704808 0.704594
124.156000000 15.092426 1.659160 0.093908 -0.056939 0.059521 0.704811 0.704597
124.176000000 15.092426 1.659161 0.093882 -0.056901 0.059483 0.704814 0.704600
124.196000000 15.092426 1.659163 0.093855 -0.056861 0.059443 0.704817 0.704604
124.216000000 15.092426 1.659165 0.093828 -0.056821 0.059403 0.704820 0.704607
124.236000000 15.092426 1.659167 0.093799 -0.056779 0.059361 0.704823 0.704611
124.256000000 15.092426 1.659169 0.093770 -0.056737 0.059319 0.704827 0.704614
124.276000000 15.092426 1.659171 0.093741 -0.056694 0.059276 0.704830 0.704618
124.296000000 15.092426 1.659173 0.093710 -0.056649 0.059231 0.704834 0.704622
124.316000000 15.092426 1.659175 0.093680 -0.056604 0.059186 0.704838 0.704625
124.336000000 15.092426 1.659177 0.093648 -0.056558 0.059140 0.704841 0.704629
124.356000000 15.092425 1.659179 0.093616 -0.056511 0.059093 0.704845 0.704633
124.376000000 15.092425 1.659181 0.093583 -0.056463 0.059046 0.704849 0.704637
124.396000000 15.092425 1.659183 0.093550 -0.056415 0.058997 0.704853 0.704641
124.416000000 15.092425 1.659185 0.093516 -0.056365 0.058947 0.704857 0.704645
124.436000000 15.092425 1.659188 0.093482 -0.056315 0.058897 0.704861 0.704650
124.456000000 15.092425 1.659190 0.093447 -0.056264 0.058846 0.704865 0.704654
124.476000000 15.092425 1.659192 0.093411 -0.056212 0.058794 0.704869 0.704658
124.496000000 15.092425 1.659195 0.093375 -0.056159 0.058741 0.704873 0.704663
124.516000000 15.092424 1.659197 0.093339 -0.056105 0.058687 0.704877 0.704667
124.536000000 15.092424 1.659200 0.093302 -0.056051 0.058633 0.704882 0.704672
124.556000000 15.092424 1.659202 0.093264 -0.055996 0.058578 0.704886 0.704676
124.576000000 15.092424 1.659205 0.093226 -0.055940 0.058522 0.704891 0.704681
124.596000000 15.092424 1.659208 0.093187 -0.055884 0.058466 0.704895 0.704686
124.616000000 15.092424 1.659210 0.093148 -0.055826 0.058409 0.704900 0.704690
124.636000000 15.092424 1.659213 0.093109 -0.055769 0.058351 0.704904 0.704695
124.656000000 15.092423 1.659216 0.093069 -0.055710 0.058292 0.704909 0.704700
124.676000000 15.092423 1.659219 0.093028 -0.055651 0.058233 0.704913 0.704705
124.696000000 15.092423 1.659221 0.092988 -0.055591 0.058174 0.704918 0.704710
124.716000000 15.092423 1.659224 0.092946 -0.055531 0.058113 0.704923 0.704715
124.736000000 15.092423 1.659227 0.092905 -0.055470 0.058053 0.704928 0.704720
124.756000000 15.092423 1.659230 0.092863 -0.055409 0.057991 0.704933 0.704725
124.776000000 15.092423 1.659233 0.092821 -0.055347 0.057929 0.704937 0.704730
124.796000000 15.092422 1.659236 0.092778 -0.055284 0.057867 0.704942 0.704735
124.816000000 15.092422 1.659239 0.092735 -0.055222 0.057804 0.704947 0.704740
124.836000000 15.092422 1.659242 0.092692 -0.055158 0.057741 0.704952 0.704745
124.856000000 15.092422 1.659245 0.092648 -0.055094 0.057677 0.704957 0.704751
124.876000000 15.092422 1.659248 0.092604 -0.055030 0.057613 0.704962 0.704756
124.896000000 15.092422 1.659251 0.092560 -0.054965 0.057548 0.704967 0.704761
124.916000000 15.092421 1.659254 0.092516 -0.054900 0.057483 0.704972 0.704766
124.936000000 15.092421 1.659258 0.092471 -0.054835 0.057418 0.704977 0.704772
124.956000000 15.092421 1.659261 0.092426 -0.054769 0.057352 0.704983 0.704777
124.976000000 15.092421 1.659264 0.092381 -0.054703 0.057286 0.704988 0.704782
124.996000000 15.092421 1.659267 0.092336 -0.054637 0.057220 0.704993 0.704788
125.016000000 15.092421 1.659270 0.092290 -0.054570 0.057153 0.704998 0.704793
125.036000000 15.092420 1.659274 0.092245 -0.054504 0.057086 0.705003 0.704799
125.056000000 15.092420 1.659277 0.092199 -0.054437 0.057019 0.705008 0.704804
125.076000000 15.092420 1.659280 0.092153 -0.054369 0.056952 0.705013 0.704810
125.096000000 15.092420 1.659284 0.092107 -0.054302 0.056885 0.705019 0.704815
125.116000000 15.092420 1.659287 0.092061 -0.054235 0.056818 0.705024 0.704820
125.136000000 15.092420 1.659290 0.092015 -0.054167 0.056750 0.705029 0.704826
125.156000000 15.092419 1.659294 0.091969 -0.054100 0.056683 0.705034 0.704831
125.176000000 15.092419 1.659297 0.091923 -0.054032 0.056615 0.705039 0.704837
125.196000000 15.092419 1.659301 0.091876 -0.053964 0.056547 0.705045 0.704842
125.216000000 15.092419 1.659304 0.091830 -0.053897 0.056479 0.705050 0.704848
125.236000000 15.092419 1.659307 0.091784 -0.053829 0.056411 0.705055 0.704853
125.256000000 15.092419 1.659311 0.091737 -0.053761 0.056343 0.705060 0.704858
125.276000000 15.092418 1.659314 0.091691 -0.053693 0.056276 0.705065 0.704864
125.296000000 15.092418 1.659318 0.091644 -0.053625 0.056208 0.705070 0.704869
125.316000000 15.092418 1.659321 0.091598 -0.053557 0.056140 0.705076 0.704875
125.336000000 15.092418 1.659325 0.091552 -0.053489 0.056072 0.705081 0.704880
125.356000000 15.092418 1.659328 0.091505 -0.053421 0.056004 0.705086 0.704885
125.376000000 15.092418 1.659332 0.091459 -0.053354 0.055936 0.705091 0.704891
125.396000000 15.092417 1.659335 0.091413 -0.053286 0.055869 0.705096 0.704896
125.416000000 15.092417 1.659339 0.091367 -0.053219 0.055802 0.705101 0.704902
125.436000000 15.092417 1.659342 0.091321 -0.053151 0.055734 0.705106 0.704907
125.456000000 15.092417 1.659345 0.091276 -0.053084 0.055667 0.705111 0.704912
125.476000000 15.092417 1.659349 0.091230 -0.053018 0.055601 0.705116 0.704917
125.496000000 15.092417 1.659352 0.091185 -0.052951 0.055534 0.705121 0.704923
125.516000000 15.092416 1.659356 0.091139 -0.052885 0.055468 0.705126 0.704928
125.536000000 15.092416 1.659359 0.091094 -0.052819 0.055402 0.705131 0.704933
125.556000000 15.092416 1.659363 0.091050 -0.052753 0.055336 0.705136 0.704938
125.576000000 15.092416 1.659366 0.091005 -0.052688 0.055271 0.705141 0.704943
125.596000000 15.092416 1.659370 0.090961 -0.052623 0.055206 0.705146 0.704948
125.616000000 15.092416 1.659373 0.090917 -0.052558 0.055142 0.705151 0.704953
125.636000000 15.092415 1.659376 0.090873 -0.052494 0.055077 0.705156 0.704958
125.656000000 15.092415 1.659380 0.090831 -0.052433 0.055015 0.705160 0.704963
125.676000000 15.092415 1.659381 0.090813 -0.052406 0.054987 0.705162 0.704966
125.696000000 15.092415 1.659381 0.090813 -0.052406 0.054987 0.705162 0.704966
125.716000000 15.092415 1.659381 0.090813 -0.052406 0.054987 0.705162 0.704966
125.736000000 15.092415 1.659381 0.090813 -0.052406 0.054987 0.705162 0.704966
125.756000000 15.092415 1.659381 0.090813 -0.052406 0.054987 0.705162 0.704966
125.776000000 15.092415 1.659381 0.090813 -0.052406 0.054987 0.705162 0.704966
125.796000000 15.092415 1.659381 0.090813 -0.052406 0.054987 0.705162 0.704966
125.816000000 15.092415 1.659381 0.090813 -0.052406 0.054987 0.705162 0.704966
125.836000000 15.092415 1.659381 0.090813 -0.052406 0.054987 0.705162 0.704966
125.856000000 15.092415 1.659381 0.090813 -0.052406 0.054987 0.705162 0.704966
125.876000000 15.092415 1.659381 0.090813 -0.052406 0.054987 0.705162 0.704966
125.896000000 15.092415 1.659381 0.090813 -0.052406 0.054987 0.705162 0.704966
125.916000000 15.092415 1.659381 0.090813 -0.052406 0.054987 0.705162 0.704966
125.936000000 15.092415 1.659381 0.090813 -0.052406 0.054987 0.705162 0.704966
125.956000000 15.092415 1.659381 0.090813 -0.052406 0.054987 0.705162 0.704966
125.976000000 15.092415 1.659381 0.090813 -0.052406 0.054987 0.705162 0.704966
125.996000000 15.092415 1.659381 0.090813 -0.052406 0.054987 0.705162 0.704966
126.016000000 15.092415 1.659381 0.090813 -0.052406 0.054987 0.705162 0.704966
126.036000000 15.092415 1.659381 0.090813 -0.052406 0.054987 0.705162 0.704966
126.056000000 15.092415 1.659381 0.090813 -0.052406 0.054987 0.705162 0.704966
126.076000000 15.092415 1.659381 0.090813 -0.052406 0.054987 0.705162 0.704966
126.096000000 15.092415 1.659381 0.090813 -0.052406 0.054987 0.705162 0.704966
126.116000000 15.092415 1.659381 0.090813 -0.052406 0.054987 0.705162 0.704966
126.136000000 15.092415 1.659381 0.090813 -0.052406 0.054987 0.705162 0.704966
126.156000000 15.092415 1.659381 0.090813 -0.052406 0.054987 0.705162 0.704966
126.176000000 15.092415 1.659381 0.090813 -0.052406 0.054987 0.705162 0.704966
126.196000000 15.092415 1.659381 0.090813 -0.052406 0.054987 0.705162 0.704966
126.216000000 15.092415 1.659381 0.090813 -0.052406 0.054987 0.705162 0.704966
126.236000000 15.092415 1.659381 0.090813 -0.052406 0.054987 0.705162 0.704966
126.256000000 15.092415 1.659381 0.090813 -0.052406 0.054987 0.705162 0.704966
126.276000000 15.092415 1.659381 0.090813 -0.052406 0.054987 0.705162 0.704966
126.296000000 15.092415 1.659381 0.090813 -0.052406 0.054987 0.705162 0.704966
126.316000000 15.092415 1.659381 0.090813 -0.052406 0.054987 0.705162 0.704966
126.336000000 15.092415 1.659381 0.090813 -0.052406 0.054987 0.705162 0.704966
126.356000000 15.092415 1.659381 0.090813 -0.052406 0.054987 0.705162 0.704966
126.376000000 15.092415 1.659381 0.090813 -0.052406 0.054987 0.705162 0.704966
126.396000000 15.092415 1.659381 0.090813 -0.052406 0.054987 0.705162 0.704966
126.416000000 15.092415 1.659381 0.090813 -0.052406 0.054987 0.705162 0.704966
126.436000000 15.092415 1.659381 0.090813 -0.052406 0.054987 0.705162 0.704966
126.456000000 15.092415 1.659381 0.090813 -0.052406 0.054987 0.705162 0.704966
126.476000000 15.092415 1.659381 0.090813 -0.052406 0.054987 0.705162 0.704966
126.496000000 15.092415 1.659381 0.090813 -0.052406 0.054987 0.705162 0.704966
126.516000000 15.092415 1.659381 0.090813 -0.052406 0.054987 0.705162 0.704966
126.536000000 15.092415 1.659381 0.090813 -0.052406 0.054987 0.705162 0.704966
126.556000000 15.092415 1.659381 0.090813 -0.052406 0.054987 0.705162 0.704966
126.576000000 15.092415 1.659381 0.090813 -0.052406 0.054987 0.705162 0.704966
126.596000000 15.092415 1.659381 0.090813 -0.052406 0.054987 0.705162 0.704966
126.616000000 15.092415 1.659381 0.090813 -0.052406 0.054987 0.705162 0.704966
126.636000000 15.092415 1.659381 0.090813 -0.052406 0.054987 0.705162 0.704966
126.656000000 15.092415 1.659381 0.090813 -0.052406 0.054987 0.705162 0.704966
126.676000000 15.092415 1.659381 0.090813 -0.052406 0.054987 0.705162 0.704966
126.696000000 15.092415 1.659381 0.090813 -0.052406 0.054987 0.705162 0.704966
126.716000000 15.092415 1.659381 0.090813 -0.052406 0.054987 0.705162 0.704966
126.736000000 15.092415 1.659381 0.090813 -0.052406 0.054987 0.705162 0.704966
126.756000000 15.092415 1.659381 0.090813 -0.052406 0.054987 0.705162 0.704966
126.776000000 15.092415 1.659381 0.090813 -0.052406 0.054987 0.705162 0.704966
126.796000000 15.092415 1.659381 0.090813 -0.052406 0.054987 0.705162 0.704966
126.816000000 15.092415 1.659381 0.090813 -0.052406 0.054987 0.705162 0.704966
126.836000000 15.092415 1.659381 0.090813 -0.052406 0.054987 0.705162 0.704966
126.856000000 15.092415 1.659381 0.090813 -0.052406 0.054987 0.705162 0.704966
126.876000000 15.092415 1.659381 0.090813 -0.052406 0.054987 0.705162 0.704966
126.896000000 15.092415 1.659381 0.090813 -0.052406 0.054987 0.705162 0.704966
126.916000000 15.092415 1.659381 0.090813 -0.052406 0.054987 0.705162 0.704966
126.936000000 15.092415 1.659381 0.090813 -0.052406 0.054987 0.705162 0.704966
126.956000000 15.092415 1.659381 0.090813 -0.052406 0.054987 0.705162 0.704966
126.976000000 15.092415 1.659381 0.090813 -0.052406 0.054987 0.705162 0.704966
126.996000000 15.092415 1.659381 0.090813 -0.052406 0.054987 0.705162 0.704966
127.016000000 15.092415 1.659381 0.090813 -0.052406 0.054987 0.705162 0.704966
127.036000000 15.092415 1.659381 0.090813 -0.052406 0.054987 0.705162 0.704966
127.056000000 15.092415 1.659381 0.090813 -0.052406 0.054987 0.705162 0.704966
127.076000000 15.092415 1.659381 0.090813 -0.052406 0.054987 0.705162 0.704966
127.096000000 15.092415 1.659381 0.090813 -0.052406 0.054987 0.705162 0.704966
127.116000000 15.092415 1.659381 0.090813 -0.052406 0.054987 0.705162 0.704966
127.136000000 15.092415 1.659381 0.090813 -0.052406 0.054987 0.705162 0.704966
127.156000000 15.092415 1.659381 0.090813 -0.052406 0.054987 0.705162 0.704966
127.176000000 15.092415 1.659381 0.090813 -0.052406 0.054987 0.705162 0.704966
127.196000000 15.092415 1.659381 0.090813 -0.052406 0.054987 0.705162 0.704966
127.216000000 15.092415 1.659381 0.090813 -0.052406 0.054987 0.705162 0.704966
127.236000000 15.092415 1.659381 0.090813 -0.052406 0.054987 0.705162 0.704966
127.256000000 15.092415 1.659381 0.090813 -0.052406 0.054987 0.705162 0.704966
127.276000000 15.092415 1.659381 0.090813 -0.052406 0.054987 0.705162 0.704966
127.296000000 15.092415 1.659381 0.090813 -0.052406 0.054987 0.705162 0.704966
127.316000000 15.092415 1.659381 0.090813 -0.052406 0.054987 0.705162 0.704966
127.336000000 15.092415 1.659381 0.090813 -0.052406 0.054987 0.705162 0.704966
127.356000000 15.092415 1.659381 0.090813 -0.052406 0.054987 0.705162 0.704966
127.376000000 15.092415 1.659381 0.090813 -0.052406 0.054987 0.705162 0.704966
127.396000000 15.092415 1.659381 0.090813 -0.052406 0.054987 0.705162 0.704966
127.416000000 15.092415 1.659381 0.090813 -0.052406 0.054987 0.705162 0.704966
127.436000000 15.092415 1.659381 0.090813 -0.052406 0.054987 0.705162 0.704966
127.456000000 15.092415 1.659381 0.090813 -0.052406 0.054987 0.705162 0.704966
127.476000000 15.092415 1.659381 0.090813 -0.052406 0.054987 0.705162 0.704966
127.496000000 15.092415 1.659381 0.090813 -0.052406 0.054987 0.705162 0.704966
127.516000000 15.092415 1.659381 0.090813 -0.052406 0.054987 0.705162 0.704966
127.536000000 15.092415 1.659381 0.090813 -0.052406 0.054987 0.705162 0.704966
127.556000000 15.092415 1.659381 0.090813 -0.052406 0.054987 0.705162 0.704966
127.576000000 15.092415 1.659381 0.090813 -0.052406 0.054987 0.705162 0.704966
127.596000000 15.092415 1.659381 0.090813 -0.052406 0.054987 0.705162 0.704966
127.616000000 15.092415 1.659381 0.090813 -0.052406 0.054987 0.705162 0.704966
127.636000000 15.092415 1.659381 0.090813 -0.052406 0.054987 0.705162 0.704966
127.656000000 15.092415 1.659381 0.090813 -0.052406 0.054987 0.705162 0.704966
127.676000000 15.092415 1.659381 0.090813 -0.052406 0.054987 0.705162 0.704966
127.696000000 15.092415 1.659381 0.090813 -0.052406 0.054987 0.705162 0.704966
127.716000000 15.092415 1.659381 0.090813 -0.052406 0.054987 0.705162 0.704966
127.736000000 15.092415 1.659381 0.090813 -0.052406 0.054987 0.705162 0.704966
127.756000000 15.092415 1.659381 0.090813 -0.052406 0.054987 0.705162 0.704966
127.776000000 15.092415 1.659381 0.090813 -0.052406 0.054987 0.705162 0.704966
127.796000000 15.092415 1.659381 0.090813 -0.052406 0.054987 0.705162 0.704966
127.816000000 15.092415 1.659381 0.090813 -0.052406 0.054987 0.705162 0.704966
127.836000000 15.092415 1.659381 0.090813 -0.052406 0.054987 0.705162 0.704966
127.856000000 15.092415 1.659381 0.090813 -0.052406 0.054987 0.705162 0.704966
127.876000000 15.092415 1.659381 0.090813 -0.052406 0.054987 0.705162 0.704966
127.896000000 15.092415 1.659381 0.090813 -0.052406 0.054987 0.705162 0.704966
127.916000000 15.092415 1.659381 0.090813 -0.052406 0.054987 0.705162 0.704966
127.936000000 15.092415 1.659381 0.090813 -0.052406 0.054987 0.705162 0.704966
127.956000000 15.092415 1.659381 0.090813 -0.052406 0.054987 0.705162 0.704966
127.976000000 15.092415 1.659381 0.090813 -0.052406 0.054987 0.705162 0.704966
127.996000000 15.092415 1.659381 0.090813 -0.052406 0.054987 0.705162 0.704966
128.016000000 15.092415 1.659381 0.090813 -0.052406 0.054987 0.705162 0.704966
128.036000000 15.092415 1.659381 0.090813 -0.052406 0.054987 0.705162 0.704966
128.056000000 15.092415 1.659381 0.090813 -0.052406 0.054987 0.705162 0.704966
128.076000000 15.092415 1.659381 0.090813 -0.052406 0.054987 0.705162 0.704966
128.096000000 15.092415 1.659381 0.090813 -0.052406 0.054987 0.705162 0.704966
128.116000000 15.092415 1.659381 0.090813 -0.052406 0.054987 0.705162 0.704966
128.136000000 15.092415 1.659381 0.090813 -0.052406 0.054987 0.705162 0.704966
128.156000000 15.092415 1.659381 0.090813 -0.052406 0.054987 0.705162 0.704966
128.176000000 15.092415 1.659381 0.090813 -0.052406 0.054987 0.705162 0.704966
128.196000000 15.092415 1.659381 0.090813 -0.052406 0.054987 0.705162 0.704966
128.216000000 15.092415 1.659381 0.090813 -0.052406 0.054987 0.705162 0.704966
128.236000000 15.092415 1.659381 0.090813 -0.052406 0.054987 0.705162 0.704966
128.256000000 15.092415 1.659381 0.090813 -0.052406 0.054987 0.705162 0.704966
128.276000000 15.092415 1.659381 0.090813 -0.052406 0.054987 0.705162 0.704966
128.296000000 15.092415 1.659381 0.090813 -0.052406 0.054987 0.705162 0.704966
128.316000000 15.092415 1.659381 0.090813 -0.052406 0.054987 0.705162 0.704966
128.336000000 15.092415 1.659381 0.090813 -0.052406 0.054987 0.705162 0.704966
128.356000000 15.092415 1.659381 0.090813 -0.052406 0.054987 0.705162 0.704966
128.376000000 15.092415 1.659381 0.090813 -0.052406 0.054987 0.705162 0.704966
128.396000000 15.092415 1.659381 0.090813 -0.052406 0.054987 0.705162 0.704966
128.416000000 15.092415 1.659381 0.090813 -0.052406 0.054987 0.705162 0.704966
128.436000000 15.092415 1.659381 0.090813 -0.052406 0.054987 0.705162 0.704966
128.456000000 15.092415 1.659381 0.090813 -0.052406 0.054987 0.705162 0.704966
128.476000000 15.092415 1.659381 0.090813 -0.052406 0.054987 0.705162 0.704966
128.496000000 15.092415 1.659381 0.090813 -0.052406 0.054987 0.705162 0.704966
128.516000000 15.092415 1.659381 0.090813 -0.052406 0.054987 0.705162 0.704966
128.536000000 15.092415 1.659381 0.090813 -0.052406 0.054987 0.705162 0.704966
128.556000000 15.092415 1.659381 0.090813 -0.052406 0.054987 0.705162 0.704966
128.576000000 15.092415 1.659381 0.090813 -0.052406 0.054987 0.705162 0.704966
128.596000000 15.092415 1.659381 0.090813 -0.052406 0.054987 0.705162 0.704966
128.616000000 15.092415 1.659381 0.090813 -0.052406 0.054987 0.705162 0.704966
128.636000000 15.092415 1.659381 0.090813 -0.052406 0.054987 0.705162 0.704966
128.656000000 15.092415 1.659381 0.090813 -0.052406 0.054987 0.705162 0.704966
128.676000000 15.092415 1.659381 0.090813 -0.052406 0.054987 0.705162 0.704966
128.696000000 15.092415 1.659381 0.090813 -0.052406 0.054987 0.705162 0.704966
128.716000000 15.092415 1.659381 0.090813 -0.052406 0.054987 0.705162 0.704966
128.736000000 15.092415 1.659381 0.090813 -0.052406 0.054987 0.705162 0.704966
128.756000000 15.092415 1.659381 0.090813 -0.052406 0.054987 0.705162 0.704966
128.776000000 15.092415 1.659381 0.090813 -0.052406 0.054987 0.705162 0.704966
128.796000000 15.092415 1.659381 0.090813 -0.052406 0.054987 0.705162 0.704966
128.816000000 15.092415 1.659381 0.090813 -0.052406 0.054987 0.705162 0.704966
128.836000000 15.092415 1.659381 0.090813 -0.052406 0.054987 0.705162 0.704966
128.856000000 15.092415 1.659381 0.090813 -0.052406 0.054987 0.705162 0.704966
128.876000000 15.092415 1.659381 0.090813 -0.052406 0.054987 0.705162 0.704966
128.896000000 15.092415 1.659381 0.090813 -0.052406 0.054987 0.705162 0.704966
128.916000000 15.092415 1.659381 0.090813 -0.052406 0.054987 0.705162 0.704966
128.936000000 15.092415 1.659381 0.090813 -0.052406 0.054987 0.705162 0.704966
128.956000000 15.092415 1.659381 0.090813 -0.052406 0.054987 0.705162 0.704966
128.976000000 15.092415 1.659381 0.090813 -0.052406 0.054987 0.705162 0.704966
128.996000000 15.092415 1.659381 0.090813 -0.052406 0.054987 0.705162 0.704966
129.016000000 15.092415 1.659381 0.090813 -0.052406 0.054987 0.705162 0.704966
129.036000000 15.092415 1.659381 0.090813 -0.052406 0.054987 0.705162 0.704966
129.056000000 15.092415 1.659381 0.090813 -0.052406 0.054987 0.705162 0.704966
129.076000000 15.092415 1.659381 0.090813 -0.052406 0.054987 0.705162 0.704966
129.096000000 15.092415 1.659381 0.090813 -0.052406 0.054987 0.705162 0.704966
129.116000000 15.092415 1.659381 0.090813 -0.052406 0.054987 0.705162 0.704966
129.136000000 15.092415 1.659381 0.090813 -0.052406 0.054987 0.705162 0.704966
129.156000000 15.092415 1.659381 0.090813 -0.052406 0.054987 0.705162 0.704966
129.176000000 15.092415 1.659381 0.090813 -0.052406 0.054987 0.705162 0.704966
129.196000000 15.092415 1.659381 0.090813 -0.052406 0.054987 0.705162 0.704966
129.216000000 15.092415 1.659381 0.090813 -0.052406 0.054987 0.705162 0.704966
129.236000000 15.092415 1.659381 0.090813 -0.052406 0.054987 0.705162 0.704966
129.256000000 15.092415 1.659381 0.090813 -0.052406 0.054987 0.705162 0.704966
129.276000000 15.092415 1.659381 0.090813 -0.052406 0.054987 0.705162 0.704966
129.296000000 15.092415 1.659381 0.090813 -0.052406 0.054987 0.705162 0.704966
129.316000000 15.092415 1.659381 0.090813 -0.052406 0.054987 0.705162 0.704966
129.336000000 15.092415 1.659381 0.090813 -0.052406 0.054987 0.705162 0.704966
129.356000000 15.092415 1.659381 0.090813 -0.052406 0.054987 0.705162 0.704966
129.376000000 15.092415 1.659381 0.090813 -0.052406 0.054987 0.705162 0.704966
129.396000000 15.092415 1.659381 0.090813 -0.052406 0.054987 0.705162 0.704966
129.416000000 15.092415 1.659381 0.090813 -0.052406 0.054987 0.705162 0.704966
129.436000000 15.092415 1.659381 0.090813 -0.052406 0.054987 0.705162 0.704966
129.456000000 15.092415 1.659381 0.090813 -0.052406 0.054987 0.705162 0.704966
129.476000000 15.092415 1.659381 0.090813 -0.052406 0.054987 0.705162 0.704966
129.496000000 15.092415 1.659381 0.090813 -0.052406 0.054987 0.705162 0.704966
129.516000000 15.092415 1.659381 0.090813 -0.052406 0.054987 0.705162 0.704966
129.536000000 15.092415 1.659381 0.090813 -0.052406 0.054987 0.705162 0.704966
129.556000000 15.092415 1.659381 0.090813 -0.052406 0.054987 0.705162 0.704966
129.576000000 15.092415 1.659381 0.090813 -0.052406 0.054987 0.705162 0.704966
129.596000000 15.092415 1.659381 0.090813 -0.052406 0.054987 0.705162 0.704966
129.616000000 15.092415 1.659381 0.090813 -0.052406 0.054987 0.705162 0.704966
129.636000000 15.092415 1.659381 0.090813 -0.052406 0.054987 0.705162 0.704966
129.656000000 15.092415 1.659381 0.090813 -0.052406 0.054987 0.705162 0.704966
129.676000000 15.092415 1.659381 0.090813 -0.052406 0.054987 0.705162 0.704966
129.696000000 15.092415 1.659381 0.090813 -0.052406 0.054987 0.705162 0.704966
129.716000000 15.092415 1.659381 0.090813 -0.052406 0.054987 0.705162 0.704966
129.736000000 15.092415 1.659381 0.090813 -0.052406 0.054987 0.705162 0.704966
129.756000000 15.092415 1.659381 0.090813 -0.052406 0.054987 0.705162 0.704966
129.776000000 15.092415 1.659381 0.090813 -0.052406 0.054987 0.705162 0.704966
129.796000000 15.092415 1.659381 0.090818 -0.052413 0.054993 0.705162 0.704965
129.816000000 15.092415 1.659378 0.090849 -0.052460 0.055040 0.705158 0.704961
129.836000000 15.092416 1.659374 0.090911 -0.052551 0.055130 0.705151 0.704954
129.856000000 15.092416 1.659367 0.091002 -0.052683 0.055263 0.705141 0.704944
129.876000000 15.092416 1.659358 0.091118 -0.052854 0.055434 0.705129 0.704931
129.896000000 15.092417 1.659347 0.091259 -0.053060 0.055639 0.705113 0.704914
129.916000000 15.092410 1.659342 0.091421 -0.053292 0.055877 0.705084 0.704907
129.936000000 15.092417 1.659335 0.091595 -0.053548 0.056163 0.705076 0.704873
129.956000000 15.092418 1.659320 0.091789 -0.053832 0.056446 0.705055 0.704850
129.976000000 15.092419 1.659304 0.091994 -0.054133 0.056747 0.705032 0.704826
129.996000000 15.092420 1.659288 0.092209 -0.054447 0.057061 0.705008 0.704801
130.016000000 15.092420 1.659272 0.092429 -0.054769 0.057384 0.704983 0.704774
130.036000000 15.092421 1.659255 0.092653 -0.055097 0.057711 0.704957 0.704748
130.056000000 15.092422 1.659239 0.092877 -0.055426 0.058040 0.704931 0.704721
130.076000000 15.092423 1.659223 0.093100 -0.055752 0.058366 0.704906 0.704694
130.096000000 15.092424 1.659208 0.093320 -0.056073 0.058687 0.704880 0.704667
130.116000000 15.092424 1.659193 0.093533 -0.056386 0.059000 0.704855 0.704641
130.136000000 15.092425 1.659179 0.093739 -0.056687 0.059301 0.704831 0.704616
130.156000000 15.092426 1.659165 0.093936 -0.056976 0.059589 0.704808 0.704591
130.176000000 15.092427 1.659153 0.094123 -0.057248 0.059862 0.704786 0.704568
130.196000000 15.092427 1.659141 0.094298 -0.057504 0.060118 0.704765 0.704546
130.216000000 15.092428 1.659131 0.094460 -0.057741 0.060355 0.704745 0.704526
130.236000000 15.092428 1.659121 0.094608 -0.057959 0.060572 0.704728 0.704508
130.256000000 15.092429 1.659112 0.094743 -0.058155 0.060769 0.704711 0.704491
130.276000000 15.092429 1.659105 0.094863 -0.058331 0.060944 0.704697 0.704475
130.296000000 15.092430 1.659098 0.094968 -0.058485 0.061098 0.704684 0.704462
130.316000000 15.092430 1.659092 0.095058 -0.058617 0.061230 0.704673 0.704451
130.336000000 15.092430 1.659088 0.095134 -0.058728 0.061341 0.704664 0.704441
130.356000000 15.092431 1.659084 0.095196 -0.058818 0.061431 0.704656 0.704433
130.376000000 15.092431 1.659080 0.095244 -0.058888 0.061501 0.704650 0.704427
130.396000000 15.092431 1.659078 0.095278 -0.058938 0.061551 0.704646 0.704423
130.416000000 15.092431 1.659077 0.095300 -0.058970 0.061583 0.704644 0.704420
130.436000000 15.092431 1.659076 0.095310 -0.058985 0.061598 0.704642 0.704419
130.456000000 15.092431 1.659076 0.095309 -0.058983 0.061596 0.704643 0.704419
130.476000000 15.092431 1.659076 0.095297 -0.058966 0.061579 0.704644 0.704420
130.496000000 15.092431 1.659077 0.095276 -0.058935 0.061548 0.704647 0.704423
130.516000000 15.092431 1.659079 0.095246 -0.058892 0.061505 0.704650 0.704427
130.536000000 15.092431 1.659081 0.095209 -0.058837 0.061450 0.704655 0.704432
130.556000000 15.092430 1.659084 0.095164 -0.058772 0.061385 0.704660 0.704437
130.576000000 15.092430 1.659086 0.095114 -0.058698 0.061311 0.704666 0.704444
130.596000000 15.092430 1.659090 0.095058 -0.058617 0.061230 0.704673 0.704451
130.616000000 15.092430 1.659093 0.094999 -0.058530 0.061143 0.704680 0.704458
130.636000000 15.092430 1.659097 0.094935 -0.058437 0.061050 0.704688 0.704466
130.656000000 15.092429 1.659101 0.094869 -0.058340 0.060954 0.704696 0.704475
130.676000000 15.092429 1.659105 0.094801 -0.058241 0.060854 0.704704 0.704483
130.696000000 15.092429 1.659109 0.094732 -0.058140 0.060753 0.704713 0.704492
130.716000000 15.092429 1.659113 0.094662 -0.058037 0.060651 0.704721 0.704501
130.736000000 15.092428 1.659117 0.094592 -0.057935 0.060548 0.704729 0.704510
130.756000000 15.092428 1.659122 0.094522 -0.057833 0.060447 0.704738 0.704518
130.776000000 15.092428 1.659126 0.094454 -0.057733 0.060346 0.704746 0.704527
130.796000000 15.092428 1.659130 0.094387 -0.057635 0.060248 0.704754 0.704535
130.816000000 15.092427 1.659134 0.094321 -0.057539 0.060153 0.704762 0.704544
130.836000000 15.092427 1.659138 0.094258 -0.057446 0.060060 0.704769 0.704551
130.856000000 15.092427 1.659142 0.094197 -0.057357 0.059971 0.704777 0.704559
130.876000000 15.092427 1.659145 0.094139 -0.057272 0.059886 0.704784 0.704566
130.896000000 15.092426 1.659149 0.094083 -0.057191 0.059805 0.704790 0.704573
130.916000000 15.092426 1.659152 0.094031 -0.057114 0.059728 0.704796 0.704580
130.936000000 15.092426 1.659155 0.093981 -0.057041 0.059655 0.704802 0.704586
130.956000000 15.092426 1.659158 0.093935 -0.056973 0.059587 0.704808 0.704592
130.976000000 15.092426 1.659161 0.093891 -0.056909 0.059523 0.704813 0.704597
130.996000000 15.092426 1.659164 0.093850 -0.056850 0.059464 0.704818 0.704602
131.016000000 15.092425 1.659166 0.093813 -0.056795 0.059408 0.704822 0.704607
131.036000000 15.092425 1.659168 0.093778 -0.056744 0.059357 0.704826 0.704611
131.056000000 15.092425 1.659171 0.093745 -0.056696 0.059310 0.704830 0.704615
131.076000000 15.092425 1.659172 0.093716 -0.056653 0.059267 0.704834 0.704619
131.096000000 15.092425 1.659174 0.093688 -0.056613 0.059227 0.704837 0.704622
131.116000000 15.092425 1.659176 0.093663 -0.056576 0.059190 0.704840 0.704625
131.136000000 15.092425 1.659177 0.093640 -0.056542 0.059156 0.704843 0.704628
131.156000000 15.092425 1.659179 0.093618 -0.056510 0.059124 0.704845 0.704631
131.176000000 15.092425 1.659180 0.093598 -0.056481 0.059095 0.704847 0.704633
131.196000000 15.092425 1.659181 0.093580 -0.056454 0.059068 0.704850 0.704635
131.216000000 15.092424 1.659182 0.093562 -0.056428 0.059042 0.704852 0.704638
131.236000000 15.092424 1.659184 0.093545 -0.056403 0.059017 0.704854 0.704640
131.256000000 15.092424 1.659185 0.093529 -0.056380 0.058994 0.704856 0.704642
131.276000000 15.092424 1.659186 0.093513 -0.056357 0.058971 0.704857 0.704643
131.296000000 15.092424 1.659187 0.093498 -0.056334 0.058948 0.704859 0.704645
131.316000000 15.092424 1.659188 0.093482 -0.056311 0.058925 0.704861 0.704647
131.336000000 15.092424 1.659189 0.093466 -0.056287 0.058901 0.704863 0.704649
131.356000000 15.092424 1.659190 0.093450 -0.056263 0.058877 0.704865 0.704651
131.376000000 15.092424 1.659191 0.093433 -0.056239 0.058853 0.704867 0.704653
131.396000000 15.092424 1.659192 0.093415 -0.056213 0.058827 0.704869 0.704656
131.416000000 15.092424 1.659193 0.093396 -0.056185 0.058800 0.704871 0.704658
131.436000000 15.092424 1.659195 0.093377 -0.056157 0.058771 0.704873 0.704660
131.456000000 15.092424 1.659196 0.093356 -0.056126 0.058740 0.704876 0.704663
131.476000000 15.092424 1.659197 0.093334 -0.056094 0.058708 0.704878 0.704665
131.496000000 15.092424 1.659199 0.093311 -0.056060 0.058674 0.704881 0.704668
131.516000000 15.092423 1.659201 0.093286 -0.056024 0.058638 0.704884 0.704671
131.536000000 15.092423 1.659202 0.093260 -0.055986 0.058600 0.704887 0.704674
131.556000000 15.092423 1.659204 0.093232 -0.055945 0.058559 0.704890 0.704678
131.576000000 15.092423 1.659206 0.093203 -0.055903 0.058517 0.704894 0.704681
131.596000000 15.092423 1.659208 0.093173 -0.055858 0.058472 0.704897 0.704685
131.616000000 15.092423 1.659210 0.093141 -0.055811 0.058426 0.704901 0.704689
131.636000000 15.092423 1.659213 0.093107 -0.055762 0.058377 0.704905 0.704693
131.656000000 15.092423 1.659215 0.093072 -0.055711 0.058325 0.704909 0.704697
131.676000000 15.092423 1.659218 0.093036 -0.055658 0.058272 0.704913 0.704702
131.696000000 15.092422 1.659220 0.092998 -0.055603 0.058217 0.704917 0.704706
131.716000000 15.092422 1.659223 0.092959 -0.055546 0.058160 0.704922 0.704711
131.736000000 15.092422 1.659226 0.092919 -0.055487 0.058101 0.704926 0.704716
131.756000000 15.092422 1.659229 0.092878 -0.055426 0.058041 0.704931 0.704721
131.776000000 15.092422 1.659231 0.092835 -0.055364 0.057978 0.704936 0.704726
131.796000000 15.092422 1.659234 0.092792 -0.055300 0.057915 0.704941 0.704731
131.816000000 15.092421 1.659238 0.092747 -0.055235 0.057849 0.704946 0.704736
131.836000000 15.092421 1.659241 0.092702 -0.055168 0.057783 0.704951 0.704742
131.856000000 15.092421 1.659244 0.092655 -0.055101 0.057715 0.704957 0.704747
131.876000000 15.092421 1.659247 0.092608 -0.055032 0.057646 0.704962 0.704753
131.896000000 15.092421 1.659251 0.092561 -0.054962 0.057577 0.704967 0.704759
131.916000000 15.092421 1.659254 0.092512 -0.054891 0.057506 0.704973 0.704765
131.936000000 15.092420 1.659258 0.092464 -0.054820 0.057435 0.704979 0.704770
131.956000000 15.092420 1.659261 0.092414 -0.054748 0.057362 0.704984 0.704776
131.976000000 15.092420 1.659265 0.092365 -0.054675 0.057290 0.704990 0.704782
131.996000000 15.092420 1.659268 0.092315 -0.054602 0.057217 0.704995 0.704788
132.016000000 15.092420 1.659272 0.092265 -0.054529 0.057144 0.705001 0.704794
132.036000000 15.092419 1.659275 0.092215 -0.054456 0.057070 0.705007 0.704800
132.056000000 15.092419 1.659279 0.092164 -0.054382 0.056997 0.705012 0.704806
132.076000000 15.092419 1.659283 0.092114 -0.054308 0.056923 0.705018 0.704812
132.096000000 15.092419 1.659286 0.092064 -0.054235 0.056849 0.705024 0.704818
132.116000000 15.092419 1.659290 0.092014 -0.054161 0.056776 0.705029 0.704824
132.136000000 15.092419 1.659294 0.091963 -0.054088 0.056702 0.705035 0.704830
132.156000000 15.092418 1.659297 0.091913 -0.054014 0.056629 0.705041 0.704836
132.176000000 15.092418 1.659301 0.091864 -0.053941 0.056556 0.705046 0.704841
132.196000000 15.092418 1.659305 0.091814 -0.053869 0.056484 0.705052 0.704847
132.216000000 15.092418 1.659308 0.091765 -0.053796 0.056411 0.705057 0.704853
132.236000000 15.092418 1.659312 0.091715 -0.053724 0.056339 0.705063 0.704859
132.256000000 15.092417 1.659315 0.091667 -0.053653 0.056268 0.705068 0.704864
132.276000000 15.092417 1.659319 0.091618 -0.053582 0.056197 0.705074 0.704870
132.296000000 15.092417 1.659323 0.091570 -0.053511 0.056126 0.705079 0.704876
132.316000000 15.092417 1.659326 0.091522 -0.053441 0.056056 0.705084 0.704881
132.336000000 15.092417 1.659330 0.091475 -0.053372 0.055987 0.705090 0.704887
132.356000000 15.092417 1.659333 0.091428 -0.053303 0.055918 0.705095 0.704892
132.376000000 15.092416 1.659337 0.091381 -0.053234 0.055849 0.705100 0.704898
132.396000000 15.092416 1.659340 0.091334 -0.053166 0.055781 0.705105 0.704903
132.416000000 15.092416 1.659344 0.091288 -0.053099 0.055714 0.705110 0.704908
132.436000000 15.092416 1.659347 0.091243 -0.053032 0.055647 0.705115 0.704914
132.456000000 15.092416 1.659351 0.091197 -0.052965 0.055580 0.705120 0.704919
132.476000000 15.092416 1.659354 0.091152 -0.052900 0.055515 0.705125 0.704924
132.496000000 15.092415 1.659358 0.091108 -0.052834 0.055449 0.705130 0.704929
132.516000000 15.092415 1.659360 0.091082 -0.052796 0.055409 0.705133 0.704932
132.536000000 15.092415 1.659360 0.091082 -0.052796 0.055409 0.705133 0.704932
132.556000000 15.092415 1.659360 0.091082 -0.052796 0.055409 0.705133 0.704932
132.576000000 15.092415 1.659360 0.091082 -0.052796 0.055409 0.705133 0.704932
132.596000000 15.092415 1.659360 0.091082 -0.052796 0.055409 0.705133 0.704932
132.616000000 15.092415 1.659360 0.091082 -0.052796 0.055409 0.705133 0.704932
132.636000000 15.092415 1.659360 0.091082 -0.052796 0.055409 0.705133 0.704932
132.656000000 15.092415 1.659360 0.091082 -0.052796 0.055409 0.705133 0.704932
132.676000000 15.092415 1.659360 0.091082 -0.052796 0.055409 0.705133 0.704932
132.696000000 15.092415 1.659360 0.091082 -0.052796 0.055409 0.705133 0.704932
132.716000000 15.092415 1.659360 0.091082 -0.052796 0.055409 0.705133 0.704932
132.736000000 15.092415 1.659360 0.091082 -0.052796 0.055409 0.705133 0.704932
132.756000000 15.092415 1.659360 0.091082 -0.052796 0.055409 0.705133 0.704932
132.776000000 15.092415 1.659360 0.091082 -0.052796 0.055409 0.705133 0.704932
132.796000000 15.092415 1.659360 0.091082 -0.052796 0.055409 0.705133 0.704932
132.816000000 15.092415 1.659360 0.091082 -0.052796 0.055409 0.705133 0.704932
132.836000000 15.092415 1.659360 0.091082 -0.052796 0.055409 0.705133 0.704932
132.856000000 15.092415 1.659360 0.091082 -0.052796 0.055409 0.705133 0.704932
132.876000000 15.092415 1.659360 0.091082 -0.052796 0.055409 0.705133 0.704932
132.896000000 15.092415 1.659360 0.091082 -0.052796 0.055409 0.705133 0.704932
132.916000000 15.092415 1.659360 0.091082 -0.052796 0.055409 0.705133 0.704932
132.936000000 15.092415 1.659360 0.091082 -0.052796 0.055409 0.705133 0.704932
132.956000000 15.092415 1.659360 0.091082 -0.052796 0.055409 0.705133 0.704932
132.976000000 15.092415 1.659360 0.091082 -0.052796 0.055409 0.705133 0.704932
132.996000000 15.092415 1.659360 0.091082 -0.052796 0.055409 0.705133 0.704932
133.016000000 15.092415 1.659360 0.091082 -0.052796 0.055409 0.705133 0.704932
133.036000000 15.092415 1.659360 0.091082 -0.052796 0.055409 0.705133 0.704932
133.056000000 15.092415 1.659360 0.091082 -0.052796 0.055409 0.705133 0.704932
133.076000000 15.092415 1.659360 0.091082 -0.052796 0.055409 0.705133 0.704932
133.096000000 15.092415 1.659360 0.091082 -0.052796 0.055409 0.705133 0.704932
133.116000000 15.092415 1.659360 0.091082 -0.052796 0.055409 0.705133 0.704932
133.136000000 15.092415 1.659360 0.091082 -0.052796 0.055409 0.705133 0.704932
133.156000000 15.092415 1.659360 0.091082 -0.052796 0.055409 0.705133 0.704932
133.176000000 15.092415 1.659360 0.091082 -0.052796 0.055409 0.705133 0.704932
133.196000000 15.092415 1.659360 0.091082 -0.052796 0.055409 0.705133 0.704932
133.216000000 15.092415 1.659360 0.091082 -0.052796 0.055409 0.705133 0.704932
133.236000000 15.092415 1.659360 0.091082 -0.052796 0.055409 0.705133 0.704932
133.256000000 15.092415 1.659360 0.091082 -0.052796 0.055409 0.705133 0.704932
133.276000000 15.092415 1.659360 0.091082 -0.052796 0.055409 0.705133 0.704932
133.296000000 15.092415 1.659360 0.091082 -0.052796 0.055409 0.705133 0.704932
133.316000000 15.092415 1.659360 0.091082 -0.052796 0.055409 0.705133 0.704932
133.336000000 15.092415 1.659360 0.091082 -0.052796 0.055409 0.705133 0.704932
133.356000000 15.092415 1.659360 0.091082 -0.052796 0.055409 0.705133 0.704932
133.376000000 15.092415 1.659360 0.091082 -0.052796 0.055409 0.705133 0.704932
133.396000000 15.092415 1.659360 0.091082 -0.052796 0.055409 0.705133 0.704932
133.416000000 15.092415 1.659360 0.091082 -0.052796 0.055409 0.705133 0.704932
133.436000000 15.092415 1.659360 0.091082 -0.052796 0.055409 0.705133 0.704932
133.456000000 15.092415 1.659360 0.091082 -0.052796 0.055409 0.705133 0.704932
133.476000000 15.092415 1.659360 0.091082 -0.052796 0.055409 0.705133 0.704932
133.496000000 15.092415 1.659360 0.091082 -0.052796 0.055409 0.705133 0.704932
133.516000000 15.092415 1.659360 0.091082 -0.052796 0.055409 0.705133 0.704932
133.536000000 15.092415 1.659360 0.091082 -0.052796 0.055409 0.705133 0.704932
133.556000000 15.092415 1.659360 0.091082 -0.052796 0.055409 0.705133 0.704932
133.576000000 15.092415 1.659360 0.091082 -0.052796 0.055409 0.705133 0.704932
133.596000000 15.092415 1.659360 0.091082 -0.052796 0.055409 0.705133 0.704932
133.616000000 15.092415 1.659360 0.091082 -0.052796 0.055409 0.705133 0.704932
133.636000000 15.092415 1.659360 0.091082 -0.052796 0.055409 0.705133 0.704932
133.656000000 15.092415 1.659360 0.091082 -0.052796 0.055409 0.705133 0.704932
133.676000000 15.092415 1.659360 0.091082 -0.052796 0.055409 0.705133 0.704932
133.696000000 15.092415 1.659360 0.091082 -0.052796 0.055409 0.705133 0.704932
133.716000000 15.092415 1.659360 0.091082 -0.052796 0.055409 0.705133 0.704932
133.736000000 15.092415 1.659360 0.091082 -0.052796 0.055409 0.705133 0.704932
133.756000000 15.092415 1.659360 0.091082 -0.052796 0.055409 0.705133 0.704932
133.776000000 15.092415 1.659360 0.091082 -0.052796 0.055409 0.705133 0.704932
133.796000000 15.092415 1.659360 0.091082 -0.052796 0.055409 0.705133 0.704932
133.816000000 15.092415 1.659360 0.091082 -0.052796 0.055409 0.705133 0.704932
133.836000000 15.092415 1.659360 0.091082 -0.052796 0.055409 0.705133 0.704932
133.856000000 15.092415 1.659360 0.091082 -0.052796 0.055409 0.705133 0.704932
133.876000000 15.092415 1.659360 0.091082 -0.052796 0.055409 0.705133 0.704932
133.896000000 15.092415 1.659360 0.091082 -0.052796 0.055409 0.705133 0.704932
133.916000000 15.092415 1.659360 0.091082 -0.052796 0.055409 0.705133 0.704932
133.936000000 15.092415 1.659360 0.091082 -0.052796 0.055409 0.705133 0.704932
133.956000000 15.092415 1.659360 0.091082 -0.052796 0.055409 0.705133 0.704932
133.976000000 15.092415 1.659360 0.091082 -0.052796 0.055409 0.705133 0.704932
133.996000000 15.092415 1.659360 0.091082 -0.052796 0.055409 0.705133 0.704932
134.016000000 15.092415 1.659360 0.091082 -0.052796 0.055409 0.705133 0.704932
134.036000000 15.092415 1.659360 0.091082 -0.052796 0.055409 0.705133 0.704932
134.056000000 15.092415 1.659360 0.091082 -0.052796 0.055409 0.705133 0.704932
134.076000000 15.092415 1.659360 0.091082 -0.052796 0.055409 0.705133 0.704932
134.096000000 15.092415 1.659360 0.091082 -0.052796 0.055409 0.705133 0.704932
134.116000000 15.092415 1.659360 0.091082 -0.052796 0.055409 0.705133 0.704932
134.136000000 15.092415 1.659360 0.091082 -0.052796 0.055409 0.705133 0.704932
134.156000000 15.092415 1.659360 0.091082 -0.052796 0.055409 0.705133 0.704932
134.176000000 15.092415 1.659360 0.091082 -0.052796 0.055409 0.705133 0.704932
134.196000000 15.092415 1.659360 0.091082 -0.052796 0.055409 0.705133 0.704932
134.216000000 15.092415 1.659360 0.091082 -0.052796 0.055409 0.705133 0.704932
134.236000000 15.092415 1.659360 0.091082 -0.052796 0.055409 0.705133 0.704932
134.256000000 15.092415 1.659360 0.091082 -0.052796 0.055409 0.705133 0.704932
134.276000000 15.092415 1.659360 0.091082 -0.052796 0.055409 0.705133 0.704932
134.296000000 15.092415 1.659360 0.091082 -0.052796 0.055409 0.705133 0.704932
134.316000000 15.092415 1.659360 0.091082 -0.052796 0.055409 0.705133 0.704932
134.336000000 15.092415 1.659360 0.091082 -0.052796 0.055409 0.705133 0.704932
134.356000000 15.092415 1.659360 0.091082 -0.052796 0.055409 0.705133 0.704932
134.376000000 15.092415 1.659360 0.091082 -0.052796 0.055409 0.705133 0.704932
134.396000000 15.092415 1.659360 0.091082 -0.052796 0.055409 0.705133 0.704932
134.416000000 15.092415 1.659360 0.091082 -0.052796 0.055409 0.705133 0.704932
134.436000000 15.092415 1.659360 0.091082 -0.052796 0.055409 0.705133 0.704932
134.456000000 15.092415 1.659360 0.091082 -0.052796 0.055409 0.705133 0.704932
134.476000000 15.092415 1.659360 0.091082 -0.052796 0.055409 0.705133 0.704932
134.496000000 15.092415 1.659360 0.091082 -0.052796 0.055409 0.705133 0.704932
134.516000000 15.092415 1.659360 0.091082 -0.052796 0.055409 0.705133 0.704932
134.536000000 15.092415 1.659360 0.091082 -0.052796 0.055409 0.705133 0.704932
134.556000000 15.092415 1.659360 0.091082 -0.052796 0.055409 0.705133 0.704932
134.576000000 15.092415 1.659360 0.091082 -0.052796 0.055409 0.705133 0.704932
134.596000000 15.092415 1.659360 0.091082 -0.052796 0.055409 0.705133 0.704932
134.616000000 15.092415 1.659360 0.091082 -0.052796 0.055409 0.705133 0.704932
134.636000000 15.092415 1.659360 0.091082 -0.052796 0.055409 0.705133 0.704932
134.656000000 15.092415 1.659360 0.091082 -0.052796 0.055409 0.705133 0.704932
134.676000000 15.092415 1.659360 0.091082 -0.052796 0.055409 0.705133 0.704932
134.696000000 15.092415 1.659360 0.091082 -0.052796 0.055409 0.705133 0.704932
134.716000000 15.092415 1.659360 0.091082 -0.052796 0.055409 0.705133 0.704932
134.736000000 15.092415 1.659360 0.091082 -0.052796 0.055409 0.705133 0.704932
134.756000000 15.092415 1.659360 0.091082 -0.052796 0.055409 0.705133 0.704932
134.776000000 15.092415 1.659360 0.091082 -0.052796 0.055409 0.705133 0.704932
134.796000000 15.092415 1.659360 0.091082 -0.052796 0.055409 0.705133 0.704932
134.816000000 15.092415 1.659360 0.091082 -0.052796 0.055409 0.705133 0.704932
134.836000000 15.092415 1.659360 0.091082 -0.052796 0.055409 0.705133 0.704932
134.856000000 15.092415 1.659360 0.091082 -0.052796 0.055409 0.705133 0.704932
134.876000000 15.092415 1.659360 0.091082 -0.052796 0.055409 0.705133 0.704932
134.896000000 15.092415 1.659360 0.091082 -0.052796 0.055409 0.705133 0.704932
134.916000000 15.092415 1.659360 0.091082 -0.052796 0.055409 0.705133 0.704932
134.936000000 15.092415 1.659360 0.091082 -0.052796 0.055409 0.705133 0.704932
134.956000000 15.092415 1.659360 0.091082 -0.052796 0.055409 0.705133 0.704932
134.976000000 15.092415 1.659360 0.091082 -0.052796 0.055409 0.705133 0.704932
134.996000000 15.092415 1.659360 0.091082 -0.052796 0.055409 0.705133 0.704932
135.016000000 15.092415 1.659360 0.091082 -0.052796 0.055409 0.705133 0.704932
135.036000000 15.092415 1.659360 0.091082 -0.052796 0.055409 0.705133 0.704932
135.056000000 15.092415 1.659360 0.091082 -0.052796 0.055409 0.705133 0.704932
135.076000000 15.092415 1.659360 0.091082 -0.052796 0.055409 0.705133 0.704932
135.096000000 15.092415 1.659360 0.091082 -0.052796 0.055409 0.705133 0.704932
135.116000000 15.092415 1.659360 0.091082 -0.052796 0.055409 0.705133 0.704932
135.136000000 15.092415 1.659360 0.091082 -0.052796 0.055409 0.705133 0.704932
135.156000000 15.092415 1.659360 0.091082 -0.052796 0.055409 0.705133 0.704932
135.176000000 15.092415 1.659360 0.091082 -0.052796 0.055409 0.705133 0.704932
135.196000000 15.092415 1.659360 0.091082 -0.052796 0.055409 0.705133 0.704932
135.216000000 15.092415 1.659360 0.091082 -0.052796 0.055409 0.705133 0.704932
135.236000000 15.092415 1.659360 0.091082 -0.052796 0.055409 0.705133 0.704932
135.256000000 15.092415 1.659360 0.091082 -0.052796 0.055409 0.705133 0.704932
135.276000000 15.092415 1.659360 0.091082 -0.052796 0.055409 0.705133 0.704932
135.296000000 15.092415 1.659360 0.091082 -0.052796 0.055409 0.705133 0.704932
135.316000000 15.092415 1.659360 0.091082 -0.052796 0.055409 0.705133 0.704932
135.336000000 15.092415 1.659360 0.091082 -0.052796 0.055409 0.705133 0.704932
135.356000000 15.092415 1.659360 0.091082 -0.052796 0.055409 0.705133 0.704932
135.376000000 15.092415 1.659360 0.091082 -0.052796 0.055409 0.705133 0.704932
135.396000000 15.092415 1.659360 0.091082 -0.052796 0.055409 0.705133 0.704932
135.416000000 15.092415 1.659360 0.091082 -0.052796 0.055409 0.705133 0.704932
135.436000000 15.092415 1.659360 0.091082 -0.052796 0.055409 0.705133 0.704932
135.456000000 15.092415 1.659360 0.091082 -0.052796 0.055409 0.705133 0.704932
135.476000000 15.092415 1.659360 0.091082 -0.052796 0.055409 0.705133 0.704932
135.496000000 15.092415 1.659359 0.091086 -0.052803 0.055416 0.705132 0.704932
135.516000000 15.092415 1.659359 0.091096 -0.052818 0.055430 0.705131 0.704931
135.536000000 15.092415 1.659357 0.091112 -0.052840 0.055453 0.705130 0.704929
135.556000000 15.092416 1.659356 0.091133 -0.052871 0.055483 0.705127 0.704927
135.576000000 15.092416 1.659354 0.091159 -0.052909 0.055521 0.705125 0.704924
135.596000000 15.092416 1.659351 0.091190 -0.052955 0.055567 0.705121 0.704920
135.616000000 15.092416 1.659349 0.091226 -0.053007 0.055620 0.705117 0.704916
135.636000000 15.092416 1.659346 0.091266 -0.053066 0.055679 0.705113 0.704911
135.656000000 15.092416 1.659342 0.091311 -0.053132 0.055744 0.705108 0.704906
135.676000000 15.092416 1.659339 0.091360 -0.053203 0.055816 0.705102 0.704900
135.696000000 15.092417 1.659335 0.091412 -0.053280 0.055892 0.705097 0.704894
135.716000000 15.092417 1.659330 0.091468 -0.053362 0.055974 0.705090 0.704888
135.736000000 15.092417 1.659326 0.091526 -0.053448 0.056060 0.705084 0.704881
135.756000000 15.092417 1.659321 0.091588 -0.053537 0.056150 0.705077 0.704874
135.776000000 15.092417 1.659317 0.091651 -0.053630 0.056243 0.705070 0.704866
135.796000000 15.092418 1.659312 0.091716 -0.053726 0.056338 0.705063 0.704859
135.816000000 15.092418 1.659307 0.091783 -0.053824 0.056436 0.705055 0.704851
135.836000000 15.092418 1.659302 0.091851 -0.053924 0.056536 0.705048 0.704843
135.856000000 15.092418 1.659297 0.091920 -0.054025 0.056637 0.705040 0.704835
135.876000000 15.092419 1.659292 0.091990 -0.054127 0.056739 0.705032 0.704827
135.896000000 15.092419 1.659287 0.092060 -0.054229 0.056841 0.705024 0.704819
135.916000000 15.092419 1.659282 0.092129 -0.054330 0.056942 0.705016 0.704810
135.936000000 15.092419 1.659277 0.092198 -0.054432 0.057044 0.705009 0.704802
135.956000000 15.092420 1.659272 0.092267 -0.054532 0.057144 0.705001 0.704794
135.976000000 15.092420 1.659267 0.092335 -0.054631 0.057243 0.704993 0.704786
135.996000000 15.092414 1.659269 0.092397 -0.054753 0.057335 0.704973 0.704789
136.016000000 15.092414 1.659264 0.092462 -0.054849 0.057431 0.704966 0.704781
136.036000000 15.092415 1.659259 0.092527 -0.054943 0.057525 0.704959 0.704773
136.056000000 15.092415 1.659254 0.092590 -0.055035 0.057617 0.704953 0.704765
136.076000000 15.092424 1.659257 0.092651 -0.055127 0.057705 0.704958 0.704745
136.096000000 15.092424 1.659252 0.092711 -0.055214 0.057792 0.704951 0.704738
136.116000000 15.092424 1.659248 0.092769 -0.055299 0.057878 0.704944 0.704731
136.136000000 15.092425 1.659243 0.092826 -0.055382 0.057960 0.704938 0.704724
136.156000000 15.092425 1.659239 0.092881 -0.055462 0.058041 0.704931 0.704718
136.176000000 15.092425 1.659235 0.092933 -0.055539 0.058117 0.704925 0.704712
136.196000000 15.092425 1.659231 0.092984 -0.055613 0.058192 0.704919 0.704706
136.216000000 15.092425 1.659227 0.093032 -0.055684 0.058262 0.704913 0.704700
136.236000000 15.092425 1.659223 0.093079 -0.055752 0.058330 0.704908 0.704694
136.256000000 15.092425 1.659220 0.093123 -0.055817 0.058395 0.704903 0.704689
136.276000000 15.092425 1.659216 0.093165 -0.055879 0.058458 0.704897 0.704684
136.296000000 15.092425 1.659213 0.093206 -0.055938 0.058517 0.704893 0.704679
136.316000000 15.092425 1.659210 0.093245 -0.055995 0.058574 0.704888 0.704675
136.336000000 15.092425 1.659207 0.093282 -0.056049 0.058628 0.704884 0.704670
136.356000000 15.092426 1.659204 0.093317 -0.056101 0.058680 0.704879 0.704666
136.376000000 15.092426 1.659202 0.093351 -0.056151 0.058730 0.704875 0.704662
136.396000000 15.092426 1.659199 0.093384 -0.056199 0.058777 0.704872 0.704658
136.416000000 15.092426 1.659197 0.093415 -0.056245 0.058823 0.704868 0.704654
136.436000000 15.092426 1.659195 0.093446 -0.056289 0.058867 0.704864 0.704651
136.456000000 15.092426 1.659192 0.093475 -0.056331 0.058910 0.704861 0.704647
136.476000000 15.092426 1.659190 0.093503 -0.056373 0.058951 0.704857 0.704644
136.496000000 15.092426 1.659188 0.093530 -0.056412 0.058991 0.704854 0.704641
136.516000000 15.092426 1.659186 0.093556 -0.056451 0.059030 0.704851 0.704637
136.536000000 15.092426 1.659184 0.093582 -0.056489 0.059067 0.704848 0.704634
136.556000000 15.092426 1.659182 0.093607 -0.056526 0.059104 0.704845 0.704631
136.576000000 15.092426 1.659181 0.093632 -0.056562 0.059140 0.704842 0.704628
136.596000000 15.092426 1.659179 0.093656 -0.056597 0.059176 0.704839 0.704625
136.616000000 15.092426 1.659177 0.093680 -0.056632 0.059211 0.704836 0.704622
136.636000000 15.092426 1.659175 0.093704 -0.056667 0.059245 0.704833 0.704620
136.656000000 15.092426 1.659174 0.093727 -0.056701 0.059279 0.704831 0.704617
136.676000000 15.092426 1.659172 0.093750 -0.056734 0.059313 0.704828 0.704614
136.696000000 15.092427 1.659170 0.093773 -0.056768 0.059346 0.704825 0.704611
136.716000000 15.092427 1.659169 0.093795 -0.056801 0.059379 0.704822 0.704609
136.736000000 15.092427 1.659167 0.093818 -0.056833 0.059412 0.704820 0.704606
136.756000000 15.092427 1.659165 0.093840 -0.056866 0.059444 0.704817 0.704603
136.776000000 15.092427 1.659164 0.093862 -0.056898 0.059477 0.704814 0.704600
136.796000000 15.092427 1.659162 0.093884 -0.056930 0.059509 0.704812 0.704598
136.816000000 15.092427 1.659161 0.093906 -0.056962 0.059541 0.704809 0.704595
136.836000000 15.092427 1.659159 0.093927 -0.056994 0.059572 0.704807 0.704592
136.856000000 15.092427 1.659158 0.093949 -0.057025 0.059604 0.704804 0.704590
136.876000000 15.092427 1.659156 0.093970 -0.057056 0.059635 0.704802 0.704587
136.896000000 15.092427 1.659155 0.093991 -0.057087 0.059665 0.704799 0.704585
136.916000000 15.092427 1.659153 0.094012 -0.057117 0.059696 0.704797 0.704582
136.936000000 15.092427 1.659152 0.094032 -0.057147 0.059726 0.704794 0.704580
136.956000000 15.092427 1.659151 0.094052 -0.057177 0.059755 0.704792 0.704577
136.976000000 15.092427 1.659149 0.094072 -0.057205 0.059784 0.704789 0.704575
136.996000000 15.092427 1.659148 0.094091 -0.057233 0.059812 0.704787 0.704572
137.016000000 15.092427 1.659147 0.094110 -0.057261 0.059839 0.704785 0.704570
137.036000000 15.092428 1.659146 0.094128 -0.057288 0.059866 0.704783 0.704568
137.056000000 15.092428 1.659144 0.094146 -0.057314 0.059892 0.704781 0.704565
137.076000000 15.092428 1.659143 0.094163 -0.057339 0.059917 0.704778 0.704563
137.096000000 15.092428 1.659142 0.094180 -0.057363 0.059941 0.704776 0.704561
137.116000000 15.092428 1.659141 0.094195 -0.057386 0.059964 0.704775 0.704559
137.136000000 15.092428 1.659140 0.094211 -0.057408 0.059987 0.704773 0.704557
137.156000000 15.092428 1.659139 0.094225 -0.057429 0.060008 0.704771 0.704556
137.176000000 15.092428 1.659138 0.094239 -0.057449 0.060028 0.704769 0.704554
137.196000000 15.092428 1.659137 0.094252 -0.057468 0.060046 0.704768 0.704552
137.216000000 15.092428 1.659136 0.094264 -0.057486 0.060064 0.704766 0.704551
137.236000000 15.092428 1.659136 0.094275 -0.057502 0.060080 0.704765 0.704550
137.256000000 15.092428 1.659135 0.094285 -0.057517 0.060095 0.704764 0.704548
137.276000000 15.092428 1.659134 0.094294 -0.057531 0.060109 0.704763 0.704547
137.296000000 15.092428 1.659134 0.094303 -0.057543 0.060121 0.704762 0.704546
137.316000000 15.092428 1.659133 0.094310 -0.057554 0.060132 0.704761 0.704545
137.336000000 15.092428 1.659133 0.094317 -0.057564 0.060142 0.704760 0.704544
137.356000000 15.092428 1.659132 0.094322 -0.057572 0.060150 0.704759 0.704544
137.376000000 15.092428 1.659132 0.094327 -0.057578 0.060157 0.704759 0.704543
137.396000000 15.092428 1.659132 0.094330 -0.057584 0.060162 0.704758 0.704543
137.416000000 15.092428 1.659132 0.094333 -0.057587 0.060165 0.704758 0.704542
137.436000000 15.092428 1.659132 0.094334 -0.057589 0.060167 0.704758 0.704542
137.456000000 15.092428 1.659132 0.094335 -0.057590 0.060168 0.704758 0.704542
137.476000000 15.092428 1.659132 0.094335 -0.057590 0.060168 0.704758 0.704542
137.496000000 15.092428 1.659132 0.094334 -0.057589 0.060167 0.704758 0.704542
137.516000000 15.092428 1.659132 0.094331 -0.057585 0.060163 0.704758 0.704543
137.536000000 15.092428 1.659132 0.094328 -0.057580 0.060158 0.704759 0.704543
137.556000000 15.092428 1.659132 0.094323 -0.057573 0.060152 0.704759 0.704544
137.576000000 15.092428 1.659133 0.094318 -0.057566 0.060144 0.704760 0.704544
137.596000000 15.092428 1.659133 0.094312 -0.057557 0.060135 0.704760 0.704545
137.616000000 15.092428 1.659133 0.094305 -0.057546 0.060125 0.704761 0.704546
137.636000000 15.092428 1.659134 0.094297 -0.057535 0.060113 0.704762 0.704547
137.656000000 15.092428 1.659134 0.094288 -0.057522 0.060100 0.704763 0.704548
137.676000000 15.092428 1.659135 0.094279 -0.057508 0.060086 0.704764 0.704549
137.696000000 15.092428 1.659136 0.094268 -0.057492 0.060071 0.704766 0.704551
137.716000000 15.092428 1.659136 0.094257 -0.057476 0.060054 0.704767 0.704552
137.736000000 15.092428 1.659137 0.094245 -0.057458 0.060037 0.704768 0.704553
137.756000000 15.092428 1.659138 0.094232 -0.057439 0.060018 0.704770 0.704555
137.776000000 15.092428 1.659139 0.094218 -0.057419 0.059998 0.704772 0.704557
137.796000000 15.092428 1.659140 0.094204 -0.057398 0.059976 0.704773 0.704559
137.816000000 15.092428 1.659141 0.094188 -0.057376 0.059954 0.704775 0.704560
137.836000000 15.092428 1.659142 0.094172 -0.057353 0.059931 0.704777 0.704562
137.856000000 15.092427 1.659143 0.094156 -0.057328 0.059906 0.704779 0.704565
137.876000000 15.092427 1.659144 0.094138 -0.057302 0.059881 0.704781 0.704567
137.896000000 15.092427 1.659145 0.094120 -0.057276 0.059854 0.704783 0.704569
137.916000000 15.092427 1.659146 0.094101 -0.057248 0.059826 0.704786 0.704571
137.936000000 15.092427 1.659147 0.094081 -0.057219 0.059798 0.704788 0.704574
137.956000000 15.092427 1.659149 0.094061 -0.057189 0.059768 0.704790 0.704576
137.976000000 15.092427 1.659150 0.094040 -0.057159 0.059737 0.704793 0.704579
137.996000000 15.092427 1.659151 0.094018 -0.057127 0.059705 0.704795 0.704582
138.016000000 15.092427 1.659153 0.093996 -0.057094 0.059672 0.704798 0.704584
138.036000000 15.092427 1.659154 0.093972 -0.057060 0.059638 0.704801 0.704587
138.056000000 15.092427 1.659156 0.093948 -0.057025 0.059603 0.704804 0.704590
138.076000000 15.092427 1.659158 0.093924 -0.056989 0.059567 0.704807 0.704593
138.096000000 15.092427 1.659159 0.093899 -0.056952 0.059531 0.704810 0.704596
138.116000000 15.092426 1.659161 0.093873 -0.056914 0.059493 0.704813 0.704600
138.136000000 15.092426 1.659163 0.093846 -0.056876 0.059454 0.704816 0.704603
138.156000000 15.092426 1.659164 0.093819 -0.056836 0.059414 0.704819 0.704606
138.176000000 15.092426 1.659166 0.093792 -0.056795 0.059374 0.704822 0.704610
138.196000000 15.092426 1.659168 0.093763 -0.056754 0.059332 0.704826 0.704613
138.216000000 15.092426 1.659170 0.093734 -0.056711 0.059290 0.704829 0.704617
138.236000000 15.092426 1.659172 0.093704 -0.056668 0.059246 0.704832 0.704620
138.256000000 15.092426 1.659174 0.093674 -0.056623 0.059202 0.704836 0.704624
138.276000000 15.092426 1.659176 0.093643 -0.056578 0.059156 0.704840 0.704628
138.296000000 15.092425 1.659178 0.093612 -0.056532 0.059110 0.704843 0.704632
138.316000000 15.092425 1.659180 0.093579 -0.056485 0.059063 0.704847 0.704636
138.336000000 15.092425 1.659182 0.093547 -0.056437 0.059015 0.704851 0.704640
138.356000000 15.092425 1.659185 0.093513 -0.056388 0.058967 0.704855 0.704644
138.376000000 15.092425 1.659187 0.093480 -0.056339 0.058917 0.704859 0.704648
138.396000000 15.092425 1.659189 0.093445 -0.056288 0.058867 0.704863 0.704652
138.416000000 15.092425 1.659191 0.093410 -0.056237 0.058816 0.704867 0.704656
138.436000000 15.092425 1.659194 0.093375 -0.056185 0.058764 0.704871 0.704661
138.456000000 15.092424 1.659196 0.093338 -0.056132 0.058711 0.704875 0.704665
138.476000000 15.092424 1.659199 0.093302 -0.056079 0.058657 0.704880 0.704670
138.496000000 15.092424 1.659201 0.093265 -0.056024 0.058603 0.704884 0.704674
138.516000000 15.092424 1.659204 0.093227 -0.055969 0.058548 0.704888 0.704679
138.536000000 15.092424 1.659206 0.093189 -0.055914 0.058492 0.704893 0.704683
138.556000000 15.092424 1.659209 0.093151 -0.055857 0.058436 0.704897 0.704688
138.576000000 15.092424 1.659212 0.093112 -0.055800 0.058379 0.704902 0.704693
138.596000000 15.092423 1.659214 0.093072 -0.055742 0.058321 0.704906 0.704698
138.616000000 15.092423 1.659217 0.093032 -0.055684 0.058262 0.704911 0.704702
138.636000000 15.092423 1.659220 0.092992 -0.055625 0.058203 0.704916 0.704707
138.656000000 15.092423 1.659223 0.092951 -0.055565 0.058144 0.704920 0.704712
138.676000000 15.092423 1.659226 0.092910 -0.055505 0.058083 0.704925 0.704717
138.696000000 15.092423 1.659228 0.092868 -0.055444 0.058022 0.704930 0.704722
138.716000000 15.092423 1.659231 0.092826 -0.055382 0.057961 0.704935 0.704727
138.736000000 15.092422 1.659234 0.092784 -0.055320 0.057899 0.704939 0.704732
138.756000000 15.092422 1.659237 0.092741 -0.055258 0.057837 0.704944 0.704737
138.776000000 15.092422 1.659240 0.092698 -0.055195 0.057774 0.704949 0.704743
138.796000000 15.092422 1.659243 0.092655 -0.055131 0.057710 0.704954 0.704748
138.816000000 15.092422 1.659246 0.092611 -0.055067 0.057646 0.704959 0.704753
138.836000000 15.092422 1.659249 0.092567 -0.055003 0.057582 0.704964 0.704758
138.856000000 15.092421 1.659253 0.092523 -0.054938 0.057517 0.704969 0.704764
138.876000000 15.092421 1.659256 0.092478 -0.054873 0.057452 0.704974 0.704769
138.896000000 15.092421 1.659259 0.092434 -0.054808 0.057387 0.704980 0.704774
138.916000000 15.092421 1.659262 0.092389 -0.054742 0.057321 0.704985 0.704780
138.936000000 15.092421 1.659265 0.092344 -0.054676 0.057255 0.704990 0.704785
138.956000000 15.092421 1.659269 0.092298 -0.054609 0.057188 0.704995 0.704790
138.976000000 15.092420 1.659272 0.092253 -0.054543 0.057122 0.705000 0.704796
138.996000000 15.092420 1.659275 0.092207 -0.054476 0.057055 0.705005 0.704801
139.016000000 15.092420 1.659278 0.092161 -0.054409 0.056988 0.705010 0.704807
139.036000000 15.092420 1.659282 0.092115 -0.054341 0.056920 0.705016 0.704812
139.056000000 15.092420 1.659285 0.092069 -0.054274 0.056853 0.705021 0.704818
139.076000000 15.092420 1.659289 0.092023 -0.054206 0.056785 0.705026 0.704823
139.096000000 15.092419 1.659292 0.091976 -0.054138 0.056717 0.705031 0.704828
139.116000000 15.092419 1.659295 0.091930 -0.054070 0.056649 0.705036 0.704834
139.136000000 15.092419 1.659299 0.091884 -0.054002 0.056581 0.705042 0.704839
139.156000000 15.092419 1.659302 0.091837 -0.053934 0.056513 0.705047 0.704845
139.176000000 15.092419 1.659306 0.091791 -0.053866 0.056445 0.705052 0.704850
139.196000000 15.092419 1.659309 0.091744 -0.053798 0.056377 0.705057 0.704856
139.216000000 15.092418 1.659312 0.091698 -0.053730 0.056309 0.705062 0.704861
139.236000000 15.092418 1.659316 0.091651 -0.053662 0.056241 0.705068 0.704867
139.256000000 15.092418 1.659319 0.091604 -0.053593 0.056173 0.705073 0.704872
139.276000000 15.092418 1.659323 0.091558 -0.053525 0.056105 0.705078 0.704877
139.296000000 15.092418 1.659326 0.091512 -0.053458 0.056037 0.705083 0.704883
139.316000000 15.092418 1.659330 0.091465 -0.053390 0.055969 0.705088 0.704888
139.336000000 15.092417 1.659333 0.091419 -0.053322 0.055901 0.705093 0.704894
139.356000000 15.092417 1.659337 0.091373 -0.053254 0.055834 0.705099 0.704899
139.376000000 15.092417 1.659340 0.091327 -0.053187 0.055767 0.705104 0.704904
139.396000000 15.092417 1.659344 0.091281 -0.053120 0.055699 0.705109 0.704910
139.416000000 15.092417 1.659347 0.091236 -0.053053 0.055633 0.705114 0.704915
139.436000000 15.092417 1.659351 0.091190 -0.052987 0.055566 0.705119 0.704920
139.456000000 15.092416 1.659354 0.091145 -0.052920 0.055499 0.705124 0.704925
139.476000000 15.092416 1.659358 0.091100 -0.052854 0.055433 0.705129 0.704931
139.496000000 15.092416 1.659361 0.091055 -0.052788 0.055368 0.705134 0.704936
139.516000000 15.092416 1.659364 0.091021 -0.052739 0.055314 0.705137 0.704940
139.536000000 15.092416 1.659365 0.091004 -0.052713 0.055287 0.705139 0.704942
139.556000000 15.092416 1.659365 0.091001 -0.052710 0.055283 0.705139 0.704942
139.576000000 15.092416 1.659365 0.091001 -0.052710 0.055283 0.705139 0.704942
139.596000000 15.092416 1.659365 0.091001 -0.052710 0.055283 0.705139 0.704942
139.616000000 15.092416 1.659365 0.091001 -0.052710 0.055283 0.705139 0.704942
139.636000000 15.092416 1.659365 0.091001 -0.052710 0.055283 0.705139 0.704942
139.656000000 15.092416 1.659365 0.091001 -0.052710 0.055283 0.705139 0.704942
139.676000000 15.092416 1.659365 0.091001 -0.052710 0.055283 0.705139 0.704942
139.696000000 15.092416 1.659365 0.091001 -0.052710 0.055283 0.705139 0.704942
139.716000000 15.092416 1.659365 0.091002 -0.052711 0.055284 0.705139 0.704942
139.736000000 15.092416 1.659365 0.091002 -0.052711 0.055284 0.705139 0.704942
139.756000000 15.092416 1.659365 0.091002 -0.052711 0.055284 0.705139 0.704942
139.776000000 15.092416 1.659365 0.091002 -0.052711 0.055284 0.705139 0.704942
139.796000000 15.092416 1.659365 0.091002 -0.052711 0.055284 0.705139 0.704942
139.816000000 15.092416 1.659365 0.091002 -0.052711 0.055284 0.705139 0.704942
139.836000000 15.092416 1.659365 0.091002 -0.052711 0.055284 0.705139 0.704942
139.856000000 15.092416 1.659365 0.091002 -0.052711 0.055284 0.705139 0.704942
139.876000000 15.092416 1.659365 0.091002 -0.052711 0.055284 0.705139 0.704942
139.896000000 15.092416 1.659365 0.091002 -0.052711 0.055284 0.705139 0.704942
139.916000000 15.092416 1.659365 0.091002 -0.052711 0.055284 0.705139 0.704942
139.936000000 15.092416 1.659365 0.091002 -0.052711 0.055284 0.705139 0.704942
139.956000000 15.092416 1.659365 0.091002 -0.052711 0.055284 0.705139 0.704942
139.976000000 15.092416 1.659365 0.091002 -0.052711 0.055284 0.705139 0.704942
139.996000000 15.092416 1.659365 0.091002 -0.052711 0.055284 0.705139 0.704942
140.016000000 15.092416 1.659365 0.091002 -0.052711 0.055284 0.705139 0.704942
140.036000000 15.092416 1.659365 0.091002 -0.052711 0.055284 0.705139 0.704942
140.056000000 15.092416 1.659365 0.091002 -0.052711 0.055284 0.705139 0.704942
140.076000000 15.092416 1.659365 0.091002 -0.052711 0.055284 0.705139 0.704942
140.096000000 15.092416 1.659365 0.091002 -0.052711 0.055284 0.705139 0.704942
140.116000000 15.092416 1.659365 0.091002 -0.052711 0.055284 0.705139 0.704942
140.136000000 15.092416 1.659365 0.091002 -0.052711 0.055284 0.705139 0.704942
140.156000000 15.092416 1.659365 0.091002 -0.052711 0.055284 0.705139 0.704942
140.176000000 15.092416 1.659365 0.091002 -0.052711 0.055284 0.705139 0.704942
140.196000000 15.092416 1.659365 0.091002 -0.052711 0.055284 0.705139 0.704942
140.216000000 15.092416 1.659365 0.091002 -0.052711 0.055284 0.705139 0.704942
140.236000000 15.092416 1.659365 0.091002 -0.052711 0.055284 0.705139 0.704942
140.256000000 15.092416 1.659365 0.091002 -0.052711 0.055284 0.705139 0.704942
140.276000000 15.092416 1.659365 0.091002 -0.052711 0.055284 0.705139 0.704942
140.296000000 15.092416 1.659365 0.091002 -0.052711 0.055284 0.705139 0.704942
140.316000000 15.092416 1.659365 0.091002 -0.052711 0.055284 0.705139 0.704942
140.336000000 15.092416 1.659365 0.091002 -0.052711 0.055284 0.705139 0.704942
140.356000000 15.092416 1.659365 0.091002 -0.052711 0.055284 0.705139 0.704942
140.376000000 15.092416 1.659365 0.091002 -0.052711 0.055284 0.705139 0.704942
140.396000000 15.092416 1.659365 0.091002 -0.052711 0.055284 0.705139 0.704942
140.416000000 15.092416 1.659365 0.091002 -0.052711 0.055284 0.705139 0.704942
140.436000000 15.092416 1.659365 0.091002 -0.052711 0.055284 0.705139 0.704942
140.456000000 15.092416 1.659365 0.091002 -0.052711 0.055284 0.705139 0.704942
140.476000000 15.092416 1.659365 0.091002 -0.052711 0.055284 0.705139 0.704942
140.496000000 15.092416 1.659365 0.091002 -0.052711 0.055284 0.705139 0.704942
140.516000000 15.092416 1.659365 0.091002 -0.052711 0.055284 0.705139 0.704942
140.536000000 15.092416 1.659365 0.091002 -0.052711 0.055284 0.705139 0.704942
140.556000000 15.092416 1.659365 0.091002 -0.052711 0.055284 0.705139 0.704942
140.576000000 15.092416 1.659365 0.091002 -0.052711 0.055284 0.705139 0.704942
140.596000000 15.092416 1.659365 0.091002 -0.052711 0.055284 0.705139 0.704942
140.616000000 15.092416 1.659365 0.091002 -0.052711 0.055284 0.705139 0.704942
140.636000000 15.092416 1.659365 0.091002 -0.052711 0.055284 0.705139 0.704942
140.656000000 15.092416 1.659365 0.091002 -0.052711 0.055284 0.705139 0.704942
140.676000000 15.092416 1.659365 0.091002 -0.052711 0.055284 0.705139 0.704942
140.696000000 15.092416 1.659365 0.091002 -0.052711 0.055284 0.705139 0.704942
140.716000000 15.092416 1.659365 0.091002 -0.052711 0.055284 0.705139 0.704942
140.736000000 15.092416 1.659365 0.091002 -0.052711 0.055284 0.705139 0.704942
140.756000000 15.092416 1.659365 0.091002 -0.052711 0.055284 0.705139 0.704942
140.776000000 15.092416 1.659365 0.091002 -0.052711 0.055284 0.705139 0.704942
140.796000000 15.092416 1.659365 0.091002 -0.052711 0.055284 0.705139 0.704942
140.816000000 15.092416 1.659365 0.091002 -0.052711 0.055284 0.705139 0.704942
140.836000000 15.092416 1.659365 0.091002 -0.052711 0.055284 0.705139 0.704942
140.856000000 15.092416 1.659365 0.091002 -0.052711 0.055284 0.705139 0.704942
140.876000000 15.092416 1.659365 0.091002 -0.052711 0.055284 0.705139 0.704942
140.896000000 15.092416 1.659365 0.091002 -0.052711 0.055284 0.705139 0.704942
140.916000000 15.092416 1.659365 0.091002 -0.052711 0.055284 0.705139 0.704942
140.936000000 15.092416 1.659365 0.091002 -0.052711 0.055284 0.705139 0.704942
140.956000000 15.092416 1.659365 0.091002 -0.052711 0.055284 0.705139 0.704942
140.976000000 15.092416 1.659365 0.091002 -0.052711 0.055284 0.705139 0.704942
140.996000000 15.092416 1.659365 0.091002 -0.052711 0.055284 0.705139 0.704942
141.016000000 15.092416 1.659365 0.091002 -0.052711 0.055284 0.705139 0.704942
141.036000000 15.092416 1.659365 0.091002 -0.052711 0.055284 0.705139 0.704942
141.056000000 15.092416 1.659365 0.091002 -0.052711 0.055284 0.705139 0.704942
141.076000000 15.092416 1.659365 0.091002 -0.052711 0.055284 0.705139 0.704942
141.096000000 15.092416 1.659365 0.091002 -0.052711 0.055284 0.705139 0.704942
141.116000000 15.092416 1.659365 0.091002 -0.052711 0.055284 0.705139 0.704942
141.136000000 15.092416 1.659365 0.091002 -0.052711 0.055284 0.705139 0.704942
141.156000000 15.092416 1.659365 0.091002 -0.052711 0.055284 0.705139 0.704942
141.176000000 15.092416 1.659365 0.091002 -0.052711 0.055284 0.705139 0.704942
141.196000000 15.092416 1.659365 0.091002 -0.052711 0.055284 0.705139 0.704942
141.216000000 15.092416 1.659365 0.091002 -0.052711 0.055284 0.705139 0.704942
141.236000000 15.092416 1.659365 0.091002 -0.052711 0.055284 0.705139 0.704942
141.256000000 15.092416 1.659365 0.091002 -0.052711 0.055284 0.705139 0.704942
141.276000000 15.092416 1.659365 0.091002 -0.052711 0.055284 0.705139 0.704942
141.296000000 15.092416 1.659365 0.091002 -0.052711 0.055284 0.705139 0.704942
141.316000000 15.092416 1.659365 0.091002 -0.052711 0.055284 0.705139 0.704942
141.336000000 15.092416 1.659365 0.091002 -0.052711 0.055284 0.705139 0.704942
141.356000000 15.092416 1.659365 0.091002 -0.052711 0.055284 0.705139 0.704942
141.376000000 15.092416 1.659365 0.091002 -0.052711 0.055284 0.705139 0.704942
141.396000000 15.092416 1.659365 0.091002 -0.052711 0.055284 0.705139 0.704942
141.416000000 15.092416 1.659365 0.091002 -0.052711 0.055284 0.705139 0.704942
141.436000000 15.092416 1.659365 0.091002 -0.052711 0.055284 0.705139 0.704942
141.456000000 15.092416 1.659365 0.091002 -0.052711 0.055284 0.705139 0.704942
141.476000000 15.092416 1.659365 0.091002 -0.052711 0.055284 0.705139 0.704942
141.496000000 15.092416 1.659365 0.091002 -0.052711 0.055284 0.705139 0.704942
141.516000000 15.092416 1.659365 0.091002 -0.052711 0.055284 0.705139 0.704942
141.536000000 15.092416 1.659365 0.091002 -0.052711 0.055284 0.705139 0.704942
141.556000000 15.092416 1.659365 0.091002 -0.052711 0.055284 0.705139 0.704942
141.576000000 15.092416 1.659365 0.091002 -0.052711 0.055284 0.705139 0.704942
141.596000000 15.092416 1.659365 0.091002 -0.052711 0.055284 0.705139 0.704942
141.616000000 15.092416 1.659365 0.091002 -0.052711 0.055284 0.705139 0.704942
141.636000000 15.092416 1.659365 0.091002 -0.052711 0.055284 0.705139 0.704942
141.656000000 15.092416 1.659365 0.091002 -0.052711 0.055284 0.705139 0.704942
141.676000000 15.092416 1.659365 0.091002 -0.052711 0.055284 0.705139 0.704942
141.696000000 15.092416 1.659365 0.091002 -0.052711 0.055284 0.705139 0.704942
141.716000000 15.092416 1.659365 0.091002 -0.052711 0.055284 0.705139 0.704942
141.736000000 15.092416 1.659365 0.091002 -0.052711 0.055284 0.705139 0.704942
141.756000000 15.092416 1.659365 0.091002 -0.052711 0.055284 0.705139 0.704942
141.776000000 15.092416 1.659365 0.091002 -0.052711 0.055284 0.705139 0.704942
141.796000000 15.092416 1.659365 0.091002 -0.052711 0.055284 0.705139 0.704942
141.816000000 15.092416 1.659365 0.091002 -0.052711 0.055284 0.705139 0.704942
141.836000000 15.092416 1.659365 0.091002 -0.052711 0.055284 0.705139 0.704942
141.856000000 15.092416 1.659365 0.091002 -0.052711 0.055284 0.705139 0.704942
141.876000000 15.092416 1.659365 0.091002 -0.052711 0.055284 0.705139 0.704942
141.896000000 15.092416 1.659365 0.091002 -0.052711 0.055284 0.705139 0.704942
141.916000000 15.092416 1.659365 0.091002 -0.052711 0.055284 0.705139 0.704942
141.936000000 15.092416 1.659365 0.091002 -0.052711 0.055284 0.705139 0.704942
141.956000000 15.092416 1.659365 0.091002 -0.052711 0.055284 0.705139 0.704942
141.976000000 15.092416 1.659365 0.091002 -0.052711 0.055284 0.705139 0.704942
141.996000000 15.092416 1.659365 0.091002 -0.052711 0.055284 0.705139 0.704942
142.016000000 15.092416 1.659365 0.091002 -0.052711 0.055284 0.705139 0.704942
142.036000000 15.092416 1.659365 0.091002 -0.052711 0.055284 0.705139 0.704942
142.056000000 15.092416 1.659365 0.091002 -0.052711 0.055284 0.705139 0.704942
142.076000000 15.092416 1.659365 0.091002 -0.052711 0.055284 0.705139 0.704942
142.096000000 15.092416 1.659365 0.091002 -0.052711 0.055284 0.705139 0.704942
142.116000000 15.092416 1.659365 0.091002 -0.052711 0.055284 0.705139 0.704942
142.136000000 15.092416 1.659365 0.091002 -0.052711 0.055284 0.705139 0.704942
142.156000000 15.092416 1.659365 0.091002 -0.052711 0.055284 0.705139 0.704942
142.176000000 15.092416 1.659365 0.091002 -0.052711 0.055284 0.705139 0.704942
142.196000000 15.092416 1.659365 0.091002 -0.052711 0.055284 0.705139 0.704942
142.216000000 15.092416 1.659365 0.091002 -0.052711 0.055284 0.705139 0.704942
142.236000000 15.092416 1.659365 0.091002 -0.052711 0.055284 0.705139 0.704942
142.256000000 15.092416 1.659365 0.091002 -0.052711 0.055284 0.705139 0.704942
142.276000000 15.092416 1.659365 0.091002 -0.052711 0.055284 0.705139 0.704942
142.296000000 15.092416 1.659365 0.091002 -0.052711 0.055284 0.705139 0.704942
142.316000000 15.092416 1.659365 0.091002 -0.052711 0.055284 0.705139 0.704942
142.336000000 15.092416 1.659365 0.091002 -0.052711 0.055284 0.705139 0.704942
142.356000000 15.092416 1.659365 0.091002 -0.052711 0.055284 0.705139 0.704942
142.376000000 15.092416 1.659365 0.091002 -0.052711 0.055284 0.705139 0.704942
142.396000000 15.092416 1.659365 0.091002 -0.052711 0.055284 0.705139 0.704942
142.416000000 15.092416 1.659365 0.091002 -0.052711 0.055284 0.705139 0.704942
142.436000000 15.092416 1.659365 0.091002 -0.052711 0.055284 0.705139 0.704942
142.456000000 15.092416 1.659365 0.091002 -0.052711 0.055284 0.705139 0.704942
142.476000000 15.092416 1.659365 0.091002 -0.052711 0.055284 0.705139 0.704942
142.496000000 15.092416 1.659365 0.091002 -0.052711 0.055284 0.705139 0.704942
142.516000000 15.092416 1.659365 0.091002 -0.052711 0.055284 0.705139 0.704942
142.536000000 15.092416 1.659365 0.091002 -0.052711 0.055284 0.705139 0.704942
142.556000000 15.092416 1.659365 0.091002 -0.052711 0.055284 0.705139 0.704942
142.576000000 15.092416 1.659365 0.091002 -0.052711 0.055284 0.705139 0.704942
142.596000000 15.092416 1.659365 0.091002 -0.052711 0.055284 0.705139 0.704942
142.616000000 15.092416 1.659365 0.091002 -0.052711 0.055284 0.705139 0.704942
142.636000000 15.092416 1.659365 0.091002 -0.052711 0.055284 0.705139 0.704942
142.656000000 15.092416 1.659365 0.091002 -0.052711 0.055284 0.705139 0.704942
142.676000000 15.092416 1.659365 0.091002 -0.052711 0.055284 0.705139 0.704942
142.696000000 15.092416 1.659365 0.091002 -0.052711 0.055284 0.705139 0.704942
142.716000000 15.092416 1.659365 0.091002 -0.052711 0.055284 0.705139 0.704942
142.736000000 15.092416 1.659365 0.091002 -0.052711 0.055284 0.705139 0.704942
142.756000000 15.092416 1.659365 0.091002 -0.052711 0.055284 0.705139 0.704942
142.776000000 15.092416 1.659365 0.091002 -0.052711 0.055284 0.705139 0.704942
142.796000000 15.092416 1.659365 0.091002 -0.052711 0.055284 0.705139 0.704942
142.816000000 15.092416 1.659365 0.091002 -0.052711 0.055284 0.705139 0.704942
142.836000000 15.092416 1.659365 0.091002 -0.052711 0.055284 0.705139 0.704942
142.856000000 15.092416 1.659365 0.091002 -0.052711 0.055284 0.705139 0.704942
142.876000000 15.092416 1.659365 0.091002 -0.052711 0.055284 0.705139 0.704942
142.896000000 15.092416 1.659365 0.091002 -0.052711 0.055284 0.705139 0.704942
142.916000000 15.092416 1.659365 0.091002 -0.052711 0.055284 0.705139 0.704942
142.936000000 15.092416 1.659365 0.091002 -0.052711 0.055284 0.705139 0.704942
142.956000000 15.092416 1.659365 0.091002 -0.052711 0.055284 0.705139 0.704942
142.976000000 15.092416 1.659365 0.091002 -0.052711 0.055284 0.705139 0.704942
142.996000000 15.092416 1.659365 0.091002 -0.052711 0.055284 0.705139 0.704942
143.016000000 15.092416 1.659365 0.091002 -0.052711 0.055284 0.705139 0.704942
143.036000000 15.092416 1.659365 0.091002 -0.052711 0.055284 0.705139 0.704942
143.056000000 15.092416 1.659365 0.091002 -0.052711 0.055284 0.705139 0.704942
143.076000000 15.092416 1.659365 0.091002 -0.052711 0.055284 0.705139 0.704942
143.096000000 15.092416 1.659365 0.091002 -0.052711 0.055284 0.705139 0.704942
143.116000000 15.092416 1.659365 0.091002 -0.052711 0.055284 0.705139 0.704942
143.136000000 15.092416 1.659365 0.091002 -0.052711 0.055284 0.705139 0.704942
143.156000000 15.092416 1.659365 0.091002 -0.052711 0.055284 0.705139 0.704942
143.176000000 15.092416 1.659365 0.091002 -0.052711 0.055284 0.705139 0.704942
143.196000000 15.092416 1.659365 0.091002 -0.052711 0.055284 0.705139 0.704942
143.216000000 15.092416 1.659365 0.091002 -0.052711 0.055284 0.705139 0.704942
143.236000000 15.092416 1.659365 0.091002 -0.052711 0.055284 0.705139 0.704942
143.256000000 15.092416 1.659365 0.091002 -0.052711 0.055284 0.705139 0.704942
143.276000000 15.092416 1.659365 0.091002 -0.052711 0.055284 0.705139 0.704942
143.296000000 15.092416 1.659365 0.091002 -0.052711 0.055284 0.705139 0.704942
143.316000000 15.092416 1.659365 0.091002 -0.052711 0.055284 0.705139 0.704942
143.336000000 15.092416 1.659365 0.091002 -0.052711 0.055284 0.705139 0.704942
143.356000000 15.092416 1.659365 0.091002 -0.052711 0.055284 0.705139 0.704942
143.376000000 15.092416 1.659365 0.091002 -0.052711 0.055284 0.705139 0.704942
143.396000000 15.092416 1.659365 0.091002 -0.052711 0.055284 0.705139 0.704942
143.416000000 15.092416 1.659365 0.091002 -0.052711 0.055284 0.705139 0.704942
143.436000000 15.092416 1.659365 0.091002 -0.052711 0.055284 0.705139 0.704942
143.456000000 15.092416 1.659365 0.091002 -0.052711 0.055284 0.705139 0.704942
143.476000000 15.092416 1.659365 0.091004 -0.052714 0.055287 0.705139 0.704942
143.496000000 15.092416 1.659364 0.091025 -0.052744 0.055317 0.705137 0.704940
143.516000000 15.092416 1.659360 0.091071 -0.052812 0.055385 0.705132 0.704934
143.536000000 15.092417 1.659355 0.091142 -0.052916 0.055489 0.705124 0.704926
143.556000000 15.092417 1.659347 0.091235 -0.053052 0.055625 0.705114 0.704915
143.576000000 15.092417 1.659339 0.091348 -0.053218 0.055791 0.705101 0.704902
143.596000000 15.092418 1.659329 0.091480 -0.053411 0.055984 0.705087 0.704887
143.616000000 15.092411 1.659325 0.091627 -0.053628 0.056200 0.705059 0.704881
143.636000000 15.092419 1.659320 0.091784 -0.053859 0.056455 0.705053 0.704849
143.656000000 15.092419 1.659306 0.091957 -0.054111 0.056708 0.705034 0.704829
143.676000000 15.092420 1.659293 0.092138 -0.054376 0.056973 0.705013 0.704808
143.696000000 15.092421 1.659278 0.092325 -0.054650 0.057247 0.704992 0.704785
143.716000000 15.092421 1.659264 0.092516 -0.054931 0.057527 0.704970 0.704763
143.736000000 15.092422 1.659250 0.092710 -0.055214 0.057810 0.704948 0.704739
143.756000000 15.092423 1.659236 0.092903 -0.055497 0.058093 0.704926 0.704716
143.776000000 15.092423 1.659222 0.093094 -0.055777 0.058373 0.704904 0.704693
143.796000000 15.092424 1.659209 0.093282 -0.056051 0.058648 0.704882 0.704670
143.816000000 15.092425 1.659196 0.093464 -0.056318 0.058915 0.704861 0.704648
143.836000000 15.092425 1.659184 0.093640 -0.056576 0.059172 0.704840 0.704626
143.856000000 15.092426 1.659173 0.093809 -0.056822 0.059418 0.704820 0.704606
143.876000000 15.092426 1.659162 0.093968 -0.057055 0.059651 0.704801 0.704586
143.896000000 15.092427 1.659152 0.094117 -0.057274 0.059870 0.704784 0.704567
143.916000000 15.092428 1.659143 0.094256 -0.057477 0.060073 0.704767 0.704550
143.936000000 15.092428 1.659134 0.094384 -0.057664 0.060260 0.704752 0.704534
143.956000000 15.092428 1.659127 0.094500 -0.057834 0.060430 0.704738 0.704520
143.976000000 15.092429 1.659120 0.094605 -0.057987 0.060583 0.704725 0.704507
143.996000000 15.092429 1.659114 0.094697 -0.058122 0.060718 0.704714 0.704495
144.016000000 15.092429 1.659108 0.094778 -0.058240 0.060836 0.704704 0.704485
144.036000000 15.092430 1.659104 0.094847 -0.058341 0.060936 0.704696 0.704476
144.056000000 15.092430 1.659100 0.094904 -0.058425 0.061020 0.704689 0.704469
144.076000000 15.092430 1.659097 0.094950 -0.058492 0.061088 0.704684 0.704463
144.096000000 15.092430 1.659095 0.094986 -0.058544 0.061140 0.704679 0.704459
144.116000000 15.092430 1.659093 0.095011 -0.058581 0.061177 0.704676 0.704455
144.136000000 15.092430 1.659092 0.095027 -0.058604 0.061200 0.704674 0.704453
144.156000000 15.092430 1.659091 0.095034 -0.058614 0.061210 0.704673 0.704452
144.176000000 15.092430 1.659091 0.095032 -0.058612 0.061208 0.704674 0.704453
144.196000000 15.092430 1.659092 0.095023 -0.058599 0.061194 0.704675 0.704454
144.216000000 15.092430 1.659092 0.095007 -0.058575 0.061171 0.704677 0.704456
144.236000000 15.092430 1.659094 0.094985 -0.058542 0.061138 0.704679 0.704459
144.256000000 15.092430 1.659095 0.094957 -0.058502 0.061097 0.704683 0.704462
144.276000000 15.092430 1.659097 0.094924 -0.058454 0.061050 0.704687 0.704466
144.296000000 15.092430 1.659099 0.094888 -0.058401 0.060996 0.704691 0.704471
144.316000000 15.092430 1.659101 0.094848 -0.058342 0.060938 0.704696 0.704476
144.336000000 15.092429 1.659104 0.094805 -0.058280 0.060876 0.704701 0.704481
144.356000000 15.092429 1.659106 0.094760 -0.058215 0.060810 0.704706 0.704487
144.376000000 15.092429 1.659109 0.094714 -0.058147 0.060742 0.704712 0.704493
144.396000000 15.092429 1.659112 0.094667 -0.058078 0.060673 0.704718 0.704499
144.416000000 15.092429 1.659115 0.094619 -0.058008 0.060603 0.704723 0.704505
144.436000000 15.092429 1.659118 0.094571 -0.057938 0.060533 0.704729 0.704511
144.456000000 15.092428 1.659121 0.094524 -0.057868 0.060464 0.704735 0.704517
144.476000000 15.092428 1.659123 0.094477 -0.057800 0.060396 0.704741 0.704523
144.496000000 15.092428 1.659126 0.094431 -0.057733 0.060329 0.704746 0.704528
144.516000000 15.092428 1.659129 0.094387 -0.057669 0.060264 0.704751 0.704534
144.536000000 15.092428 1.659131 0.094345 -0.057606 0.060202 0.704756 0.704539
144.556000000 15.092428 1.659134 0.094304 -0.057547 0.060143 0.704761 0.704544
144.576000000 15.092427 1.659136 0.094265 -0.057490 0.060086 0.704766 0.704549
144.596000000 15.092427 1.659139 0.094229 -0.057437 0.060032 0.704770 0.704554
144.616000000 15.092427 1.659141 0.094194 -0.057386 0.059982 0.704774 0.704558
144.636000000 15.092427 1.659143 0.094162 -0.057339 0.059935 0.704778 0.704562
144.656000000 15.092427 1.659145 0.094132 -0.057295 0.059891 0.704782 0.704566
144.676000000 15.092427 1.659146 0.094104 -0.057255 0.059851 0.704785 0.704569
144.696000000 15.092427 1.659148 0.094079 -0.057217 0.059813 0.704788 0.704572
144.716000000 15.092427 1.659149 0.094055 -0.057183 0.059779 0.704791 0.704575
144.736000000 15.092427 1.659151 0.094034 -0.057152 0.059748 0.704793 0.704578
144.756000000 15.092427 1.659152 0.094015 -0.057123 0.059719 0.704796 0.704580
144.776000000 15.092426 1.659153 0.093997 -0.057098 0.059694 0.704798 0.704583
144.796000000 15.092426 1.659154 0.093981 -0.057074 0.059670 0.704800 0.704585
144.816000000 15.092426 1.659155 0.093966 -0.057053 0.059649 0.704801 0.704586
144.836000000 15.092426 1.659156 0.093953 -0.057033 0.059629 0.704803 0.704588
144.856000000 15.092426 1.659157 0.093941 -0.057015 0.059612 0.704804 0.704590
144.876000000 15.092426 1.659157 0.093929 -0.056999 0.059595 0.704806 0.704591
144.896000000 15.092426 1.659158 0.093919 -0.056984 0.059580 0.704807 0.704592
144.916000000 15.092426 1.659159 0.093909 -0.056969 0.059565 0.704808 0.704593
144.936000000 15.092426 1.659159 0.093899 -0.056955 0.059551 0.704809 0.704595
144.956000000 15.092426 1.659160 0.093890 -0.056941 0.059537 0.704810 0.704596
144.976000000 15.092426 1.659160 0.093880 -0.056927 0.059523 0.704812 0.704597
144.996000000 15.092426 1.659161 0.093871 -0.056913 0.059509 0.704813 0.704598
145.016000000 15.092426 1.659162 0.093861 -0.056898 0.059494 0.704814 0.704599
145.036000000 15.092426 1.659162 0.093850 -0.056883 0.059479 0.704815 0.704601
145.056000000 15.092426 1.659163 0.093839 -0.056866 0.059462 0.704816 0.704602
145.076000000 15.092426 1.659164 0.093827 -0.056849 0.059445 0.704818 0.704604
145.096000000 15.092426 1.659165 0.093814 -0.056830 0.059426 0.704819 0.704605
145.116000000 15.092426 1.659165 0.093800 -0.056809 0.059406 0.704821 0.704607
145.136000000 15.092426 1.659166 0.093785 -0.056787 0.059383 0.704823 0.704609
145.156000000 15.092426 1.659167 0.093769 -0.056763 0.059360 0.704825 0.704611
145.176000000 15.092426 1.659169 0.093751 -0.056738 0.059334 0.704827 0.704613
145.196000000 15.092425 1.659170 0.093732 -0.056710 0.059306 0.704829 0.704615
145.216000000 15.092425 1.659171 0.093712 -0.056681 0.059277 0.704831 0.704618
145.236000000 15.092425 1.659173 0.093690 -0.056649 0.059245 0.704834 0.704620
145.256000000 15.092425 1.659174 0.093667 -0.056615 0.059211 0.704837 0.704623
145.276000000 15.092425 1.659176 0.093643 -0.056579 0.059175 0.704840 0.704626
145.296000000 15.092425 1.659177 0.093617 -0.056541 0.059137 0.704843 0.704630
145.316000000 15.092425 1.659179 0.093589 -0.056501 0.059097 0.704846 0.704633
145.336000000 15.092425 1.659181 0.093560 -0.056459 0.059055 0.704849 0.704636
145.356000000 15.092425 1.659183 0.093530 -0.056415 0.059011 0.704853 0.704640
145.376000000 15.092425 1.659185 0.093499 -0.056368 0.058965 0.704856 0.704644
145.396000000 15.092425 1.659187 0.093466 -0.056320 0.058917 0.704860 0.704648
145.416000000 15.092424 1.659190 0.093432 -0.056270 0.058867 0.704864 0.704652
145.436000000 15.092424 1.659192 0.093396 -0.056218 0.058815 0.704868 0.704657
145.456000000 15.092424 1.659194 0.093359 -0.056165 0.058761 0.704873 0.704661
145.476000000 15.092424 1.659197 0.093322 -0.056110 0.058706 0.704877 0.704666
145.496000000 15.092424 1.659200 0.093283 -0.056053 0.058649 0.704882 0.704670
145.516000000 15.092424 1.659202 0.093243 -0.055995 0.058591 0.704886 0.704675
145.536000000 15.092424 1.659205 0.093203 -0.055935 0.058532 0.704891 0.704680
145.556000000 15.092423 1.659208 0.093161 -0.055874 0.058471 0.704896 0.704685
145.576000000 15.092423 1.659211 0.093119 -0.055813 0.058409 0.704901 0.704690
145.596000000 15.092423 1.659214 0.093076 -0.055750 0.058346 0.704906 0.704695
145.616000000 15.092423 1.659217 0.093032 -0.055686 0.058282 0.704911 0.704701
145.636000000 15.092423 1.659220 0.092988 -0.055621 0.058217 0.704916 0.704706
145.656000000 15.092423 1.659223 0.092943 -0.055555 0.058151 0.704921 0.704712
145.676000000 15.092422 1.659226 0.092897 -0.055489 0.058085 0.704926 0.704717
145.696000000 15.092422 1.659229 0.092852 -0.055421 0.058018 0.704932 0.704723
145.716000000 15.092422 1.659232 0.092805 -0.055354 0.057951 0.704937 0.704728
145.736000000 15.092422 1.659236 0.092759 -0.055286 0.057882 0.704942 0.704734
145.756000000 15.092422 1.659239 0.092712 -0.055217 0.057814 0.704948 0.704739
145.776000000 15.092422 1.659242 0.092665 -0.055149 0.057745 0.704953 0.704745
145.796000000 15.092421 1.659245 0.092618 -0.055079 0.057676 0.704958 0.704751
145.816000000 15.092421 1.659249 0.092571 -0.055010 0.057607 0.704964 0.704756
145.836000000 15.092421 1.659252 0.092523 -0.054941 0.057538 0.704969 0.704762
145.856000000 15.092421 1.659255 0.092476 -0.054871 0.057468 0.704975 0.704768
145.876000000 15.092421 1.659259 0.092428 -0.054802 0.057398 0.704980 0.704773
145.896000000 15.092421 1.659262 0.092381 -0.054732 0.057329 0.704985 0.704779
145.916000000 15.092420 1.659266 0.092333 -0.054662 0.057259 0.704991 0.704785
145.936000000 15.092420 1.659269 0.092286 -0.054593 0.057189 0.704996 0.704790
145.956000000 15.092420 1.659272 0.092238 -0.054523 0.057120 0.705002 0.704796
145.976000000 15.092420 1.659276 0.092191 -0.054454 0.057050 0.705007 0.704802
145.996000000 15.092420 1.659279 0.092143 -0.054384 0.056981 0.705012 0.704807
146.016000000 15.092419 1.659283 0.092096 -0.054315 0.056912 0.705018 0.704813
146.036000000 15.092419 1.659286 0.092049 -0.054246 0.056843 0.705023 0.704818
146.056000000 15.092419 1.659290 0.092002 -0.054177 0.056774 0.705028 0.704824
146.076000000 15.092419 1.659293 0.091955 -0.054108 0.056705 0.705034 0.704829
146.096000000 15.092419 1.659296 0.091908 -0.054039 0.056636 0.705039 0.704835
146.116000000 15.092419 1.659300 0.091861 -0.053971 0.056568 0.705044 0.704840
146.136000000 15.092418 1.659303 0.091814 -0.053903 0.056500 0.705049 0.704846
146.156000000 15.092418 1.659307 0.091768 -0.053834 0.056432 0.705055 0.704851
146.176000000 15.092418 1.659310 0.091721 -0.053767 0.056364 0.705060 0.704857
146.196000000 15.092418 1.659314 0.091675 -0.053699 0.056296 0.705065 0.704862
146.216000000 15.092418 1.659317 0.091629 -0.053631 0.056229 0.705070 0.704868
146.236000000 15.092418 1.659320 0.091583 -0.053564 0.056161 0.705075 0.704873
146.256000000 15.092417 1.659324 0.091537 -0.053497 0.056094 0.705080 0.704878
146.276000000 15.092417 1.659327 0.091492 -0.053430 0.056027 0.705085 0.704884
146.296000000 15.092417 1.659331 0.091446 -0.053363 0.055960 0.705090 0.704889
146.316000000 15.092417 1.659334 0.091400 -0.053296 0.055894 0.705095 0.704894
146.336000000 15.092417 1.659338 0.091355 -0.053230 0.055827 0.705100 0.704900
146.356000000 15.092417 1.659341 0.091310 -0.053164 0.055761 0.705105 0.704905
146.376000000 15.092416 1.659344 0.091265 -0.053098 0.055695 0.705110 0.704910
146.396000000 15.092416 1.659347 0.091227 -0.053042 0.055638 0.705115 0.704914
146.416000000 15.092416 1.659348 0.091224 -0.053038 0.055634 0.705115 0.704915
146.436000000 15.092416 1.659348 0.091224 -0.053038 0.055634 0.705115 0.704915
146.456000000 15.092416 1.659348 0.091224 -0.053038 0.055634 0.705115 0.704915
146.476000000 15.092416 1.659348 0.091224 -0.053038 0.055634 0.705115 0.704915
146.496000000 15.092416 1.659348 0.091224 -0.053038 0.055634 0.705115 0.704915
146.516000000 15.092416 1.659348 0.091224 -0.053038 0.055634 0.705115 0.704915
146.536000000 15.092416 1.659348 0.091224 -0.053038 0.055634 0.705115 0.704915
146.556000000 15.092416 1.659348 0.091224 -0.053038 0.055634 0.705115 0.704915
146.576000000 15.092416 1.659348 0.091224 -0.053038 0.055634 0.705115 0.704915
146.596000000 15.092416 1.659348 0.091224 -0.053038 0.055634 0.705115 0.704915
146.616000000 15.092416 1.659348 0.091224 -0.053038 0.055634 0.705115 0.704915
146.636000000 15.092416 1.659348 0.091224 -0.053038 0.055634 0.705115 0.704915
146.656000000 15.092416 1.659348 0.091224 -0.053038 0.055634 0.705115 0.704915
146.676000000 15.092416 1.659348 0.091224 -0.053038 0.055634 0.705115 0.704915
146.696000000 15.092416 1.659348 0.091224 -0.053038 0.055634 0.705115 0.704915
146.716000000 15.092416 1.659348 0.091224 -0.053038 0.055634 0.705115 0.704915
146.736000000 15.092416 1.659348 0.091224 -0.053038 0.055634 0.705115 0.704915
146.756000000 15.092416 1.659348 0.091224 -0.053038 0.055634 0.705115 0.704915
146.776000000 15.092416 1.659348 0.091224 -0.053038 0.055634 0.705115 0.704915
146.796000000 15.092416 1.659348 0.091224 -0.053038 0.055634 0.705115 0.704915
146.816000000 15.092416 1.659348 0.091224 -0.053038 0.055634 0.705115 0.704915
146.836000000 15.092416 1.659348 0.091224 -0.053038 0.055634 0.705115 0.704915
146.856000000 15.092416 1.659348 0.091224 -0.053038 0.055634 0.705115 0.704915
146.876000000 15.092416 1.659348 0.091224 -0.053038 0.055634 0.705115 0.704915
146.896000000 15.092416 1.659348 0.091224 -0.053038 0.055634 0.705115 0.704915
146.916000000 15.092416 1.659348 0.091224 -0.053038 0.055634 0.705115 0.704915
146.936000000 15.092416 1.659348 0.091224 -0.053038 0.055634 0.705115 0.704915
146.956000000 15.092416 1.659348 0.091224 -0.053038 0.055634 0.705115 0.704915
146.976000000 15.092416 1.659348 0.091224 -0.053038 0.055634 0.705115 0.704915
146.996000000 15.092416 1.659348 0.091224 -0.053038 0.055634 0.705115 0.704915
147.016000000 15.092416 1.659348 0.091224 -0.053038 0.055634 0.705115 0.704915
147.036000000 15.092416 1.659348 0.091224 -0.053038 0.055634 0.705115 0.704915
147.056000000 15.092416 1.659348 0.091224 -0.053038 0.055634 0.705115 0.704915
147.076000000 15.092416 1.659348 0.091224 -0.053038 0.055634 0.705115 0.704915
147.096000000 15.092416 1.659348 0.091224 -0.053038 0.055634 0.705115 0.704915
147.116000000 15.092416 1.659348 0.091224 -0.053038 0.055634 0.705115 0.704915
147.136000000 15.092416 1.659348 0.091224 -0.053038 0.055634 0.705115 0.704915
147.156000000 15.092416 1.659348 0.091224 -0.053038 0.055634 0.705115 0.704915
147.176000000 15.092416 1.659348 0.091224 -0.053038 0.055634 0.705115 0.704915
147.196000000 15.092416 1.659348 0.091224 -0.053038 0.055634 0.705115 0.704915
147.216000000 15.092416 1.659348 0.091224 -0.053038 0.055634 0.705115 0.704915
147.236000000 15.092416 1.659348 0.091224 -0.053038 0.055634 0.705115 0.704915
147.256000000 15.092416 1.659348 0.091224 -0.053038 0.055634 0.705115 0.704915
147.276000000 15.092416 1.659348 0.091224 -0.053038 0.055634 0.705115 0.704915
147.296000000 15.092416 1.659348 0.091224 -0.053038 0.055634 0.705115 0.704915
147.316000000 15.092416 1.659348 0.091224 -0.053038 0.055634 0.705115 0.704915
147.336000000 15.092416 1.659348 0.091224 -0.053038 0.055634 0.705115 0.704915
147.356000000 15.092416 1.659348 0.091224 -0.053038 0.055634 0.705115 0.704915
147.376000000 15.092416 1.659348 0.091224 -0.053038 0.055634 0.705115 0.704915
147.396000000 15.092416 1.659348 0.091224 -0.053038 0.055634 0.705115 0.704915
147.416000000 15.092416 1.659348 0.091224 -0.053038 0.055634 0.705115 0.704915
147.436000000 15.092416 1.659348 0.091224 -0.053038 0.055634 0.705115 0.704915
147.456000000 15.092416 1.659348 0.091224 -0.053038 0.055634 0.705115 0.704915
147.476000000 15.092416 1.659348 0.091224 -0.053038 0.055634 0.705115 0.704915
147.496000000 15.092416 1.659348 0.091224 -0.053038 0.055634 0.705115 0.704915
147.516000000 15.092416 1.659348 0.091224 -0.053038 0.055634 0.705115 0.704915
147.536000000 15.092416 1.659348 0.091224 -0.053038 0.055634 0.705115 0.704915
147.556000000 15.092416 1.659348 0.091224 -0.053038 0.055634 0.705115 0.704915
147.576000000 15.092416 1.659348 0.091224 -0.053038 0.055634 0.705115 0.704915
147.596000000 15.092416 1.659348 0.091224 -0.053038 0.055634 0.705115 0.704915
147.616000000 15.092416 1.659348 0.091224 -0.053038 0.055634 0.705115 0.704915
147.636000000 15.092416 1.659348 0.091224 -0.053038 0.055634 0.705115 0.704915
147.656000000 15.092416 1.659348 0.091224 -0.053038 0.055634 0.705115 0.704915
147.676000000 15.092416 1.659348 0.091224 -0.053038 0.055634 0.705115 0.704915
147.696000000 15.092416 1.659348 0.091224 -0.053038 0.055634 0.705115 0.704915
147.716000000 15.092416 1.659348 0.091224 -0.053038 0.055634 0.705115 0.704915
147.736000000 15.092416 1.659348 0.091224 -0.053038 0.055634 0.705115 0.704915
147.756000000 15.092416 1.659348 0.091224 -0.053038 0.055634 0.705115 0.704915
147.776000000 15.092416 1.659348 0.091224 -0.053038 0.055634 0.705115 0.704915
147.796000000 15.092416 1.659348 0.091224 -0.053038 0.055634 0.705115 0.704915
147.816000000 15.092416 1.659348 0.091224 -0.053038 0.055634 0.705115 0.704915
147.836000000 15.092416 1.659348 0.091224 -0.053038 0.055634 0.705115 0.704915
147.856000000 15.092416 1.659348 0.091224 -0.053038 0.055634 0.705115 0.704915
147.876000000 15.092416 1.659348 0.091224 -0.053038 0.055634 0.705115 0.704915
147.896000000 15.092416 1.659348 0.091224 -0.053038 0.055634 0.705115 0.704915
147.916000000 15.092416 1.659348 0.091224 -0.053038 0.055634 0.705115 0.704915
147.936000000 15.092416 1.659348 0.091224 -0.053038 0.055634 0.705115 0.704915
147.956000000 15.092416 1.659348 0.091224 -0.053038 0.055634 0.705115 0.704915
147.976000000 15.092416 1.659348 0.091224 -0.053038 0.055634 0.705115 0.704915
147.996000000 15.092416 1.659348 0.091224 -0.053038 0.055634 0.705115 0.704915
148.016000000 15.092416 1.659348 0.091224 -0.053038 0.055634 0.705115 0.704915
148.036000000 15.092416 1.659348 0.091224 -0.053038 0.055634 0.705115 0.704915
148.056000000 15.092416 1.659348 0.091224 -0.053038 0.055634 0.705115 0.704915
148.076000000 15.092416 1.659348 0.091224 -0.053038 0.055634 0.705115 0.704915
148.096000000 15.092416 1.659348 0.091224 -0.053038 0.055634 0.705115 0.704915
148.116000000 15.092416 1.659348 0.091224 -0.053038 0.055634 0.705115 0.704915
148.136000000 15.092416 1.659348 0.091224 -0.053038 0.055634 0.705115 0.704915
148.156000000 15.092416 1.659348 0.091224 -0.053038 0.055634 0.705115 0.704915
148.176000000 15.092416 1.659348 0.091224 -0.053038 0.055634 0.705115 0.704915
148.196000000 15.092416 1.659348 0.091224 -0.053038 0.055634 0.705115 0.704915
148.216000000 15.092416 1.659348 0.091224 -0.053038 0.055634 0.705115 0.704915
148.236000000 15.092416 1.659348 0.091224 -0.053038 0.055634 0.705115 0.704915
148.256000000 15.092416 1.659348 0.091224 -0.053038 0.055634 0.705115 0.704915
148.276000000 15.092416 1.659348 0.091224 -0.053038 0.055634 0.705115 0.704915
148.296000000 15.092416 1.659348 0.091224 -0.053038 0.055634 0.705115 0.704915
148.316000000 15.092416 1.659348 0.091224 -0.053038 0.055634 0.705115 0.704915
148.336000000 15.092416 1.659348 0.091224 -0.053038 0.055634 0.705115 0.704915
148.356000000 15.092416 1.659348 0.091224 -0.053038 0.055634 0.705115 0.704915
148.376000000 15.092416 1.659348 0.091224 -0.053038 0.055634 0.705115 0.704915
148.396000000 15.092416 1.659348 0.091224 -0.053038 0.055634 0.705115 0.704915
148.416000000 15.092416 1.659348 0.091224 -0.053038 0.055634 0.705115 0.704915
148.436000000 15.092416 1.659348 0.091224 -0.053038 0.055634 0.705115 0.704915
148.456000000 15.092416 1.659348 0.091224 -0.053038 0.055634 0.705115 0.704915
148.476000000 15.092416 1.659348 0.091224 -0.053038 0.055634 0.705115 0.704915
148.496000000 15.092416 1.659348 0.091224 -0.053038 0.055634 0.705115 0.704915
148.516000000 15.092416 1.659348 0.091224 -0.053038 0.055634 0.705115 0.704915
148.536000000 15.092416 1.659348 0.091224 -0.053038 0.055634 0.705115 0.704915
148.556000000 15.092416 1.659348 0.091224 -0.053038 0.055634 0.705115 0.704915
148.576000000 15.092416 1.659348 0.091224 -0.053038 0.055634 0.705115 0.704915
148.596000000 15.092416 1.659348 0.091224 -0.053038 0.055634 0.705115 0.704915
148.616000000 15.092416 1.659348 0.091224 -0.053038 0.055634 0.705115 0.704915
148.636000000 15.092416 1.659348 0.091224 -0.053038 0.055634 0.705115 0.704915
148.656000000 15.092416 1.659348 0.091224 -0.053038 0.055634 0.705115 0.704915
148.676000000 15.092416 1.659348 0.091224 -0.053038 0.055634 0.705115 0.704915
148.696000000 15.092416 1.659348 0.091224 -0.053038 0.055634 0.705115 0.704915
148.716000000 15.092416 1.659348 0.091224 -0.053038 0.055634 0.705115 0.704915
148.736000000 15.092416 1.659348 0.091224 -0.053038 0.055634 0.705115 0.704915
148.756000000 15.092416 1.659348 0.091224 -0.053038 0.055634 0.705115 0.704915
148.776000000 15.092416 1.659348 0.091224 -0.053038 0.055634 0.705115 0.704915
148.796000000 15.092416 1.659348 0.091224 -0.053038 0.055634 0.705115 0.704915
148.816000000 15.092416 1.659348 0.091224 -0.053038 0.055634 0.705115 0.704915
148.836000000 15.092416 1.659348 0.091224 -0.053038 0.055634 0.705115 0.704915
148.856000000 15.092416 1.659348 0.091224 -0.053038 0.055634 0.705115 0.704915
148.876000000 15.092416 1.659348 0.091224 -0.053038 0.055634 0.705115 0.704915
148.896000000 15.092416 1.659348 0.091224 -0.053038 0.055634 0.705115 0.704915
148.916000000 15.092416 1.659348 0.091224 -0.053038 0.055634 0.705115 0.704915
148.936000000 15.092416 1.659348 0.091224 -0.053038 0.055634 0.705115 0.704915
148.956000000 15.092416 1.659348 0.091224 -0.053038 0.055634 0.705115 0.704915
148.976000000 15.092416 1.659348 0.091224 -0.053038 0.055634 0.705115 0.704915
148.996000000 15.092416 1.659348 0.091224 -0.053038 0.055634 0.705115 0.704915
149.016000000 15.092416 1.659348 0.091224 -0.053038 0.055634 0.705115 0.704915
149.036000000 15.092416 1.659348 0.091224 -0.053038 0.055634 0.705115 0.704915
149.056000000 15.092416 1.659348 0.091224 -0.053038 0.055634 0.705115 0.704915
149.076000000 15.092416 1.659348 0.091224 -0.053038 0.055634 0.705115 0.704915
149.096000000 15.092416 1.659348 0.091224 -0.053038 0.055634 0.705115 0.704915
149.116000000 15.092416 1.659348 0.091224 -0.053038 0.055634 0.705115 0.704915
149.136000000 15.092416 1.659348 0.091224 -0.053038 0.055634 0.705115 0.704915
149.156000000 15.092416 1.659348 0.091224 -0.053038 0.055634 0.705115 0.704915
149.176000000 15.092416 1.659348 0.091224 -0.053038 0.055634 0.705115 0.704915
149.196000000 15.092416 1.659348 0.091224 -0.053038 0.055634 0.705115 0.704915
149.216000000 15.092416 1.659348 0.091224 -0.053038 0.055634 0.705115 0.704915
149.236000000 15.092416 1.659348 0.091224 -0.053038 0.055634 0.705115 0.704915
149.256000000 15.092416 1.659348 0.091224 -0.053038 0.055634 0.705115 0.704915
149.276000000 15.092416 1.659348 0.091224 -0.053038 0.055634 0.705115 0.704915
149.296000000 15.092416 1.659348 0.091224 -0.053038 0.055634 0.705115 0.704915
149.316000000 15.092416 1.659348 0.091224 -0.053038 0.055634 0.705115 0.704915
149.336000000 15.092416 1.659348 0.091224 -0.053038 0.055634 0.705115 0.704915
149.356000000 15.092416 1.659348 0.091224 -0.053038 0.055634 0.705115 0.704915
149.376000000 15.092416 1.659348 0.091224 -0.053038 0.055634 0.705115 0.704915
149.396000000 15.092416 1.659348 0.091224 -0.053038 0.055634 0.705115 0.704915
149.416000000 15.092416 1.659348 0.091224 -0.053038 0.055634 0.705115 0.704915
149.436000000 15.092416 1.659348 0.091224 -0.053038 0.055634 0.705115 0.704915
149.456000000 15.092416 1.659348 0.091224 -0.053038 0.055634 0.705115 0.704915
149.476000000 15.092416 1.659348 0.091224 -0.053038 0.055634 0.705115 0.704915
149.496000000 15.092416 1.659348 0.091224 -0.053038 0.055634 0.705115 0.704915
149.516000000 15.092416 1.659348 0.091224 -0.053038 0.055634 0.705115 0.704915
149.536000000 15.092416 1.659348 0.091224 -0.053038 0.055634 0.705115 0.704915
149.556000000 15.092416 1.659348 0.091224 -0.053038 0.055634 0.705115 0.704915
149.576000000 15.092416 1.659348 0.091224 -0.053038 0.055634 0.705115 0.704915
149.596000000 15.092416 1.659348 0.091224 -0.053038 0.055634 0.705115 0.704915
149.616000000 15.092416 1.659348 0.091224 -0.053038 0.055634 0.705115 0.704915
149.636000000 15.092416 1.659348 0.091224 -0.053038 0.055634 0.705115 0.704915
149.656000000 15.092416 1.659348 0.091224 -0.053038 0.055634 0.705115 0.704915
149.676000000 15.092416 1.659348 0.091224 -0.053038 0.055634 0.705115 0.704915
149.696000000 15.092416 1.659348 0.091224 -0.053038 0.055634 0.705115 0.704915
149.716000000 15.092416 1.659348 0.091224 -0.053038 0.055634 0.705115 0.704915
149.736000000 15.092416 1.659348 0.091224 -0.053038 0.055634 0.705115 0.704915
149.756000000 15.092416 1.659348 0.091224 -0.053038 0.055634 0.705115 0.704915
149.776000000 15.092416 1.659348 0.091224 -0.053038 0.055634 0.705115 0.704915
149.796000000 15.092416 1.659348 0.091224 -0.053038 0.055634 0.705115 0.704915
149.816000000 15.092416 1.659348 0.091224 -0.053038 0.055634 0.705115 0.704915
149.836000000 15.092416 1.659347 0.091225 -0.053040 0.055635 0.705115 0.704915
149.856000000 15.092416 1.659347 0.091236 -0.053056 0.055651 0.705113 0.704913
149.876000000 15.092416 1.659345 0.091260 -0.053091 0.055687 0.705111 0.704911
149.896000000 15.092417 1.659342 0.091297 -0.053144 0.055740 0.705107 0.704906
149.916000000 15.092417 1.659338 0.091344 -0.053214 0.055809 0.705102 0.704901
149.936000000 15.092417 1.659334 0.091402 -0.053299 0.055894 0.705095 0.704894
149.956000000 15.092417 1.659329 0.091470 -0.053398 0.055993 0.705088 0.704886
149.976000000 15.092417 1.659323 0.091546 -0.053510 0.056105 0.705079 0.704877
149.996000000 15.092418 1.659317 0.091630 -0.053633 0.056228 0.705070 0.704868
150.016000000 15.092418 1.659310 0.091721 -0.053766 0.056361 0.705060 0.704857
150.036000000 15.092418 1.659303 0.091817 -0.053907 0.056502 0.705049 0.704846
150.056000000 15.092419 1.659296 0.091918 -0.054054 0.056649 0.705038 0.704834
150.076000000 15.092419 1.659288 0.092022 -0.054208 0.056802 0.705026 0.704822
150.096000000 15.092421 1.659294 0.092126 -0.054379 0.056963 0.705014 0.704808
150.116000000 15.092421 1.659286 0.092236 -0.054540 0.057123 0.705001 0.704795
150.136000000 15.092421 1.659277 0.092347 -0.054703 0.057286 0.704989 0.704781
150.156000000 15.092422 1.659269 0.092458 -0.054866 0.057449 0.704976 0.704768
150.176000000 15.092422 1.659260 0.092568 -0.055027 0.057611 0.704963 0.704755
150.196000000 15.092422 1.659252 0.092677 -0.055187 0.057770 0.704951 0.704742
150.216000000 15.092423 1.659244 0.092784 -0.055343 0.057926 0.704939 0.704729
150.236000000 15.092423 1.659236 0.092888 -0.055495 0.058079 0.704927 0.704717
150.256000000 15.092424 1.659229 0.092989 -0.055643 0.058226 0.704915 0.704705
150.276000000 15.092424 1.659222 0.093086 -0.055784 0.058368 0.704904 0.704693
150.296000000 15.092424 1.659215 0.093178 -0.055920 0.058503 0.704893 0.704682
150.316000000 15.092424 1.659208 0.093267 -0.056049 0.058632 0.704883 0.704671
150.336000000 15.092425 1.659202 0.093350 -0.056172 0.058755 0.704873 0.704661
150.356000000 15.092425 1.659197 0.093429 -0.056287 0.058870 0.704864 0.704651
150.376000000 15.092425 1.659191 0.093502 -0.056394 0.058977 0.704855 0.704642
150.396000000 15.092426 1.659186 0.093571 -0.056495 0.059078 0.704847 0.704634
150.416000000 15.092426 1.659182 0.093634 -0.056587 0.059170 0.704839 0.704626
150.436000000 15.092426 1.659178 0.093692 -0.056673 0.059256 0.704833 0.704619
150.456000000 15.092426 1.659174 0.093746 -0.056751 0.059334 0.704826 0.704613
150.476000000 15.092426 1.659170 0.093794 -0.056821 0.059404 0.704821 0.704607
150.496000000 15.092426 1.659167 0.093838 -0.056885 0.059468 0.704815 0.704601
150.516000000 15.092427 1.659165 0.093877 -0.056943 0.059525 0.704811 0.704596
150.536000000 15.092427 1.659162 0.093912 -0.056994 0.059576 0.704807 0.704592
150.556000000 15.092427 1.659160 0.093943 -0.057039 0.059622 0.704803 0.704588
150.576000000 15.092427 1.659158 0.093970 -0.057078 0.059661 0.704800 0.704585
150.596000000 15.092427 1.659156 0.093993 -0.057113 0.059695 0.704797 0.704582
150.616000000 15.092427 1.659155 0.094013 -0.057142 0.059725 0.704794 0.704580
150.636000000 15.092427 1.659153 0.094031 -0.057167 0.059750 0.704792 0.704578
150.656000000 15.092427 1.659152 0.094045 -0.057189 0.059772 0.704791 0.704576
150.676000000 15.092427 1.659151 0.094057 -0.057207 0.059789 0.704789 0.704574
150.696000000 15.092427 1.659150 0.094068 -0.057222 0.059804 0.704788 0.704573
150.716000000 15.092427 1.659150 0.094076 -0.057234 0.059817 0.704787 0.704572
150.736000000 15.092427 1.659149 0.094083 -0.057244 0.059827 0.704786 0.704571
150.756000000 15.092427 1.659149 0.094089 -0.057252 0.059835 0.704785 0.704570
150.776000000 15.092427 1.659148 0.094093 -0.057259 0.059841 0.704785 0.704570
150.796000000 15.092427 1.659148 0.094097 -0.057264 0.059847 0.704784 0.704569
150.816000000 15.092427 1.659147 0.094099 -0.057268 0.059851 0.704784 0.704569
150.836000000 15.092427 1.659147 0.094103 -0.057273 0.059856 0.704784 0.704569
150.856000000 15.092427 1.659147 0.094105 -0.057276 0.059859 0.704783 0.704568
150.876000000 15.092427 1.659147 0.094108 -0.057280 0.059863 0.704783 0.704568
150.896000000 15.092427 1.659146 0.094110 -0.057284 0.059866 0.704783 0.704568
150.916000000 15.092427 1.659146 0.094113 -0.057288 0.059871 0.704782 0.704567
150.936000000 15.092427 1.659146 0.094116 -0.057292 0.059875 0.704782 0.704567
150.956000000 15.092427 1.659145 0.094120 -0.057298 0.059881 0.704782 0.704567
150.976000000 15.092427 1.659145 0.094124 -0.057304 0.059887 0.704781 0.704566
150.996000000 15.092427 1.659145 0.094129 -0.057311 0.059894 0.704781 0.704566
151.016000000 15.092427 1.659144 0.094134 -0.057318 0.059901 0.704780 0.704565
151.036000000 15.092427 1.659144 0.094139 -0.057327 0.059909 0.704779 0.704564
151.056000000 15.092427 1.659143 0.094146 -0.057336 0.059918 0.704779 0.704563
151.076000000 15.092427 1.659143 0.094152 -0.057346 0.059928 0.704778 0.704563
151.096000000 15.092427 1.659142 0.094160 -0.057356 0.059939 0.704777 0.704562
151.116000000 15.092427 1.659142 0.094167 -0.057367 0.059950 0.704776 0.704561
151.136000000 15.092427 1.659141 0.094175 -0.057379 0.059962 0.704775 0.704560
151.156000000 15.092427 1.659141 0.094184 -0.057392 0.059974 0.704774 0.704559
151.176000000 15.092427 1.659140 0.094193 -0.057404 0.059987 0.704773 0.704558
151.196000000 15.092428 1.659139 0.094202 -0.057418 0.060000 0.704772 0.704556
151.216000000 15.092428 1.659139 0.094211 -0.057431 0.060014 0.704771 0.704555
151.236000000 15.092428 1.659138 0.094220 -0.057444 0.060027 0.704770 0.704554
151.256000000 15.092428 1.659138 0.094229 -0.057458 0.060040 0.704769 0.704553
151.276000000 15.092428 1.659137 0.094238 -0.057471 0.060054 0.704767 0.704552
151.296000000 15.092428 1.659136 0.094247 -0.057484 0.060067 0.704766 0.704551
151.316000000 15.092428 1.659136 0.094255 -0.057496 0.060079 0.704765 0.704550
151.336000000 15.092428 1.659135 0.094264 -0.057508 0.060091 0.704764 0.704549
151.356000000 15.092428 1.659135 0.094271 -0.057519 0.060102 0.704764 0.704548
151.376000000 15.092428 1.659134 0.094278 -0.057530 0.060112 0.704763 0.704547
151.396000000 15.092428 1.659134 0.094285 -0.057539 0.060122 0.704762 0.704546
151.416000000 15.092428 1.659133 0.094290 -0.057547 0.060130 0.704761 0.704545
151.436000000 15.092428 1.659133 0.094295 -0.057555 0.060137 0.704761 0.704545
151.456000000 15.092428 1.659133 0.094299 -0.057561 0.060143 0.704760 0.704544
151.476000000 15.092428 1.659133 0.094303 -0.057565 0.060148 0.704760 0.704544
151.496000000 15.092428 1.659132 0.094304 -0.057568 0.060151 0.704760 0.704544
151.516000000 15.092428 1.659132 0.094306 -0.057570 0.060153 0.704759 0.704544
151.536000000 15.092428 1.659132 0.094306 -0.057570 0.060153 0.704759 0.704544
151.556000000 15.092428 1.659132 0.094305 -0.057569 0.060152 0.704759 0.704544
151.576000000 15.092428 1.659132 0.094303 -0.057567 0.060149 0.704760 0.704544
151.596000000 15.092428 1.659133 0.094299 -0.057561 0.060143 0.704760 0.704544
151.616000000 15.092428 1.659133 0.094295 -0.057554 0.060137 0.704761 0.704545
151.636000000 15.092428 1.659133 0.094289 -0.057546 0.060128 0.704761 0.704546
151.656000000 15.092428 1.659134 0.094282 -0.057535 0.060118 0.704762 0.704547
151.676000000 15.092428 1.659134 0.094274 -0.057523 0.060106 0.704763 0.704548
151.696000000 15.092428 1.659135 0.094265 -0.057510 0.060093 0.704764 0.704549
151.716000000 15.092428 1.659135 0.094254 -0.057494 0.060077 0.704766 0.704550
151.736000000 15.092428 1.659136 0.094242 -0.057477 0.060060 0.704767 0.704551
151.756000000 15.092428 1.659137 0.094230 -0.057459 0.060041 0.704768 0.704553
151.776000000 15.092428 1.659138 0.094216 -0.057438 0.060021 0.704770 0.704555
151.796000000 15.092427 1.659139 0.094201 -0.057416 0.059999 0.704772 0.704557
151.816000000 15.092427 1.659140 0.094185 -0.057393 0.059975 0.704774 0.704559
151.836000000 15.092427 1.659141 0.094167 -0.057367 0.059950 0.704776 0.704561
151.856000000 15.092427 1.659142 0.094149 -0.057341 0.059923 0.704778 0.704563
151.876000000 15.092427 1.659143 0.094130 -0.057313 0.059895 0.704780 0.704565
151.896000000 15.092427 1.659145 0.094110 -0.057283 0.059866 0.704783 0.704568
151.916000000 15.092427 1.659146 0.094088 -0.057252 0.059835 0.704785 0.704571
151.936000000 15.092427 1.659147 0.094066 -0.057220 0.059802 0.704788 0.704573
151.956000000 15.092427 1.659149 0.094043 -0.057186 0.059769 0.704791 0.704576
151.976000000 15.092427 1.659150 0.094019 -0.057151 0.059734 0.704793 0.704579
151.996000000 15.092427 1.659152 0.093995 -0.057115 0.059698 0.704796 0.704582
152.016000000 15.092427 1.659154 0.093969 -0.057078 0.059661 0.704799 0.704585
152.036000000 15.092427 1.659155 0.093943 -0.057039 0.059622 0.704802 0.704589
152.056000000 15.092426 1.659157 0.093916 -0.057000 0.059583 0.704806 0.704592
152.076000000 15.092426 1.659159 0.093888 -0.056959 0.059542 0.704809 0.704595
152.096000000 15.092426 1.659161 0.093860 -0.056918 0.059501 0.704812 0.704599
152.116000000 15.092426 1.659163 0.093831 -0.056875 0.059458 0.704816 0.704603
152.136000000 15.092426 1.659164 0.093801 -0.056832 0.059415 0.704819 0.704606
152.156000000 15.092426 1.659166 0.093771 -0.056787 0.059370 0.704823 0.704610
152.176000000 15.092426 1.659168 0.093740 -0.056742 0.059325 0.704826 0.704614
152.196000000 15.092426 1.659171 0.093708 -0.056696 0.059279 0.704830 0.704618
152.216000000 15.092426 1.659173 0.093676 -0.056649 0.059232 0.704834 0.704622
152.236000000 15.092425 1.659175 0.093644 -0.056601 0.059184 0.704838 0.704626
152.256000000 15.092425 1.659177 0.093610 -0.056553 0.059136 0.704842 0.704630
152.276000000 15.092425 1.659179 0.093577 -0.056504 0.059086 0.704846 0.704634
152.296000000 15.092425 1.659181 0.093543 -0.056454 0.059036 0.704850 0.704638
152.316000000 15.092425 1.659184 0.093508 -0.056403 0.058986 0.704854 0.704642
152.336000000 15.092425 1.659186 0.093473 -0.056351 0.058934 0.704858 0.704647
152.356000000 15.092425 1.659189 0.093437 -0.056299 0.058882 0.704862 0.704651
152.376000000 15.092425 1.659191 0.093401 -0.056247 0.058830 0.704866 0.704655
152.396000000 15.092424 1.659193 0.093365 -0.056193 0.058776 0.704870 0.704660
152.416000000 15.092424 1.659196 0.093328 -0.056139 0.058722 0.704875 0.704664
152.436000000 15.092424 1.659198 0.093291 -0.056084 0.058667 0.704879 0.704669
152.456000000 15.092424 1.659201 0.093253 -0.056029 0.058612 0.704884 0.704673
152.476000000 15.092424 1.659204 0.093215 -0.055973 0.058556 0.704888 0.704678
152.496000000 15.092424 1.659206 0.093176 -0.055917 0.058500 0.704892 0.704683
152.516000000 15.092424 1.659209 0.093137 -0.055860 0.058443 0.704897 0.704687
152.536000000 15.092423 1.659211 0.093097 -0.055802 0.058385 0.704902 0.704692
152.556000000 15.092423 1.659214 0.093058 -0.055744 0.058327 0.704906 0.704697
152.576000000 15.092423 1.659217 0.093017 -0.055685 0.058268 0.704911 0.704702
152.596000000 15.092423 1.659220 0.092977 -0.055625 0.058209 0.704915 0.704707
152.616000000 15.092423 1.659223 0.092936 -0.055566 0.058149 0.704920 0.704712
152.636000000 15.092423 1.659225 0.092895 -0.055505 0.058088 0.704925 0.704717
152.656000000 15.092423 1.659228 0.092853 -0.055444 0.058027 0.704930 0.704722
152.676000000 15.092422 1.659231 0.092811 -0.055383 0.057966 0.704935 0.704727
152.696000000 15.092422 1.659234 0.092769 -0.055321 0.057904 0.704939 0.704732
152.716000000 15.092422 1.659237 0.092726 -0.055258 0.057841 0.704944 0.704737
152.736000000 15.092422 1.659240 0.092683 -0.055195 0.057778 0.704949 0.704742
152.756000000 15.092422 1.659243 0.092640 -0.055132 0.057715 0.704954 0.704747
152.776000000 15.092422 1.659246 0.092596 -0.055068 0.057651 0.704959 0.704753
152.796000000 15.092421 1.659249 0.092552 -0.055003 0.057587 0.704964 0.704758
152.816000000 15.092421 1.659252 0.092508 -0.054939 0.057522 0.704969 0.704763
152.836000000 15.092421 1.659256 0.092463 -0.054874 0.057457 0.704974 0.704769
152.856000000 15.092421 1.659259 0.092419 -0.054808 0.057391 0.704979 0.704774
152.876000000 15.092421 1.659262 0.092374 -0.054742 0.057326 0.704985 0.704779
152.896000000 15.092421 1.659265 0.092328 -0.054676 0.057259 0.704990 0.704785
152.916000000 15.092420 1.659268 0.092283 -0.054609 0.057193 0.704995 0.704790
152.936000000 15.092420 1.659272 0.092237 -0.054543 0.057126 0.705000 0.704795
152.956000000 15.092420 1.659275 0.092191 -0.054475 0.057059 0.705005 0.704801
152.976000000 15.092420 1.659278 0.092145 -0.054408 0.056991 0.705010 0.704806
152.996000000 15.092420 1.659282 0.092099 -0.054340 0.056924 0.705016 0.704812
153.016000000 15.092420 1.659285 0.092053 -0.054272 0.056856 0.705021 0.704817
153.036000000 15.092419 1.659289 0.092006 -0.054204 0.056788 0.705026 0.704823
153.056000000 15.092419 1.659292 0.091960 -0.054136 0.056720 0.705031 0.704828
153.076000000 15.092419 1.659295 0.091913 -0.054068 0.056651 0.705037 0.704834
153.096000000 15.092419 1.659299 0.091866 -0.053999 0.056583 0.705042 0.704839
153.116000000 15.092419 1.659302 0.091819 -0.053930 0.056514 0.705047 0.704845
153.136000000 15.092419 1.659306 0.091772 -0.053862 0.056445 0.705052 0.704850
153.156000000 15.092418 1.659309 0.091725 -0.053793 0.056376 0.705058 0.704856
153.176000000 15.092418 1.659313 0.091678 -0.053724 0.056308 0.705063 0.704861
153.196000000 15.092418 1.659316 0.091631 -0.053655 0.056239 0.705068 0.704867
153.216000000 15.092418 1.659320 0.091584 -0.053586 0.056170 0.705073 0.704872
153.236000000 15.092418 1.659323 0.091537 -0.053518 0.056101 0.705079 0.704878
153.256000000 15.092418 1.659327 0.091490 -0.053449 0.056032 0.705084 0.704883
153.276000000 15.092417 1.659330 0.091444 -0.053380 0.055964 0.705089 0.704889
153.296000000 15.092417 1.659334 0.091397 -0.053312 0.055895 0.705094 0.704894
153.316000000 15.092417 1.659337 0.091350 -0.053243 0.055827 0.705099 0.704900
153.336000000 15.092417 1.659341 0.091304 -0.053175 0.055759 0.705105 0.704905
153.356000000 15.092417 1.659344 0.091266 -0.053119 0.055699 0.705109 0.704910
153.376000000 15.092417 1.659346 0.091240 -0.053082 0.055659 0.705112 0.704913
153.396000000 15.092417 1.659347 0.091227 -0.053063 0.055638 0.705113 0.704914
153.416000000 15.092417 1.659347 0.091225 -0.053060 0.055635 0.705113 0.704915
153.436000000 15.092417 1.659347 0.091225 -0.053060 0.055635 0.705113 0.704915
153.456000000 15.092417 1.659347 0.091225 -0.053060 0.055635 0.705113 0.704915
153.476000000 15.092417 1.659347 0.091225 -0.053060 0.055635 0.705113 0.704915
153.496000000 15.092417 1.659347 0.091225 -0.053060 0.055635 0.705113 0.704915
153.516000000 15.092417 1.659347 0.091225 -0.053060 0.055635 0.705113 0.704915
153.536000000 15.092417 1.659347 0.091225 -0.053060 0.055635 0.705113 0.704915
153.556000000 15.092417 1.659347 0.091225 -0.053060 0.055635 0.705113 0.704915
153.576000000 15.092417 1.659347 0.091225 -0.053060 0.055635 0.705113 0.704915
153.596000000 15.092417 1.659347 0.091225 -0.053060 0.055635 0.705113 0.704915
153.616000000 15.092417 1.659347 0.091225 -0.053060 0.055635 0.705113 0.704915
153.636000000 15.092417 1.659347 0.091225 -0.053060 0.055635 0.705113 0.704915
153.656000000 15.092417 1.659347 0.091225 -0.053060 0.055635 0.705113 0.704915
153.676000000 15.092417 1.659347 0.091225 -0.053060 0.055635 0.705113 0.704915
153.696000000 15.092417 1.659347 0.091225 -0.053060 0.055635 0.705113 0.704915
153.716000000 15.092417 1.659347 0.091224 -0.053059 0.055634 0.705113 0.704915
153.736000000 15.092417 1.659347 0.091224 -0.053059 0.055634 0.705113 0.704915
153.756000000 15.092417 1.659347 0.091224 -0.053059 0.055634 0.705113 0.704915
153.776000000 15.092417 1.659347 0.091224 -0.053059 0.055634 0.705113 0.704915
153.796000000 15.092417 1.659347 0.091224 -0.053059 0.055634 0.705113 0.704915
153.816000000 15.092417 1.659347 0.091224 -0.053059 0.055634 0.705113 0.704915
153.836000000 15.092417 1.659347 0.091224 -0.053059 0.055634 0.705113 0.704915
153.856000000 15.092417 1.659347 0.091224 -0.053059 0.055634 0.705113 0.704915
153.876000000 15.092417 1.659347 0.091224 -0.053059 0.055634 0.705113 0.704915
153.896000000 15.092417 1.659347 0.091224 -0.053059 0.055634 0.705113 0.704915
153.916000000 15.092417 1.659347 0.091224 -0.053059 0.055634 0.705113 0.704915
153.936000000 15.092417 1.659347 0.091224 -0.053059 0.055634 0.705113 0.704915
153.956000000 15.092417 1.659347 0.091223 -0.053058 0.055633 0.705113 0.704915
153.976000000 15.092417 1.659347 0.091223 -0.053057 0.055632 0.705113 0.704915
153.996000000 15.092417 1.659347 0.091222 -0.053056 0.055631 0.705114 0.704915
154.016000000 15.092417 1.659347 0.091220 -0.053053 0.055628 0.705114 0.704915
154.036000000 15.092417 1.659348 0.091217 -0.053049 0.055623 0.705114 0.704916
154.056000000 15.092417 1.659348 0.091214 -0.053044 0.055618 0.705114 0.704916
154.076000000 15.092417 1.659348 0.091209 -0.053037 0.055611 0.705115 0.704917
154.096000000 15.092417 1.659349 0.091204 -0.053029 0.055602 0.705116 0.704917
154.116000000 15.092417 1.659349 0.091197 -0.053020 0.055592 0.705116 0.704918
154.136000000 15.092417 1.659350 0.091190 -0.053009 0.055580 0.705117 0.704919
154.156000000 15.092417 1.659350 0.091181 -0.052996 0.055567 0.705118 0.704920
154.176000000 15.092417 1.659351 0.091172 -0.052982 0.055552 0.705119 0.704921
154.196000000 15.092417 1.659352 0.091161 -0.052967 0.055535 0.705120 0.704923
154.216000000 15.092417 1.659353 0.091150 -0.052951 0.055518 0.705121 0.704924
154.236000000 15.092417 1.659354 0.091138 -0.052933 0.055499 0.705123 0.704925
154.256000000 15.092417 1.659355 0.091125 -0.052914 0.055479 0.705124 0.704927
154.276000000 15.092417 1.659356 0.091112 -0.052895 0.055457 0.705126 0.704929
154.296000000 15.092417 1.659357 0.091098 -0.052874 0.055435 0.705127 0.704930
154.316000000 15.092417 1.659358 0.091083 -0.052853 0.055413 0.705129 0.704932
154.336000000 15.092417 1.659359 0.091069 -0.052831 0.055390 0.705130 0.704934
154.356000000 15.092417 1.659361 0.091054 -0.052809 0.055366 0.705132 0.704936
