t,est_x,est_y,est_z,gt_x,gt_y,gt_z,herr,hpl_op,hpl_dalc,ellipse_yaw,trust,state,nees,sep,latency,fault
1781044831.4886,9.9212,0.5528,1.1985,9.9758,0.4791,1.2000,0.0917,0.1469,0.4042,1.570796,0.9750,NOMINAL,2.3376,0.1677,nan,0
1781044831.5387,10.1176,0.5072,1.1835,10.0513,0.4730,1.2000,0.0746,0.1469,0.4042,1.570796,1.0000,NOMINAL,1.7175,0.1177,nan,0
1781044831.5885,10.1801,0.4333,1.1651,10.1261,0.4668,1.2000,0.0635,0.1469,0.4042,1.570796,1.0000,NOMINAL,1.8781,0.0561,nan,0
1781044831.6384,10.2799,0.5075,1.1527,10.2008,0.4604,1.2000,0.0921,0.1469,0.4042,1.570796,0.8950,NOMINAL,3.7555,0.1323,nan,0
1781044831.6890,10.3316,0.3921,1.2280,10.2759,0.4539,1.2000,0.0833,0.1469,0.4042,1.570796,1.0000,NOMINAL,2.4184,0.0385,nan,0
1781044831.7386,10.3877,0.4514,1.1828,10.3513,0.4473,1.2000,0.0366,0.1469,0.4042,1.570796,0.9650,NOMINAL,0.5582,0.0810,nan,0
1781044831.7887,10.4145,0.4517,1.1787,10.4259,0.4406,1.2000,0.0159,0.1469,0.4042,1.570796,0.9650,NOMINAL,0.3540,0.0927,nan,0
1781044831.8383,10.5136,0.4528,1.2091,10.5009,0.4338,1.2000,0.0228,0.1469,0.4042,1.570796,0.9950,NOMINAL,0.1970,0.0988,nan,0
1781044831.8883,10.6339,0.3844,1.1775,10.5756,0.4268,1.2000,0.0720,0.1469,0.4042,1.570796,0.9750,NOMINAL,1.7583,0.0476,nan,0
1781044831.9384,10.7094,0.4169,1.2018,10.6512,0.4197,1.2000,0.0584,0.1469,0.4042,1.570796,0.9750,NOMINAL,0.9478,0.0754,nan,0
1781044831.9885,10.8085,0.4196,1.1540,10.7258,0.4125,1.2000,0.0831,0.1469,0.4042,1.570796,0.9900,NOMINAL,3.2409,0.0994,nan,0
1781044832.0384,10.6749,0.4313,1.2674,10.8007,0.4052,1.2000,0.1285,0.1469,0.4042,1.570796,0.9400,NOMINAL,7.4301,0.1962,nan,0
1781044832.0885,10.7846,0.3169,1.1803,10.8755,0.3978,1.2000,0.1217,0.1469,0.4042,1.570796,0.9400,NOMINAL,4.3541,0.1199,nan,0
1781044832.1384,10.9607,0.3444,1.2282,10.9510,0.3902,1.2000,0.0468,0.1469,0.4042,1.570796,0.9800,NOMINAL,1.1059,0.0452,nan,0
1781044832.1884,11.0263,0.4055,1.2352,11.0260,0.3826,1.2000,0.0229,0.1469,0.4042,1.570796,1.0000,NOMINAL,0.9214,0.1007,nan,0
1781044832.2383,11.1012,0.4311,1.1703,11.1009,0.3748,1.2000,0.0563,0.1469,0.4042,1.570796,0.9850,NOMINAL,1.4334,0.1389,nan,0
1781044832.2883,11.1055,0.3478,1.2058,11.1758,0.3670,1.2000,0.0729,0.1469,0.4042,1.570796,1.0000,NOMINAL,1.4968,0.1168,nan,0
1781044832.3386,11.1874,0.3721,1.2017,11.2509,0.3590,1.2000,0.0648,0.1469,0.4042,1.570796,0.9850,NOMINAL,1.1692,0.1436,nan,0
1781044832.3884,11.2395,0.5078,1.2134,11.3258,0.3509,1.2000,0.1791,0.1469,0.4042,1.570796,0.9850,NOMINAL,9.0184,0.2594,nan,0
1781044832.4382,11.4963,0.3828,1.2205,11.4013,0.3427,1.2000,0.1031,0.1469,0.4042,1.570796,1.0000,NOMINAL,3.2153,0.1203,nan,0
1781044832.4886,11.5113,0.3173,1.2325,11.4759,0.3345,1.2000,0.0394,0.1469,0.4042,1.570796,1.0000,NOMINAL,1.0920,0.0534,nan,0
1781044832.5383,11.5806,0.3301,1.2409,11.5511,0.3261,1.2000,0.0298,0.1469,0.4042,1.570796,1.0000,NOMINAL,1.2924,0.0799,nan,0
1781044832.5891,11.6448,0.2883,1.1656,11.6257,0.3177,1.2000,0.0351,0.1469,0.4042,1.570796,1.0000,NOMINAL,1.0805,0.0460,nan,0
1781044832.6384,11.6550,0.3173,1.2146,11.7010,0.3092,1.2000,0.0467,0.1469,0.4042,1.570796,1.0000,NOMINAL,0.7400,0.1305,nan,0
1781044832.6886,11.8049,0.3034,1.1752,11.7756,0.3006,1.2000,0.0295,0.1469,0.4042,1.570796,0.9500,NOMINAL,0.6258,0.0735,nan,0
1781044832.7385,11.8362,0.2171,1.1551,11.8513,0.2918,1.2000,0.0763,0.1469,0.4042,1.570796,0.9500,NOMINAL,2.8773,0.0754,nan,0
1781044832.7885,11.9133,0.3189,1.2015,11.9257,0.2831,1.2000,0.0379,0.1469,0.4042,1.570796,0.9950,NOMINAL,0.4003,0.1200,nan,0
1781044832.8383,11.9858,0.1783,1.1709,12.0010,0.2742,1.2000,0.0971,0.1469,0.4042,1.570796,0.9900,NOMINAL,3.1508,0.0816,nan,0
1781044832.8885,12.0164,0.2561,1.2239,12.0757,0.2654,1.2000,0.0600,0.1469,0.4042,1.570796,0.9950,NOMINAL,1.3573,0.1235,nan,0
1781044832.9384,12.1079,0.3078,1.1821,12.1508,0.2563,1.2000,0.0670,0.1469,0.4042,1.570796,0.9750,NOMINAL,1.4493,0.0292,nan,0
1781044832.9886,12.2027,0.2231,1.1726,12.2257,0.2473,1.2000,0.0334,0.1469,0.4042,1.570796,0.9750,NOMINAL,0.7800,0.0733,nan,0
1781044833.0385,12.3350,0.1718,1.1734,12.3012,0.2381,1.2000,0.0743,0.1469,0.4042,1.570796,1.0000,NOMINAL,1.9766,0.1224,nan,0
1781044833.0885,12.3723,0.2231,1.2066,12.3762,0.2288,1.2000,0.0070,0.1469,0.4042,1.570796,0.9300,NOMINAL,0.0411,0.0589,nan,0
1781044833.1383,12.5386,0.3113,1.2353,12.4507,0.2196,1.2000,0.1270,0.1469,0.4042,1.570796,1.0000,NOMINAL,5.2600,0.1112,nan,0
1781044833.1884,12.4875,0.2134,1.1700,12.5255,0.2103,1.2000,0.0381,0.1469,0.4042,1.570796,0.9900,NOMINAL,0.9674,0.0449,nan,0
1781044833.2386,12.5898,0.2230,1.1971,12.6011,0.2009,1.2000,0.0248,0.1469,0.4042,1.570796,1.0000,NOMINAL,0.1764,0.0227,nan,0
1781044833.2885,12.7208,0.1864,1.1986,12.6759,0.1914,1.2000,0.0452,0.1469,0.4042,1.570796,0.9450,NOMINAL,0.5676,0.0893,nan,0
1781044833.3387,12.6737,0.2446,1.2185,12.7507,0.1819,1.2000,0.0993,0.1469,0.4042,1.570796,1.0000,NOMINAL,2.9521,0.0670,nan,0
1781044833.3888,12.8627,0.0458,1.1860,12.8258,0.1724,1.2000,0.1319,0.1469,0.4042,1.570796,1.0000,NOMINAL,4.9518,0.1850,nan,0
1781044833.4386,12.8346,0.2224,1.1668,12.9011,0.1627,1.2000,0.0893,0.1469,0.4042,1.570796,0.9650,NOMINAL,2.9065,0.0556,nan,0
1781044833.4889,12.9489,0.2367,1.0971,12.9756,0.1532,1.2000,0.0877,0.1469,0.4042,1.570796,0.9650,NOMINAL,8.7523,0.0366,nan,0
1781044833.5384,13.0542,0.1034,1.1718,13.0509,0.1434,1.2000,0.0402,0.1469,0.4042,1.570796,1.0000,NOMINAL,0.9479,0.0866,nan,0
1781044833.5887,13.1301,0.1603,1.1560,13.1259,0.1337,1.2000,0.0269,0.1469,0.4042,1.570796,0.9950,NOMINAL,1.4099,0.0379,nan,0
1781044833.6382,13.2499,0.0646,1.1727,13.2008,0.1239,1.2000,0.0770,0.1469,0.4042,1.570796,1.0000,NOMINAL,2.1131,0.1217,nan,0
1781044833.6885,13.2864,0.2302,1.1430,13.2757,0.1142,1.2000,0.1166,0.1469,0.4042,1.570796,1.0000,NOMINAL,5.8077,0.0778,nan,0
1781044833.7384,13.4167,0.1037,1.1440,13.3507,0.1043,1.2000,0.0660,0.1469,0.4042,1.570796,1.0000,NOMINAL,3.1708,0.0912,nan,0
1781044833.7889,13.4126,0.0983,1.1863,13.4258,0.0945,1.2000,0.0138,0.1469,0.4042,1.570796,0.9650,NOMINAL,0.1693,0.0468,nan,0
1781044833.8385,13.5609,0.1450,1.2116,13.5009,0.0846,1.2000,0.0852,0.1469,0.4042,1.570796,1.0000,NOMINAL,2.1006,0.0734,nan,0
1781044833.8886,13.5390,0.0647,1.2042,13.5756,0.0747,1.2000,0.0379,0.1469,0.4042,1.570796,0.9700,NOMINAL,0.4109,0.0602,nan,0
1781044833.9384,13.6830,0.0528,1.1427,13.6508,0.0647,1.2000,0.0344,0.1469,0.4042,1.570796,0.9700,NOMINAL,2.3803,0.0745,nan,0
1781044833.9886,13.6843,-0.0305,1.2470,13.7255,0.0548,1.2000,0.0948,0.1469,0.4042,1.570796,1.0000,NOMINAL,3.8784,0.1368,nan,0
1781044834.0384,13.8765,0.1005,1.2182,13.8008,0.0448,1.2000,0.0940,0.1469,0.4042,1.570796,1.0000,NOMINAL,2.6621,0.0871,nan,0
1781044834.0886,13.8033,-0.0278,1.1993,13.8758,0.0348,1.2000,0.0958,0.1469,0.4042,1.570796,1.0000,NOMINAL,2.5521,0.1242,nan,0
1781044834.1385,13.8646,-0.0110,1.2461,13.9506,0.0249,1.2000,0.0932,0.1469,0.4042,1.570796,1.0000,NOMINAL,3.7402,0.1161,nan,0
1781044834.1886,14.0019,-0.0262,1.2497,14.0260,0.0148,1.2000,0.0476,0.1469,0.4042,1.570796,1.0000,NOMINAL,2.1748,0.0954,nan,0
1781044834.2386,14.0635,-0.0773,1.1557,14.1009,0.0048,1.2000,0.0903,0.1469,0.4042,1.570796,1.0000,NOMINAL,3.4900,0.1387,nan,0
1781044834.2885,14.1829,-0.0509,1.1848,14.1756,-0.0051,1.2000,0.0464,0.1469,0.4042,1.570796,1.0000,NOMINAL,0.7421,0.1063,nan,0
1781044834.3383,14.2321,0.0472,1.1818,14.2510,-0.0152,1.2000,0.0652,0.1469,0.4042,1.570796,1.0000,NOMINAL,1.3883,0.0137,nan,0
1781044834.3884,14.2214,0.0783,1.2019,14.3257,-0.0251,1.2000,0.1469,0.1469,0.4042,1.570796,0.9950,NOMINAL,5.9957,0.0944,nan,0
1781044834.4383,14.3993,0.0066,1.2038,14.4009,-0.0351,1.2000,0.0417,0.1469,0.4042,1.570796,0.9950,NOMINAL,0.4931,0.0161,nan,0
1781044834.4887,14.4534,-0.0186,1.1914,14.4757,-0.0451,1.2000,0.0346,0.1469,0.4042,1.570796,0.9600,NOMINAL,0.3782,0.0339,nan,0
1781044834.5386,14.4966,-0.0160,1.1921,14.5509,-0.0551,1.2000,0.0669,0.1469,0.4042,1.570796,1.0000,NOMINAL,1.2829,0.0535,nan,0
1781044834.5885,14.6668,-0.0737,1.2388,14.6260,-0.0651,1.2000,0.0416,0.1469,0.4042,1.570796,1.0000,NOMINAL,1.4240,0.0933,nan,0
1781044834.6384,14.6765,0.0445,1.1066,14.7014,-0.0750,1.2000,0.1221,0.1469,0.4042,1.570796,0.9850,NOMINAL,9.5899,0.0608,nan,0
1781044834.6884,14.7536,-0.1099,1.2603,14.7756,-0.0848,1.2000,0.0333,0.1469,0.4042,1.570796,1.0000,NOMINAL,2.5789,0.0904,nan,0
1781044834.7385,14.8026,-0.1103,1.1956,14.8510,-0.0948,1.2000,0.0508,0.1469,0.4042,1.570796,1.0000,NOMINAL,0.7293,0.0923,nan,0
1781044834.7886,14.9469,-0.0569,1.2334,14.9258,-0.1046,1.2000,0.0522,0.1469,0.4042,1.570796,1.0000,NOMINAL,1.4529,0.0428,nan,0
1781044834.8384,15.0226,-0.1514,1.2150,15.0011,-0.1145,1.2000,0.0427,0.1469,0.4042,1.570796,0.9600,NOMINAL,0.6482,0.1060,nan,0
1781044834.8891,15.1111,-0.1676,1.1863,15.0757,-0.1242,1.2000,0.0560,0.1469,0.4042,1.570796,0.9850,NOMINAL,0.9896,0.1238,nan,0
1781044834.9385,15.2260,-0.0698,1.1379,15.1515,-0.1341,1.2000,0.0985,0.1469,0.4042,1.570796,0.9700,NOMINAL,5.1062,0.0282,nan,0
1781044834.9884,15.2354,-0.1599,1.1840,15.2258,-0.1437,1.2000,0.0188,0.1469,0.4042,1.570796,0.9750,NOMINAL,0.2585,0.1108,nan,0
1781044835.0385,15.2931,-0.1732,1.1455,15.3013,-0.1535,1.2000,0.0214,0.1469,0.4042,1.570796,0.9750,NOMINAL,1.9800,0.1356,nan,0
1781044835.0887,15.2494,-0.1778,1.2969,15.3759,-0.1631,1.2000,0.1273,0.1469,0.4042,1.570796,0.9850,NOMINAL,10.3719,0.2268,nan,0
1781044835.1383,15.4750,-0.1285,1.2072,15.4509,-0.1727,1.2000,0.0504,0.1469,0.4042,1.570796,0.9550,NOMINAL,0.7368,0.0795,nan,0
1781044835.1887,15.5044,-0.2842,1.1841,15.5257,-0.1822,1.2000,0.1042,0.1469,0.4042,1.570796,0.9550,NOMINAL,3.1711,0.1936,nan,0
1781044835.2382,15.5249,-0.1479,1.2020,15.6010,-0.1918,1.2000,0.0878,0.1469,0.4042,1.570796,1.0000,NOMINAL,2.1457,0.1790,nan,0
1781044835.2886,15.7143,-0.1189,1.1761,15.6757,-0.2012,1.2000,0.0908,0.1469,0.4042,1.570796,1.0000,NOMINAL,2.6477,0.0553,nan,0
1781044835.3384,15.6552,-0.1833,1.2379,15.7509,-0.2106,1.2000,0.0995,0.1469,0.4042,1.570796,0.9700,NOMINAL,3.6516,0.1993,nan,0
1781044835.3887,15.7884,-0.3347,1.2580,15.8258,-0.2199,1.2000,0.1207,0.1469,0.4042,1.570796,1.0000,NOMINAL,6.1553,0.2095,nan,0
1781044835.4385,15.8436,-0.1673,1.2102,15.9009,-0.2292,1.2000,0.0843,0.1469,0.4042,1.570796,1.0000,NOMINAL,2.0379,0.1583,nan,0
1781044835.4885,16.0337,-0.3055,1.2208,15.9758,-0.2384,1.2000,0.0886,0.1469,0.4042,1.570796,1.0000,NOMINAL,2.4533,0.1225,nan,0
1781044835.5385,15.9825,-0.2158,1.1684,16.0509,-0.2475,1.2000,0.0754,0.1469,0.4042,1.570796,0.9550,NOMINAL,2.2010,0.1689,nan,0
1781044835.5886,16.1359,-0.3150,1.2124,16.1258,-0.2566,1.2000,0.0593,0.1469,0.4042,1.570796,0.9650,NOMINAL,1.0737,0.1313,nan,0
1781044835.6384,16.1681,-0.1908,1.2072,16.2008,-0.2656,1.2000,0.0816,0.1469,0.4042,1.570796,0.9150,NOMINAL,1.8821,0.1337,nan,0
1781044835.6884,16.2948,-0.2547,1.2476,16.2759,-0.2746,1.2000,0.0274,0.1469,0.4042,1.570796,1.0000,NOMINAL,1.6224,0.0690,nan,0
1781044835.7382,16.3867,-0.2538,1.1356,16.3509,-0.2834,1.2000,0.0465,0.1469,0.4042,1.570796,1.0000,NOMINAL,3.1899,0.0621,nan,0
1781044835.7885,16.3786,-0.2802,1.2214,16.4255,-0.2921,1.2000,0.0483,0.1469,0.4042,1.570796,1.0000,NOMINAL,0.9356,0.1313,nan,0
1781044835.8386,16.5014,-0.3387,1.1930,16.5010,-0.3009,1.2000,0.0378,0.1469,0.4042,1.570796,0.9800,NOMINAL,0.4285,0.1236,nan,0
1781044835.8889,16.5736,-0.2844,1.1425,16.5760,-0.3095,1.2000,0.0252,0.1469,0.4042,1.570796,0.9750,NOMINAL,2.2447,0.0826,nan,0
1781044835.9385,16.6180,-0.2199,1.1916,16.6510,-0.3180,1.2000,0.1035,0.1469,0.4042,1.570796,0.9700,NOMINAL,3.0209,0.1372,nan,0
1781044835.9884,16.7402,-0.4260,1.2142,16.7258,-0.3264,1.2000,0.1006,0.1469,0.4042,1.570796,0.9650,NOMINAL,2.9375,0.1557,nan,0
1781044836.0385,16.7401,-0.4432,1.2163,16.8009,-0.3348,1.2000,0.1243,0.1469,0.4042,1.570796,0.9650,NOMINAL,4.4568,0.2125,nan,0
1781044836.0886,16.8213,-0.4502,1.2843,16.8756,-0.3430,1.2000,0.1202,0.1469,0.4042,1.570796,0.9650,NOMINAL,8.4537,0.1972,nan,0
1781044836.1386,16.9597,-0.3286,1.1863,16.9509,-0.3512,1.2000,0.0242,0.1469,0.4042,1.570796,1.0000,NOMINAL,0.2802,0.0810,nan,0
1781044836.1888,17.0223,-0.3648,1.1786,17.0264,-0.3593,1.2000,0.0068,0.1469,0.4042,1.570796,1.0000,NOMINAL,0.2990,0.0889,nan,0
1781044836.2385,17.0781,-0.2260,1.1524,17.1007,-0.3672,1.2000,0.1430,0.1469,0.4042,1.570796,0.9850,NOMINAL,7.0974,0.1487,nan,0
1781044836.2886,17.1134,-0.2979,1.1819,17.1758,-0.3751,1.2000,0.0992,0.1469,0.4042,1.570796,0.9850,NOMINAL,2.9397,0.1366,nan,0
1781044836.3383,17.2422,-0.3702,1.1351,17.2508,-0.3828,1.2000,0.0153,0.1469,0.4042,1.570796,0.9500,NOMINAL,2.6958,0.0951,nan,0
1781044836.3888,17.3355,-0.3713,1.2135,17.3259,-0.3905,1.2000,0.0214,0.1469,0.4042,1.570796,0.9500,NOMINAL,0.2403,0.0609,nan,0
1781044836.4387,17.4540,-0.3588,1.2251,17.4010,-0.3980,1.2000,0.0660,0.1469,0.4042,1.570796,0.9800,NOMINAL,1.6033,0.0268,nan,0
1781044836.4885,17.5164,-0.4356,1.2399,17.4759,-0.4054,1.2000,0.0505,0.1469,0.4042,1.570796,1.0000,NOMINAL,1.7026,0.0733,nan,0
1781044836.5385,17.5472,-0.4818,1.2230,17.5509,-0.4127,1.2000,0.0691,0.1469,0.4042,1.570796,1.0000,NOMINAL,1.6570,0.1336,nan,0
1781044836.5885,17.6603,-0.3696,1.1590,17.6258,-0.4199,1.2000,0.0610,0.1469,0.4042,1.570796,1.0000,NOMINAL,2.0857,0.0288,nan,0
1781044836.6385,17.6899,-0.5126,1.2724,17.7007,-0.4270,1.2000,0.0863,0.1469,0.4042,1.570796,0.9900,NOMINAL,5.3420,0.1498,nan,0
1781044836.6887,17.7311,-0.3624,1.1849,17.7757,-0.4340,1.2000,0.0843,0.1469,0.4042,1.570796,1.0000,NOMINAL,2.1187,0.1086,nan,0
1781044836.7385,17.7666,-0.4686,1.2024,17.8509,-0.4408,1.2000,0.0888,0.1469,0.4042,1.570796,1.0000,NOMINAL,2.1916,0.1698,nan,0
1781044836.7886,17.9709,-0.4312,1.2456,17.9257,-0.4475,1.2000,0.0480,0.1469,0.4042,1.570796,1.0000,NOMINAL,1.9400,0.0249,nan,0
1781044836.8384,18.0915,-0.5092,1.1798,18.0006,-0.4541,1.2000,0.1062,0.1469,0.4042,1.570796,1.0000,NOMINAL,3.3887,0.0934,nan,0
1781044836.8885,17.9766,-0.5881,1.1658,18.0756,-0.4606,1.2000,0.1614,0.1469,0.4042,1.570796,0.9500,NOMINAL,7.9717,0.2263,nan,0
1781044836.9383,18.1150,-0.4951,1.2455,18.1507,-0.4670,1.2000,0.0455,0.1469,0.4042,1.570796,0.9900,NOMINAL,1.8668,0.0000,nan,0
1781044836.9884,18.1597,-0.4197,1.1468,18.2256,-0.4732,1.2000,0.0848,0.1469,0.4042,1.570796,0.9650,NOMINAL,3.7691,0.0819,nan,0
1781044837.0384,18.3038,-0.3979,1.1734,18.3007,-0.4793,1.2000,0.0814,0.1469,0.4042,1.570796,0.9700,NOMINAL,2.2808,0.1158,nan,0
1781044837.0883,18.3734,-0.5220,1.2168,18.3755,-0.4852,1.2000,0.0369,0.1469,0.4042,1.570796,0.9650,NOMINAL,0.5538,0.0483,nan,0
1781044837.1385,18.4600,-0.5034,1.2308,18.4506,-0.4910,1.2000,0.0156,0.1469,0.4042,1.570796,0.9650,NOMINAL,0.6610,0.0457,nan,0
1781044837.1885,18.5113,-0.4549,1.1777,18.5257,-0.4967,1.2000,0.0442,0.1469,0.4042,1.570796,1.0000,NOMINAL,0.8513,0.0768,nan,0
1781044837.2382,18.6842,-0.4830,1.1304,18.6007,-0.5022,1.2000,0.0857,0.1469,0.4042,1.570796,0.9900,NOMINAL,5.0665,0.1260,nan,0
1781044837.2884,18.6706,-0.5468,1.1954,18.6756,-0.5076,1.2000,0.0395,0.1469,0.4042,1.570796,1.0000,NOMINAL,0.4466,0.0449,nan,0
1781044837.3385,18.6904,-0.5676,1.2075,18.7508,-0.5129,1.2000,0.0815,0.1469,0.4042,1.570796,0.9400,NOMINAL,1.8790,0.0387,nan,0
1781044837.3885,18.8365,-0.4757,1.2316,18.8257,-0.5180,1.2000,0.0437,0.1469,0.4042,1.570796,0.9400,NOMINAL,1.1524,0.0902,nan,0
1781044837.4384,18.7827,-0.5458,1.2169,18.9009,-0.5230,1.2000,0.1204,0.1469,0.4042,1.570796,0.9550,NOMINAL,4.2040,0.0860,nan,0
1781044837.4885,18.9740,-0.4374,1.2383,18.9756,-0.5278,1.2000,0.0904,0.1469,0.4042,1.570796,1.0000,NOMINAL,3.1868,0.1253,nan,0
1781044837.5384,19.1194,-0.4208,1.1587,19.0506,-0.5325,1.2000,0.1312,0.1469,0.4042,1.570796,1.0000,NOMINAL,5.8450,0.1713,nan,0
1781044837.5882,19.1857,-0.5870,1.1745,19.1255,-0.5370,1.2000,0.0782,0.1469,0.4042,1.570796,0.9850,NOMINAL,2.1030,0.1095,nan,0
1781044837.6385,19.1921,-0.5794,1.1351,19.2007,-0.5414,1.2000,0.0389,0.1469,0.4042,1.570796,1.0000,NOMINAL,3.0511,0.0256,nan,0
1781044837.6883,19.2489,-0.5138,1.2398,19.2755,-0.5456,1.2000,0.0415,0.1469,0.4042,1.570796,1.0000,NOMINAL,1.4705,0.0608,nan,0
1781044837.7384,19.2422,-0.5741,1.2605,19.3508,-0.5497,1.2000,0.1113,0.1469,0.4042,1.570796,0.9250,NOMINAL,5.7266,0.0772,nan,0
1781044837.7884,19.4774,-0.4979,1.1713,19.4255,-0.5537,1.2000,0.0761,0.1469,0.4042,1.570796,1.0000,NOMINAL,2.1264,0.1275,nan,0
1781044837.8383,19.5180,-0.6821,1.1839,19.5007,-0.5574,1.2000,0.1259,0.1469,0.4042,1.570796,1.0000,NOMINAL,4.5647,0.1095,nan,0
1781044837.8884,19.5589,-0.6636,1.2464,19.5755,-0.5611,1.2000,0.1039,0.1469,0.4042,1.570796,1.0000,NOMINAL,4.3417,0.0820,nan,0
1781044837.9384,19.5834,-0.5952,1.2052,19.6508,-0.5645,1.2000,0.0741,0.1469,0.4042,1.570796,0.9600,NOMINAL,1.5416,0.0367,nan,0
1781044837.9884,19.8025,-0.6056,1.1750,19.7258,-0.5678,1.2000,0.0855,0.1469,0.4042,1.570796,0.9600,NOMINAL,2.4221,0.1233,nan,0
1781044838.0384,19.7821,-0.5723,1.1756,19.8008,-0.5710,1.2000,0.0187,0.1469,0.4042,1.570796,1.0000,NOMINAL,0.4711,0.0289,nan,0
1781044838.0886,19.8426,-0.6441,1.1812,19.8757,-0.5740,1.2000,0.0775,0.1469,0.4042,1.570796,1.0000,NOMINAL,1.8893,0.0452,nan,0
1781044838.1382,20.0074,-0.6040,1.2267,19.9509,-0.5768,1.2000,0.0627,0.1469,0.4042,1.570796,0.9650,NOMINAL,1.5373,0.0885,nan,0
1781044838.1887,20.0869,-0.6180,1.1737,20.0256,-0.5795,1.2000,0.0723,0.1469,0.4042,1.570796,0.9550,NOMINAL,1.8842,0.1088,nan,0
1781044838.2384,20.0761,-0.5034,1.2679,20.1007,-0.5820,1.2000,0.0824,0.1469,0.4042,1.570796,0.9500,NOMINAL,4.7639,0.1074,nan,0
1781044838.2884,20.1255,-0.6666,1.1429,20.1755,-0.5843,1.2000,0.0963,0.1469,0.4042,1.570796,0.9500,NOMINAL,4.6155,0.0540,nan,0
1781044838.3383,20.1704,-0.6214,1.2189,20.2508,-0.5865,1.2000,0.0876,0.1469,0.4042,1.570796,0.9750,NOMINAL,2.3560,0.0478,nan,0
1781044838.3886,20.2514,-0.6392,1.2282,20.3256,-0.5886,1.2000,0.0898,0.1469,0.4042,1.570796,0.9850,NOMINAL,2.7399,0.0341,nan,0
1781044838.4386,20.4560,-0.5770,1.1906,20.4007,-0.5904,1.2000,0.0569,0.1469,0.4042,1.570796,0.9850,NOMINAL,0.9552,0.0984,nan,0
1781044838.4883,20.4977,-0.6380,1.1903,20.4757,-0.5921,1.2000,0.0509,0.1469,0.4042,1.570796,1.0000,NOMINAL,0.7780,0.0729,nan,0
1781044838.5383,20.5874,-0.5543,1.2807,20.5508,-0.5937,1.2000,0.0537,0.1469,0.4042,1.570796,0.9350,NOMINAL,4.8681,0.0986,nan,0
1781044838.5884,20.6307,-0.4870,1.1834,20.6257,-0.5950,1.2000,0.1081,0.1469,0.4042,1.570796,0.9350,NOMINAL,3.4197,0.1476,nan,0
1781044838.6384,20.6462,-0.5731,1.1825,20.7007,-0.5962,1.2000,0.0591,0.1469,0.4042,1.570796,0.9250,NOMINAL,1.1636,0.0567,nan,0
1781044838.6884,20.7218,-0.5904,1.1702,20.7756,-0.5973,1.2000,0.0543,0.1469,0.4042,1.570796,0.9750,NOMINAL,1.3737,0.0368,nan,0
1781044838.7384,20.7643,-0.5987,1.2221,20.8507,-0.5981,1.2000,0.0864,0.1469,0.4042,1.570796,0.9750,NOMINAL,2.3794,0.0585,nan,0
1781044838.7885,20.9587,-0.6475,1.1906,20.9258,-0.5988,1.2000,0.0587,0.1469,0.4042,1.570796,0.9800,NOMINAL,1.0134,0.0863,nan,0
1781044838.8384,21.0248,-0.5495,1.2274,21.0007,-0.5994,1.2000,0.0554,0.1469,0.4042,1.570796,0.9050,NOMINAL,1.3232,0.1006,nan,0
1781044838.8884,21.0508,-0.6073,1.2388,21.0756,-0.5997,1.2000,0.0259,0.1469,0.4042,1.570796,0.9050,NOMINAL,1.1287,0.0353,nan,0
1781044838.9384,21.1351,-0.6023,1.1915,21.1510,-0.6000,1.2000,0.0161,0.1469,0.4042,1.570796,1.0000,NOMINAL,0.1165,0.0000,nan,0
1781044838.9884,21.1969,-0.6400,1.2185,21.2256,-0.6000,1.2000,0.0493,0.1469,0.4042,1.570796,1.0000,NOMINAL,0.8875,0.0375,nan,0
1781044839.0384,21.4063,-0.6128,1.1029,21.3006,-0.5999,1.2000,0.1064,0.1469,0.4042,1.570796,1.0000,NOMINAL,9.0446,0.1223,nan,0
1781044839.0884,21.4277,-0.6140,1.2215,21.3758,-0.5996,1.2000,0.0539,0.1469,0.4042,1.570796,0.9700,NOMINAL,1.0969,0.0839,nan,0
1781044839.1383,21.5119,-0.6168,1.2416,21.4508,-0.5991,1.2000,0.0636,0.1469,0.4042,1.570796,1.0000,NOMINAL,2.2030,0.0796,nan,0
1781044839.1885,21.5090,-0.6510,1.2245,21.5255,-0.5985,1.2000,0.0550,0.1469,0.4042,1.570796,1.0000,NOMINAL,1.2154,0.0516,nan,0
1781044839.2382,21.6679,-0.6561,1.2655,21.6009,-0.5977,1.2000,0.0889,0.1469,0.4042,1.570796,1.0000,NOMINAL,4.8744,0.1005,nan,0
1781044839.2883,21.6464,-0.6527,1.2020,21.6757,-0.5967,1.2000,0.0632,0.1469,0.4042,1.570796,1.0000,NOMINAL,1.1107,0.0522,nan,0
1781044839.3383,21.7048,-0.6308,1.2081,21.7507,-0.5956,1.2000,0.0578,0.1469,0.4042,1.570796,1.0000,NOMINAL,0.9694,0.0420,nan,0
1781044839.3884,21.8771,-0.6205,1.1898,21.8256,-0.5943,1.2000,0.0578,0.1469,0.4042,1.570796,0.9850,NOMINAL,0.9922,0.0874,nan,0
1781044839.4382,21.9066,-0.5793,1.2528,21.9009,-0.5929,1.2000,0.0147,0.1469,0.4042,1.570796,1.0000,NOMINAL,1.8023,0.0295,nan,0
1781044839.4886,22.0581,-0.6576,1.1107,21.9758,-0.5912,1.2000,0.1057,0.1469,0.4042,1.570796,1.0000,NOMINAL,8.0835,0.1309,nan,0
1781044839.5384,22.0920,-0.6848,1.1525,22.0507,-0.5895,1.2000,0.1039,0.1469,0.4042,1.570796,0.9700,NOMINAL,4.4108,0.1086,nan,0
1781044839.5885,22.2453,-0.4831,1.1817,22.1255,-0.5875,1.2000,0.1589,0.1469,0.4042,1.570796,0.9650,NOMINAL,7.2201,0.1881,nan,0
1781044839.6383,22.2198,-0.5255,1.2487,22.2009,-0.5854,1.2000,0.0628,0.1469,0.4042,1.570796,0.9950,NOMINAL,2.5787,0.0748,nan,0
1781044839.6883,22.2535,-0.6497,1.2116,22.2757,-0.5831,1.2000,0.0702,0.1469,0.4042,1.570796,0.9350,NOMINAL,1.4545,0.0617,nan,0
1781044839.7384,22.3767,-0.6260,1.1690,22.3508,-0.5807,1.2000,0.0522,0.1469,0.4042,1.570796,0.9900,NOMINAL,1.3580,0.0583,nan,0
1781044839.7883,22.3770,-0.5940,1.1622,22.4258,-0.5781,1.2000,0.0513,0.1469,0.4042,1.570796,1.0000,NOMINAL,1.6231,0.0197,nan,0
1781044839.8385,22.4974,-0.6886,1.2248,22.5010,-0.5753,1.2000,0.1134,0.1469,0.4042,1.570796,1.0000,NOMINAL,3.9531,0.1089,nan,0
1781044839.8886,22.6278,-0.5432,1.1855,22.5756,-0.5724,1.2000,0.0598,0.1469,0.4042,1.570796,1.0000,NOMINAL,1.1228,0.0900,nan,0
1781044839.9387,22.6411,-0.5576,1.2934,22.6514,-0.5693,1.2000,0.0155,0.1469,0.4042,1.570796,1.0000,NOMINAL,5.5163,0.0180,nan,0
1781044839.9888,22.7273,-0.5656,1.1997,22.7260,-0.5661,1.2000,0.0014,0.1469,0.4042,1.570796,0.9650,NOMINAL,0.0006,0.0317,nan,1
1781044840.0387,22.8022,-0.5620,1.2000,22.8007,-0.5627,1.2000,0.0016,0.1469,0.4042,1.570796,0.4000,DEGRADED,0.0007,0.0165,0.0300,1
1781044840.0885,22.8772,-0.5582,1.2001,22.8757,-0.5592,1.2000,0.0018,0.1469,0.4043,1.570796,0.4000,DEGRADED,0.0009,0.0310,0.0300,1
1781044840.1386,22.9527,-0.5546,1.2000,22.9511,-0.5554,1.2000,0.0019,0.1469,0.4043,1.570796,0.4000,DEGRADED,0.0010,0.0161,0.0300,1
1781044840.1882,23.0276,-0.5508,1.1997,23.0258,-0.5516,1.2000,0.0019,0.1469,0.4043,1.570796,0.4000,DEGRADED,0.0011,0.0304,0.0300,1
1781044840.2383,23.1027,-0.5470,1.1995,23.1009,-0.5476,1.2000,0.0019,0.1469,0.4043,1.570796,0.4000,DEGRADED,0.0011,0.0155,0.0300,1
1781044840.2885,23.1782,-0.5431,1.1993,23.1761,-0.5434,1.2000,0.0021,0.1469,0.4043,1.570796,0.4000,DEGRADED,0.0015,0.0298,0.0300,1
1781044840.3384,23.2533,-0.5393,1.1989,23.2510,-0.5391,1.2000,0.0023,0.1469,0.4044,1.570796,0.4000,DEGRADED,0.0023,0.0149,0.0300,1
1781044840.3883,23.3283,-0.5353,1.1983,23.3257,-0.5346,1.2000,0.0027,0.1469,0.4045,1.570796,0.4000,INERTIAL,0.0038,0.0293,0.0300,1
1781044840.4385,23.4036,-0.5308,1.1979,23.4008,-0.5300,1.2000,0.0029,0.1470,0.4045,1.570796,0.4000,INERTIAL,0.0050,0.0146,0.0300,1
1781044840.4884,23.4786,-0.5266,1.1975,23.4758,-0.5253,1.2000,0.0031,0.1470,0.4046,1.570796,0.4000,INERTIAL,0.0065,0.0286,0.0300,1
1781044840.5383,23.5539,-0.5222,1.1970,23.5512,-0.5203,1.2000,0.0033,0.1471,0.4048,1.570796,0.4000,INERTIAL,0.0085,0.0145,0.0300,1
1781044840.5884,23.6285,-0.5177,1.1964,23.6257,-0.5153,1.2000,0.0037,0.1471,0.4049,1.570796,0.4000,INERTIAL,0.0121,0.0282,0.0300,1
1781044840.6385,23.7040,-0.5133,1.1957,23.7010,-0.5101,1.2000,0.0044,0.1472,0.4051,1.570796,0.4000,INERTIAL,0.0166,0.0142,0.0300,1
1781044840.6884,23.7791,-0.5086,1.1950,23.7758,-0.5048,1.2000,0.0051,0.1472,0.4053,1.570796,0.4000,INERTIAL,0.0227,0.0282,0.0300,1
1781044840.7384,23.8546,-0.5037,1.1944,23.8509,-0.4993,1.2000,0.0058,0.1473,0.4055,1.570796,0.4000,INERTIAL,0.0284,0.0139,0.0300,1
1781044840.7883,23.9301,-0.4983,1.1938,23.9259,-0.4937,1.2000,0.0062,0.1474,0.4058,1.570796,0.4000,INERTIAL,0.0344,0.0284,0.0300,1
1781044840.8383,24.0056,-0.4929,1.1933,24.0009,-0.4879,1.2000,0.0068,0.1475,0.4061,1.570796,0.4000,INERTIAL,0.0404,0.0144,0.0300,1
1781044840.8885,24.0810,-0.4873,1.1927,24.0757,-0.4821,1.2000,0.0075,0.1477,0.4064,1.570796,0.4000,INERTIAL,0.0477,0.0281,0.0300,1
1781044840.9386,24.1567,-0.4818,1.1922,24.1508,-0.4760,1.2000,0.0083,0.1478,0.4068,1.570796,0.4000,INERTIAL,0.0560,0.0000,0.0300,1
1781044840.9884,24.2327,-0.4762,1.1919,24.2260,-0.4699,1.2000,0.0093,0.1480,0.4073,1.570796,0.4000,INERTIAL,0.0635,0.0155,0.0300,1
1781044841.0383,24.3082,-0.4708,1.1915,24.3007,-0.4636,1.2000,0.0104,0.1481,0.4077,1.570796,0.4000,INERTIAL,0.0725,0.0002,0.0300,1
1781044841.0885,24.3839,-0.4653,1.1909,24.3756,-0.4572,1.2000,0.0116,0.1483,0.4083,1.570796,0.4000,INERTIAL,0.0861,0.0154,0.0300,1
1781044841.1384,24.4598,-0.4597,1.1903,24.4507,-0.4506,1.2000,0.0128,0.1485,0.4089,1.570796,0.4000,INERTIAL,0.0999,0.0003,0.0300,1
1781044841.1885,24.5355,-0.4542,1.1898,24.5257,-0.4440,1.2000,0.0142,0.1488,0.4095,1.570796,0.4000,INERTIAL,0.1161,0.0155,0.0300,1
1781044841.2386,24.6116,-0.4486,1.1893,24.6009,-0.4372,1.2000,0.0156,0.1491,0.4103,1.570796,0.4000,INERTIAL,0.1334,0.0004,0.0300,1
1781044841.2884,24.6873,-0.4428,1.1889,24.6757,-0.4303,1.2000,0.0171,0.1493,0.4111,1.570796,0.4000,INERTIAL,0.1508,0.0157,0.0300,1
1781044841.3386,24.7637,-0.4370,1.1885,24.7509,-0.4232,1.2000,0.0188,0.1497,0.4120,1.570796,0.4000,INERTIAL,0.1706,0.0009,0.0300,1
1781044841.3883,24.8395,-0.4310,1.1881,24.8257,-0.4161,1.2000,0.0203,0.1500,0.4129,1.570796,0.4000,INERTIAL,0.1904,0.0162,0.0300,1
1781044841.4385,24.9156,-0.4250,1.1877,24.9009,-0.4088,1.2000,0.0219,0.1504,0.4140,1.570796,0.4000,INERTIAL,0.2118,0.0010,0.0300,1
1781044841.4885,24.9917,-0.4189,1.1871,24.9758,-0.4015,1.2000,0.0236,0.1508,0.4151,1.570796,0.4000,INERTIAL,0.2392,0.0163,0.0300,1
1781044841.5385,25.0684,-0.4129,1.1865,25.0512,-0.3939,1.2000,0.0256,0.1513,0.4164,1.570796,0.4000,INERTIAL,0.2719,0.0016,0.0300,1
1781044841.5885,25.1449,-0.4068,1.1860,25.1261,-0.3863,1.2000,0.0278,0.1518,0.4177,1.570796,0.4000,INERTIAL,0.3063,0.0172,0.0300,1
1781044841.6383,25.2215,-0.4007,1.1855,25.2010,-0.3787,1.2000,0.0301,0.1523,0.4192,1.570796,0.4000,INERTIAL,0.3460,0.0018,0.0300,1
1781044841.6885,25.2981,-0.3945,1.1850,25.2757,-0.3709,1.2000,0.0326,0.1529,0.4207,1.570796,0.4000,INERTIAL,0.3900,0.0176,0.0300,1
1781044841.7384,25.3753,-0.3881,1.1845,25.3508,-0.3630,1.2000,0.0351,0.1535,0.4224,1.570796,0.4000,INERTIAL,0.4381,0.0019,0.0300,1
1781044841.7883,25.4525,-0.3816,1.1838,25.4256,-0.3550,1.2000,0.0378,0.1541,0.4242,1.570796,0.4000,INERTIAL,0.4941,0.0179,0.0300,1
1781044841.8385,25.5303,-0.3750,1.1830,25.5010,-0.3468,1.2000,0.0407,0.1548,0.4262,1.570796,0.4000,INERTIAL,0.5570,0.0031,0.0300,1
1781044841.8885,25.6077,-0.3684,1.1824,25.5757,-0.3386,1.2000,0.0437,0.1556,0.4283,1.570796,0.4000,INERTIAL,0.6245,0.0190,0.0300,1
1781044841.9385,25.6855,-0.3618,1.1818,25.6508,-0.3303,1.2000,0.0469,0.1564,0.4305,1.570796,0.4000,INERTIAL,0.6980,0.0031,0.0300,1
1781044841.9883,25.7632,-0.3552,1.1812,25.7255,-0.3220,1.2000,0.0503,0.1573,0.4329,1.570796,0.4000,INERTIAL,0.7794,0.0194,0.0300,1
1781044842.0385,25.8418,-0.3488,1.1805,25.8009,-0.3134,1.2000,0.0541,0.1582,0.4355,1.570796,0.4000,INERTIAL,0.8735,0.0042,0.0300,1
1781044842.0883,25.9200,-0.3423,1.1799,25.8758,-0.3049,1.2000,0.0579,0.1592,0.4382,1.570796,0.4000,INERTIAL,0.9737,0.0205,0.0300,1
1781044842.1383,25.9982,-0.3359,1.1792,25.9507,-0.2962,1.2000,0.0618,0.1603,0.4411,1.570796,0.4000,INERTIAL,1.0811,0.0051,0.0300,1
1781044842.1884,26.0762,-0.3295,1.1786,26.0257,-0.2875,1.2000,0.0657,0.1614,0.4442,1.570796,0.4000,INERTIAL,1.1875,0.0206,0.0300,1
1781044842.2384,26.1545,-0.3230,1.1781,26.1008,-0.2787,1.2000,0.0697,0.1626,0.4475,1.570796,0.4000,INERTIAL,1.3007,0.0051,0.0300,1
1781044842.2885,26.2330,-0.3165,1.1775,26.1760,-0.2697,1.2000,0.0737,0.1638,0.4510,1.570796,0.4000,INERTIAL,1.4167,0.0215,0.0300,1
1781044842.3385,26.3113,-0.3101,1.1770,26.2510,-0.2608,1.2000,0.0780,0.1652,0.4546,1.570796,0.4000,INERTIAL,1.5424,0.0060,0.0300,1
1781044842.3886,26.3895,-0.3037,1.1767,26.3258,-0.2518,1.2000,0.0822,0.1666,0.4585,1.570796,0.4000,INERTIAL,1.6666,0.0218,0.0300,1
1781044842.4384,26.4679,-0.2974,1.1764,26.4008,-0.2427,1.2000,0.0866,0.1681,0.4626,1.570796,0.4000,INERTIAL,1.7962,0.0059,0.0300,1
1781044842.4886,26.5460,-0.2911,1.1761,26.4755,-0.2335,1.2000,0.0910,0.1696,0.4670,1.570796,0.4000,INERTIAL,1.9267,0.0217,0.0300,1
1781044842.5384,26.6247,-0.2848,1.1759,26.5509,-0.2242,1.2000,0.0955,0.1713,0.4715,1.570796,0.4000,INERTIAL,2.0626,0.0067,0.0300,1
1781044842.5887,26.7029,-0.2785,1.1758,26.6258,-0.2149,1.2000,0.1000,0.1730,0.4763,1.570796,0.4000,INERTIAL,2.1939,0.0221,0.0300,1
1781044842.6387,26.7814,-0.2720,1.1758,26.7010,-0.2055,1.2000,0.1043,0.1749,0.4814,1.570796,0.4000,INERTIAL,2.3207,0.0071,0.0300,1
1781044842.6886,26.8594,-0.2654,1.1758,26.7758,-0.1961,1.2000,0.1086,0.1768,0.4867,1.570796,0.4000,INERTIAL,2.4406,0.0223,0.0300,1
1781044842.7388,26.9376,-0.2587,1.1759,26.8508,-0.1867,1.2000,0.1129,0.1788,0.4922,1.570796,0.4000,INERTIAL,2.5600,0.0072,0.0300,1
1781044842.7887,27.0160,-0.2518,1.1761,26.9257,-0.1771,1.2000,0.1172,0.1809,0.4980,1.570796,0.4000,INERTIAL,2.6773,0.0228,0.0300,1
1781044842.8387,27.0948,-0.2448,1.1763,27.0011,-0.1675,1.2000,0.1215,0.1831,0.5041,1.570796,0.4000,INERTIAL,2.7914,0.0080,0.0300,1
1781044842.8886,27.1731,-0.2379,1.1763,27.0759,-0.1579,1.2000,0.1259,0.1854,0.5104,1.570796,0.4000,INERTIAL,2.9125,0.0237,0.0300,1
1781044842.9389,27.2517,-0.2308,1.1763,27.1509,-0.1482,1.2000,0.1303,0.1878,0.5171,1.570796,0.4000,INERTIAL,3.0286,0.0085,0.0300,1
1781044842.9886,27.3303,-0.2236,1.1763,27.2258,-0.1385,1.2000,0.1347,0.1904,0.5240,1.570796,0.4000,INERTIAL,3.1388,0.0473,0.0300,1
1781044843.0386,27.4089,-0.2163,1.1761,27.3011,-0.1288,1.2000,0.1389,0.1930,0.5312,1.570796,0.4000,INERTIAL,3.2384,0.0314,0.0300,1
1781044843.0884,27.4872,-0.2090,1.1759,27.3758,-0.1190,1.2000,0.1431,0.1957,0.5387,1.570796,0.4000,INERTIAL,3.3376,0.0476,0.0300,1
1781044843.1384,27.5656,-0.2016,1.1758,27.4510,-0.1092,1.2000,0.1472,0.1985,0.5464,1.570796,0.4000,INERTIAL,3.4226,0.0316,0.0300,1
1781044843.1884,27.6434,-0.1945,1.1757,27.5256,-0.0994,1.2000,0.1514,0.2015,0.5545,1.570796,0.4000,INERTIAL,3.5081,0.0473,0.0300,1
1781044843.2385,27.7220,-0.1873,1.1754,27.6010,-0.0894,1.2000,0.1556,0.2045,0.5629,1.570796,0.4000,INERTIAL,3.5904,0.0319,0.0300,1
1781044843.2890,27.7994,-0.1802,1.1750,27.6756,-0.0796,1.2000,0.1596,0.2077,0.5716,1.570796,0.4000,INERTIAL,3.6574,0.0470,0.0300,1
1781044843.3384,27.8780,-0.1729,1.1747,27.7513,-0.0696,1.2000,0.1635,0.2109,0.5806,1.570796,0.4000,INERTIAL,3.7160,0.0321,0.0300,1
1781044843.3886,27.9554,-0.1657,1.1743,27.8258,-0.0597,1.2000,0.1674,0.2143,0.5899,1.570796,0.3809,INERTIAL,3.7716,0.0476,0.0300,1
1781044843.4387,28.0335,-0.1586,1.1738,27.9012,-0.0497,1.2000,0.1714,0.2178,0.5996,1.570796,0.3677,INERTIAL,3.8273,0.0320,0.0300,1
1781044843.4885,28.1108,-0.1518,1.1730,27.9756,-0.0398,1.2000,0.1756,0.2214,0.6095,1.570796,0.3547,INERTIAL,3.8847,0.0470,0.0300,1
1781044843.5385,28.1891,-0.1447,1.1720,28.0511,-0.0298,1.2000,0.1796,0.2252,0.6198,1.570796,0.3420,INERTIAL,3.9307,0.0322,0.0300,1
1781044843.5887,28.2663,-0.1378,1.1708,28.1258,-0.0198,1.2000,0.1835,0.2290,0.6304,1.570796,0.3297,INERTIAL,3.9735,0.0475,0.0300,1
1781044843.6386,28.3441,-0.1309,1.1696,28.2009,-0.0098,1.2000,0.1875,0.2330,0.6413,1.570796,0.3297,INERTIAL,4.0110,0.0321,0.0300,1
1781044843.6886,28.4215,-0.1240,1.1681,28.2758,0.0002,1.2000,0.1915,0.2371,0.6526,1.570796,0.3060,INERTIAL,4.0459,0.0475,0.0300,1
1781044843.7385,28.4994,-0.1170,1.1663,28.3510,0.0102,1.2000,0.1955,0.2413,0.6642,1.570796,0.2946,INERTIAL,4.0816,0.0321,0.0300,1
1781044843.7886,28.5773,-0.1100,1.1643,28.4261,0.0202,1.2000,0.1996,0.2456,0.6761,1.570796,0.2946,INERTIAL,4.1123,0.0483,0.0300,1
1781044843.8385,28.6548,-0.1033,1.1623,28.5008,0.0302,1.2000,0.2038,0.2501,0.6884,1.570796,0.2836,INERTIAL,4.1480,0.0321,0.0300,1
1781044843.8888,28.7327,-0.0967,1.1601,28.5760,0.0402,1.2000,0.2080,0.2547,0.7010,1.570796,0.2729,INERTIAL,4.1785,0.0478,0.0300,1
1781044843.9383,28.8105,-0.0898,1.1580,28.6509,0.0502,1.2000,0.2122,0.2594,0.7139,1.570796,0.2625,INERTIAL,4.2018,0.0323,0.0300,1
1781044843.9888,28.8877,-0.0833,1.1560,28.7255,0.0601,1.2000,0.2165,0.2642,0.7272,1.570796,0.2428,INERTIAL,4.2245,0.0473,0.0300,1
1781044844.0383,28.9657,-0.0771,1.1537,28.8009,0.0701,1.2000,0.2209,0.2691,0.7408,1.570796,0.2335,INERTIAL,4.2484,0.0322,0.0300,1
1781044844.0888,29.0432,-0.0710,1.1515,28.8759,0.0800,1.2000,0.2253,0.2742,0.7547,1.570796,0.2335,INERTIAL,4.2681,0.0477,0.0300,1
1781044844.1385,29.1205,-0.0650,1.1491,28.9507,0.0898,1.2000,0.2298,0.2794,0.7690,1.570796,0.2244,INERTIAL,4.2875,0.0318,0.0300,1
1781044844.1885,29.1985,-0.0590,1.1466,29.0262,0.0998,1.2000,0.2343,0.2847,0.7837,1.570796,0.2073,INERTIAL,4.3063,0.0482,0.0300,1
1781044844.2385,29.2759,-0.0532,1.1440,29.1010,0.1096,1.2000,0.2390,0.2901,0.7986,1.570796,0.2073,INERTIAL,4.3241,0.0315,0.0300,1
1781044844.2885,29.3528,-0.0475,1.1415,29.1755,0.1194,1.2000,0.2435,0.2957,0.8140,1.570796,0.1992,INERTIAL,4.3327,0.0471,0.0300,1
1781044844.3383,29.4306,-0.0419,1.1390,29.2511,0.1292,1.2000,0.2480,0.3014,0.8296,1.570796,0.1915,INERTIAL,4.3382,0.0317,0.0300,1
1781044844.3885,29.5074,-0.0365,1.1365,29.3255,0.1389,1.2000,0.2527,0.3072,0.8456,1.570796,0.1840,INERTIAL,4.3481,0.0470,0.0300,1
1781044844.4385,29.5853,-0.0312,1.1340,29.4010,0.1487,1.2000,0.2575,0.3132,0.8620,1.570796,0.1768,INERTIAL,4.3538,0.0315,0.0300,1
1781044844.4885,29.6621,-0.0261,1.1315,29.4756,0.1583,1.2000,0.2623,0.3192,0.8787,1.570796,0.1698,INERTIAL,4.3563,0.0466,0.0300,1
1781044844.5383,29.7393,-0.0210,1.1287,29.5507,0.1679,1.2000,0.2670,0.3254,0.8957,1.570796,0.1568,INERTIAL,4.3559,0.0313,0.0300,1
1781044844.5884,29.8161,-0.0160,1.1258,29.6255,0.1775,1.2000,0.2716,0.3317,0.9131,1.570796,0.1568,INERTIAL,4.3504,0.0465,0.0300,1
1781044844.6384,29.8930,-0.0110,1.1230,29.7008,0.1870,1.2000,0.2760,0.3382,0.9309,1.570796,0.1447,INERTIAL,4.3362,0.0311,0.0300,1
1781044844.6884,29.9694,-0.0060,1.1202,29.7756,0.1965,1.2000,0.2803,0.3448,0.9490,1.570796,0.1447,INERTIAL,4.3181,0.0462,0.0300,1
1781044844.7383,30.0462,-0.0011,1.1173,29.8509,0.2059,1.2000,0.2846,0.3515,0.9674,1.570796,0.1337,INERTIAL,4.2969,0.0309,0.0300,1
1781044844.7886,30.1223,0.0036,1.1144,29.9256,0.2153,1.2000,0.2889,0.3583,0.9862,1.570796,0.1284,INERTIAL,4.2729,0.0459,0.0300,1
1781044844.8384,30.1985,0.0083,1.1117,30.0007,0.2246,1.2000,0.2932,0.3653,1.0054,1.570796,0.1235,INERTIAL,4.2440,0.0305,0.0300,1
1781044844.8884,30.2748,0.0128,1.1086,30.0756,0.2338,1.2000,0.2975,0.3723,1.0249,1.570796,0.1187,INERTIAL,4.2209,0.0458,0.0300,1
1781044844.9384,30.3513,0.0171,1.1053,30.1508,0.2430,1.2000,0.3021,0.3796,1.0447,1.570796,0.1141,INERTIAL,4.2009,0.0308,0.0300,1
1781044844.9884,30.4282,0.0213,1.1022,30.2263,0.2522,1.2000,0.3067,0.3869,1.0649,1.570796,0.1097,INERTIAL,4.1813,0.0000,0.0300,1
1781044845.0384,30.5039,0.0252,1.0991,30.3008,0.2612,1.2000,0.3113,0.3944,1.0855,1.570796,0.1054,INERTIAL,4.1581,0.0160,0.0300,1
1781044845.0884,30.5799,0.0289,1.0963,30.3756,0.2701,1.2000,0.3161,0.4020,1.1064,1.570796,0.1014,INERTIAL,4.1360,0.0006,0.0300,1
1781044845.1384,30.6564,0.0324,1.0935,30.4508,0.2790,1.2000,0.3211,0.4097,1.1277,1.570796,0.0975,INERTIAL,4.1162,0.0156,0.0300,1
1781044845.1882,30.7322,0.0358,1.0909,30.5254,0.2878,1.2000,0.3260,0.4175,1.1493,1.570796,0.0975,INERTIAL,4.0917,0.0008,0.0300,1
1781044845.2383,30.8090,0.0391,1.0884,30.6011,0.2966,1.2000,0.3310,0.4255,1.1713,1.570796,0.0902,INERTIAL,4.0660,0.0155,0.0300,1
1781044845.2896,30.8845,0.0422,1.0862,30.6756,0.3052,1.2000,0.3359,0.4336,1.1936,1.570796,0.0902,INERTIAL,4.0359,0.0010,0.0300,1
1781044845.3384,30.9604,0.0450,1.0838,30.7508,0.3138,1.2000,0.3409,0.4419,1.2163,1.570796,0.0835,INERTIAL,4.0063,0.0161,0.0300,1
1781044845.3884,31.0359,0.0479,1.0814,30.8257,0.3222,1.2000,0.3457,0.4503,1.2393,1.570796,0.0835,INERTIAL,3.9725,0.0012,0.0300,1
1781044845.4385,31.1117,0.0504,1.0790,30.9009,0.3307,1.2000,0.3507,0.4588,1.2628,1.570796,0.0774,INERTIAL,3.9425,0.0159,0.0300,1
1781044845.4887,31.1869,0.0529,1.0764,30.9755,0.3389,1.2000,0.3557,0.4674,1.2865,1.570796,0.0745,INERTIAL,3.9128,0.0013,0.0300,1
1781044845.5389,31.2627,0.0552,1.0737,31.0508,0.3472,1.2000,0.3608,0.4762,1.3106,1.570796,0.0745,INERTIAL,3.8845,0.0164,0.0300,1
1781044845.5891,31.3381,0.0572,1.0710,31.1258,0.3553,1.2000,0.3659,0.4851,1.3351,1.570796,0.0717,INERTIAL,3.8556,0.0016,0.0300,1
1781044845.6384,31.4134,0.0592,1.0683,31.2007,0.3633,1.2000,0.3711,0.4941,1.3600,1.570796,0.0665,INERTIAL,3.8278,0.0163,0.0300,1
1781044845.6885,31.4887,0.0610,1.0656,31.2756,0.3712,1.2000,0.3763,0.5032,1.3852,1.570796,0.0641,INERTIAL,3.7988,0.0021,0.0300,1
1781044845.7386,31.5641,0.0627,1.0631,31.3508,0.3790,1.2000,0.3815,0.5125,1.4107,1.570796,0.0641,INERTIAL,3.7671,0.0164,0.0300,1
1781044845.7886,31.6395,0.0643,1.0604,31.4259,0.3867,1.2000,0.3868,0.5219,1.4367,1.570796,0.0618,INERTIAL,3.7378,0.0018,0.0300,1
1781044845.8384,31.7146,0.0656,1.0577,31.5007,0.3943,1.2000,0.3922,0.5315,1.4630,1.570796,0.0574,INERTIAL,3.7103,0.0169,0.0300,1
1781044845.8884,31.7896,0.0666,1.0550,31.5756,0.4017,1.2000,0.3976,0.5412,1.4896,1.570796,0.0553,INERTIAL,3.6823,0.0023,0.0300,1
1781044845.9385,31.8647,0.0674,1.0522,31.6507,0.4091,1.2000,0.4032,0.5510,1.5167,1.570796,0.0533,INERTIAL,3.6569,0.0168,0.0300,1
1781044845.9885,31.9395,0.0680,1.0495,31.7257,0.4164,1.2000,0.4088,0.5610,1.5440,1.570796,0.0533,INERTIAL,3.6302,0.0026,0.0300,1
1781044846.0385,32.0144,0.0684,1.0466,31.8008,0.4235,1.2000,0.4145,0.5710,1.5718,1.570796,0.0514,INERTIAL,3.6052,0.0170,0.0300,1
1781044846.0884,32.0890,0.0688,1.0437,31.8756,0.4305,1.2000,0.4200,0.5813,1.5999,1.570796,0.0479,INERTIAL,3.5776,0.0031,0.0300,1
1781044846.1384,32.1639,0.0688,1.0405,31.9508,0.4375,1.2000,0.4258,0.5916,1.6284,1.570796,0.0462,INERTIAL,3.5551,0.0172,0.0300,1
1781044846.1886,32.2386,0.0685,1.0373,32.0258,0.4442,1.2000,0.4318,0.6021,1.6573,1.570796,0.0446,INERTIAL,3.5343,0.0034,0.0300,1
1781044846.2390,32.3133,0.0680,1.0340,32.1009,0.4509,1.2000,0.4379,0.6127,1.6865,1.570796,0.0446,INERTIAL,3.5141,0.0173,0.0300,1
1781044846.2884,32.3875,0.0673,1.0308,32.1757,0.4574,1.2000,0.4439,0.6235,1.7161,1.570796,0.0430,INERTIAL,3.4923,0.0041,0.0300,1
1781044846.3384,32.4618,0.0664,1.0275,32.2507,0.4638,1.2000,0.4500,0.6344,1.7461,1.570796,0.0401,INERTIAL,3.4715,0.0182,0.0300,1
1781044846.3884,32.5362,0.0649,1.0244,32.3257,0.4701,1.2000,0.4566,0.6454,1.7764,1.570796,0.0387,INERTIAL,3.4556,0.0045,0.0300,1
1781044846.4388,32.6106,0.0632,1.0212,32.4007,0.4763,1.2000,0.4633,0.6565,1.8072,1.570796,0.0374,INERTIAL,3.4403,0.0182,0.0300,1
1781044846.4889,32.6850,0.0614,1.0178,32.4759,0.4823,1.2000,0.4700,0.6678,1.8383,1.570796,0.0361,INERTIAL,3.4248,0.0048,0.0300,1
1781044846.5384,32.7593,0.0592,1.0146,32.5508,0.4882,1.2000,0.4769,0.6793,1.8697,1.570796,0.0349,INERTIAL,3.4116,0.0185,0.0300,1
1781044846.5884,32.8332,0.0568,1.0112,32.6256,0.4939,1.2000,0.4839,0.6908,1.9016,1.570796,0.0349,INERTIAL,3.3984,0.0054,0.0300,1
1781044846.6384,32.9073,0.0540,1.0079,32.7007,0.4995,1.2000,0.4911,0.7026,1.9338,1.570796,0.0338,INERTIAL,3.3866,0.0190,0.0300,1
1781044846.6884,32.9811,0.0509,1.0045,32.7756,0.5050,1.2000,0.4984,0.7144,1.9664,1.570796,0.0316,INERTIAL,3.3748,0.0060,0.0300,1
1781044846.7386,33.0548,0.0477,1.0010,32.8507,0.5103,1.2000,0.5056,0.7264,1.9994,1.570796,0.0305,INERTIAL,3.3629,0.0197,0.0300,1
1781044846.7885,33.1284,0.0443,0.9974,32.9257,0.5155,1.2000,0.5130,0.7385,2.0328,1.570796,0.0295,INERTIAL,3.3518,0.0067,0.0300,1
1781044846.8383,33.2021,0.0405,0.9938,33.0007,0.5205,1.2000,0.5206,0.7508,2.0665,1.570796,0.0285,INERTIAL,3.3430,0.0201,0.0300,1
1781044846.8884,33.2758,0.0364,0.9900,33.0757,0.5254,1.2000,0.5283,0.7632,2.1006,1.570796,0.0276,INERTIAL,3.3348,0.0074,0.0300,1
1781044846.9385,33.3493,0.0322,0.9859,33.1509,0.5302,1.2000,0.5361,0.7757,2.1352,1.570796,0.0267,INERTIAL,3.3273,0.0207,0.0300,1
1781044846.9884,33.4225,0.0276,0.9818,33.2256,0.5348,1.2000,0.5441,0.7884,2.1701,1.570796,0.0267,INERTIAL,3.3214,0.0081,0.0300,1
1781044847.0383,33.4963,0.0228,0.9776,33.3011,0.5393,1.2000,0.5522,0.8012,2.2053,1.570796,0.0250,INERTIAL,3.3162,0.0146,0.0300,1
1781044847.0884,33.5692,0.0175,0.9735,33.3758,0.5436,1.2000,0.5605,0.8142,2.2410,1.570796,0.0250,INERTIAL,3.3120,0.0293,0.0300,1
1781044847.1384,33.6424,0.0118,0.9694,33.4508,0.5477,1.2000,0.5692,0.8273,2.2771,1.570796,0.0235,INERTIAL,3.3097,0.0148,0.0300,1
1781044847.1885,33.7156,0.0057,0.9654,33.5257,0.5517,1.2000,0.5781,0.8405,2.3135,1.570796,0.0235,INERTIAL,3.3087,0.0295,0.0300,1
1781044847.2386,33.7886,-0.0006,0.9615,33.6008,0.5556,1.2000,0.5871,0.8539,2.3503,1.570796,0.0220,INERTIAL,3.3075,0.0147,0.0300,1
1781044847.2886,33.8614,-0.0072,0.9576,33.6758,0.5593,1.2000,0.5962,0.8674,2.3876,1.570796,0.0220,INERTIAL,3.3059,0.0292,0.0300,1
1781044847.3384,33.9342,-0.0140,0.9535,33.7508,0.5628,1.2000,0.6053,0.8811,2.4252,1.570796,0.0207,INERTIAL,3.3042,0.0144,0.0300,1
1781044847.3884,34.0071,-0.0210,0.9491,33.8257,0.5662,1.2000,0.6146,0.8949,2.4632,1.570796,0.0201,INERTIAL,3.3041,0.0293,0.0300,1
1781044847.4386,34.0801,-0.0284,0.9448,33.9008,0.5695,1.2000,0.6241,0.9088,2.5016,1.570796,0.0201,INERTIAL,3.3050,0.0148,0.0300,1
1781044847.4886,34.1530,-0.0359,0.9405,33.9757,0.5725,1.2000,0.6337,0.9229,2.5404,1.570796,0.0188,INERTIAL,3.3054,0.0294,0.0300,1
1781044847.5384,34.2261,-0.0437,0.9361,34.0508,0.5754,1.2000,0.6435,0.9372,2.5796,1.570796,0.0183,INERTIAL,3.3063,0.0147,0.0300,1
1781044847.5884,34.2991,-0.0519,0.9313,34.1257,0.5782,1.2000,0.6535,0.9515,2.6191,1.570796,0.0177,INERTIAL,3.3097,0.0298,0.0300,1
1781044847.6384,34.3722,-0.0601,0.9265,34.2007,0.5808,1.2000,0.6635,0.9661,2.6591,1.570796,0.0177,INERTIAL,3.3123,0.0151,0.0300,1
1781044847.6884,34.4453,-0.0688,0.9213,34.2757,0.5832,1.2000,0.6736,0.9807,2.6995,1.570796,0.0167,INERTIAL,3.3167,0.0297,0.0300,1
1781044847.7386,34.5184,-0.0776,0.9161,34.3507,0.5855,1.2000,0.6840,0.9955,2.7403,1.570796,0.0162,INERTIAL,3.3211,0.0156,0.0300,1
1781044847.7886,34.5916,-0.0867,0.9108,34.4257,0.5876,1.2000,0.6944,1.0105,2.7815,1.570796,0.0157,INERTIAL,3.3258,0.0304,0.0300,1
1781044847.8384,34.6646,-0.0962,0.9055,34.5007,0.5895,1.2000,0.7051,1.0256,2.8231,1.570796,0.0152,INERTIAL,3.3313,0.0156,0.0300,1
1781044847.8885,34.7376,-0.1060,0.9001,34.5756,0.5913,1.2000,0.7158,1.0409,2.8650,1.570796,0.0152,INERTIAL,3.3366,0.0304,0.0300,1
1781044847.9385,34.8106,-0.1160,0.8947,34.6507,0.5929,1.2000,0.7267,1.0563,2.9074,1.570796,0.0144,INERTIAL,3.3419,0.0159,0.0300,1
1781044847.9885,34.8833,-0.1262,0.8892,34.7256,0.5944,1.2000,0.7376,1.0718,2.9502,1.570796,0.0140,INERTIAL,3.3464,0.0305,0.0300,1
1781044848.0384,34.9562,-0.1366,0.8834,34.8008,0.5957,1.2000,0.7485,1.0875,2.9934,1.570796,0.0140,INERTIAL,3.3512,0.0159,0.0300,1
1781044848.0885,35.0285,-0.1472,0.8777,34.8756,0.5968,1.2000,0.7596,1.1034,3.0370,1.570796,0.0136,INERTIAL,3.3557,0.0306,0.0300,1
1781044848.1384,35.1012,-0.1580,0.8720,34.9507,0.5977,1.2000,0.7705,1.1193,3.0811,1.570796,0.0128,INERTIAL,3.3582,0.0160,0.0300,1
1781044848.1886,35.1738,-0.1689,0.8663,35.0257,0.5985,1.2000,0.7815,1.1355,3.1255,1.570796,0.0128,INERTIAL,3.3606,0.0309,0.0300,1
1781044848.2385,35.2465,-0.1802,0.8606,35.1007,0.5991,1.2000,0.7929,1.1518,3.1703,1.570796,0.0121,INERTIAL,3.3644,0.0162,0.0300,1
1781044848.2884,35.3192,-0.1920,0.8549,35.1757,0.5996,1.2000,0.8045,1.1682,3.2156,1.570796,0.0117,INERTIAL,3.3689,0.0314,0.0300,1
1781044848.3384,35.3920,-0.2040,0.8491,35.2508,0.5999,1.2000,0.8162,1.1848,3.2612,1.570796,0.0117,INERTIAL,3.3732,0.0164,0.0300,1
1781044848.3884,35.4647,-0.2164,0.8435,35.3258,0.6000,1.2000,0.8282,1.2015,3.3073,1.570796,0.0111,INERTIAL,3.3781,0.0318,0.0300,1
1781044848.4385,35.5374,-0.2292,0.8377,35.4007,0.6000,1.2000,0.8403,1.2184,3.3538,1.570796,0.0108,INERTIAL,3.3838,0.0171,0.0300,1
1781044848.4888,35.6102,-0.2422,0.8319,35.4757,0.5997,1.2000,0.8526,1.2355,3.4007,1.570796,0.0105,INERTIAL,3.3891,0.0319,0.0300,1
1781044848.5385,35.6831,-0.2555,0.8260,35.5508,0.5994,1.2000,0.8650,1.2527,3.4480,1.570796,0.0105,INERTIAL,3.3951,0.0172,0.0300,1
1781044848.5883,35.7559,-0.2692,0.8199,35.6258,0.5988,1.2000,0.8777,1.2700,3.4957,1.570796,0.0099,INERTIAL,3.4020,0.0324,0.0300,1
1781044848.6384,35.8288,-0.2831,0.8136,35.7007,0.5981,1.2000,0.8905,1.2875,3.5439,1.570796,0.0097,INERTIAL,3.4095,0.0178,0.0300,1
1781044848.6884,35.9020,-0.2975,0.8072,35.7759,0.5972,1.2000,0.9036,1.3051,3.5925,1.570796,0.0094,INERTIAL,3.4180,0.0329,0.0300,1
1781044848.7386,35.9747,-0.3122,0.8008,35.8507,0.5962,1.2000,0.9168,1.3230,3.6415,1.570796,0.0091,INERTIAL,3.4266,0.0178,0.0300,1
1781044848.7884,36.0476,-0.3273,0.7942,35.9257,0.5950,1.2000,0.9303,1.3409,3.6909,1.570796,0.0091,INERTIAL,3.4362,0.0328,0.0300,1
1781044848.8384,36.1206,-0.3427,0.7876,36.0008,0.5936,1.2000,0.9439,1.3590,3.7407,1.570796,0.0087,INERTIAL,3.4458,0.0184,0.0300,1
1781044848.8883,36.1934,-0.3584,0.7809,36.0757,0.5921,1.2000,0.9578,1.3773,3.7910,1.570796,0.0084,INERTIAL,3.4556,0.0333,0.0300,1
1781044848.9388,36.2664,-0.3745,0.7740,36.1507,0.5904,1.2000,0.9718,1.3957,3.8417,1.570796,0.0082,INERTIAL,3.4663,0.0183,0.0300,1
1781044848.9885,36.3396,-0.3907,0.7670,36.2260,0.5885,1.2000,0.9858,1.4143,3.8928,1.570796,0.0080,INERTIAL,3.4759,0.0335,0.0300,1
1781044849.0385,36.4126,-0.4073,0.7600,36.3008,0.5865,1.2000,1.0000,1.4330,3.9444,1.570796,0.0078,INERTIAL,3.4860,0.0149,0.0300,1
1781044849.0884,36.4855,-0.4243,0.7530,36.3756,0.5843,1.2000,1.0145,1.4519,3.9963,1.570796,0.0076,INERTIAL,3.4967,0.0299,0.0300,1
1781044849.1384,36.5586,-0.4416,0.7460,36.4507,0.5819,1.2000,1.0292,1.4709,4.0487,1.570796,0.0074,INERTIAL,3.5070,0.0148,0.0300,1
1781044849.1886,36.6316,-0.4590,0.7392,36.5257,0.5794,1.2000,1.0438,1.4901,4.1016,1.570796,0.0074,INERTIAL,3.5157,0.0299,0.0300,1
1781044849.2388,36.7048,-0.4771,0.7326,36.6007,0.5767,1.2000,1.0589,1.5095,4.1549,1.570796,0.0072,INERTIAL,3.5262,0.0148,0.0300,1
1781044849.2885,36.7776,-0.4958,0.7257,36.6756,0.5739,1.2000,1.0745,1.5290,4.2086,1.570796,0.0070,INERTIAL,3.5386,0.0299,0.0300,1
1781044849.3384,36.8505,-0.5151,0.7189,36.7507,0.5709,1.2000,1.0905,1.5486,4.2627,1.570796,0.0068,INERTIAL,3.5522,0.0147,0.0300,1
1781044849.3883,36.9235,-0.5348,0.7120,36.8257,0.5677,1.2000,1.1068,1.5685,4.3173,1.570796,0.0065,INERTIAL,3.5663,0.0302,0.0300,1
1781044849.4383,36.9964,-0.5547,0.7052,36.9007,0.5644,1.2000,1.1232,1.5884,4.3723,1.570796,0.0063,INERTIAL,3.5796,0.0148,0.0300,1
1781044849.4885,37.0696,-0.5750,0.6982,36.9761,0.5609,1.2000,1.1397,1.6086,4.4277,1.570796,0.0062,INERTIAL,3.5934,0.0303,0.0300,1
1781044849.5389,37.1422,-0.5958,0.6913,37.0507,0.5573,1.2000,1.1568,1.6289,4.4836,1.570796,0.0060,INERTIAL,3.6084,0.0150,0.0300,1
1781044849.5884,37.2150,-0.6171,0.6845,37.1257,0.5535,1.2000,1.1740,1.6494,4.5399,1.570796,0.0059,INERTIAL,3.6232,0.0302,0.0300,1
1781044849.6384,37.2882,-0.6386,0.6776,37.2007,0.5496,1.2000,1.1914,1.6700,4.5967,1.570796,0.0057,INERTIAL,3.6384,0.0153,0.0300,1
1781044849.6885,37.3612,-0.6606,0.6707,37.2756,0.5455,1.2000,1.2091,1.6908,4.6539,1.570796,0.0056,INERTIAL,3.6537,0.0305,0.0300,1
1781044849.7387,37.4343,-0.6827,0.6637,37.3508,0.5413,1.2000,1.2268,1.7117,4.7115,1.570796,0.0056,INERTIAL,3.6684,0.0151,0.0300,1
1781044849.7885,37.5075,-0.7051,0.6566,37.4260,0.5369,1.2000,1.2447,1.7328,4.7696,1.570796,0.0055,INERTIAL,3.6827,0.0307,0.0300,1
1781044849.8384,37.5803,-0.7277,0.6494,37.5007,0.5323,1.2000,1.2626,1.7541,4.8281,1.570796,0.0052,INERTIAL,3.6968,0.0151,0.0300,1
1781044849.8884,37.6534,-0.7506,0.6422,37.5757,0.5276,1.2000,1.2806,1.7755,4.8871,1.570796,0.0052,INERTIAL,3.7105,0.0306,0.0300,1
1781044849.9384,37.7266,-0.7737,0.6351,37.6507,0.5228,1.2000,1.2987,1.7971,4.9465,1.570796,0.0050,INERTIAL,3.7234,0.0152,0.0300,1
1781044849.9884,37.7997,-0.7972,0.6280,37.7257,0.5178,1.2000,1.3171,1.8188,5.0064,1.570796,0.0050,INERTIAL,3.7365,0.0302,0.0300,1
1781044850.0384,37.8732,-0.8212,0.6210,37.8008,0.5127,1.2000,1.3359,1.8407,5.0667,1.570796,0.0048,INERTIAL,3.7505,0.0156,0.0300,1
1781044850.0886,37.9463,-0.8456,0.6142,37.8756,0.5075,1.2000,1.3549,1.8628,5.1275,1.570796,0.0046,INERTIAL,3.7638,0.0308,0.0300,1
1781044850.1384,38.0196,-0.8702,0.6074,37.9507,0.5020,1.2000,1.3739,1.8851,5.1887,1.570796,0.0045,INERTIAL,3.7768,0.0152,0.0300,1
1781044850.1884,38.0930,-0.8951,0.6007,38.0256,0.4965,1.2000,1.3933,1.9075,5.2504,1.570796,0.0044,INERTIAL,3.7897,0.0311,0.0300,1
1781044850.2385,38.1664,-0.9203,0.5940,38.1008,0.4908,1.2000,1.4127,1.9300,5.3125,1.570796,0.0044,INERTIAL,3.8022,0.0157,0.0300,1
1781044850.2886,38.2395,-0.9459,0.5872,38.1759,0.4850,1.2000,1.4322,1.9528,5.3751,1.570796,0.0042,INERTIAL,3.8146,0.0312,0.0300,1
1781044850.3383,38.3123,-0.9717,0.5804,38.2507,0.4790,1.2000,1.4520,1.9757,5.4382,1.570796,0.0042,INERTIAL,3.8273,0.0153,0.0300,1
1781044850.3883,38.3854,-0.9979,0.5736,38.3257,0.4729,1.2000,1.4721,1.9988,5.5017,1.570796,0.0041,INERTIAL,3.8399,0.0312,0.0300,1
1781044850.4384,38.4588,-1.0243,0.5668,38.4007,0.4667,1.2000,1.4922,2.0220,5.5656,1.570796,0.0039,INERTIAL,3.8523,0.0162,0.0300,1
1781044850.4885,38.5323,-1.0510,0.5599,38.4757,0.4604,1.2000,1.5124,2.0454,5.6300,1.570796,0.0038,INERTIAL,3.8641,0.0319,0.0300,1
1781044850.5385,38.6058,-1.0779,0.5531,38.5506,0.4539,1.2000,1.5328,2.0690,5.6949,1.570796,0.0037,INERTIAL,3.8757,0.0162,0.0300,1
1781044850.5885,38.6793,-1.1051,0.5462,38.6256,0.4473,1.2000,1.5533,2.0927,5.7602,1.570796,0.0037,INERTIAL,3.8871,0.0322,0.0300,1
1781044850.6383,38.7529,-1.1325,0.5392,38.7007,0.4406,1.2000,1.5740,2.1166,5.8260,1.570796,0.0036,INERTIAL,3.8985,0.0166,0.0300,1
1781044850.6883,38.8265,-1.1602,0.5322,38.7757,0.4337,1.2000,1.5947,2.1407,5.8923,1.570796,0.0036,INERTIAL,3.9096,0.0323,0.0300,1
1781044850.7384,38.9000,-1.1882,0.5252,38.8509,0.4267,1.2000,1.6157,2.1649,5.9590,1.570796,0.0035,INERTIAL,3.9208,0.0168,0.0300,1
1781044850.7885,38.9734,-1.2166,0.5180,38.9260,0.4196,1.2000,1.6369,2.1893,6.0262,1.570796,0.0034,INERTIAL,3.9322,0.0328,0.0300,1
1781044850.8383,39.0467,-1.2450,0.5108,39.0007,0.4125,1.2000,1.6581,2.2139,6.0938,1.570796,0.0033,INERTIAL,3.9428,0.0170,0.0300,1
1781044850.8884,39.1206,-1.2736,0.5037,39.0758,0.4051,1.2000,1.6793,2.2386,6.1619,1.570796,0.0032,INERTIAL,3.9525,0.0332,0.0300,1
1781044850.9385,39.1943,-1.3023,0.4966,39.1507,0.3977,1.2000,1.7005,2.2635,6.2305,1.570796,0.0032,INERTIAL,3.9614,0.0172,0.0300,1
1781044850.9885,39.2680,-1.3311,0.4897,39.2256,0.3902,1.2000,1.7218,2.2886,6.2996,1.570796,0.0031,INERTIAL,3.9695,0.0332,0.0300,1
1781044851.0383,39.3418,-1.3601,0.4826,39.3007,0.3825,1.2000,1.7431,2.3139,6.3691,1.570796,0.0030,INERTIAL,3.9773,0.0304,0.0300,1
1781044851.0884,39.4157,-1.3894,0.4753,39.3756,0.3748,1.2000,1.7646,2.3393,6.4391,1.570796,0.0030,INERTIAL,3.9854,0.0143,0.0300,1
1781044851.1384,39.4897,-1.4191,0.4679,39.4509,0.3669,1.2000,1.7864,2.3649,6.5095,1.570796,0.0029,INERTIAL,3.9938,0.0299,0.0300,1
1781044851.1885,39.5631,-1.4490,0.4605,39.5256,0.3589,1.2000,1.8084,2.3907,6.5805,1.570796,0.0028,INERTIAL,4.0024,0.0142,0.0300,1
1781044851.2385,39.6366,-1.4792,0.4529,39.6007,0.3509,1.2000,1.8305,2.4166,6.6519,1.570796,0.0027,INERTIAL,4.0111,0.0299,0.0300,1
1781044851.2884,39.7100,-1.5095,0.4454,39.6756,0.3427,1.2000,1.8526,2.4428,6.7238,1.570796,0.0027,INERTIAL,4.0189,0.0142,0.0300,1
1781044851.3385,39.7835,-1.5400,0.4377,39.7507,0.3345,1.2000,1.8747,2.4690,6.7961,1.570796,0.0027,INERTIAL,4.0263,0.0298,0.0300,1
1781044851.3884,39.8568,-1.5705,0.4303,39.8257,0.3261,1.2000,1.8969,2.4955,6.8690,1.570796,0.0026,INERTIAL,4.0328,0.0137,0.0300,1
1781044851.4386,39.9303,-1.6013,0.4231,39.9007,0.3177,1.2000,1.9192,2.5221,6.9423,1.570796,0.0025,INERTIAL,4.0385,0.0294,0.0300,1
1781044851.4884,40.0036,-1.6322,0.4159,39.9757,0.3091,1.2000,1.9416,2.5489,7.0161,1.570796,0.0025,INERTIAL,4.0442,0.0134,0.0300,1
1781044851.5384,40.0771,-1.6633,0.4085,40.0507,0.3005,1.2000,1.9640,2.5759,7.0904,1.570796,0.0024,INERTIAL,4.0495,0.0298,0.0300,1
1781044851.5884,40.1508,-1.6948,0.4010,40.1257,0.2918,1.2000,1.9868,2.6031,7.1651,1.570796,0.0024,INERTIAL,4.0556,0.0129,0.0300,1
1781044851.6385,40.2243,-1.7267,0.3934,40.2007,0.2831,1.2000,2.0099,2.6304,7.2404,1.570796,0.0024,INERTIAL,4.0623,0.0289,0.0300,1
1781044851.6885,40.2978,-1.7587,0.3859,40.2756,0.2742,1.2000,2.0330,2.6579,7.3161,1.570796,0.0023,INERTIAL,4.0683,0.0127,0.0300,1
1781044851.7384,40.3713,-1.7911,0.3783,40.3507,0.2653,1.2000,2.0565,2.6856,7.3923,1.570796,0.0022,INERTIAL,4.0749,0.0287,0.0300,1
1781044851.7885,40.4448,-1.8237,0.3707,40.4257,0.2563,1.2000,2.0801,2.7135,7.4690,1.570796,0.0022,INERTIAL,4.0812,0.0123,0.0300,1
1781044851.8385,40.5182,-1.8565,0.3630,40.5007,0.2472,1.2000,2.1038,2.7415,7.5462,1.570796,0.0022,INERTIAL,4.0873,0.0282,0.0300,1
1781044851.8884,40.5913,-1.8894,0.3553,40.5755,0.2381,1.2000,2.1275,2.7697,7.6238,1.570796,0.0021,INERTIAL,4.0931,0.0123,0.0300,1
1781044851.9385,40.6647,-1.9225,0.3475,40.6507,0.2288,1.2000,2.1513,2.7981,7.7020,1.570796,0.0020,INERTIAL,4.0985,0.0282,0.0300,1
1781044851.9885,40.7379,-1.9556,0.3395,40.7256,0.2196,1.2000,2.1752,2.8267,7.7806,1.570796,0.0020,INERTIAL,4.1037,0.0120,0.0300,1
1781044852.0384,40.8113,-1.9888,0.3315,40.8007,0.2102,1.2000,2.1991,2.8555,7.8598,1.570796,0.0020,INERTIAL,4.1085,0.0279,0.0300,1
1781044852.0883,40.8843,-2.0224,0.3234,40.8756,0.2008,1.2000,2.2233,2.8844,7.9394,1.570796,0.0019,INERTIAL,4.1137,0.0116,0.0300,1
1781044852.1384,40.9574,-2.0562,0.3156,40.9507,0.1914,1.2000,2.2476,2.9135,8.0195,1.570796,0.0019,INERTIAL,4.1184,0.0276,0.0300,1
1781044852.1884,41.0302,-2.0901,0.3077,41.0256,0.1819,1.2000,2.2720,2.9428,8.1001,1.570796,0.0018,INERTIAL,4.1229,0.0116,0.0300,1
1781044852.2384,41.1029,-2.1243,0.2999,41.1007,0.1723,1.2000,2.2966,2.9722,8.1812,1.570796,0.0018,INERTIAL,4.1273,0.0273,0.0300,1
1781044852.2884,41.1757,-2.1587,0.2920,41.1756,0.1627,1.2000,2.3214,3.0019,8.2628,1.570796,0.0018,INERTIAL,4.1319,0.0110,0.0300,1
1781044852.3384,41.2488,-2.1931,0.2839,41.2507,0.1531,1.2000,2.3462,3.0317,8.3449,1.570796,0.0017,INERTIAL,4.1358,0.0267,0.0300,1
1781044852.3883,41.3216,-2.2275,0.2759,41.3256,0.1434,1.2000,2.3709,3.0617,8.4275,1.570796,0.0017,INERTIAL,4.1391,0.0107,0.0300,1
1781044852.4384,41.3945,-2.2620,0.2680,41.4007,0.1336,1.2000,2.3956,3.0919,8.5106,1.570796,0.0017,INERTIAL,4.1418,0.0267,0.0300,1
1781044852.4885,41.4674,-2.2967,0.2600,41.4759,0.1238,1.2000,2.4205,3.1223,8.5942,1.570796,0.0017,INERTIAL,4.1446,0.0101,0.0300,1
1781044852.5385,41.5399,-2.3317,0.2518,41.5507,0.1141,1.2000,2.4458,3.1528,8.6783,1.570796,0.0016,INERTIAL,4.1481,0.0260,0.0300,1
1781044852.5886,41.6124,-2.3668,0.2433,41.6256,0.1043,1.2000,2.4711,3.1836,8.7629,1.570796,0.0016,INERTIAL,4.1515,0.0099,0.0300,1
1781044852.6382,41.6851,-2.4023,0.2348,41.7006,0.0944,1.2000,2.4967,3.2145,8.8480,1.570796,0.0015,INERTIAL,4.1553,0.0256,0.0300,1
1781044852.6885,41.7579,-2.4379,0.2264,41.7756,0.0845,1.2000,2.5225,3.2456,8.9336,1.570796,0.0015,INERTIAL,4.1588,0.0093,0.0300,1
1781044852.7383,41.8312,-2.4737,0.2181,41.8509,0.0746,1.2000,2.5484,3.2768,9.0197,1.570796,0.0015,INERTIAL,4.1620,0.0249,0.0300,1
1781044852.7885,41.9037,-2.5095,0.2102,41.9255,0.0647,1.2000,2.5743,3.3083,9.1063,1.570796,0.0015,INERTIAL,4.1645,0.0090,0.0300,1
1781044852.8386,41.9771,-2.5458,0.2022,42.0008,0.0547,1.2000,2.6006,3.3400,9.1934,1.570796,0.0015,INERTIAL,4.1675,0.0248,0.0300,1
1781044852.8884,42.0498,-2.5818,0.1943,42.0755,0.0448,1.2000,2.6267,3.3718,9.2810,1.570796,0.0014,INERTIAL,4.1694,0.0091,0.0300,1
1781044852.9383,42.1228,-2.6181,0.1862,42.1507,0.0347,1.2000,2.6530,3.4038,9.3691,1.570796,0.0014,INERTIAL,4.1717,0.0250,0.0300,1
1781044852.9886,42.1952,-2.6546,0.1785,42.2255,0.0248,1.2000,2.6796,3.4360,9.4577,1.570796,0.0014,INERTIAL,4.1739,0.0092,0.0300,1
1781044853.0383,42.2680,-2.6912,0.1706,42.3007,0.0148,1.2000,2.7061,3.4684,9.5469,1.570796,0.0013,INERTIAL,4.1755,0.0311,0.0300,1
1781044853.0884,42.3407,-2.7278,0.1626,42.3757,0.0048,1.2000,2.7328,3.5010,9.6365,1.570796,0.0013,INERTIAL,4.1770,0.0145,0.0300,1
1781044853.1383,42.4131,-2.7644,0.1546,42.4507,-0.0052,1.2000,2.7594,3.5337,9.7267,1.570796,0.0013,INERTIAL,4.1781,0.0311,0.0300,1
1781044853.1885,42.4853,-2.8012,0.1463,42.5255,-0.0152,1.2000,2.7863,3.5667,9.8174,1.570796,0.0013,INERTIAL,4.1797,0.0147,0.0300,1
1781044853.2385,42.5578,-2.8384,0.1375,42.6008,-0.0252,1.2000,2.8135,3.5998,9.9086,1.570796,0.0012,INERTIAL,4.1823,0.0306,0.0300,1
1781044853.2881,42.6296,-2.8758,0.1284,42.6755,-0.0352,1.2000,2.8410,3.6331,10.0003,1.570796,0.0012,INERTIAL,4.1852,0.0145,0.0300,1
1781044853.3382,42.7020,-2.9133,0.1193,42.7507,-0.0452,1.2000,2.8685,3.6666,10.0925,1.570796,0.0012,INERTIAL,4.1878,0.0302,0.0300,1
1781044853.3884,42.7743,-2.9507,0.1101,42.8256,-0.0551,1.2000,2.8960,3.7003,10.1853,1.570796,0.0012,INERTIAL,4.1901,0.0136,0.0300,1
1781044853.4383,42.8464,-2.9884,0.1008,42.9006,-0.0651,1.2000,2.9238,3.7342,10.2785,1.570796,0.0011,INERTIAL,4.1926,0.0298,0.0300,1
1781044853.4886,42.9185,-3.0263,0.0913,42.9759,-0.0751,1.2000,2.9518,3.7683,10.3723,1.570796,0.0011,INERTIAL,4.1954,0.0133,0.0300,1
1781044853.5382,42.9901,-3.0640,0.0816,43.0506,-0.0849,1.2000,2.9797,3.8025,10.4666,1.570796,0.0011,INERTIAL,4.1976,0.0296,0.0300,1
1781044853.5883,43.0619,-3.1022,0.0720,43.1255,-0.0948,1.2000,3.0081,3.8370,10.5614,1.570796,0.0011,INERTIAL,4.2004,0.0131,0.0300,1
1781044853.6381,43.1338,-3.1406,0.0626,43.2006,-0.1047,1.2000,3.0366,3.8716,10.6567,1.570796,0.0011,INERTIAL,4.2032,0.0290,0.0300,1
1781044853.6885,43.2054,-3.1790,0.0530,43.2755,-0.1145,1.2000,3.0653,3.9064,10.7526,1.570796,0.0011,INERTIAL,4.2059,0.0127,0.0300,1
1781044853.7384,43.2773,-3.2176,0.0432,43.3507,-0.1243,1.2000,3.0941,3.9414,10.8490,1.570796,0.0010,INERTIAL,4.2087,0.0285,0.0300,1
1781044853.7884,43.3487,-3.2560,0.0332,43.4255,-0.1341,1.2000,3.1229,3.9766,10.9459,1.570796,0.0010,INERTIAL,4.2110,0.0123,0.0300,1
1781044853.8382,43.4206,-3.2945,0.0230,43.5009,-0.1438,1.2000,3.1517,4.0120,11.0433,1.570796,0.0010,INERTIAL,4.2132,0.0280,0.0300,1
1781044853.8889,43.4918,-3.3330,0.0126,43.5756,-0.1535,1.2000,3.1806,4.0476,11.1413,1.570796,0.0010,INERTIAL,4.2154,0.0118,0.0300,1
1781044853.9383,43.5633,-3.3716,0.0020,43.6508,-0.1632,1.2000,3.2096,4.0834,11.2398,1.570796,0.0010,INERTIAL,4.2176,0.0277,0.0300,1
1781044853.9884,43.6342,-3.4104,-0.0088,43.7255,-0.1727,1.2000,3.2390,4.1194,11.3388,1.570796,0.0009,INERTIAL,4.2202,0.0118,0.0300,1
1781044854.0382,43.7056,-3.4493,-0.0196,43.8008,-0.1823,1.2000,3.2684,4.1555,11.4383,1.570796,0.0009,INERTIAL,4.2227,0.0273,0.0300,1
1781044854.0883,43.7764,-3.4883,-0.0308,43.8755,-0.1918,1.2000,3.2980,4.1919,11.5384,1.570796,0.0009,INERTIAL,4.2254,0.0113,0.0300,1
1781044854.1383,43.8473,-3.5275,-0.0418,43.9507,-0.2013,1.2000,3.3278,4.2284,11.6390,1.570796,0.0009,INERTIAL,4.2280,0.0270,0.0300,1
1781044854.1885,43.9177,-3.5667,-0.0531,44.0255,-0.2106,1.2000,3.3578,4.2652,11.7401,1.570796,0.0009,INERTIAL,4.2307,0.0113,0.0300,1
1781044854.2383,43.9885,-3.6060,-0.0641,44.1007,-0.2200,1.2000,3.3879,4.3021,11.8418,1.570796,0.0009,INERTIAL,4.2329,0.0265,0.0300,1
1781044854.2884,44.0588,-3.6453,-0.0754,44.1756,-0.2292,1.2000,3.4181,4.3393,11.9440,1.570796,0.0008,INERTIAL,4.2355,0.0110,0.0300,1
1781044854.3383,44.1293,-3.6848,-0.0868,44.2508,-0.2385,1.2000,3.4485,4.3766,12.0467,1.570796,0.0008,INERTIAL,4.2379,0.0261,0.0300,1
1781044854.3884,44.1993,-3.7242,-0.0982,44.3256,-0.2476,1.2000,3.4789,4.4141,12.1500,1.570796,0.0008,INERTIAL,4.2400,0.0106,0.0300,1
1781044854.4383,44.2697,-3.7636,-0.1095,44.4007,-0.2567,1.2000,3.5093,4.4518,12.2538,1.570796,0.0008,INERTIAL,4.2418,0.0255,0.0300,1
1781044854.4884,44.3393,-3.8031,-0.1209,44.4754,-0.2656,1.2000,3.5401,4.4897,12.3581,1.570796,0.0008,INERTIAL,4.2438,0.0107,0.0300,1
1781044854.5383,44.4098,-3.8426,-0.1325,44.5509,-0.2746,1.2000,3.5708,4.5278,12.4630,1.570796,0.0008,INERTIAL,4.2454,0.0250,0.0300,1
1781044854.5884,44.4795,-3.8820,-0.1443,44.6256,-0.2834,1.2000,3.6015,4.5661,12.5684,1.570796,0.0008,INERTIAL,4.2469,0.0102,0.0300,1
1781044854.6384,44.5498,-3.9214,-0.1564,44.7008,-0.2922,1.2000,3.6323,4.6046,12.6744,1.570796,0.0008,INERTIAL,4.2483,0.0245,0.0300,1
1781044854.6884,44.6197,-3.9608,-0.1685,44.7755,-0.3009,1.2000,3.6632,4.6433,12.7809,1.570796,0.0007,INERTIAL,4.2496,0.0101,0.0300,1
1781044854.7385,44.6897,-4.0002,-0.1807,44.8507,-0.3095,1.2000,3.6941,4.6822,12.8879,1.570796,0.0007,INERTIAL,4.2507,0.0243,0.0300,1
1781044854.7884,44.7594,-4.0396,-0.1930,44.9255,-0.3180,1.2000,3.7253,4.7213,12.9955,1.570796,0.0007,INERTIAL,4.2519,0.0102,0.0300,1
1781044854.8383,44.8299,-4.0795,-0.2055,45.0010,-0.3265,1.2000,3.7568,4.7606,13.1037,1.570796,0.0007,INERTIAL,4.2536,0.0234,0.0300,1
1781044854.8884,44.8996,-4.1193,-0.2179,45.0757,-0.3348,1.2000,3.7886,4.8000,13.2123,1.570796,0.0007,INERTIAL,4.2554,0.0099,0.0300,1
1781044854.9383,44.9696,-4.1592,-0.2305,45.1506,-0.3431,1.2000,3.8204,4.8397,13.3215,1.570796,0.0007,INERTIAL,4.2570,0.0232,0.0300,1
1781044854.9886,45.0396,-4.1992,-0.2432,45.2257,-0.3512,1.2000,3.8525,4.8796,13.4313,1.570796,0.0007,INERTIAL,4.2588,0.0100,0.0300,1
1781044855.0382,45.1093,-4.2393,-0.2558,45.3010,-0.3593,1.2000,3.8847,4.9197,13.5416,1.570796,0.0007,INERTIAL,4.2605,0.0303,0.0300,1
1781044855.0884,45.1783,-4.2795,-0.2686,45.3756,-0.3673,1.2000,3.9172,4.9600,13.6525,1.570796,0.0007,INERTIAL,4.2624,0.0142,0.0300,1
1781044855.1384,45.2479,-4.3200,-0.2814,45.4509,-0.3751,1.2000,3.9501,5.0004,13.7639,1.570796,0.0006,INERTIAL,4.2647,0.0294,0.0300,1
1781044855.1884,45.3170,-4.3604,-0.2945,45.5255,-0.3828,1.2000,3.9830,5.0411,13.8759,1.570796,0.0006,INERTIAL,4.2670,0.0135,0.0300,1
1781044855.2383,45.3864,-4.4009,-0.3077,45.6008,-0.3905,1.2000,4.0161,5.0820,13.9884,1.570796,0.0006,INERTIAL,4.2692,0.0290,0.0300,1
1781044855.2882,45.4554,-4.4414,-0.3210,45.6756,-0.3980,1.2000,4.0493,5.1231,14.1014,1.570796,0.0006,INERTIAL,4.2713,0.0129,0.0300,1
1781044855.3385,45.5246,-4.4821,-0.3345,45.7508,-0.4055,1.2000,4.0829,5.1643,14.2150,1.570796,0.0006,INERTIAL,4.2740,0.0283,0.0300,1
1781044855.3885,45.5935,-4.5230,-0.3479,45.8257,-0.4128,1.2000,4.1168,5.2058,14.3292,1.570796,0.0006,INERTIAL,4.2767,0.0120,0.0300,1
1781044855.4384,45.6620,-4.5639,-0.3617,45.9006,-0.4200,1.2000,4.1508,5.2475,14.4439,1.570796,0.0006,INERTIAL,4.2796,0.0278,0.0300,1
1781044855.4884,45.7303,-4.6048,-0.3754,45.9755,-0.4271,1.2000,4.1850,5.2894,14.5592,1.570796,0.0006,INERTIAL,4.2823,0.0116,0.0300,1
1781044855.5383,45.7989,-4.6460,-0.3893,46.0507,-0.4340,1.2000,4.2195,5.3315,14.6751,1.570796,0.0006,INERTIAL,4.2853,0.0271,0.0300,1
1781044855.5884,45.8672,-4.6871,-0.4033,46.1256,-0.4409,1.2000,4.2541,5.3737,14.7914,1.570796,0.0006,INERTIAL,4.2883,0.0107,0.0300,1
1781044855.6387,45.9361,-4.7282,-0.4173,46.2012,-0.4477,1.2000,4.2887,5.4162,14.9084,1.570796,0.0006,INERTIAL,4.2909,0.0259,0.0300,1
1781044855.6884,46.0036,-4.7693,-0.4314,46.2755,-0.4542,1.2000,4.3237,5.4589,15.0259,1.570796,0.0005,INERTIAL,4.2937,0.0104,0.0300,1
1781044855.7384,46.0718,-4.8104,-0.4458,46.3507,-0.4607,1.2000,4.3587,5.5018,15.1440,1.570796,0.0005,INERTIAL,4.2966,0.0259,0.0300,1
1781044855.7883,46.1394,-4.8514,-0.4601,46.4255,-0.4670,1.2000,4.3938,5.5449,15.2626,1.570796,0.0005,INERTIAL,4.2991,0.0102,0.0300,1
1781044855.8382,46.2075,-4.8925,-0.4746,46.5009,-0.4732,1.2000,4.4290,5.5882,15.3818,1.570796,0.0005,INERTIAL,4.3016,0.0253,0.0300,1
1781044855.8883,46.2746,-4.9334,-0.4893,46.5756,-0.4793,1.2000,4.4643,5.6317,15.5015,1.570796,0.0005,INERTIAL,4.3040,0.0096,0.0300,1
1781044855.9385,46.3425,-4.9745,-0.5041,46.6508,-0.4853,1.2000,4.4999,5.6754,15.6219,1.570796,0.0005,INERTIAL,4.3066,0.0247,0.0300,1
1781044855.9885,46.4099,-5.0155,-0.5189,46.7256,-0.4911,1.2000,4.5354,5.7193,15.7427,1.570796,0.0005,INERTIAL,4.3089,0.0091,0.0300,1
1781044856.0386,46.4775,-5.0563,-0.5340,46.8007,-0.4967,1.2000,4.5710,5.7635,15.8642,1.570796,0.0005,INERTIAL,4.3110,0.0247,0.0300,1
1781044856.0883,46.5450,-5.0970,-0.5490,46.8754,-0.5023,1.2000,4.6066,5.8078,15.9862,1.570796,0.0005,INERTIAL,4.3127,0.0093,0.0300,1
1781044856.1386,46.6130,-5.1376,-0.5641,46.9508,-0.5077,1.2000,4.6422,5.8523,16.1088,1.570796,0.0005,INERTIAL,4.3143,0.0240,0.0300,1
1781044856.1884,46.6804,-5.1782,-0.5793,47.0255,-0.5129,1.2000,4.6780,5.8971,16.2319,1.570796,0.0005,INERTIAL,4.3159,0.0090,0.0300,1
1781044856.2383,46.7480,-5.2187,-0.5946,47.1006,-0.5181,1.2000,4.7138,5.9420,16.3557,1.570796,0.0005,INERTIAL,4.3172,0.0238,0.0300,1
1781044856.2883,46.8157,-5.2591,-0.6098,47.1757,-0.5230,1.2000,4.7497,5.9872,16.4799,1.570796,0.0005,INERTIAL,4.3182,0.0089,0.0300,1
1781044856.3384,46.8834,-5.2996,-0.6251,47.2508,-0.5279,1.2000,4.7858,6.0325,16.6048,1.570796,0.0004,INERTIAL,4.3193,0.0230,0.0300,1
1781044856.3885,46.9506,-5.3398,-0.6405,47.3256,-0.5325,1.2000,4.8219,6.0781,16.7302,1.570796,0.0004,INERTIAL,4.3202,0.0092,0.0300,1
1781044856.4385,47.0180,-5.3800,-0.6561,47.4007,-0.5371,1.2000,4.8580,6.1239,16.8562,1.570796,0.0004,INERTIAL,4.3210,0.0230,0.0300,1
1781044856.4884,47.0852,-5.4200,-0.6720,47.4756,-0.5415,1.2000,4.8942,6.1699,16.9828,1.570796,0.0004,INERTIAL,4.3216,0.0093,0.0300,1
1781044856.5384,47.1525,-5.4600,-0.6881,47.5508,-0.5457,1.2000,4.9304,6.2160,17.1099,1.570796,0.0004,INERTIAL,4.3222,0.0228,0.0300,1
1781044856.5884,47.2196,-5.4998,-0.7044,47.6256,-0.5498,1.2000,4.9667,6.2624,17.2377,1.570796,0.0004,INERTIAL,4.3226,0.0095,0.0300,1
1781044856.6383,47.2867,-5.5396,-0.7207,47.7008,-0.5537,1.2000,5.0030,6.3091,17.3660,1.570796,0.0004,INERTIAL,4.3230,0.0227,0.0300,1
1781044856.6884,47.3533,-5.5792,-0.7371,47.7754,-0.5575,1.2000,5.0394,6.3559,17.4948,1.570796,0.0004,INERTIAL,4.3231,0.0099,0.0300,1
1781044856.7383,47.4206,-5.6189,-0.7536,47.8508,-0.5611,1.2000,5.0760,6.4029,17.6243,1.570796,0.0004,INERTIAL,4.3232,0.0222,0.0300,1
1781044856.7884,47.4874,-5.6582,-0.7704,47.9255,-0.5646,1.2000,5.1124,6.4501,17.7543,1.570796,0.0004,INERTIAL,4.3231,0.0104,0.0300,1
1781044856.8383,47.5543,-5.6977,-0.7871,48.0008,-0.5679,1.2000,5.1492,6.4976,17.8849,1.570796,0.0004,INERTIAL,4.3232,0.0221,0.0300,1
1781044856.8884,47.6209,-5.7373,-0.8040,48.0756,-0.5710,1.2000,5.1862,6.5453,18.0161,1.570796,0.0004,INERTIAL,4.3233,0.0109,0.0300,1
1781044856.9384,47.6876,-5.7767,-0.8210,48.1507,-0.5740,1.2000,5.2232,6.5931,18.1479,1.570796,0.0004,INERTIAL,4.3233,0.0221,0.0300,1
1781044856.9882,47.7538,-5.8160,-0.8382,48.2254,-0.5768,1.2000,5.2604,6.6412,18.2802,1.570796,0.0004,INERTIAL,4.3233,0.0116,0.0300,1
1781044857.0384,47.8204,-5.8553,-0.8555,48.3007,-0.5795,1.2000,5.2977,6.6895,18.4132,1.570796,0.0004,INERTIAL,4.3233,0.0291,0.0300,1
1781044857.0883,47.8866,-5.8948,-0.8731,48.3757,-0.5820,1.2000,5.3352,6.7380,18.5467,1.570796,0.0004,INERTIAL,4.3236,0.0136,0.0300,1
1781044857.1382,47.9529,-5.9342,-0.8905,48.4507,-0.5844,1.2000,5.3729,6.7867,18.6808,1.570796,0.0003,INERTIAL,4.3236,0.0292,0.0300,1
1781044857.1884,48.0189,-5.9734,-0.9079,48.5257,-0.5866,1.2000,5.4106,6.8357,18.8155,1.570796,0.0003,INERTIAL,4.3235,0.0139,0.0300,1
1781044857.2384,48.0850,-6.0125,-0.9255,48.6007,-0.5886,1.2000,5.4484,6.8848,18.9507,1.570796,0.0003,INERTIAL,4.3233,0.0291,0.0300,1
1781044857.2888,48.1512,-6.0517,-0.9431,48.6756,-0.5904,1.2000,5.4864,6.9342,19.0866,1.570796,0.0003,INERTIAL,4.3231,0.0136,0.0300,1
1781044857.3389,48.2177,-6.0909,-0.9610,48.7509,-0.5921,1.2000,5.5245,6.9837,19.2230,1.570796,0.0003,INERTIAL,4.3230,0.0289,0.0300,1
1781044857.3884,48.2836,-6.1300,-0.9790,48.8257,-0.5937,1.2000,5.5628,7.0335,19.3601,1.570796,0.0003,INERTIAL,4.3228,0.0139,0.0300,1
1781044857.4384,48.3500,-6.1690,-0.9971,48.9007,-0.5950,1.2000,5.6011,7.0835,19.4977,1.570796,0.0003,INERTIAL,4.3226,0.0289,0.0300,1
1781044857.4883,48.4162,-6.2079,-1.0154,48.9755,-0.5962,1.2000,5.6395,7.1337,19.6359,1.570796,0.0003,INERTIAL,4.3222,0.0137,0.0300,1
1781044857.5383,48.4829,-6.2469,-1.0338,49.0508,-0.5973,1.2000,5.6781,7.1842,19.7747,1.570796,0.0003,INERTIAL,4.3219,0.0290,0.0300,1
1781044857.5883,48.5492,-6.2861,-1.0522,49.1255,-0.5981,1.2000,5.7171,7.2348,19.9141,1.570796,0.0003,INERTIAL,4.3220,0.0138,0.0300,1
1781044857.6383,48.6158,-6.3254,-1.0706,49.2006,-0.5988,1.2000,5.7563,7.2857,20.0541,1.570796,0.0003,INERTIAL,4.3221,0.0290,0.0300,1
1781044857.6884,48.6824,-6.3646,-1.0890,49.2757,-0.5994,1.2000,5.7957,7.3367,20.1947,1.570796,0.0003,INERTIAL,4.3220,0.0134,0.0300,1
1781044857.7382,48.7490,-6.4038,-1.1073,49.3507,-0.5998,1.2000,5.8351,7.3880,20.3359,1.570796,0.0003,INERTIAL,4.3218,0.0290,0.0300,1
1781044857.7884,48.8153,-6.4429,-1.1257,49.4255,-0.6000,1.2000,5.8748,7.4395,20.4776,1.570796,0.0003,INERTIAL,4.3217,0.0138,0.0300,1
1781044857.8383,48.8818,-6.4822,-1.1442,49.5006,-0.6000,1.2000,5.9146,7.4913,20.6200,1.570796,0.0003,INERTIAL,4.3215,0.0292,0.0300,1
1781044857.8884,48.9483,-6.5211,-1.1627,49.5756,-0.5999,1.2000,5.9543,7.5432,20.7630,1.570796,0.0003,INERTIAL,4.3210,0.0139,0.0300,1
1781044857.9387,49.0151,-6.5598,-1.1812,49.6507,-0.5996,1.2000,5.9940,7.5953,20.9065,1.570796,0.0003,INERTIAL,4.3202,0.0293,0.0300,1
1781044857.9884,49.0817,-6.5984,-1.1998,49.7256,-0.5991,1.2000,6.0338,7.6477,21.0507,1.570796,0.0003,INERTIAL,4.3194,0.0141,0.0300,1
1781044858.0385,49.1486,-6.6372,-1.2185,49.8007,-0.5985,1.2000,6.0738,7.7003,21.1954,1.570796,0.0003,INERTIAL,4.3186,0.0294,0.0300,1
1781044858.0883,49.2153,-6.6758,-1.2371,49.8756,-0.5977,1.2000,6.1139,7.7531,21.3408,1.570796,0.0003,INERTIAL,4.3177,0.0141,0.0300,1
1781044858.1384,49.2824,-6.7145,-1.2558,49.9507,-0.5967,1.2000,6.1542,7.8062,21.4868,1.570796,0.0003,INERTIAL,4.3168,0.0296,0.0300,1
1781044858.1883,49.3493,-6.7531,-1.2746,50.0256,-0.5956,1.2000,6.1946,7.8594,21.6333,1.570796,0.0003,INERTIAL,4.3159,0.0142,0.0300,1
1781044858.2383,49.4167,-6.7915,-1.2936,50.1009,-0.5943,1.2000,6.2348,7.9129,21.7805,1.570796,0.0003,INERTIAL,4.3147,0.0296,0.0300,1
1781044858.2884,49.4836,-6.8299,-1.3126,50.1757,-0.5928,1.2000,6.2753,7.9665,21.9283,1.570796,0.0003,INERTIAL,4.3135,0.0141,0.0300,1
1781044858.3383,49.5508,-6.8682,-1.3317,50.2506,-0.5912,1.2000,6.3158,8.0205,22.0766,1.570796,0.0003,INERTIAL,4.3122,0.0297,0.0300,1
1781044858.3886,49.6180,-6.9064,-1.3508,50.3256,-0.5894,1.2000,6.3564,8.0746,22.2256,1.570796,0.0002,INERTIAL,4.3108,0.0144,0.0300,1
1781044858.4384,49.6854,-6.9446,-1.3701,50.4006,-0.5875,1.2000,6.3972,8.1289,22.3752,1.570796,0.0002,INERTIAL,4.3095,0.0299,0.0300,1
1781044858.4885,49.7528,-6.9828,-1.3895,50.4757,-0.5854,1.2000,6.4382,8.1835,22.5254,1.570796,0.0002,INERTIAL,4.3082,0.0146,0.0300,1
1781044858.5383,49.8201,-7.0208,-1.4090,50.5508,-0.5831,1.2000,6.4791,8.2383,22.6762,1.570796,0.0002,INERTIAL,4.3067,0.0301,0.0300,1
1781044858.5884,49.8871,-7.0585,-1.4287,50.6255,-0.5807,1.2000,6.5198,8.2933,22.8276,1.570796,0.0002,INERTIAL,4.3048,0.0148,0.0300,1
1781044858.6382,49.9549,-7.0960,-1.4486,50.7008,-0.5781,1.2000,6.5605,8.3485,22.9796,1.570796,0.0002,INERTIAL,4.3028,0.0301,0.0300,1
1781044858.6886,50.0219,-7.1334,-1.4686,50.7756,-0.5753,1.2000,6.6013,8.4040,23.1322,1.570796,0.0002,INERTIAL,4.3008,0.0150,0.0300,1
1781044858.7384,50.0897,-7.1706,-1.4888,50.8508,-0.5724,1.2000,6.6420,8.4596,23.2855,1.570796,0.0002,INERTIAL,4.2986,0.0303,0.0300,1
1781044858.7884,50.1567,-7.2075,-1.5090,50.9256,-0.5693,1.2000,6.6826,8.5155,23.4393,1.570796,0.0002,INERTIAL,4.2961,0.0156,0.0300,1
1781044858.8383,50.2243,-7.2444,-1.5294,51.0009,-0.5661,1.2000,6.7233,8.5716,23.5938,1.570796,0.0002,INERTIAL,4.2936,0.0309,0.0300,1
1781044858.8887,50.2913,-7.2812,-1.5499,51.0756,-0.5627,1.2000,6.7641,8.6280,23.7489,1.570796,0.0002,INERTIAL,4.2910,0.0161,0.0300,1
1781044858.9382,50.3588,-7.3180,-1.5704,51.1508,-0.5591,1.2000,6.8051,8.6845,23.9046,1.570796,0.0002,INERTIAL,4.2885,0.0316,0.0300,1
1781044858.9882,50.4259,-7.3548,-1.5910,51.2256,-0.5554,1.2000,6.8462,8.7413,24.0609,1.570796,0.0002,INERTIAL,4.2859,0.0165,0.0300,1
1781044859.0385,50.4933,-7.3915,-1.6114,51.3007,-0.5516,1.2000,6.8874,8.7983,24.2178,1.570796,0.0002,INERTIAL,4.2832,0.0000,0.0300,1
1781044859.0883,50.5603,-7.4281,-1.6319,51.3755,-0.5476,1.2000,6.9287,8.8556,24.3753,1.570796,0.0002,INERTIAL,4.2804,0.0153,0.0300,1
1781044859.1383,50.6276,-7.4647,-1.6525,51.4507,-0.5434,1.2000,6.9701,8.9130,24.5335,1.570796,0.0002,INERTIAL,4.2776,0.0002,0.0300,1
1781044859.1885,50.6945,-7.5008,-1.6731,51.5257,-0.5391,1.2000,7.0112,8.9707,24.6922,1.570796,0.0002,INERTIAL,4.2744,0.0151,0.0300,1
1781044859.2384,50.7621,-7.5371,-1.6936,51.6012,-0.5346,1.2000,7.0526,9.0286,24.8516,1.570796,0.0002,INERTIAL,4.2712,0.0003,0.0300,1
1781044859.2885,50.8288,-7.5734,-1.7140,51.6758,-0.5300,1.2000,7.0942,9.0867,25.0116,1.570796,0.0002,INERTIAL,4.2680,0.0152,0.0300,1
1781044859.3386,50.8958,-7.6098,-1.7344,51.7508,-0.5252,1.2000,7.1360,9.1451,25.1723,1.570796,0.0002,INERTIAL,4.2649,0.0004,0.0300,1
1781044859.3885,50.9629,-7.6462,-1.7546,51.8259,-0.5203,1.2000,7.1780,9.2037,25.3335,1.570796,0.0002,INERTIAL,4.2617,0.0153,0.0300,1
1781044859.4384,51.0298,-7.6826,-1.7749,51.9008,-0.5153,1.2000,7.2201,9.2625,25.4954,1.570796,0.0002,INERTIAL,4.2585,0.0005,0.0300,1
1781044859.4884,51.0966,-7.7190,-1.7951,51.9757,-0.5101,1.2000,7.2624,9.3215,25.6579,1.570796,0.0002,INERTIAL,4.2553,0.0151,0.0300,1
1781044859.5384,51.1636,-7.7552,-1.8154,52.0507,-0.5047,1.2000,7.3045,9.3808,25.8210,1.570796,0.0002,INERTIAL,4.2518,0.0008,0.0300,1
1781044859.5884,51.2305,-7.7914,-1.8356,52.1256,-0.4993,1.2000,7.3469,9.4403,25.9848,1.570796,0.0002,INERTIAL,4.2483,0.0150,0.0300,1
1781044859.6384,51.2977,-7.8276,-1.8559,52.2007,-0.4936,1.2000,7.3894,9.5000,26.1491,1.570796,0.0002,INERTIAL,4.2448,0.0008,0.0300,1
1781044859.6884,51.3647,-7.8641,-1.8762,52.2757,-0.4879,1.2000,7.4322,9.5599,26.3141,1.570796,0.0002,INERTIAL,4.2415,0.0153,0.0300,1
1781044859.7388,51.4319,-7.9006,-1.8966,52.3507,-0.4820,1.2000,7.4753,9.6201,26.4798,1.570796,0.0002,INERTIAL,4.2384,0.0007,0.0300,1
1781044859.7884,51.4991,-7.9372,-1.9168,52.4256,-0.4760,1.2000,7.5186,9.6805,26.6460,1.570796,0.0002,INERTIAL,4.2352,0.0154,0.0300,1
1781044859.8385,51.5667,-7.9740,-1.9372,52.5008,-0.4698,1.2000,7.5621,9.7411,26.8129,1.570796,0.0002,INERTIAL,4.2321,0.0008,0.0300,1
1781044859.8884,51.6341,-8.0105,-1.9576,52.5757,-0.4635,1.2000,7.6055,9.8020,26.9804,1.570796,0.0002,INERTIAL,4.2288,0.0155,0.0300,1
1781044859.9383,51.7013,-8.0470,-1.9781,52.6507,-0.4571,1.2000,7.6490,9.8631,27.1485,1.570796,0.0002,INERTIAL,4.2254,0.0010,0.0300,1
1781044859.9885,51.7682,-8.0835,-1.9986,52.7257,-0.4506,1.2000,7.6927,9.9244,27.3173,1.570796,0.0002,INERTIAL,4.2222,0.0149,0.0300,1
1781044860.0383,51.8354,-8.1202,-2.0193,52.8008,-0.4439,1.2000,7.7367,9.9859,27.4867,1.570796,0.0002,INERTIAL,4.2190,0.0011,0.0300,1
1781044860.0884,51.9024,-8.1567,-2.0401,52.8757,-0.4371,1.2000,7.7807,10.0477,27.6568,1.570796,0.0002,INERTIAL,4.2158,0.0147,0.0300,1
1781044860.1384,51.9696,-8.1933,-2.0608,52.9507,-0.4302,1.2000,7.8249,10.1097,27.8274,1.570796,0.0002,INERTIAL,4.2125,0.0014,0.0300,1
1781044860.1884,52.0368,-8.2299,-2.0814,53.0256,-0.4232,1.2000,7.8691,10.1719,27.9987,1.570796,0.0002,INERTIAL,4.2091,0.0145,0.0300,1
1781044860.2384,52.1043,-8.2666,-2.1021,53.1007,-0.4161,1.2000,7.9135,10.2344,28.1707,1.570796,0.0002,INERTIAL,4.2058,0.0017,0.0300,1
1781044860.2948,52.1717,-8.3031,-2.1227,53.1757,-0.4088,1.2000,7.9579,10.2971,28.3432,1.570796,0.0002,INERTIAL,4.2023,0.0143,0.0300,1
1781044860.3383,52.2398,-8.3397,-2.1434,53.2512,-0.4014,1.2000,8.0025,10.3600,28.5164,1.570796,0.0001,INERTIAL,4.1988,0.0021,0.0300,1
1781044860.3883,52.3101,-8.3763,-2.1640,53.3289,-0.3936,1.2000,8.0475,10.4232,28.6903,1.570796,0.0001,INERTIAL,4.1955,0.0170,0.0300,1
1781044860.4385,52.3742,-8.4135,-2.1848,53.4007,-0.3863,1.2000,8.0926,10.4866,28.8648,1.570796,0.0001,INERTIAL,4.1922,0.0024,0.0300,1
1781044860.4885,52.4413,-8.4505,-2.2057,53.4756,-0.3786,1.2000,8.1379,10.5502,29.0399,1.570796,0.0001,INERTIAL,4.1890,0.0135,0.0300,1
1781044860.5385,52.5088,-8.4876,-2.2266,53.5508,-0.3708,1.2000,8.1834,10.6141,29.2157,1.570796,0.0001,INERTIAL,4.1859,0.0028,0.0300,1
1781044860.5886,52.5758,-8.5248,-2.2476,53.6256,-0.3629,1.2000,8.2291,10.6782,29.3921,1.570796,0.0001,INERTIAL,4.1828,0.0132,0.0300,1
1781044860.6384,52.6433,-8.5620,-2.2684,53.7008,-0.3549,1.2000,8.2749,10.7425,29.5691,1.570796,0.0001,INERTIAL,4.1796,0.0032,0.0300,1
1781044860.6885,52.7106,-8.5991,-2.2892,53.7755,-0.3468,1.2000,8.3207,10.8070,29.7468,1.570796,0.0001,INERTIAL,4.1762,0.0130,0.0300,1
1781044860.7388,52.7786,-8.6363,-2.3100,53.8508,-0.3386,1.2000,8.3668,10.8718,29.9251,1.570796,0.0001,INERTIAL,4.1729,0.0034,0.0300,1
1781044860.7886,52.9634,-7.6258,-1.9147,53.9257,-0.3303,1.2000,7.3587,9.5946,26.4095,1.570796,0.0001,INERTIAL,4.1557,1.0520,0.0300,0
1781044860.8382,53.1323,-6.9038,-1.5671,54.0007,-0.3219,1.2000,6.6389,8.4675,23.3071,1.570796,0.6002,RE_ACQUIRE,4.3229,1.8239,0.0300,0
1781044860.8883,53.3477,-6.1517,-1.1957,54.0755,-0.3134,1.2000,5.8835,7.4728,20.5693,1.570796,0.5553,NOMINAL,4.3297,2.6204,0.0300,0
1781044860.9384,53.4150,-5.4357,-0.9641,54.1508,-0.3048,1.2000,5.1834,6.5951,18.1534,1.570796,0.5854,NOMINAL,4.3461,3.3739,0.0300,0
1781044860.9886,53.6828,-4.7802,-0.7923,54.2256,-0.2962,1.2000,4.5167,5.8206,16.0214,1.570796,0.5855,NOMINAL,4.3099,4.0809,0.0300,0
1781044861.0383,53.7586,-4.3857,-0.5075,54.3007,-0.2874,1.2000,4.1340,5.1371,14.1401,1.570796,0.5855,NOMINAL,4.5421,0.0000,0.0300,0
1781044861.0884,54.0104,-3.9269,-0.3569,54.3757,-0.2786,1.2000,3.6665,4.5340,12.4801,1.570796,0.5606,NOMINAL,4.6249,0.5080,0.0300,0
1781044861.1384,53.9824,-3.4577,-0.1658,54.4506,-0.2697,1.2000,3.2222,4.0018,11.0153,1.570796,0.5760,NOMINAL,4.5826,0.9576,0.0300,0
1781044861.1884,54.0107,-3.1556,0.0513,54.5255,-0.2608,1.2000,2.9403,3.5323,9.7228,1.570796,0.6013,NOMINAL,4.7855,1.2679,0.0300,0
1781044861.2385,54.2193,-2.8757,0.1409,54.6007,-0.2517,1.2000,2.6516,3.1180,8.5824,1.570796,0.5866,NOMINAL,5.0250,1.5725,0.0300,0
1781044861.2884,54.4742,-2.5096,0.2696,54.6756,-0.2426,1.2000,2.2759,2.7525,7.5764,1.570796,0.5821,NOMINAL,4.7817,1.9748,0.0300,0
1781044861.3384,54.4461,-2.3199,0.3397,54.7507,-0.2334,1.2000,2.1086,2.4300,6.6888,1.570796,0.6027,NOMINAL,5.2635,2.1604,0.0300,0
1781044861.3883,54.6994,-2.0126,0.4861,54.8258,-0.2241,1.2000,1.7929,2.1456,5.9059,1.570796,0.6027,NOMINAL,4.8483,2.5041,0.0300,0
1781044861.4384,54.7311,-1.7989,0.5423,54.9008,-0.2148,1.2000,1.5932,1.8948,5.2154,1.570796,0.6045,NOMINAL,4.9599,2.7216,0.0300,0
1781044861.4883,54.8308,-1.6599,0.6365,54.9755,-0.2055,1.2000,1.4615,1.6736,4.6065,1.570796,0.5957,NOMINAL,5.2515,2.8758,0.0300,0
1781044861.5384,54.9151,-1.3750,0.6839,55.0507,-0.1961,1.2000,1.1867,1.4785,4.0697,1.570796,0.6073,NOMINAL,4.5937,3.1730,0.0300,0
1781044861.5884,54.9795,-1.3410,0.6865,55.1256,-0.1866,1.2000,1.1636,1.3066,3.5965,1.570796,0.6073,NOMINAL,5.6836,3.2180,0.0300,0
1781044861.6387,55.1510,-1.1654,0.7935,55.2010,-0.1770,1.2000,0.9896,1.1551,3.1796,1.570796,0.5770,NOMINAL,5.1458,3.4200,0.0300,0
1781044861.6887,55.2881,-1.0656,0.8136,55.2756,-0.1675,1.2000,0.8982,1.0218,2.8124,1.570796,0.6154,NOMINAL,5.4960,3.5418,0.0300,0
1781044861.7390,55.2777,-0.9184,0.8982,55.3508,-0.1578,1.2000,0.7641,0.9043,2.4892,1.570796,0.6154,NOMINAL,4.9546,3.6873,0.0300,0
1781044861.7883,55.3495,-0.8276,0.9577,55.4257,-0.1482,1.2000,0.6837,0.8011,2.2049,1.570796,0.3000,DEGRADED,4.9227,3.7893,0.0300,0
1781044861.8383,55.4061,-0.8207,0.9200,55.5007,-0.1385,1.2000,0.6888,0.7103,1.9551,1.570796,0.3000,DEGRADED,6.5872,3.8071,0.0300,0
1781044861.8886,55.5051,-0.6687,0.9471,55.5757,-0.1287,1.2000,0.5446,0.6306,1.7358,1.570796,0.3000,DEGRADED,5.4616,3.9733,0.0300,0
1781044861.9384,55.5859,-0.6048,0.9742,55.6507,-0.1189,1.2000,0.4902,0.5608,1.5436,1.570796,0.3000,DEGRADED,5.5867,4.0508,0.0300,0
1781044861.9884,55.6354,-0.4784,1.0058,55.7256,-0.1091,1.2000,0.3801,0.4997,1.3754,1.570796,0.3000,DEGRADED,4.4176,4.1852,0.0300,0
1781044862.0384,55.6725,-0.5104,1.0507,55.8007,-0.0993,1.2000,0.4306,0.4464,1.2286,1.570796,0.3000,DEGRADED,6.2895,4.1625,0.0300,0
1781044862.0884,55.7819,-0.4004,0.9854,55.8756,-0.0894,1.2000,0.3248,0.3999,1.1008,1.570796,0.3000,DEGRADED,5.8156,4.2878,0.0300,0
1781044862.1384,55.8454,-0.3539,1.1193,55.9507,-0.0795,1.2000,0.2939,0.3596,0.9899,1.570796,0.3000,DEGRADED,4.3337,4.3463,0.0300,0
1781044862.1884,56.0461,-0.3061,1.0700,56.0257,-0.0696,1.2000,0.2375,0.3248,0.8940,1.570796,0.3000,DEGRADED,4.2857,4.4227,0.0300,0
1781044862.2384,56.0263,-0.3142,1.0437,56.1006,-0.0596,1.2000,0.2651,0.2948,0.8116,1.570796,0.3000,DEGRADED,6.7971,4.4155,0.0300,0
1781044862.2883,56.0877,-0.2875,1.1181,56.1757,-0.0497,1.2000,0.2536,0.2692,0.7410,1.570796,0.3000,DEGRADED,5.9821,4.4525,0.0300,0
1781044862.3382,56.1720,-0.1809,1.1679,56.2507,-0.0397,1.2000,0.1616,0.2474,0.6810,1.570796,0.3000,DEGRADED,2.6831,4.5732,0.0300,0
1781044862.3883,56.2371,-0.2100,1.1476,56.3256,-0.0297,1.2000,0.2008,0.2290,0.6303,1.570796,0.3000,DEGRADED,5.0146,4.5553,0.0300,0
1781044862.4382,56.4627,-0.1884,1.1111,56.4008,-0.0197,1.2000,0.1797,0.2136,0.5879,1.570796,0.3000,DEGRADED,5.6485,4.6110,0.0300,0
1781044862.4884,56.3926,-0.2500,1.1509,56.4756,-0.0097,1.2000,0.2542,0.2007,0.5525,1.570796,0.3000,DEGRADED,10.1167,4.5425,0.0300,0
1781044862.5384,56.4655,-0.1274,1.1563,56.5506,0.0003,1.2000,0.1534,0.1901,0.5234,1.570796,0.3000,DEGRADED,4.3757,4.6781,0.0300,0
1781044862.5885,56.6613,-0.1029,1.0866,56.6257,0.0103,1.2000,0.1186,0.1815,0.4995,1.570796,0.3000,DEGRADED,6.2366,4.7311,0.0300,0
1781044862.6383,56.7384,0.0006,1.1248,56.7006,0.0203,1.2000,0.0427,0.1744,0.4800,1.570796,0.3000,DEGRADED,2.1970,4.8477,0.0300,0
1781044862.6884,56.7843,-0.0592,1.1240,56.7756,0.0302,1.2000,0.0899,0.1687,0.4643,1.570796,0.3000,DEGRADED,3.8030,4.7971,0.0300,0
1781044862.7383,56.7996,-0.0250,1.1513,56.8506,0.0402,1.2000,0.0828,0.1641,0.4517,1.570796,0.3000,DEGRADED,2.4758,4.8374,0.0300,0
1781044862.7885,56.8309,-0.1217,1.1352,56.9256,0.0502,1.2000,0.1962,0.1605,0.4417,1.570796,0.3000,DEGRADED,10.7905,4.7488,0.0300,0
1781044862.8383,57.0309,0.0357,1.1762,57.0007,0.0602,1.2000,0.0389,0.1576,0.4337,1.570796,0.3000,DEGRADED,0.6297,4.9356,0.0300,0
1781044862.8883,57.0459,-0.0516,1.2279,57.0755,0.0701,1.2000,0.1253,0.1553,0.4273,1.570796,0.3000,DEGRADED,4.2878,4.8540,0.0300,0
1781044862.9385,57.1851,0.1008,1.2613,57.1507,0.0800,1.2000,0.0401,0.1534,0.4223,1.570796,0.3000,DEGRADED,2.3577,5.0280,0.0300,0
1781044862.9885,57.2323,-0.0402,1.1722,57.2256,0.0899,1.2000,0.1303,0.1520,0.4184,1.570796,0.3000,DEGRADED,4.8212,4.8973,0.0300,0
1781044863.0383,57.3098,0.0617,1.1331,57.3007,0.0998,1.2000,0.0392,0.1509,0.4153,1.570796,0.3000,DEGRADED,2.8925,5.0128,0.0300,0
1781044863.0884,57.3714,0.1390,1.2541,57.3756,0.1096,1.2000,0.0296,0.1500,0.4129,1.570796,0.3000,DEGRADED,1.9041,0.0800,0.0300,0
1781044863.1384,57.5005,0.1670,1.1792,57.4509,0.1195,1.2000,0.0687,0.1493,0.4110,1.570796,0.3000,DEGRADED,1.5208,0.1147,0.0300,0
1781044863.1884,57.5766,0.0219,1.1992,57.5256,0.1292,1.2000,0.1189,0.1488,0.4095,1.570796,0.3000,DEGRADED,3.8261,0.1082,0.0300,0
1781044863.2384,57.5232,-0.0186,1.1534,57.6006,0.1390,1.2000,0.1755,0.1484,0.4084,1.570796,0.3000,DEGRADED,9.6806,0.1279,0.0300,0
1781044863.2884,57.6891,0.1488,1.1491,57.6755,0.1487,1.2000,0.0136,0.1480,0.4074,1.570796,0.3000,DEGRADED,1.6148,0.0675,0.0300,0
1781044863.3384,57.7164,0.1623,1.1462,57.7506,0.1584,1.2000,0.0344,0.1478,0.4067,1.570796,0.3000,DEGRADED,2.0854,0.0473,0.0300,0
1781044863.3885,57.7629,0.1294,1.2638,57.8256,0.1680,1.2000,0.0736,0.1476,0.4062,1.570796,0.3000,DEGRADED,3.9791,0.0241,0.0300,0
1781044863.4385,57.8987,0.1011,1.2173,57.9005,0.1775,1.2000,0.0764,0.1474,0.4058,1.570796,0.3000,DEGRADED,1.7949,0.0406,0.0300,0
1781044863.4885,57.9827,0.1408,1.1305,57.9757,0.1871,1.2000,0.0469,0.1473,0.4054,1.570796,0.3000,DEGRADED,3.5830,0.0474,0.0300,0
1781044863.5383,57.9587,0.1238,1.1692,58.0507,0.1966,1.2000,0.1173,0.1472,0.4052,1.570796,0.3000,DEGRADED,4.3901,0.0723,0.0300,0
1781044863.5883,58.0458,0.1040,1.2121,58.1256,0.2060,1.2000,0.1295,0.1471,0.4050,1.570796,0.3000,DEGRADED,4.7324,0.0683,0.0300,0
1781044863.6385,58.2069,0.1890,1.1990,58.2006,0.2153,1.2000,0.0271,0.1471,0.4048,1.570796,0.3000,DEGRADED,0.2042,0.0373,0.0300,0
1781044863.6886,58.1999,0.2843,1.1056,58.2756,0.2247,1.2000,0.0965,0.1470,0.4047,1.570796,0.3000,DEGRADED,8.1204,0.1113,0.0300,0
1781044863.7384,58.3669,0.2440,1.2411,58.3506,0.2339,1.2000,0.0191,0.1470,0.4046,1.570796,0.3000,DEGRADED,1.1522,0.0701,0.0300,0
1781044863.7884,58.5016,0.2378,1.2363,58.4256,0.2431,1.2000,0.0762,0.1470,0.4045,1.570796,0.3000,DEGRADED,2.4293,0.1257,0.0300,0
1781044863.8384,58.5697,0.3720,1.1867,58.5007,0.2522,1.2000,0.1382,0.1469,0.4044,1.570796,0.3000,DEGRADED,5.4110,0.1923,0.0300,0
1781044863.8885,58.6030,0.2141,1.1422,58.5756,0.2612,1.2000,0.0545,0.1469,0.4044,1.570796,0.3000,DEGRADED,2.9065,0.0707,0.0300,0
1781044863.9384,58.6081,0.1440,1.2176,58.6507,0.2702,1.2000,0.1332,0.1469,0.4044,1.570796,0.3000,DEGRADED,5.1188,0.0801,0.0300,0
1781044863.9884,58.7475,0.3169,1.2070,58.7256,0.2791,1.2000,0.0437,0.1469,0.4043,1.570796,0.3000,DEGRADED,0.5607,0.1096,0.0300,0
1781044864.0383,58.8060,0.2525,1.2294,58.8008,0.2879,1.2000,0.0358,0.1469,0.4043,1.570796,0.3000,DEGRADED,0.8967,0.0375,0.0300,0
1781044864.0884,58.8906,0.4018,1.1119,58.8755,0.2966,1.2000,0.1062,0.1469,0.4043,1.570796,0.3000,DEGRADED,7.9842,0.1675,0.0300,0
1781044864.1383,58.9881,0.2048,1.2170,58.9506,0.3053,1.2000,0.1072,0.1469,0.4043,1.570796,0.3000,DEGRADED,3.3738,0.0846,0.0300,0
1781044864.1885,58.9702,0.3237,1.2146,59.0257,0.3138,1.2000,0.0564,0.1469,0.4043,1.570796,0.3000,DEGRADED,1.0169,0.0630,0.0300,0
1781044864.2382,59.0583,0.2676,1.2053,59.1008,0.3223,1.2000,0.0693,0.1469,0.4043,1.570796,0.3000,DEGRADED,1.3511,0.0114,0.0300,0
1781044864.2885,59.0921,0.3219,1.2136,59.1757,0.3307,1.2000,0.0840,0.1469,0.4043,1.570796,0.3000,DEGRADED,2.0779,0.0580,0.0300,0
1781044864.3385,59.2919,0.3281,1.2239,59.2506,0.3390,1.2000,0.0427,0.1469,0.4043,1.570796,0.3000,DEGRADED,0.8627,0.0850,0.0300,0
1781044864.3884,59.2751,0.2872,1.1679,59.3255,0.3472,1.2000,0.0784,0.1469,0.4043,1.570796,0.3000,DEGRADED,2.3518,0.0051,0.0300,0
1781044864.4384,59.4662,0.3466,1.2737,59.4007,0.3553,1.2000,0.0661,0.1469,0.4043,1.570796,0.3000,DEGRADED,4.6093,0.1098,0.0300,0
1781044864.4884,59.5190,0.3696,1.2461,59.4755,0.3633,1.2000,0.0439,0.1469,0.4043,1.570796,0.3000,DEGRADED,1.8613,0.1132,0.0300,0
1781044864.5383,59.5009,0.4588,1.2059,59.5506,0.3712,1.2000,0.1007,0.1469,0.4043,1.570796,0.3000,DEGRADED,2.8404,0.1448,0.0300,0
1781044864.5883,59.6937,0.3452,1.2124,59.6255,0.3790,1.2000,0.0761,0.1469,0.4042,1.570796,0.3000,DEGRADED,1.7056,0.1232,0.0300,0
1781044864.6384,59.7068,0.3377,1.1733,59.7007,0.3867,1.2000,0.0494,0.1469,0.4042,1.570796,0.3000,DEGRADED,1.1219,0.0461,0.0300,0
1781044864.6886,59.7786,0.3591,1.2511,59.7756,0.3943,1.2000,0.0354,0.1469,0.4042,1.570796,0.3000,DEGRADED,1.9825,0.0633,0.0300,0
1781044864.7384,59.7340,0.3827,1.2022,59.8507,0.4018,1.2000,0.1183,0.1469,0.4042,1.570796,0.3000,DEGRADED,3.8884,0.0857,0.0300,0
1781044864.7883,60.0469,0.4056,1.1953,59.9256,0.4092,1.2000,0.1213,0.1469,0.4042,1.570796,0.3000,DEGRADED,4.1037,0.1879,0.0300,0
1781044864.8383,60.0573,0.4626,1.1820,60.0005,0.4164,1.2000,0.0732,0.1469,0.4042,1.570796,0.3000,DEGRADED,1.6895,0.1470,0.0300,0
1781044864.8884,60.0907,0.4403,1.2274,60.0756,0.4236,1.2000,0.0225,0.1469,0.4042,1.570796,0.3000,DEGRADED,0.6098,0.1093,0.0300,0
1781044864.9384,60.1830,0.4651,1.1705,60.1508,0.4306,1.2000,0.0471,0.1469,0.4042,1.570796,0.3000,DEGRADED,1.1602,0.1247,0.0300,0
1781044864.9884,60.1119,0.4417,1.2718,60.2256,0.4375,1.2000,0.1137,0.1469,0.4042,1.570796,0.3000,DEGRADED,6.8116,0.0855,0.0300,0
1781044865.0384,60.2205,0.5247,1.1977,60.3006,0.4443,1.2000,0.1135,0.1469,0.4042,1.570796,0.3000,DEGRADED,3.5847,0.1474,0.0300,0
1781044865.0884,60.3246,0.4116,1.1790,60.3756,0.4509,1.2000,0.0644,0.1469,0.4042,1.570796,0.9600,NOMINAL,1.4279,0.1375,0.0300,0
1781044865.1384,60.4676,0.5008,1.2010,60.4506,0.4575,1.2000,0.0465,0.1469,0.4042,1.570796,0.9600,NOMINAL,0.6014,0.1319,0.0300,0
1781044865.1884,60.4838,0.5015,1.2393,60.5257,0.4639,1.2000,0.0563,0.1469,0.4042,1.570796,0.9850,NOMINAL,1.8472,0.0923,0.0300,0
1781044865.2383,60.7241,0.5094,1.1477,60.6007,0.4702,1.2000,0.1294,0.1469,0.4042,1.570796,0.9950,NOMINAL,6.3601,0.2374,0.0300,0
1781044865.2883,60.6338,0.4899,1.2545,60.6757,0.4763,1.2000,0.0441,0.1469,0.4042,1.570796,1.0000,NOMINAL,2.3996,0.1047,0.0300,0
1781044865.3383,60.6349,0.4229,1.1919,60.7506,0.4823,1.2000,0.1300,0.1469,0.4042,1.570796,1.0000,NOMINAL,4.7370,0.1367,0.0300,0
1781044865.3883,60.8510,0.4309,1.1967,60.8257,0.4882,1.2000,0.0626,0.1469,0.4042,1.570796,0.9700,NOMINAL,1.0952,0.2019,0.0300,0
1781044865.4385,60.7961,0.5116,1.2049,60.9008,0.4940,1.2000,0.1061,0.1469,0.4042,1.570796,0.9300,NOMINAL,3.1432,0.0598,0.0300,0
1781044865.4885,61.0618,0.4650,1.1951,60.9759,0.4996,1.2000,0.0926,0.1469,0.4042,1.570796,0.9650,NOMINAL,2.3993,0.2403,0.0300,0
1781044865.5386,61.0997,0.4654,1.2200,61.0509,0.5050,1.2000,0.0629,0.1469,0.4042,1.570796,1.0000,NOMINAL,1.3510,0.1995,0.0300,0
1781044865.5886,61.0028,0.4612,1.1432,61.1257,0.5104,1.2000,0.1324,0.1469,0.4042,1.570796,0.9800,NOMINAL,6.8833,0.1261,0.0300,0
1781044865.6384,61.3040,0.5525,1.2499,61.2008,0.5155,1.2000,0.1096,0.1469,0.4042,1.570796,0.9800,NOMINAL,4.8935,0.2202,0.0300,0
1781044865.6885,61.2400,0.5073,1.3023,61.2756,0.5206,1.2000,0.0380,0.1469,0.4042,1.570796,0.9900,NOMINAL,6.9404,0.1294,0.0300,0
1781044865.7383,61.3514,0.4925,1.2009,61.3507,0.5255,1.2000,0.0330,0.1469,0.4042,1.570796,0.9950,NOMINAL,0.3025,0.1594,0.0300,0
1781044865.7884,61.4512,0.4682,1.1709,61.4256,0.5302,1.2000,0.0671,0.1469,0.4042,1.570796,0.9950,NOMINAL,1.7799,0.2076,0.0300,0
1781044865.8383,61.4640,0.6384,1.2482,61.5007,0.5348,1.2000,0.1099,0.1469,0.4042,1.570796,0.9500,NOMINAL,4.8072,0.0799,0.0300,0
1781044865.8884,61.5019,0.5174,1.1893,61.5756,0.5393,1.2000,0.0769,0.1469,0.4042,1.570796,0.9500,NOMINAL,1.7133,0.1141,0.0300,0
1781044865.9384,61.7124,0.5146,1.2829,61.6506,0.5436,1.2000,0.0682,0.1469,0.4042,1.570796,0.9950,NOMINAL,5.5868,0.2055,0.0300,0
1781044865.9884,61.8129,0.5003,1.2117,61.7257,0.5478,1.2000,0.0993,0.1469,0.4042,1.570796,0.9950,NOMINAL,2.8231,0.2492,0.0300,0
1781044866.0383,61.8390,0.5226,1.1661,61.8006,0.5518,1.2000,0.0482,0.1469,0.4042,1.570796,0.9950,NOMINAL,1.3653,0.1863,0.0300,0
1781044866.0883,61.9023,0.6686,1.2164,61.8756,0.5556,1.2000,0.1161,0.1469,0.4042,1.570796,1.0000,NOMINAL,3.9113,0.1576,0.0300,0
1781044866.1388,61.9533,0.5750,1.1983,61.9507,0.5593,1.2000,0.0159,0.1469,0.4042,1.570796,1.0000,NOMINAL,0.0725,0.1323,0.0300,0
1781044866.1886,61.9889,0.5269,1.1381,62.0256,0.5629,1.2000,0.0514,0.1469,0.4042,1.570796,1.0000,NOMINAL,3.1322,0.1476,0.0300,0
1781044866.2383,62.0231,0.4003,1.2664,62.1008,0.5663,1.2000,0.1832,0.1469,0.4042,1.570796,1.0000,NOMINAL,12.0828,0.2499,0.0300,0
1781044866.2883,62.1860,0.5149,1.1910,62.1755,0.5695,1.2000,0.0556,0.1469,0.4042,1.570796,1.0000,NOMINAL,0.9084,0.1941,0.0300,0
1781044866.3384,62.2963,0.5649,1.2839,62.2508,0.5725,1.2000,0.0462,0.1469,0.4042,1.570796,0.9750,NOMINAL,4.9868,0.1829,0.0300,0
1781044866.3883,62.3614,0.6409,1.2470,62.3256,0.5755,1.2000,0.0746,0.1469,0.4042,1.570796,1.0000,NOMINAL,2.9255,0.1660,0.0300,0
1781044866.4384,62.3423,0.5932,1.1902,62.4007,0.5782,1.2000,0.0604,0.1469,0.4042,1.570796,1.0000,NOMINAL,1.0714,0.0876,0.0300,0
1781044866.4884,62.5172,0.5294,1.2278,62.4756,0.5808,1.2000,0.0661,0.1469,0.4042,1.570796,1.0000,NOMINAL,1.6943,0.2175,0.0300,0
1781044866.5384,62.4392,0.5966,1.2246,62.5506,0.5832,1.2000,0.1123,0.1469,0.4042,1.570796,1.0000,NOMINAL,3.8796,0.0676,0.0300,0
1781044866.5883,62.5460,0.5760,1.2061,62.6256,0.5855,1.2000,0.0802,0.1469,0.4042,1.570796,1.0000,NOMINAL,1.8097,0.1043,0.0300,0
1781044866.6385,62.7370,0.5785,1.2286,62.7008,0.5876,1.2000,0.0373,0.1469,0.4042,1.570796,1.0000,NOMINAL,0.8961,0.1795,0.0300,0
1781044866.6886,62.7788,0.5843,1.1612,62.7755,0.5895,1.2000,0.0062,0.1469,0.4042,1.570796,1.0000,NOMINAL,0.9505,0.1623,0.0300,0
1781044866.7384,62.8360,0.5074,1.2483,62.8507,0.5913,1.2000,0.0852,0.1469,0.4042,1.570796,1.0000,NOMINAL,3.4767,0.1950,0.0300,0
1781044866.7885,62.9119,0.6170,1.2041,62.9257,0.5929,1.2000,0.0277,0.1469,0.4042,1.570796,0.9850,NOMINAL,0.2244,0.1354,0.0300,0
1781044866.8384,62.9340,0.5830,1.2185,63.0006,0.5944,1.2000,0.0675,0.1469,0.4042,1.570796,0.9750,NOMINAL,1.4807,0.1059,0.0300,0
1781044866.8883,63.0741,0.6587,1.2390,63.0756,0.5957,1.2000,0.0630,0.1469,0.4042,1.570796,0.9750,NOMINAL,2.0557,0.1393,0.0300,0
1781044866.9383,63.1176,0.6507,1.2319,63.1507,0.5968,1.2000,0.0633,0.1469,0.4042,1.570796,1.0000,NOMINAL,1.7493,0.0956,0.0300,0
1781044866.9884,63.2085,0.6057,1.2185,63.2256,0.5977,1.2000,0.0188,0.1469,0.4042,1.570796,0.9950,NOMINAL,0.3117,0.1419,0.0300,0
1781044867.0383,63.3686,0.5616,1.2011,63.3007,0.5985,1.2000,0.0774,0.1469,0.4042,1.570796,0.9950,NOMINAL,1.6630,0.2258,0.0300,0
1781044867.0887,63.4573,0.5307,1.2250,63.3756,0.5991,1.2000,0.1065,0.1469,0.4042,1.570796,1.0000,NOMINAL,3.5449,0.0000,0.0300,0
1781044867.1389,63.3914,0.5538,1.1851,63.4556,0.5996,1.2000,0.0788,0.1469,0.4042,1.570796,0.9850,NOMINAL,1.8655,0.1575,0.0300,0
1781044867.1892,63.5058,0.5852,1.2522,63.5277,0.5999,1.2000,0.0264,0.1469,0.4042,1.570796,0.9600,NOMINAL,1.8933,0.1173,0.0300,0
1781044867.2383,63.5384,0.5656,1.2031,63.6007,0.6000,1.2000,0.0712,0.1469,0.4042,1.570796,1.0000,NOMINAL,1.4125,0.1624,0.0300,0
1781044867.2884,63.7021,0.5677,1.1660,63.6756,0.5999,1.2000,0.0418,0.1469,0.4042,1.570796,0.9950,NOMINAL,1.2095,0.0662,0.0300,0
1781044867.3383,63.7483,0.4261,1.1725,63.7507,0.5997,1.2000,0.1736,0.1469,0.4042,1.570796,0.9500,NOMINAL,8.8463,0.1437,0.0300,0
1781044867.3884,63.7581,0.5957,1.1412,63.8256,0.5994,1.2000,0.0676,0.1469,0.4042,1.570796,0.9500,NOMINAL,3.4277,0.1630,0.0300,0
1781044867.4385,63.8979,0.6330,1.1451,63.9008,0.5988,1.2000,0.0343,0.1469,0.4042,1.570796,1.0000,NOMINAL,2.2098,0.1441,0.0300,0
1781044867.4885,63.9526,0.6089,1.2185,63.9758,0.5981,1.2000,0.0257,0.1469,0.4042,1.570796,1.0000,NOMINAL,0.3981,0.1321,0.0300,0
1781044867.5385,64.0723,0.7124,1.2701,64.0510,0.5972,1.2000,0.1171,0.1469,0.4042,1.570796,1.0000,NOMINAL,6.8865,0.1995,0.0300,0
1781044867.5890,64.1701,0.6071,1.1806,64.1258,0.5962,1.2000,0.0455,0.1469,0.4042,1.570796,1.0000,NOMINAL,0.8112,0.0885,0.0300,0
1781044867.6385,64.2134,0.7052,1.2017,64.2009,0.5950,1.2000,0.1110,0.1469,0.4042,1.570796,1.0000,NOMINAL,3.4215,0.1991,0.0300,1
1781044867.6888,64.2960,0.6305,1.1838,64.2759,0.5936,1.2000,0.0421,0.1469,0.4042,1.570796,1.0000,NOMINAL,0.6563,0.1239,0.0300,1
1781044867.7384,64.2204,0.5677,1.2053,64.3510,0.5920,1.2000,0.1328,0.1469,0.4042,1.570796,1.0000,NOMINAL,4.9165,0.2368,0.0300,1
1781044867.7886,64.3520,0.5546,1.2588,64.4256,0.5903,1.2000,0.0818,0.1469,0.4042,1.570796,1.0000,NOMINAL,4.0225,0.1666,0.0300,1
1781044867.8384,64.4945,0.5289,1.1624,64.5006,0.5885,1.2000,0.0599,0.1469,0.4042,1.570796,0.9550,NOMINAL,1.8830,0.1158,0.0300,1
1781044867.8883,64.5345,0.5994,1.1885,64.5757,0.5864,1.2000,0.0432,0.1469,0.4042,1.570796,0.9700,NOMINAL,0.6012,0.1610,0.0300,1
1781044867.9383,64.6548,0.5458,1.1953,64.6507,0.5842,1.2000,0.0387,0.1469,0.4042,1.570796,0.9600,NOMINAL,0.4295,0.1185,0.0300,1
1781044867.9889,64.6685,0.6215,1.2191,64.7256,0.5819,1.2000,0.0696,0.1469,0.4042,1.570796,0.9600,NOMINAL,1.5722,0.1974,0.0300,1
1781044868.0385,64.7209,0.6001,1.2511,64.8008,0.5794,1.2000,0.0826,0.1469,0.4042,1.570796,0.9300,NOMINAL,3.5231,0.2289,0.0300,1
1781044868.0885,64.9307,0.5798,1.2044,64.8757,0.5767,1.2000,0.0551,0.1469,0.4042,1.570796,1.0000,NOMINAL,0.8561,0.0973,0.0300,1
1781044868.1384,64.9391,0.6346,1.2158,64.9507,0.5739,1.2000,0.0619,0.1469,0.4042,1.570796,0.9550,NOMINAL,1.2196,0.2037,0.0300,1
1781044868.1884,65.0523,0.5860,1.1856,65.0257,0.5708,1.2000,0.0306,0.1469,0.4042,1.570796,0.9550,NOMINAL,0.3899,0.1386,0.0300,1
1781044868.2384,65.1395,0.5685,1.2040,65.1007,0.5677,1.2000,0.0388,0.1469,0.4042,1.570796,0.9900,NOMINAL,0.4285,0.1432,0.0300,1
1781044868.2884,65.2262,0.5743,1.2063,65.1756,0.5644,1.2000,0.0515,0.1469,0.4042,1.570796,1.0000,NOMINAL,0.7615,0.1318,0.0300,1
1781044868.3383,65.2881,0.5551,1.2490,65.2507,0.5609,1.2000,0.0378,0.1469,0.4042,1.570796,1.0000,NOMINAL,1.8995,0.1610,0.0300,1
1781044868.3884,65.2244,0.5758,1.2318,65.3256,0.5573,1.2000,0.1029,0.1469,0.4042,1.570796,1.0000,NOMINAL,3.5690,0.2944,0.0300,1
1781044868.4384,65.4481,0.4993,1.2007,65.4006,0.5535,1.2000,0.0720,0.1469,0.4042,1.570796,0.9700,NOMINAL,1.4418,0.1637,0.0300,1
1781044868.4885,65.4092,0.5914,1.2694,65.4756,0.5496,1.2000,0.0785,0.1469,0.4042,1.570796,0.9600,NOMINAL,4.7238,0.2935,0.0300,1
1781044868.5384,65.5470,0.5513,1.2185,65.5506,0.5455,1.2000,0.0069,0.1469,0.4042,1.570796,1.0000,NOMINAL,0.2264,0.2527,0.0300,1
1781044868.5884,65.6218,0.5455,1.1830,65.6256,0.5412,1.2000,0.0057,0.1469,0.4042,1.570796,1.0000,NOMINAL,0.1903,0.2489,0.0300,1
1781044868.6382,65.6046,0.5389,1.1491,65.7006,0.5368,1.2000,0.0960,0.1469,0.4042,1.570796,0.9800,NOMINAL,4.1828,0.3713,0.0300,1
1781044868.6884,65.8814,0.6079,1.1738,65.7756,0.5323,1.2000,0.1301,0.1469,0.4042,1.570796,1.0000,NOMINAL,5.1302,0.2146,0.0300,1
1781044868.7384,65.8365,0.5807,1.1890,65.8508,0.5276,1.2000,0.0550,0.1469,0.4042,1.570796,1.0000,NOMINAL,0.9161,0.3383,0.0300,1
1781044868.7891,65.8986,0.5367,1.1962,65.9256,0.5228,1.2000,0.0303,0.1469,0.4042,1.570796,1.0000,NOMINAL,0.2650,0.3376,0.0300,1
1781044868.8382,65.9338,0.5039,1.0950,66.0006,0.5178,1.2000,0.0683,0.1469,0.4042,1.570796,0.3000,DEGRADED,8.1873,0.4085,1.1793,1
1781044868.8885,66.1756,0.5758,1.1215,66.0757,0.5127,1.2000,0.1182,0.1469,0.4042,1.570796,0.3000,DEGRADED,7.7307,0.2714,1.1793,1
1781044868.9383,66.0841,0.4806,1.2677,66.1505,0.5074,1.2000,0.0716,0.1469,0.4042,1.570796,0.3000,DEGRADED,4.2925,0.4460,1.1793,1
1781044868.9884,66.2269,0.4570,1.2334,66.2257,0.5020,1.2000,0.0450,0.1469,0.4042,1.570796,0.3000,DEGRADED,1.2610,0.3787,1.1793,1
1781044869.0385,66.2101,0.4629,1.2384,66.3006,0.4965,1.2000,0.0965,0.1469,0.4042,1.570796,0.3000,DEGRADED,3.5088,0.5118,1.1793,1
1781044869.0884,66.3571,0.4732,1.0587,66.3755,0.4908,1.2000,0.0255,0.1469,0.4042,1.570796,0.3000,DEGRADED,12.6531,0.4438,1.1793,1
1781044869.1385,66.4711,0.5631,1.2324,66.4507,0.4849,1.2000,0.0807,0.1469,0.4042,1.570796,0.3000,DEGRADED,2.4667,0.1085,1.1793,1
1781044869.1885,66.5356,0.4810,1.1680,66.5256,0.4790,1.2000,0.0102,0.1469,0.4042,1.570796,0.3000,DEGRADED,0.6673,0.0600,1.1793,1
1781044869.2384,66.6334,0.5128,1.2368,66.6006,0.4729,1.2000,0.0516,0.1469,0.4042,1.570796,0.3000,DEGRADED,1.5869,0.0846,1.1793,1
1781044869.2884,66.6920,0.5153,1.1966,66.6757,0.4667,1.2000,0.0513,0.1469,0.4042,1.570796,0.3000,DEGRADED,0.7377,0.0873,1.1793,1
1781044869.3384,66.7708,0.4426,1.2612,66.7507,0.4603,1.2000,0.0268,0.1469,0.4042,1.570796,0.3000,DEGRADED,2.5415,0.0451,1.1793,1
1781044869.3884,66.9942,0.4094,1.2134,66.8257,0.4538,1.2000,0.1743,0.1469,0.4042,1.570796,0.3000,DEGRADED,8.5478,0.2077,1.1793,1
1781044869.4383,66.8523,0.5166,1.1274,66.9006,0.4472,1.2000,0.0846,0.1469,0.4042,1.570796,0.3000,DEGRADED,5.2769,0.0912,1.1793,1
1781044869.4884,66.9544,0.3031,1.1847,66.9758,0.4405,1.2000,0.1391,0.1469,0.4042,1.570796,0.3000,DEGRADED,5.5201,0.1232,1.1793,1
1781044869.5383,67.0762,0.4546,1.1199,67.0509,0.4336,1.2000,0.0329,0.1469,0.4042,1.570796,0.3000,DEGRADED,4.3136,0.0471,1.1793,1
1781044869.5885,67.1330,0.5491,1.1164,67.1257,0.4267,1.2000,0.1226,0.1469,0.4042,1.570796,0.3000,DEGRADED,8.5460,0.1382,1.1793,1
1781044869.6383,67.2121,0.3910,1.1872,67.2007,0.4196,1.2000,0.0308,0.1469,0.4042,1.570796,0.3000,DEGRADED,0.3661,0.0132,1.1793,1
1781044869.6883,67.3181,0.3847,1.1658,67.2756,0.4124,1.2000,0.0507,0.1469,0.4042,1.570796,0.3000,DEGRADED,1.4437,0.0417,1.1793,1
1781044869.7385,67.3386,0.3729,1.1788,67.3507,0.4051,1.2000,0.0344,0.1469,0.4042,1.570796,0.3000,DEGRADED,0.6089,0.0450,1.1793,1
1781044869.7884,67.3563,0.3879,1.1971,67.4256,0.3977,1.2000,0.0700,0.1469,0.4042,1.570796,0.3000,DEGRADED,1.3677,0.0925,1.1793,1
1781044869.8383,67.5180,0.4456,1.1528,67.5006,0.3901,1.2000,0.0582,0.1469,0.4042,1.570796,0.3000,DEGRADED,2.3353,0.0782,1.1793,1
1781044869.8885,67.5887,0.3863,1.2158,67.5758,0.3824,1.2000,0.0134,0.1469,0.4042,1.570796,0.3000,DEGRADED,0.2071,0.0372,1.1793,1
1781044869.9384,67.5882,0.3661,1.2158,67.6508,0.3747,1.2000,0.0632,0.1469,0.4042,1.570796,0.3000,DEGRADED,1.2648,0.1388,1.1793,1
1781044869.9885,67.7748,0.3306,1.1833,67.7256,0.3668,1.2000,0.0611,0.1469,0.4042,1.570796,0.3000,DEGRADED,1.2111,0.0330,1.1793,1
1781044870.0384,67.6418,0.3062,1.2176,67.8008,0.3589,1.2000,0.1674,0.1469,0.4042,1.570796,0.3000,DEGRADED,7.9819,0.2664,1.1793,1
1781044870.0885,67.8660,0.3380,1.1857,67.8756,0.3508,1.2000,0.0160,0.1469,0.4042,1.570796,0.3000,DEGRADED,0.1984,0.1115,1.1793,1
1781044870.1383,67.9011,0.2625,1.1881,67.9508,0.3426,1.2000,0.0943,0.1469,0.4042,1.570796,0.3000,DEGRADED,2.5595,0.1980,1.1793,1
1781044870.1885,67.9516,0.2886,1.1806,68.0256,0.3344,1.2000,0.0870,0.1469,0.4042,1.570796,0.3000,DEGRADED,2.3374,0.2125,1.1793,1
1781044870.2384,68.1443,0.2656,1.2039,68.1008,0.3260,1.2000,0.0744,0.1469,0.4042,1.570796,0.3000,DEGRADED,1.5489,0.1377,1.1793,1
1781044870.2884,68.0936,0.2769,1.1647,68.1757,0.3176,1.2000,0.0917,0.1469,0.4042,1.570796,0.3000,DEGRADED,3.1154,0.2563,1.1793,1
1781044870.3385,68.2368,0.2732,1.2678,68.2507,0.3091,1.2000,0.0385,0.1469,0.4042,1.570796,0.3000,DEGRADED,3.2872,0.2265,1.1793,1
1781044870.3883,68.3620,0.2749,1.2778,68.3256,0.3005,1.2000,0.0445,0.1469,0.4042,1.570796,0.3000,DEGRADED,4.3347,0.1770,1.1793,1
1781044870.4383,68.3487,0.3526,1.1290,68.4008,0.2917,1.2000,0.0801,0.1469,0.4042,1.570796,0.3000,DEGRADED,4.9349,0.3127,1.1793,1
1781044870.4883,68.4096,0.3256,1.2173,68.4756,0.2830,1.2000,0.0786,0.1469,0.4042,1.570796,0.3000,DEGRADED,1.9019,0.3254,1.1793,1
1781044870.5384,68.5938,0.3022,1.1455,68.5507,0.2741,1.2000,0.0514,0.1469,0.4042,1.570796,0.3000,DEGRADED,2.5914,0.2574,1.1793,1
1781044870.5885,68.6937,0.2295,1.1989,68.6257,0.2652,1.2000,0.0768,0.1469,0.4042,1.570796,0.3000,DEGRADED,1.6394,0.2363,1.1793,1
1781044870.6383,68.6999,0.2194,1.1237,68.7008,0.2562,1.2000,0.0368,0.1469,0.4042,1.570796,0.3000,DEGRADED,4.0149,0.3484,1.1793,1
1781044870.6885,68.7772,0.2702,1.2260,68.7756,0.2471,1.2000,0.0231,0.1469,0.4042,1.570796,0.3000,DEGRADED,0.5722,0.3500,1.1793,1
1781044870.7383,68.8388,0.1945,1.1946,68.8509,0.2379,1.2000,0.0451,0.1469,0.4042,1.570796,0.3000,DEGRADED,0.5819,0.4108,1.1793,1
1781044870.7884,69.0054,0.2540,1.2090,68.9255,0.2288,1.2000,0.0838,0.1469,0.4042,1.570796,0.3000,DEGRADED,2.0026,0.3242,1.1793,1
1781044870.8383,68.9693,0.3397,1.2017,69.0006,0.2195,1.2000,0.1242,0.1469,0.4042,1.570796,0.3000,DEGRADED,4.2858,0.4967,1.1793,1
1781044870.8885,69.0821,0.3032,1.2679,69.0756,0.2101,1.2000,0.0933,0.1469,0.4042,1.570796,0.3000,DEGRADED,5.2957,0.4602,1.1793,1
1781044870.9384,69.1336,0.1136,1.2247,69.1506,0.2007,1.2000,0.0888,0.1469,0.4042,1.570796,0.3000,DEGRADED,2.5724,0.5331,1.1793,1
1781044870.9886,69.3216,0.1651,1.1676,69.2255,0.1913,1.2000,0.0996,0.1469,0.4042,1.570796,0.3000,DEGRADED,3.4131,0.4217,1.1793,1
1781044871.0383,69.3274,0.2415,1.1207,69.3010,0.1817,1.2000,0.0653,0.1469,0.4042,1.570796,0.3000,DEGRADED,5.1163,0.5425,1.1793,1
1781044871.0884,69.4120,0.0952,1.2292,69.3755,0.1723,1.2000,0.0853,0.1469,0.4042,1.570796,0.3000,DEGRADED,2.5536,0.5471,1.1793,1
1781044871.1383,69.4079,0.1393,1.2118,69.4506,0.1626,1.2000,0.0487,0.1469,0.4042,1.570796,0.3000,DEGRADED,0.7438,0.0824,1.1793,1
1781044871.1885,69.5307,0.1211,1.2087,69.5257,0.1530,1.2000,0.0323,0.1469,0.4042,1.570796,0.3000,DEGRADED,0.3358,0.0407,1.1793,1
1781044871.2383,69.5616,0.1629,1.1909,69.6007,0.1433,1.2000,0.0438,0.1469,0.4042,1.570796,0.3000,DEGRADED,0.5844,0.1126,1.1793,1
1781044871.2883,69.5560,0.1278,1.2457,69.6755,0.1336,1.2000,0.1197,0.1469,0.4042,1.570796,0.3000,DEGRADED,5.2836,0.1455,1.1793,1
1781044871.3383,69.7043,0.0648,1.0878,69.7507,0.1238,1.2000,0.0750,0.1469,0.4042,1.570796,0.3000,DEGRADED,9.4361,0.0764,1.1793,1
1781044871.3886,69.8010,0.0587,1.2305,69.8255,0.1140,1.2000,0.0605,0.1469,0.4042,1.570796,0.3000,DEGRADED,1.5988,0.0447,1.1793,1
1781044871.4383,69.9182,0.0777,1.2065,69.9007,0.1041,1.2000,0.0317,0.1469,0.4042,1.570796,0.3000,DEGRADED,0.3047,0.0513,1.1793,1
1781044871.4884,70.0247,0.1908,1.1147,69.9755,0.0943,1.2000,0.1082,0.1469,0.4042,1.570796,0.3000,DEGRADED,7.7979,0.1697,1.1793,1
1781044871.5383,70.0276,0.1433,1.2303,70.0506,0.0844,1.2000,0.0632,0.1469,0.4042,1.570796,0.3000,DEGRADED,1.6833,0.1512,1.1793,1
1781044871.5884,70.1421,0.1376,1.2511,70.1258,0.0745,1.2000,0.0652,0.1469,0.4042,1.570796,0.3000,DEGRADED,2.8119,0.1374,1.1793,1
1781044871.6383,70.1283,0.0986,1.2120,70.2007,0.0646,1.2000,0.0800,0.1469,0.4042,1.570796,0.3000,DEGRADED,1.8671,0.1743,1.1793,1
1781044871.6884,70.2074,0.1026,1.2338,70.2756,0.0546,1.2000,0.0833,0.1469,0.4042,1.570796,0.3000,DEGRADED,2.6440,0.1729,1.1793,1
1781044871.7384,70.3631,0.0311,1.1809,70.3507,0.0446,1.2000,0.0183,0.1469,0.4042,1.570796,0.3000,DEGRADED,0.3215,0.0927,1.1793,1
1781044871.7883,70.4539,0.0780,1.2541,70.4256,0.0347,1.2000,0.0517,0.1469,0.4042,1.570796,0.3000,DEGRADED,2.5725,0.1253,1.1793,1
1781044871.8383,70.5227,-0.0269,1.1777,70.5006,0.0247,1.2000,0.0561,0.1469,0.4042,1.570796,0.3000,DEGRADED,1.1848,0.0842,1.1793,1
1781044871.8884,70.4899,-0.0274,1.2628,70.5756,0.0147,1.2000,0.0955,0.1469,0.4042,1.570796,0.3000,DEGRADED,4.9962,0.1853,1.1793,1
1781044871.9385,70.6379,0.1239,1.1608,70.6506,0.0047,1.2000,0.1199,0.1469,0.4042,1.570796,0.3000,DEGRADED,4.9531,0.2397,1.1793,1
1781044871.9884,70.6584,-0.0746,1.1972,70.7257,-0.0053,1.2000,0.0966,0.1469,0.4042,1.570796,0.3000,DEGRADED,2.5952,0.1892,1.1793,1
1781044872.0383,70.7860,-0.0147,1.1882,70.8006,-0.0153,1.2000,0.0147,0.1469,0.4042,1.570796,0.3000,DEGRADED,0.1462,0.1848,1.1793,1
1781044872.0884,70.8434,-0.0396,1.2112,70.8754,-0.0253,1.2000,0.0351,0.1469,0.4042,1.570796,0.3000,DEGRADED,0.4201,0.1919,1.1793,1
1781044872.1383,70.8916,-0.0403,1.1725,70.9506,-0.0353,1.2000,0.0592,0.1469,0.4042,1.570796,0.3000,DEGRADED,1.4463,0.2531,1.1793,1
1781044872.1885,70.9485,-0.1127,1.1332,71.0254,-0.0452,1.2000,0.1023,0.1469,0.4042,1.570796,0.3000,DEGRADED,5.6974,0.2588,1.1793,1
1781044872.2387,70.9925,-0.0143,1.2021,71.1009,-0.0553,1.2000,0.1159,0.1469,0.4042,1.570796,0.3000,DEGRADED,3.7332,0.3461,1.1793,1
1781044872.2884,71.1814,-0.0420,1.2209,71.1755,-0.0652,1.2000,0.0239,0.1469,0.4042,1.570796,0.3000,DEGRADED,0.4314,0.2325,1.1793,1
1781044872.3384,71.2401,-0.1109,1.1296,71.2509,-0.0751,1.2000,0.0374,0.1469,0.4042,1.570796,0.3000,DEGRADED,3.4865,0.2675,1.1793,1
1781044872.3884,71.2942,-0.2457,1.1629,71.3256,-0.0850,1.2000,0.1638,0.1469,0.4042,1.570796,0.3000,DEGRADED,8.3089,0.2973,1.1793,1
1781044872.4383,71.4069,-0.2146,1.2041,71.4006,-0.0949,1.2000,0.1199,0.1469,0.4042,1.570796,0.3000,DEGRADED,4.0018,0.2893,1.1793,1
1781044872.4887,71.4698,-0.1372,1.0859,71.4757,-0.1048,1.2000,0.0329,0.1469,0.4042,1.570796,0.3000,DEGRADED,8.4402,0.3038,1.1793,1
1781044872.5384,71.5637,-0.1638,1.2184,71.5507,-0.1146,1.2000,0.0509,0.1469,0.4042,1.570796,0.3000,DEGRADED,0.9320,0.3232,1.1793,1
1781044872.5884,71.6831,0.0069,1.2535,71.6255,-0.1244,1.2000,0.1433,0.1469,0.4042,1.570796,0.3000,DEGRADED,7.4922,0.3495,1.1793,1
1781044872.6384,71.7802,-0.2077,1.2124,71.7007,-0.1342,1.2000,0.1083,0.1469,0.4042,1.570796,0.3000,DEGRADED,3.3564,0.2998,1.1793,1
1781044872.6885,71.7398,-0.1666,1.2155,71.7756,-0.1439,1.2000,0.0424,0.1469,0.4042,1.570796,0.3000,DEGRADED,0.6489,0.4223,1.1793,1
1781044872.7388,71.9085,-0.1183,1.2442,71.8506,-0.1536,1.2000,0.0678,0.1469,0.4042,1.570796,0.3000,DEGRADED,2.5000,0.3868,1.1793,1
1781044872.7884,71.8692,-0.0589,1.1652,71.9255,-0.1632,1.2000,0.1186,0.1469,0.4042,1.570796,0.3000,DEGRADED,4.6625,0.5211,1.1793,1
1781044872.8383,71.9905,-0.1492,1.2187,72.0006,-0.1728,1.2000,0.0257,0.1469,0.4042,1.570796,0.3000,DEGRADED,0.4018,0.4982,1.1793,1
1781044872.8884,72.0651,-0.3065,1.2139,72.0756,-0.1824,1.2000,0.1246,0.1469,0.4042,1.570796,0.3000,DEGRADED,4.4312,0.4952,1.1793,1
1781044872.9383,72.2887,-0.2704,1.1923,72.1506,-0.1919,1.2000,0.1589,0.1469,0.4042,1.570796,0.3000,DEGRADED,7.0477,0.3922,1.1793,1
1781044872.9888,72.2267,-0.2117,1.2345,72.2256,-0.2013,1.2000,0.0104,0.1469,0.4042,1.570796,0.3000,DEGRADED,0.7740,0.5406,1.1793,1
1781044873.0382,72.2678,-0.0987,1.1298,72.3007,-0.2107,1.2000,0.1167,0.1469,0.4042,1.570796,0.3000,DEGRADED,6.8692,0.6493,1.1793,1
1781044873.0883,72.3804,-0.2007,1.1104,72.3755,-0.2200,1.2000,0.0199,0.1469,0.4042,1.570796,0.3000,DEGRADED,5.1297,0.5982,1.1793,1
1781044873.1384,72.5169,-0.1916,1.2039,72.4506,-0.2293,1.2000,0.0762,0.1469,0.4042,1.570796,0.3000,DEGRADED,1.6238,0.0290,1.1793,1
1781044873.1883,72.5893,-0.1431,1.1914,72.5255,-0.2385,1.2000,0.1148,0.1469,0.4042,1.570796,0.3000,DEGRADED,3.7072,0.0618,1.1793,1
1781044873.2384,72.5292,-0.2531,1.2098,72.6007,-0.2477,1.2000,0.0716,0.1469,0.4042,1.570796,0.3000,DEGRADED,1.4855,0.1738,1.1793,1
1781044873.2884,72.6809,-0.3044,1.1929,72.6755,-0.2567,1.2000,0.0480,0.1469,0.4042,1.570796,0.3000,DEGRADED,0.6704,0.1153,1.1793,1
1781044873.3384,72.7554,-0.2528,1.2103,72.7507,-0.2658,1.2000,0.0138,0.1469,0.4042,1.570796,0.3000,DEGRADED,0.1192,0.1006,1.1793,1
1781044873.3885,72.7785,-0.3268,1.1922,72.8260,-0.2747,1.2000,0.0705,0.1469,0.4042,1.570796,0.3000,DEGRADED,1.4173,0.1644,1.1793,1
1781044873.4385,72.8737,-0.2580,1.1822,72.9006,-0.2835,1.2000,0.0371,0.1469,0.4042,1.570796,0.3000,DEGRADED,0.5806,0.1382,1.1793,1
1781044873.4892,72.9771,-0.2593,1.1521,72.9756,-0.2923,1.2000,0.0331,0.1469,0.4042,1.570796,0.3000,DEGRADED,1.7384,0.0984,1.1793,1
1781044873.5382,73.0836,-0.3739,1.1814,73.0506,-0.3010,1.2000,0.0800,0.1469,0.4042,1.570796,0.3000,DEGRADED,1.9966,0.1417,1.1793,1
1781044873.5883,73.1081,-0.2860,1.1845,73.1255,-0.3096,1.2000,0.0294,0.1469,0.4042,1.570796,0.3000,DEGRADED,0.3899,0.1301,1.1793,1
1781044873.6384,73.2468,-0.3056,1.1732,73.2006,-0.3181,1.2000,0.0479,0.1469,0.4042,1.570796,0.3000,DEGRADED,1.0847,0.0930,1.1793,1
1781044873.6885,73.2861,-0.3470,1.2599,73.2756,-0.3266,1.2000,0.0230,0.1469,0.4042,1.570796,0.3000,DEGRADED,2.3864,0.1314,1.1793,1
1781044873.7383,73.3420,-0.3471,1.2485,73.3508,-0.3349,1.2000,0.0150,0.1469,0.4042,1.570796,0.3000,DEGRADED,1.5307,0.1689,1.1793,1
1781044873.7882,73.4479,-0.4793,1.2635,73.4255,-0.3431,1.2000,0.1380,0.1469,0.4042,1.570796,0.3000,DEGRADED,7.8047,0.2163,1.1793,1
1781044873.8383,73.4825,-0.3652,1.2402,73.5005,-0.3513,1.2000,0.0227,0.1469,0.4042,1.570796,0.3000,DEGRADED,1.1555,0.1977,1.1793,1
1781044873.8883,73.5844,-0.3829,1.2453,73.5756,-0.3594,1.2000,0.0251,0.1469,0.4042,1.570796,0.3000,DEGRADED,1.4560,0.1705,1.1793,1
1781044873.9383,73.8066,-0.1868,1.1973,73.6507,-0.3673,1.2000,0.2386,0.1469,0.4042,1.570796,0.3000,DEGRADED,15.8153,0.1436,1.1793,1
1781044873.9884,73.7600,-0.3996,1.1496,73.7255,-0.3752,1.2000,0.0423,0.1469,0.4042,1.570796,0.3000,DEGRADED,2.0843,0.1699,1.1793,1
1781044874.0381,73.7603,-0.2922,1.1964,73.8007,-0.3829,1.2000,0.0993,0.1469,0.4042,1.570796,0.3000,DEGRADED,2.7486,0.2653,1.1793,1
1781044874.0883,73.9018,-0.3075,1.2353,73.8755,-0.3906,1.2000,0.0871,0.1469,0.4042,1.570796,0.3000,DEGRADED,2.8866,0.1943,1.1793,1
1781044874.1382,73.9205,-0.4504,1.1481,73.9509,-0.3981,1.2000,0.0604,0.1469,0.4042,1.570796,0.3000,DEGRADED,2.6972,0.2959,1.1793,1
1781044874.1886,74.0373,-0.4405,1.2089,74.0257,-0.4055,1.2000,0.0368,0.1469,0.4042,1.570796,0.3000,DEGRADED,0.4254,0.2486,1.1793,1
1781044874.2383,74.1516,-0.3797,1.2149,74.1009,-0.4129,1.2000,0.0605,0.1469,0.4042,1.570796,0.3000,DEGRADED,1.1558,0.2308,1.1793,1
1781044874.2883,74.2605,-0.2912,1.2842,74.1754,-0.4200,1.2000,0.1544,0.1469,0.4042,1.570796,0.3000,DEGRADED,11.0557,0.2116,1.1793,1
1781044874.3385,74.3097,-0.5045,1.2446,74.2506,-0.4271,1.2000,0.0973,0.1469,0.4042,1.570796,0.3000,DEGRADED,3.8759,0.2857,1.1793,1
1781044874.3883,74.3399,-0.6083,1.1850,74.3256,-0.4341,1.2000,0.1748,0.1469,0.4042,1.570796,0.3000,DEGRADED,8.6295,0.3753,1.1793,1
1781044874.4384,74.4263,-0.3577,1.1742,74.4006,-0.4409,1.2000,0.0871,0.1469,0.4042,1.570796,0.3000,DEGRADED,2.5242,0.3312,1.1793,1
1781044874.4886,74.4994,-0.4063,1.2380,74.4755,-0.4476,1.2000,0.0477,0.1469,0.4042,1.570796,0.3000,DEGRADED,1.5378,0.3325,1.1793,1
1781044874.5383,74.5956,-0.4055,1.1934,74.5504,-0.4542,1.2000,0.0665,0.1469,0.4042,1.570796,0.3000,DEGRADED,1.2543,0.3514,1.1793,1
1781044874.5884,74.6101,-0.4488,1.1605,74.6256,-0.4607,1.2000,0.0196,0.1469,0.4042,1.570796,0.3000,DEGRADED,1.0827,0.4159,1.1793,1
1781044874.6383,74.7147,-0.5512,1.2139,74.7010,-0.4671,1.2000,0.0852,0.1469,0.4042,1.570796,0.3000,DEGRADED,2.1361,0.4475,1.1793,1
1781044874.6887,74.8131,-0.5083,1.1658,74.7756,-0.4733,1.2000,0.0514,0.1469,0.4042,1.570796,0.3000,DEGRADED,1.4641,0.4165,1.1793,1
1781044874.7386,74.9511,-0.4478,1.2451,74.8509,-0.4794,1.2000,0.1051,0.1469,0.4042,1.570796,0.3000,DEGRADED,4.3398,0.3887,1.1793,1
1781044874.7885,74.8632,-0.4971,1.1524,74.9257,-0.4853,1.2000,0.0636,0.1469,0.4042,1.570796,0.3000,DEGRADED,2.5380,0.5604,1.1793,1
1781044874.8383,75.0663,-0.4198,1.1354,75.0007,-0.4911,1.2000,0.0969,0.1469,0.4042,1.570796,0.3000,DEGRADED,5.2178,0.4744,1.1793,1
1781044874.8884,75.1120,-0.5214,1.1677,75.0756,-0.4968,1.2000,0.0440,0.1469,0.4042,1.570796,0.3000,DEGRADED,1.1877,0.5158,1.1793,1
1781044874.9383,75.0838,-0.5474,1.2478,75.1508,-0.5023,1.2000,0.0807,0.1469,0.4042,1.570796,0.3000,DEGRADED,3.2355,0.6682,1.1793,1
1781044874.9885,75.3237,-0.4715,1.2199,75.2256,-0.5077,1.2000,0.1046,0.1469,0.4042,1.570796,0.3000,DEGRADED,3.2874,0.5037,1.1793,1
1781044875.0384,75.2463,-0.6038,1.1613,75.3006,-0.5130,1.2000,0.1058,0.1469,0.4042,1.570796,0.3000,DEGRADED,4.0469,0.7207,1.1793,1
1781044875.0883,75.4120,-0.4623,1.1301,75.3756,-0.5181,1.2000,0.0666,0.1469,0.4042,1.570796,0.3000,DEGRADED,4.2881,0.6237,1.1793,1
1781044875.1384,75.4958,-0.4279,1.1685,75.4506,-0.5231,1.2000,0.1053,0.1469,0.4042,1.570796,0.3000,DEGRADED,3.7014,0.0000,1.1793,1
1781044875.1884,75.5583,-0.4107,1.0742,75.5256,-0.5279,1.2000,0.1217,0.1469,0.4042,1.570796,0.3000,DEGRADED,14.0033,0.0214,1.1793,1
1781044875.2384,75.6906,-0.5231,1.1595,75.6006,-0.5326,1.2000,0.0905,0.1469,0.4042,1.570796,0.3000,DEGRADED,3.3016,0.0954,1.1793,1
1781044875.2885,75.6198,-0.4964,1.1887,75.6756,-0.5371,1.2000,0.0691,0.1469,0.4042,1.570796,0.3000,DEGRADED,1.4050,0.1046,1.1793,1
1781044875.3383,75.7774,-0.6117,1.2473,75.7506,-0.5415,1.2000,0.0752,0.1469,0.4042,1.570796,0.3000,DEGRADED,2.9681,0.1668,1.1793,1
1781044875.3884,75.7693,-0.5309,1.1742,75.8255,-0.5457,1.2000,0.0582,0.1469,0.4042,1.570796,0.3000,DEGRADED,1.3543,0.1251,1.1793,1
1781044875.4382,75.8404,-0.5358,1.1930,75.9006,-0.5498,1.2000,0.0618,0.1469,0.4042,1.570796,0.3000,DEGRADED,1.0906,0.1437,1.1793,1
1781044875.4885,76.0285,-0.6366,1.2496,75.9755,-0.5537,1.2000,0.0983,0.1469,0.4042,1.570796,0.3000,DEGRADED,4.2253,0.1783,1.1793,1
1781044875.5383,75.9156,-0.6332,1.1768,76.0508,-0.5575,1.2000,0.1550,0.1469,0.4042,1.570796,0.3000,DEGRADED,7.0086,0.2655,1.1793,1
1781044875.5884,76.0637,-0.5188,1.2287,76.1257,-0.5611,1.2000,0.0751,0.1469,0.4042,1.570796,0.3000,DEGRADED,2.0819,0.1316,1.1793,1
1781044875.6383,76.2059,-0.5321,1.1131,76.2006,-0.5646,1.2000,0.0329,0.1469,0.4042,1.570796,0.3000,DEGRADED,5.0168,0.0984,1.1793,1
1781044875.6886,76.2643,-0.4958,1.1790,76.2757,-0.5679,1.2000,0.0730,0.1469,0.4042,1.570796,0.3000,DEGRADED,1.7582,0.0874,1.1793,1
1781044875.7384,76.4654,-0.5355,1.1675,76.3506,-0.5710,1.2000,0.1202,0.1469,0.4042,1.570796,0.3000,DEGRADED,4.6747,0.0606,1.1793,1
1781044875.7884,76.4164,-0.5306,1.2058,76.4257,-0.5740,1.2000,0.0444,0.1469,0.4042,1.570796,0.3000,DEGRADED,0.5689,0.1124,1.1793,1
1781044875.8382,76.4431,-0.4976,1.1948,76.5006,-0.5769,1.2000,0.0979,0.1469,0.4042,1.570796,0.3000,DEGRADED,2.6796,0.1757,1.1793,1
1781044875.8884,76.5360,-0.6497,1.2213,76.5757,-0.5795,1.2000,0.0806,0.1469,0.4042,1.570796,0.3000,DEGRADED,2.0869,0.2236,1.1793,1
1781044875.9383,76.6532,-0.6158,1.1568,76.6556,-0.5822,1.2000,0.0337,0.1469,0.4042,1.570796,0.3000,DEGRADED,1.4832,0.1878,1.1793,1
1781044875.9885,76.7776,-0.5926,1.1785,76.7254,-0.5844,1.2000,0.0528,0.1469,0.4042,1.570796,0.3000,DEGRADED,1.0660,0.1356,1.1793,1
1781044876.0383,76.7944,-0.5926,1.2116,76.8006,-0.5866,1.2000,0.0086,0.1469,0.4042,1.570796,0.3000,DEGRADED,0.1053,0.1981,1.1793,1
1781044876.0884,76.9704,-0.4793,1.1972,76.8758,-0.5886,1.2000,0.1445,0.1469,0.4042,1.570796,0.3000,DEGRADED,5.8076,0.0662,1.1793,1
1781044876.1383,76.8791,-0.6761,1.1984,76.9506,-0.5905,1.2000,0.1116,0.1469,0.4042,1.570796,0.3000,DEGRADED,3.4601,0.3196,1.1793,1
1781044876.1884,77.0094,-0.6107,1.2028,77.0257,-0.5922,1.2000,0.0247,0.1469,0.4042,1.570796,0.3000,DEGRADED,0.1740,0.2346,1.1793,1
1781044876.2385,77.2033,-0.6460,1.0953,77.1009,-0.5937,1.2000,0.1150,0.1469,0.4042,1.570796,0.3000,DEGRADED,10.5253,0.1907,1.1793,1
1781044876.2883,77.2534,-0.5639,1.1715,77.1755,-0.5950,1.2000,0.0838,0.1469,0.4042,1.570796,0.3000,DEGRADED,2.4615,0.1568,1.1793,1
1781044876.3382,77.2949,-0.5683,1.1247,77.2506,-0.5962,1.2000,0.0524,0.1469,0.4042,1.570796,0.3000,DEGRADED,4.3057,0.2222,1.1793,1
1781044876.3884,77.2986,-0.4841,1.2103,77.3255,-0.5973,1.2000,0.1163,0.1469,0.4042,1.570796,0.3000,DEGRADED,3.8237,0.2823,1.1793,1
1781044876.4383,77.4615,-0.6240,1.2759,77.4006,-0.5981,1.2000,0.0661,0.1469,0.4042,1.570796,0.3000,DEGRADED,4.8126,0.2613,1.1793,0
1781044876.4884,77.4327,-0.5405,1.1947,77.4756,-0.5988,1.2000,0.0724,0.1469,0.4042,1.570796,0.3000,DEGRADED,1.4737,0.3355,1.1793,0
1781044876.5384,77.4526,-0.6000,1.2247,77.5506,-0.5994,1.2000,0.0981,0.1469,0.4042,1.570796,0.3000,DEGRADED,3.0519,0.4363,1.1793,0
1781044876.5884,77.5548,-0.5855,1.1105,77.6255,-0.5998,1.2000,0.0721,0.1469,0.4042,1.570796,0.3000,DEGRADED,6.4547,0.4059,1.1793,0
1781044876.6383,77.6645,-0.5800,1.1772,77.7006,-0.6000,1.2000,0.0413,0.1469,0.4042,1.570796,0.3000,DEGRADED,0.7974,0.4067,1.1793,0
1781044876.6884,77.7403,-0.4602,1.1987,77.7755,-0.6000,1.2000,0.1442,0.1469,0.4042,1.570796,0.3000,DEGRADED,5.7732,0.3988,1.1793,0
1781044876.7384,77.8297,-0.6535,1.1813,77.8506,-0.5999,1.2000,0.0575,0.1469,0.4042,1.570796,0.3000,DEGRADED,1.1371,0.4470,1.1793,0
1781044876.7885,77.8784,-0.6149,1.1920,77.9256,-0.5996,1.2000,0.0496,0.1469,0.4042,1.570796,0.3000,DEGRADED,0.7225,0.4601,1.1793,0
1781044876.8383,77.9209,-0.5320,1.1503,78.0007,-0.5991,1.2000,0.1043,0.1469,0.4042,1.570796,0.3000,DEGRADED,4.5620,0.5147,1.1793,0
1781044876.8885,78.0167,-0.5265,1.1642,78.0758,-0.5985,1.2000,0.0931,0.1469,0.4042,1.570796,0.3000,DEGRADED,3.2079,0.4926,1.1793,0
1781044876.9384,78.2485,-0.6599,1.2112,78.1506,-0.5977,1.2000,0.1160,0.1469,0.4042,1.570796,0.3000,DEGRADED,3.8173,0.4063,1.1793,0
1781044876.9885,78.1189,-0.5993,1.1798,78.2256,-0.5967,1.2000,0.1068,0.1469,0.4042,1.570796,0.3000,DEGRADED,3.4225,0.5844,1.1793,0
1781044877.0384,78.3513,-0.6311,1.2470,78.3007,-0.5956,1.2000,0.0618,0.1469,0.4042,1.570796,0.3000,DEGRADED,2.4406,0.4747,1.1793,0
1781044877.0883,78.4148,-0.4798,1.1814,78.3758,-0.5943,1.2000,0.1210,0.1469,0.4042,1.570796,0.3000,DEGRADED,4.2799,0.4651,1.1793,0
1781044877.1385,78.4903,-0.5902,1.2360,78.4505,-0.5928,1.2000,0.0399,0.1469,0.4042,1.570796,0.3000,DEGRADED,1.2529,0.0000,1.1793,0
1781044877.1884,78.5260,-0.5214,1.2221,78.5256,-0.5912,1.2000,0.0698,0.1469,0.4042,1.570796,0.3000,DEGRADED,1.6587,0.0720,1.1793,0
1781044877.2383,78.6103,-0.5967,1.1349,78.6006,-0.5894,1.2000,0.0122,0.1469,0.4042,1.570796,0.3000,DEGRADED,2.6936,0.0312,1.1793,0
1781044877.2883,78.7358,-0.5276,1.1759,78.6756,-0.5875,1.2000,0.0849,0.1469,0.4042,1.570796,0.3000,DEGRADED,2.3661,0.0687,1.1793,0
1781044877.3382,78.7201,-0.5978,1.1718,78.7506,-0.5854,1.2000,0.0329,0.1469,0.4042,1.570796,0.3000,DEGRADED,0.7964,0.0712,1.1793,0
1781044877.3885,78.8434,-0.5079,1.1289,78.8256,-0.5831,1.2000,0.0773,0.1469,0.4042,1.570796,0.3000,DEGRADED,4.8218,0.0751,1.1793,0
1781044877.4384,79.0044,-0.7181,1.1284,78.9006,-0.5806,1.2000,0.1722,0.1469,0.4042,1.570796,0.3000,DEGRADED,11.4399,0.1523,1.1793,0
1781044877.4884,79.0230,-0.6304,1.1948,78.9755,-0.5780,1.2000,0.0707,0.1469,0.4042,1.570796,0.3000,DEGRADED,1.4045,0.0571,1.1793,0
1781044877.5382,79.0194,-0.5002,1.1641,79.0506,-0.5753,1.2000,0.0813,0.1469,0.4042,1.570796,0.3000,DEGRADED,2.6424,0.1030,1.1793,0
1781044877.5885,79.1311,-0.4975,1.2553,79.1259,-0.5723,1.2000,0.0751,0.1469,0.4042,1.570796,0.3000,DEGRADED,3.4788,0.0782,1.1793,0
1781044877.6383,79.2723,-0.6083,1.1472,79.2007,-0.5693,1.2000,0.0815,0.1469,0.4042,1.570796,0.3000,DEGRADED,3.5860,0.0505,1.1793,0
1781044877.6886,79.1900,-0.5407,1.1641,79.2755,-0.5660,1.2000,0.0892,0.1469,0.4042,1.570796,0.3000,DEGRADED,3.0153,0.1126,1.1793,0
1781044877.7385,79.4061,-0.4836,1.1881,79.3506,-0.5626,1.2000,0.0966,0.1469,0.4042,1.570796,0.3000,DEGRADED,2.6798,0.0821,1.1793,0
1781044877.7884,79.3878,-0.5994,1.2653,79.4256,-0.5591,1.2000,0.0552,0.1469,0.4042,1.570796,0.3000,DEGRADED,3.5089,0.0725,1.1793,0
1781044877.8384,79.5384,-0.4555,1.2130,79.5007,-0.5554,1.2000,0.1068,0.1469,0.4042,1.570796,0.3000,DEGRADED,3.2755,0.1018,1.1793,0
1781044877.8883,79.6932,-0.5727,1.2306,79.5755,-0.5515,1.2000,0.1197,0.1469,0.4042,1.570796,0.3000,DEGRADED,4.5632,0.0956,1.1793,0
1781044877.9383,79.6111,-0.4782,1.1977,79.6506,-0.5475,1.2000,0.0797,0.1469,0.4042,1.570796,0.3000,DEGRADED,1.7695,0.1057,1.1793,0
1781044877.9883,79.6672,-0.6085,1.2277,79.7255,-0.5434,1.2000,0.0874,0.1469,0.4042,1.570796,0.3000,DEGRADED,2.5982,0.1031,1.1793,0
1781044878.0382,79.8323,-0.5233,1.1630,79.8006,-0.5390,1.2000,0.0353,0.1469,0.4042,1.570796,0.3000,DEGRADED,1.2035,0.0190,1.1793,0
1781044878.0884,79.9111,-0.4705,1.1576,79.8756,-0.5346,1.2000,0.0732,0.1469,0.4042,1.570796,0.3000,DEGRADED,2.6082,0.0677,1.1793,0
1781044878.1384,79.8901,-0.5527,1.2851,79.9506,-0.5300,1.2000,0.0647,0.1469,0.4042,1.570796,0.3000,DEGRADED,5.6897,0.1010,1.1793,0
1781044878.1885,79.9439,-0.5068,1.1445,80.0254,-0.5252,1.2000,0.0836,0.1469,0.4042,1.570796,0.3000,DEGRADED,3.8684,0.1068,1.1793,0
1781044878.2383,80.0675,-0.4585,1.2268,80.1007,-0.5203,1.2000,0.0701,0.1469,0.4042,1.570796,0.3000,DEGRADED,1.8125,0.0951,1.1793,0
1781044878.2884,80.1397,-0.5880,1.2151,80.1756,-0.5152,1.2000,0.0812,0.1469,0.4042,1.570796,0.3000,DEGRADED,1.9738,0.0919,1.1793,0
1781044878.3383,80.2360,-0.4899,1.2095,80.2507,-0.5100,1.2000,0.0249,0.1469,0.4042,1.570796,0.3000,DEGRADED,0.2292,0.0569,1.1793,0
1781044878.3884,80.3397,-0.5657,1.1216,80.3255,-0.5047,1.2000,0.0626,0.1469,0.4042,1.570796,0.3000,DEGRADED,4.9270,0.0588,1.1793,0
1781044878.4393,80.3795,-0.4715,1.1918,80.4007,-0.4992,1.2000,0.0349,0.1469,0.4042,1.570796,0.3000,DEGRADED,0.3796,0.0655,1.1793,0
1781044878.4883,80.4244,-0.4654,1.2711,80.4755,-0.4936,1.2000,0.0584,0.1469,0.4042,1.570796,0.3000,DEGRADED,4.1093,0.0796,1.1793,0
1781044878.5383,80.4469,-0.4704,1.2115,80.5508,-0.4878,1.2000,0.1053,0.1469,0.4042,1.570796,0.3000,DEGRADED,3.1645,0.1416,1.1793,0
1781044878.5884,80.6836,-0.4885,1.1430,80.6257,-0.4820,1.2000,0.0583,0.1469,0.4042,1.570796,0.3000,DEGRADED,2.9767,0.0368,1.1793,0
1781044878.6383,80.6793,-0.3140,1.2116,80.7009,-0.4759,1.2000,0.1633,0.1469,0.4042,1.570796,0.3000,DEGRADED,7.4939,0.1743,1.1793,0
1781044878.6885,80.8416,-0.4204,1.2194,80.7756,-0.4698,1.2000,0.0825,0.1469,0.4042,1.570796,0.3000,DEGRADED,2.1232,0.0701,1.1793,0
1781044878.7384,80.7868,-0.5068,1.2737,80.8556,-0.4631,1.2000,0.0815,0.1469,0.4042,1.570796,0.3000,DEGRADED,5.2404,0.1070,1.1793,0
1781044878.7896,80.7980,-0.4148,1.1027,80.9275,-0.4569,1.2000,0.1362,0.1469,0.4042,1.570796,0.3000,DEGRADED,11.0656,0.1544,1.1793,0
1781044878.8383,80.9712,-0.4017,1.2549,81.0008,-0.4505,1.2000,0.0571,0.1469,0.4042,1.570796,0.3000,DEGRADED,2.7851,0.0822,1.1793,0
1781044878.8883,81.1462,-0.5055,1.0768,81.0756,-0.4439,1.2000,0.0937,0.1469,0.4042,1.570796,0.3000,DEGRADED,11.9217,0.0770,1.1793,0
1781044878.9384,81.1044,-0.3323,1.2155,81.1506,-0.4371,1.2000,0.1145,0.1469,0.4042,1.570796,0.3000,DEGRADED,3.7933,0.1343,1.1793,0
1781044878.9884,81.2083,-0.4431,1.2146,81.2256,-0.4302,1.2000,0.0216,0.1469,0.4042,1.570796,0.3000,DEGRADED,0.2627,0.0373,1.1793,0
1781044879.0382,81.2476,-0.3473,1.2722,81.3007,-0.4231,1.2000,0.0926,0.1469,0.4042,1.570796,0.3000,DEGRADED,5.6348,0.1172,1.1793,0
1781044879.0884,81.2839,-0.3939,1.1813,81.3755,-0.4160,1.2000,0.0943,0.1469,0.4042,1.570796,1.0000,NOMINAL,2.6873,0.1133,1.1793,0
1781044879.1385,81.3626,-0.2996,1.1522,81.4507,-0.4087,1.2000,0.1403,0.1469,0.4042,1.570796,1.0000,NOMINAL,6.8922,0.1654,1.1793,0
1781044879.1883,81.5389,-0.5317,1.2332,81.5256,-0.4014,1.2000,0.1311,0.1469,0.4042,1.570796,0.9500,NOMINAL,5.4616,0.2770,1.1793,0
1781044879.2382,81.6690,-0.3183,1.2279,81.6009,-0.3938,1.2000,0.1017,0.1469,0.4042,1.570796,1.0000,NOMINAL,3.3591,0.1893,1.1793,0
1781044879.2884,81.6947,-0.4499,1.1809,81.6758,-0.3863,1.2000,0.0664,0.1469,0.4042,1.570796,0.9800,NOMINAL,1.4512,0.2271,1.1793,0
1781044879.3383,81.7477,-0.3716,1.1656,81.7506,-0.3786,1.2000,0.0075,0.1469,0.4042,1.570796,0.9800,NOMINAL,0.7559,0.1526,1.1793,0
1781044879.3883,81.8181,-0.4002,1.1811,81.8256,-0.3707,1.2000,0.0304,0.1469,0.4042,1.570796,1.0000,NOMINAL,0.4803,0.1843,1.1793,0
1781044879.4384,81.8719,-0.3442,1.1753,81.9006,-0.3628,1.2000,0.0343,0.1469,0.4042,1.570796,1.0000,NOMINAL,0.7075,0.1264,1.1793,0
1781044879.4885,81.8810,-0.3597,1.2934,81.9757,-0.3548,1.2000,0.0948,0.2203,0.6064,1.570796,0.5150,DEGRADED,3.5321,0.1168,1.1793,1
1781044879.5384,81.9765,-0.2014,1.2022,82.0508,-0.3467,1.2000,0.1632,0.2203,0.6064,1.570796,0.5300,DEGRADED,3.2878,0.0605,0.0295,1
1781044879.5885,82.2386,-0.3530,1.2419,82.1257,-0.3385,1.2000,0.1139,0.2203,0.6064,1.570796,0.5300,DEGRADED,2.0885,0.2759,0.0295,1
1781044879.6383,82.2310,-0.4556,1.3055,82.2006,-0.3302,1.2000,0.1291,0.2203,0.6064,1.570796,0.5350,DEGRADED,5.1488,0.2771,0.0295,1
1781044879.6885,82.3035,-0.2509,1.0064,82.2755,-0.3218,1.2000,0.0762,0.2203,0.6064,1.570796,0.5350,DEGRADED,11.1318,0.1677,0.0295,1
1781044879.7384,82.3462,-0.4503,1.1694,82.3507,-0.3133,1.2000,0.1370,0.2203,0.6064,1.570796,0.5700,DEGRADED,2.5789,0.2712,0.0295,1
1781044879.7883,82.3933,-0.2897,1.2359,82.4256,-0.3047,1.2000,0.0356,0.2203,0.6064,1.570796,0.5750,DEGRADED,0.5144,0.1388,0.0295,1
1781044879.8383,82.5191,-0.4069,1.1755,82.5007,-0.2961,1.2000,0.1124,0.2203,0.6064,1.570796,0.5300,DEGRADED,1.7258,0.2609,0.0295,1
1781044879.8883,82.5120,-0.2608,1.2492,82.5757,-0.2873,1.2000,0.0691,0.2203,0.6064,1.570796,0.5300,DEGRADED,1.2606,0.1099,0.0295,1
1781044879.9387,82.6912,-0.1709,1.2052,82.6508,-0.2785,1.2000,0.1149,0.2203,0.6064,1.570796,0.5200,DEGRADED,1.6388,0.1642,0.0295,1
1781044879.9883,82.7872,-0.2375,1.1772,82.7257,-0.2696,1.2000,0.0694,0.2203,0.6064,1.570796,0.5200,DEGRADED,0.7402,0.2145,0.0295,1
1781044880.0383,82.7622,-0.2766,1.2692,82.8007,-0.2607,1.2000,0.0416,0.2203,0.6064,1.570796,0.5450,DEGRADED,1.5440,0.1535,0.0295,1
1781044880.0884,82.6479,-0.1677,1.1387,82.8756,-0.2516,1.2000,0.2427,0.2203,0.6064,1.570796,0.5600,DEGRADED,8.3152,0.0903,0.0295,1
1781044880.1384,82.7792,-0.3239,1.1889,82.9506,-0.2425,1.2000,0.1898,0.2203,0.6064,1.570796,0.5600,DEGRADED,4.4812,0.1981,0.0295,1
1781044880.1885,83.0759,-0.3528,1.1262,83.0256,-0.2333,1.2000,0.1297,0.2203,0.6064,1.570796,0.5600,DEGRADED,3.5885,0.2999,0.0295,1
1781044880.2385,83.1117,-0.1016,1.0439,83.1008,-0.2241,1.2000,0.1230,0.2203,0.6064,1.570796,0.5600,DEGRADED,8.6326,0.1398,0.0295,1
1781044880.2883,83.1764,-0.0826,1.0968,83.1757,-0.2148,1.2000,0.1321,0.2203,0.6064,1.570796,0.5600,DEGRADED,5.1120,0.1460,0.0295,1
1781044880.3384,83.3568,-0.1813,1.2238,83.2506,-0.2054,1.2000,0.1089,0.2203,0.6064,1.570796,0.5550,DEGRADED,1.6209,0.2517,0.0295,1
1781044880.3885,83.5000,-0.2078,1.1428,83.3256,-0.1960,1.2000,0.1748,0.2203,0.6064,1.570796,0.5550,DEGRADED,4.6804,0.3421,0.0295,1
1781044880.4385,83.3663,-0.3778,1.3268,83.4007,-0.1865,1.2000,0.1944,0.2203,0.6064,1.570796,0.5650,DEGRADED,9.1300,0.3188,0.0295,1
1781044880.4885,83.5582,-0.3266,1.2346,83.4759,-0.1769,1.2000,0.1707,0.2203,0.6064,1.570796,0.5500,DEGRADED,3.9317,0.3463,0.0295,1
1781044880.5383,83.6491,-0.2884,1.2720,83.5506,-0.1674,1.2000,0.1560,0.2203,0.6064,1.570796,0.5200,DEGRADED,4.4450,0.3275,0.0295,1
1781044880.5884,83.7040,-0.0993,1.1545,83.6256,-0.1578,1.2000,0.0978,0.2203,0.6064,1.570796,0.5600,DEGRADED,1.7549,0.2312,0.0295,1
1781044880.6385,83.6289,-0.2269,1.1875,83.7010,-0.1481,1.2000,0.1068,0.2203,0.6064,1.570796,0.5400,DEGRADED,1.4522,0.1999,0.0295,1
1781044880.6884,83.7728,-0.1129,1.1340,83.7756,-0.1384,1.2000,0.0256,0.2203,0.6064,1.570796,0.5050,DEGRADED,1.2897,0.1684,0.0295,1
1781044880.7384,83.8000,-0.0467,1.1578,83.8507,-0.1286,1.2000,0.0963,0.2203,0.6064,1.570796,0.5650,DEGRADED,1.6397,0.0893,0.0295,1
1781044880.7883,83.9923,-0.1553,1.1980,83.9256,-0.1189,1.2000,0.0760,0.2203,0.6064,1.570796,0.5700,DEGRADED,0.7144,0.2618,0.0295,1
1781044880.8383,84.1053,-0.0874,1.1193,84.0006,-0.1090,1.2000,0.1069,0.2203,0.6064,1.570796,0.5150,DEGRADED,3.2196,0.2582,0.0295,1
1781044880.8885,84.0196,0.0085,1.1117,84.0757,-0.0992,1.2000,0.1214,0.2203,0.6064,1.570796,0.5200,DEGRADED,3.9874,0.0976,0.0295,1
1781044880.9383,84.2212,-0.0262,1.1365,84.1506,-0.0893,1.2000,0.0947,0.2203,0.6064,1.570796,0.5200,DEGRADED,2.2280,0.2158,0.0295,1
1781044880.9884,84.3303,-0.1121,1.1490,84.2257,-0.0794,1.2000,0.1097,0.2203,0.6064,1.570796,0.5700,DEGRADED,2.2076,0.2962,0.0295,1
1781044881.0385,84.2395,-0.2370,1.1421,84.3006,-0.0695,1.2000,0.1782,0.2203,0.6064,1.570796,0.5200,DEGRADED,4.8533,0.2883,0.0295,1
1781044881.0884,84.2765,-0.1604,1.1881,84.3756,-0.0596,1.2000,0.1414,0.2203,0.6064,1.570796,0.5250,DEGRADED,2.5071,0.2158,0.0295,1
1781044881.1383,84.4855,0.0782,1.1867,84.4506,-0.0496,1.2000,0.1325,0.2203,0.6064,1.570796,0.5550,DEGRADED,2.2150,0.1811,0.0295,1
1781044881.1885,84.6628,0.1616,1.1621,84.5255,-0.0396,1.2000,0.2436,0.2203,0.6064,1.570796,0.5550,DEGRADED,7.7272,0.0000,0.0295,1
1781044881.2383,84.7933,-0.0237,1.2314,84.6009,-0.0296,1.2000,0.1925,0.2203,0.6064,1.570796,0.5450,DEGRADED,4.8488,0.2009,0.0295,1
1781044881.2884,84.6999,-0.1933,1.2260,84.6756,-0.0197,1.2000,0.1753,0.2203,0.6064,1.570796,0.5100,DEGRADED,3.9812,0.3907,0.0295,1
1781044881.3383,84.6567,0.0876,1.2173,84.7507,-0.0096,1.2000,0.1353,0.2203,0.6064,1.570796,0.5100,DEGRADED,2.3423,0.2674,0.0295,1
1781044881.3883,84.7736,-0.0390,1.1498,84.8256,0.0003,1.2000,0.0652,0.2203,0.6064,1.570796,0.5150,DEGRADED,1.2256,0.3046,0.0295,1
1781044881.4385,84.9359,-0.0170,1.1787,84.9006,0.0103,1.2000,0.0447,0.2203,0.6064,1.570796,0.5500,DEGRADED,0.3733,0.2561,0.0295,1
1781044881.4883,84.9415,-0.0052,1.2168,84.9754,0.0203,1.2000,0.0424,0.2203,0.6064,1.570796,0.5500,DEGRADED,0.3012,0.2814,0.0295,1
1781044881.5383,84.9460,0.1039,1.1325,85.0506,0.0303,1.2000,0.1279,0.2203,0.6064,1.570796,0.5350,DEGRADED,3.2828,0.2857,0.0295,1
1781044881.5884,85.1835,0.2585,1.1833,85.1256,0.0403,1.2000,0.2257,0.2203,0.6064,1.570796,0.5200,DEGRADED,6.3685,0.0814,0.0295,1
1781044881.6383,85.1600,-0.0940,1.2278,85.2006,0.0503,1.2000,0.1499,0.2203,0.6064,1.570796,0.5300,DEGRADED,2.9878,0.3926,0.0295,1
1781044881.6885,85.2241,0.0864,1.2713,85.2756,0.0602,1.2000,0.0578,0.2203,0.6064,1.570796,0.5200,DEGRADED,1.8240,0.2532,0.0295,1
1781044881.7385,85.4740,0.0598,1.2210,85.3508,0.0702,1.2000,0.1236,0.2203,0.6064,1.570796,0.5200,DEGRADED,2.0103,0.2099,0.0295,1
1781044881.7884,85.2917,0.0314,1.1839,85.4256,0.0801,1.2000,0.1425,0.2203,0.6064,1.570796,0.5300,DEGRADED,2.5787,0.3632,0.0295,1
1781044881.8383,85.6110,0.1322,1.1944,85.5006,0.0900,1.2000,0.1182,0.2203,0.6064,1.570796,0.5550,DEGRADED,1.7348,0.1600,0.0295,1
1781044881.8883,85.5550,0.1148,1.2361,85.5756,0.0999,1.2000,0.0255,0.2203,0.6064,1.570796,0.5250,DEGRADED,0.4426,0.2374,0.0295,1
1781044881.9382,85.6494,0.1283,1.2059,85.6506,0.1097,1.2000,0.0186,0.2203,0.6064,1.570796,0.5250,DEGRADED,0.0525,0.2324,0.0295,1
1781044881.9883,85.6682,0.0685,1.2135,85.7256,0.1195,1.2000,0.0768,0.2203,0.6064,1.570796,0.5450,DEGRADED,0.7793,0.3102,0.0295,1
1781044882.0384,85.8638,0.2083,1.1737,85.8006,0.1293,1.2000,0.1012,0.2203,0.6064,1.570796,0.5450,DEGRADED,1.4560,0.1435,0.0295,1
1781044882.0884,86.0374,0.2478,1.1697,85.8757,0.1391,1.2000,0.1949,0.2203,0.6064,1.570796,0.5700,DEGRADED,4.9441,0.0899,0.0295,1
1781044882.1384,85.9228,0.2044,1.0815,85.9506,0.1488,1.2000,0.0622,0.2203,0.6064,1.570796,0.5800,DEGRADED,4.3778,0.2216,0.0295,1
1781044882.1886,85.8320,0.2477,1.2317,86.0256,0.1584,1.2000,0.2131,0.2203,0.6064,1.570796,0.5350,DEGRADED,5.8861,0.3385,0.0295,1
1781044882.2386,86.1169,0.2034,1.2957,86.1006,0.1681,1.2000,0.0389,0.2203,0.6064,1.570796,0.5550,DEGRADED,2.7306,0.2024,0.0295,1
1781044882.2884,86.2845,0.1528,1.1287,86.1756,0.1776,1.2000,0.1118,0.2203,0.6064,1.570796,0.5550,DEGRADED,2.9531,0.2164,0.0295,1
1781044882.3383,86.2088,0.1768,1.1846,86.2507,0.1872,1.2000,0.0432,0.2203,0.6064,1.570796,0.5500,DEGRADED,0.2954,0.2725,0.0295,1
1781044882.3885,86.2807,0.2609,1.2290,86.3256,0.1966,1.2000,0.0784,0.2203,0.6064,1.570796,0.5650,DEGRADED,0.9919,0.2112,0.0295,1
1781044882.4384,86.3412,0.1586,1.2548,86.4006,0.2061,1.2000,0.0760,0.2203,0.6064,1.570796,0.5300,DEGRADED,1.5486,0.3095,0.0295,1
1781044882.4882,86.4199,0.2859,1.1083,86.4754,0.2154,1.2000,0.0897,0.2203,0.6064,1.570796,0.5300,DEGRADED,3.3310,0.2136,0.0295,1
1781044882.5384,86.4892,0.1681,1.2696,86.5506,0.2247,1.2000,0.0835,0.2203,0.6064,1.570796,0.5300,DEGRADED,2.2069,0.3152,0.0295,1
1781044882.5884,86.6869,0.1990,1.2814,86.6256,0.2340,1.2000,0.0706,0.2203,0.6064,1.570796,0.5300,DEGRADED,2.4541,0.2290,0.0295,1
1781044882.6384,86.6393,0.1715,1.1305,86.7006,0.2432,1.2000,0.0943,0.2203,0.6064,1.570796,0.5350,DEGRADED,2.4388,0.3241,0.0295,1
1781044882.6883,86.7136,0.2264,1.1811,86.7756,0.2523,1.2000,0.0671,0.2203,0.6064,1.570796,0.5100,DEGRADED,0.6554,0.2770,0.0295,1
1781044882.7388,86.8482,0.2117,1.2256,86.8506,0.2613,1.2000,0.0496,0.2203,0.6064,1.570796,0.5100,DEGRADED,0.4864,0.2708,0.0295,1
1781044882.7884,86.8750,0.1842,1.1571,86.9256,0.2703,1.2000,0.0998,0.2203,0.6064,1.570796,0.5550,DEGRADED,1.7403,0.3168,0.0295,1
1781044882.8383,86.8552,0.2301,1.2090,87.0008,0.2792,1.2000,0.1537,0.2203,0.6064,1.570796,0.5500,DEGRADED,2.9371,0.3613,0.0295,1
1781044882.8884,87.1521,0.3141,1.1273,87.0756,0.2880,1.2000,0.0809,0.2203,0.6064,1.570796,0.5550,DEGRADED,2.2753,0.1602,0.0295,1
1781044882.9382,87.2555,0.4584,1.1798,87.1507,0.2967,1.2000,0.1927,0.2203,0.6064,1.570796,0.5550,DEGRADED,4.6985,0.0323,0.0295,1
1781044882.9884,87.2397,0.4473,1.2181,87.2256,0.3053,1.2000,0.1427,0.2203,0.6064,1.570796,0.5750,DEGRADED,2.6053,0.1073,0.0295,1
1781044883.0382,87.3412,0.3782,1.2438,87.3006,0.3139,1.2000,0.0760,0.2203,0.6064,1.570796,0.5350,DEGRADED,1.2464,0.1470,0.0295,1
1781044883.0883,87.3241,0.2962,1.2558,87.3757,0.3224,1.2000,0.0578,0.2203,0.6064,1.570796,0.5350,DEGRADED,1.2789,0.2638,0.0295,1
1781044883.1385,87.3767,0.2445,1.1497,87.4506,0.3308,1.2000,0.1136,0.2203,0.6064,1.570796,0.5450,DEGRADED,2.2940,0.3350,0.0295,1
1781044883.1883,87.6563,0.3240,1.2611,87.5257,0.3391,1.2000,0.1315,0.2203,0.6064,1.570796,0.5550,DEGRADED,3.1708,0.1957,0.0295,1
1781044883.2383,87.5354,0.4074,1.1708,87.6005,0.3473,1.2000,0.0886,0.2203,0.6064,1.570796,0.5550,DEGRADED,1.2067,0.1969,0.0295,1
1781044883.2886,87.6685,0.1898,1.1909,87.6758,0.3554,1.2000,0.1657,0.2203,0.6064,1.570796,0.5800,DEGRADED,3.4141,0.1831,0.0295,1
1781044883.3384,87.7895,0.4611,1.1846,87.7509,0.3634,1.2000,0.1050,0.2203,0.6064,1.570796,0.5250,DEGRADED,1.4269,0.1384,0.0295,1
1781044883.3885,87.6852,0.4102,1.2306,87.8255,0.3713,1.2000,0.1456,0.2203,0.6064,1.570796,0.5700,DEGRADED,2.8766,0.2493,0.0295,1
1781044883.4384,87.9275,0.3458,1.2741,87.9006,0.3791,1.2000,0.0428,0.2203,0.6064,1.570796,0.5600,DEGRADED,1.7524,0.0928,0.0295,1
1781044883.4885,88.0051,0.4137,1.1306,87.9755,0.3868,1.2000,0.0400,0.2203,0.6064,1.570796,0.5500,DEGRADED,1.5358,0.0859,0.0295,1
1781044883.5382,88.0472,0.4284,1.2956,88.0506,0.3944,1.2000,0.0342,0.2203,0.6064,1.570796,0.5500,DEGRADED,2.6809,0.1321,0.0295,1
1781044883.5882,88.1822,0.4369,1.2401,88.1254,0.4019,1.2000,0.0667,0.2203,0.6064,1.570796,0.5500,DEGRADED,0.9960,0.0700,0.0295,1
1781044883.6383,88.3248,0.3209,1.2155,88.2009,0.4093,1.2000,0.1522,0.2203,0.6064,1.570796,0.5200,DEGRADED,2.9268,0.0744,0.0295,1
1781044883.6883,88.1638,0.3459,1.1544,88.2757,0.4165,1.2000,0.1323,0.2203,0.6064,1.570796,0.5500,DEGRADED,2.7383,0.2242,0.0295,1
1781044883.7382,88.4258,0.3762,1.1876,88.3508,0.4237,1.2000,0.0887,0.2203,0.6064,1.570796,0.5500,DEGRADED,1.0142,0.0574,0.0295,1
1781044883.7883,88.5712,0.4466,1.2179,88.4255,0.4306,1.2000,0.1466,0.2203,0.6064,1.570796,0.5100,DEGRADED,2.7416,0.0492,0.0295,1
1781044883.8382,88.4433,0.3160,1.1143,88.5009,0.4376,1.2000,0.1346,0.2203,0.6064,1.570796,0.5750,DEGRADED,4.2758,0.2103,0.0295,1
1781044883.8885,88.6141,0.3605,1.0446,88.5755,0.4443,1.2000,0.0923,0.2203,0.6064,1.570796,0.5750,DEGRADED,7.7620,0.0988,0.0295,1
1781044883.9382,88.6982,0.4388,1.1414,88.6508,0.4510,1.2000,0.0490,0.2203,0.6064,1.570796,0.5000,DEGRADED,1.2491,0.0764,0.0295,1
1781044883.9883,88.7356,0.4473,1.2186,88.7255,0.4575,1.2000,0.0144,0.2203,0.6064,1.570796,0.5250,DEGRADED,0.1216,0.0995,0.0295,1
1781044884.0382,88.7437,0.5014,1.2523,88.8005,0.4639,1.2000,0.0681,0.2203,0.6064,1.570796,0.5650,DEGRADED,1.3313,0.1891,0.0295,1
1781044884.0882,88.8495,0.5713,1.1966,88.8755,0.4702,1.2000,0.1043,0.2203,0.6064,1.570796,0.5450,DEGRADED,1.3474,0.1784,0.0295,1
1781044884.1382,88.9272,0.3372,1.2021,88.9506,0.4764,1.2000,0.1411,0.2203,0.6064,1.570796,0.5550,DEGRADED,2.4585,0.1971,0.0295,1
1781044884.1884,88.9248,0.3293,1.3378,89.0254,0.4824,1.2000,0.1831,0.2203,0.6064,1.570796,0.5150,DEGRADED,9.4188,0.2552,0.0295,1
1781044884.2382,89.1385,0.5630,1.1363,89.1006,0.4883,1.2000,0.0838,0.2203,0.6064,1.570796,0.5750,DEGRADED,1.9943,0.1266,0.0295,1
1781044884.2885,89.1523,0.4879,1.1562,89.1755,0.4940,1.2000,0.0240,0.2203,0.6064,1.570796,0.5750,DEGRADED,0.6037,0.1387,0.0295,1
1781044884.3382,89.1709,0.5196,1.2265,89.2506,0.4996,1.2000,0.0821,0.2203,0.6064,1.570796,0.5750,DEGRADED,1.0273,0.2140,0.0295,1
1781044884.3883,89.3496,0.3107,1.2122,89.3255,0.5051,1.2000,0.1958,0.2203,0.6064,1.570796,0.5750,DEGRADED,4.7761,0.2018,0.0295,1
1781044884.4386,89.3361,0.6287,1.2135,89.4008,0.5104,1.2000,0.1348,0.2203,0.6064,1.570796,0.5550,DEGRADED,2.2936,0.2393,0.0295,1
1781044884.4886,89.4627,0.5147,1.0531,89.4755,0.5156,1.2000,0.0129,0.2203,0.6064,1.570796,0.5750,DEGRADED,6.0129,0.1338,0.0295,1
1781044884.5384,89.6213,0.4052,1.2288,89.5505,0.5206,1.2000,0.1354,0.2203,0.6064,1.570796,0.5200,DEGRADED,2.4916,0.1187,0.0295,1
1781044884.5883,89.4710,0.5254,1.2554,89.6255,0.5255,1.2000,0.1545,0.2203,0.6064,1.570796,0.5450,DEGRADED,3.7998,0.2779,0.0295,1
1781044884.6383,89.8473,0.4362,1.1463,89.7006,0.5303,1.2000,0.1743,0.2203,0.6064,1.570796,0.5250,DEGRADED,4.5510,0.0756,0.0295,1
1781044884.6884,89.7448,0.4190,1.1842,89.7755,0.5349,1.2000,0.1198,0.2203,0.6064,1.570796,0.5650,DEGRADED,1.8420,0.1834,0.0295,1
1781044884.7382,89.9987,0.5537,1.2427,89.8507,0.5393,1.2000,0.1488,0.2203,0.6064,1.570796,0.5450,DEGRADED,3.2395,0.0358,0.0295,1
1781044884.7885,89.8644,0.3899,1.1294,89.9255,0.5436,1.2000,0.1655,0.2203,0.6064,1.570796,0.5450,DEGRADED,4.7658,0.2309,0.0295,1
1781044884.8383,90.1052,0.5151,1.3662,90.0006,0.5478,1.2000,0.1096,0.2203,0.6064,1.570796,0.5300,DEGRADED,9.1517,0.0420,0.0295,1
1781044884.8885,90.0914,0.5872,1.1269,90.0758,0.5518,1.2000,0.0386,0.2203,0.6064,1.570796,0.5300,DEGRADED,1.6704,0.1305,0.0295,1
1781044884.9386,90.2086,0.6334,1.3020,90.1509,0.5557,1.2000,0.0967,0.2203,0.6064,1.570796,0.5700,DEGRADED,4.0430,0.1374,0.0295,1
1781044884.9883,90.1507,0.6800,1.2565,90.2258,0.5594,1.2000,0.1421,0.2203,0.6064,1.570796,0.5350,DEGRADED,3.3794,0.2564,0.0295,1
1781044885.0384,90.2043,0.4619,1.1603,90.3008,0.5629,1.2000,0.1397,0.2203,0.6064,1.570796,0.5200,DEGRADED,2.8461,0.2567,0.0295,1
1781044885.0883,90.3026,0.4092,1.1324,90.3756,0.5663,1.2000,0.1732,0.2203,0.6064,1.570796,0.5500,DEGRADED,4.9716,0.2443,0.0295,1
1781044885.1383,90.3497,0.5211,1.3204,90.4509,0.5695,1.2000,0.1121,0.2203,0.6064,1.570796,0.5850,DEGRADED,5.5777,0.2537,0.0295,1
1781044885.1884,90.5922,0.5399,1.2068,90.5256,0.5726,1.2000,0.0741,0.2203,0.6064,1.570796,0.5650,DEGRADED,0.6917,0.0715,0.0295,1
1781044885.2384,90.6314,0.6075,1.1932,90.6008,0.5755,1.2000,0.0443,0.2203,0.6064,1.570796,0.5650,DEGRADED,0.2556,0.0683,0.0295,1
1781044885.2884,90.4906,0.7209,1.2297,90.6757,0.5782,1.2000,0.2336,0.2203,0.6064,1.570796,0.5400,DEGRADED,6.9837,0.2827,0.0295,1
1781044885.3384,90.7227,0.6216,1.2253,90.7506,0.5808,1.2000,0.0494,0.2203,0.6064,1.570796,0.5400,DEGRADED,0.4783,0.1080,0.0295,1
1781044885.3884,90.7996,0.6115,1.1173,90.8256,0.5832,1.2000,0.0384,0.2203,0.6064,1.570796,0.5250,DEGRADED,2.0802,0.0872,0.0295,1
1781044885.4382,90.9960,0.5660,1.1060,90.9005,0.5855,1.2000,0.0975,0.2203,0.6064,1.570796,0.5250,DEGRADED,3.6283,0.0472,0.0295,1
1781044885.4885,90.9437,0.5843,1.0863,90.9757,0.5876,1.2000,0.0321,0.2203,0.6064,1.570796,0.5300,DEGRADED,3.7193,0.0733,0.0295,1
1781044885.5384,91.1116,0.4880,1.2507,91.0507,0.5896,1.2000,0.1184,0.2203,0.6064,1.570796,0.5250,DEGRADED,2.4465,0.0699,0.0295,1
1781044885.5886,91.1408,0.4420,1.3031,91.1256,0.5913,1.2000,0.1501,0.2203,0.6064,1.570796,0.5150,DEGRADED,5.7358,0.1180,0.0295,1
1781044885.6383,91.2245,0.7071,1.3069,91.2005,0.5929,1.2000,0.1166,0.2203,0.6064,1.570796,0.5150,DEGRADED,4.8528,0.1484,0.0295,1
1781044885.6884,91.5418,0.6745,1.1441,91.2755,0.5944,1.2000,0.2782,0.2203,0.6064,1.570796,0.5750,DEGRADED,10.4202,0.2585,0.0295,1
1781044885.7382,91.2891,0.4834,1.1246,91.3507,0.5957,1.2000,0.1280,0.2203,0.6064,1.570796,0.5750,DEGRADED,3.6031,0.1366,0.0295,1
1781044885.7883,91.3491,0.6590,1.2217,91.4254,0.5968,1.2000,0.0984,0.2203,0.6064,1.570796,0.5100,DEGRADED,1.3278,0.1439,0.0295,1
1781044885.8382,91.3988,0.5026,1.1534,91.5006,0.5977,1.2000,0.1393,0.2203,0.6064,1.570796,0.5100,DEGRADED,2.9992,0.1629,0.0295,1
1781044885.8884,91.6697,0.6298,1.2213,91.5756,0.5985,1.2000,0.0991,0.2203,0.6064,1.570796,0.5100,DEGRADED,1.3397,0.0873,0.0295,1
1781044885.9383,91.7131,0.7297,1.1491,91.6506,0.5991,1.2000,0.1447,0.2203,0.6064,1.570796,0.5400,DEGRADED,3.3049,0.1613,0.0295,1
1781044885.9882,91.6616,0.7110,1.2306,91.7256,0.5996,1.2000,0.1285,0.2203,0.6064,1.570796,0.5700,DEGRADED,2.2984,0.1704,0.0295,1
1781044886.0382,91.9405,0.6592,1.1425,91.8006,0.5999,1.2000,0.1520,0.2203,0.6064,1.570796,0.5200,DEGRADED,3.7715,0.1287,0.0295,1
1781044886.0886,91.8827,0.7385,1.2601,91.8755,0.6000,1.2000,0.1387,0.2203,0.6064,1.570796,0.5700,DEGRADED,3.3776,0.1689,0.0295,1
1781044886.1382,92.0533,0.6541,1.1855,91.9506,0.5999,1.2000,0.1162,0.2203,0.6064,1.570796,0.5950,DEGRADED,1.7243,0.1005,0.0295,1
1781044886.1884,91.9783,0.5513,1.1589,92.0256,0.5997,1.2000,0.0677,0.2203,0.6064,1.570796,0.5950,DEGRADED,1.0338,0.0796,0.0295,1
1781044886.2383,92.1823,0.5329,1.1700,92.1006,0.5994,1.2000,0.1053,0.2203,0.6064,1.570796,0.5900,DEGRADED,1.6204,0.0542,0.0295,1
1781044886.2884,92.2298,0.4803,1.1653,92.1755,0.5988,1.2000,0.1303,0.2203,0.6064,1.570796,0.5050,DEGRADED,2.4316,0.0948,0.0295,1
1781044886.3382,92.2489,0.7361,1.2198,92.2506,0.5981,1.2000,0.1380,0.2203,0.6064,1.570796,0.5550,DEGRADED,2.4607,0.1711,0.0295,1
1781044886.3884,92.2421,0.5714,1.1450,92.3256,0.5972,1.2000,0.0874,0.2203,0.6064,1.570796,0.5450,DEGRADED,1.7834,0.1106,0.0295,1
1781044886.4383,92.3971,0.5142,1.3438,92.4007,0.5962,1.2000,0.0820,0.2203,0.6064,1.570796,0.5450,DEGRADED,6.5739,0.0720,0.0295,1
1781044886.4883,92.2921,0.3400,1.1749,92.4757,0.5950,1.2000,0.3142,0.2203,0.6064,1.570796,0.5700,DEGRADED,12.3589,0.3109,0.0295,1
1781044886.5383,92.6078,0.6150,1.1769,92.5506,0.5936,1.2000,0.0611,0.2203,0.6064,1.570796,0.5650,DEGRADED,0.6093,0.0494,0.0295,1
1781044886.5883,92.7923,0.6202,1.1050,92.6256,0.5920,1.2000,0.1690,0.2203,0.6064,1.570796,0.5650,DEGRADED,6.0314,0.1512,0.0295,1
1781044886.6383,92.7213,0.5045,1.1693,92.7005,0.5903,1.2000,0.0883,0.2203,0.6064,1.570796,0.5750,DEGRADED,1.2258,0.0643,0.0295,1
1781044886.6885,92.7964,0.5490,1.2044,92.7754,0.5885,1.2000,0.0446,0.2203,0.6064,1.570796,0.5750,DEGRADED,0.2516,0.0160,0.0295,1
1781044886.7382,92.8189,0.4902,1.2736,92.8505,0.5864,1.2000,0.1013,0.2203,0.6064,1.570796,0.5200,DEGRADED,2.7727,0.1003,0.0295,1
1781044886.7883,92.9831,0.6397,1.1287,92.9255,0.5842,1.2000,0.0799,0.2203,0.6064,1.570796,0.5600,DEGRADED,2.1989,0.0859,0.0295,1
1781044886.8383,92.9366,0.5157,1.2257,93.0007,0.5819,1.2000,0.0922,0.2203,0.6064,1.570796,0.5750,DEGRADED,1.2321,0.1091,0.0295,1
1781044886.8884,93.0941,0.7360,1.1631,93.0755,0.5794,1.2000,0.1577,0.2203,0.6064,1.570796,0.5750,DEGRADED,3.4512,0.1783,0.0295,1
1781044886.9382,93.1467,0.6259,1.1107,93.1506,0.5767,1.2000,0.0493,0.2203,0.6064,1.570796,0.5250,DEGRADED,2.5151,0.0806,0.0295,1
1781044886.9883,93.3821,0.5681,1.1540,93.2254,0.5738,1.2000,0.1568,0.2203,0.6064,1.570796,0.6050,DEGRADED,3.6220,0.1376,0.0295,1
1781044887.0382,93.2171,0.5954,1.2444,93.3005,0.5708,1.2000,0.0870,0.2203,0.6064,1.570796,0.6050,DEGRADED,1.4822,0.1261,0.0295,1
1781044887.0883,93.3289,0.6931,1.2239,93.3756,0.5677,1.2000,0.1339,0.2203,0.6064,1.570796,0.5700,DEGRADED,2.3704,0.1586,0.0295,1
1781044887.1384,93.5730,0.6978,1.1685,93.4506,0.5644,1.2000,0.1811,0.2203,0.6064,1.570796,0.5500,DEGRADED,4.3237,0.1773,0.0295,1
1781044887.1885,93.4329,0.5290,1.1474,93.5256,0.5609,1.2000,0.0980,0.2203,0.6064,1.570796,0.5500,DEGRADED,1.9551,0.1104,0.0295,1
1781044887.2382,93.6253,0.6584,1.1100,93.6005,0.5573,1.2000,0.1041,0.2203,0.6064,1.570796,0.5550,DEGRADED,3.5878,0.0285,0.0295,1
1781044887.2883,93.5315,0.5053,1.1582,93.6757,0.5535,1.2000,0.1520,0.2203,0.6064,1.570796,0.5500,DEGRADED,3.3383,0.2349,0.0295,1
1781044887.3383,93.6614,0.5230,1.2149,93.7506,0.5495,1.2000,0.0931,0.2203,0.6064,1.570796,0.5950,DEGRADED,1.1307,0.1897,0.0295,1
1781044887.3885,93.8409,0.5821,1.0710,93.8255,0.5454,1.2000,0.0398,0.2203,0.6064,1.570796,0.5950,DEGRADED,4.8182,0.0669,0.0295,1
1781044887.4384,93.7417,0.4272,1.2037,93.9006,0.5412,1.2000,0.1956,0.2203,0.6064,1.570796,0.5500,DEGRADED,4.7284,0.2996,0.0295,1
1781044887.4883,93.8878,0.5001,1.1782,93.9757,0.5368,1.2000,0.0953,0.2203,0.6064,1.570796,0.5750,DEGRADED,1.2532,0.1843,0.0295,1
1781044887.5383,94.0300,0.4321,1.2246,94.0506,0.5323,1.2000,0.1022,0.2203,0.6064,1.570796,0.5700,DEGRADED,1.4588,0.2106,0.0295,1
1781044887.5883,94.1051,0.5661,1.1724,94.1255,0.5276,1.2000,0.0436,0.2203,0.6064,1.570796,0.5700,DEGRADED,0.4462,0.0828,0.0295,1
1781044887.6384,94.0802,0.5162,1.2301,94.2006,0.5227,1.2000,0.1205,0.2203,0.6064,1.570796,0.5200,DEGRADED,2.0452,0.2011,0.0295,1
1781044887.6884,94.3098,0.5904,1.1625,94.2755,0.5178,1.2000,0.0804,0.2203,0.6064,1.570796,0.5650,DEGRADED,1.1871,0.0246,0.0295,1
1781044887.7381,94.5100,0.4671,1.1974,94.3506,0.5126,1.2000,0.1658,0.2203,0.6064,1.570796,0.5350,DEGRADED,3.3963,0.1734,0.0295,1
1781044887.7883,94.3732,0.4697,1.2055,94.4275,0.5072,1.2000,0.0660,0.2203,0.6064,1.570796,0.5600,DEGRADED,0.5464,0.1635,0.0295,1
1781044887.8384,94.5766,0.4108,1.2480,94.5007,0.5019,1.2000,0.1186,0.2203,0.6064,1.570796,0.5600,DEGRADED,2.3760,0.1865,0.0295,1
1781044887.8890,94.4294,0.5553,1.2128,94.5755,0.4964,1.2000,0.1575,0.2203,0.6064,1.570796,0.4950,DEGRADED,3.1095,0.1876,0.0295,1
1781044887.9382,94.7211,0.2393,1.1854,94.6506,0.4907,1.2000,0.2611,0.2203,0.6064,1.570796,0.5700,DEGRADED,8.4777,0.3445,0.0295,1
1781044887.9883,94.7924,0.5987,1.2246,94.7254,0.4849,1.2000,0.1321,0.2203,0.6064,1.570796,0.5700,DEGRADED,2.3211,0.0352,0.0295,1
1781044888.0382,94.7508,0.4553,1.2336,94.8006,0.4789,1.2000,0.0551,0.2203,0.6064,1.570796,0.5800,DEGRADED,0.6895,0.1549,0.0295,1
1781044888.0883,94.7648,0.5418,1.1138,94.8755,0.4729,1.2000,0.1304,0.2203,0.6064,1.570796,0.5800,DEGRADED,4.1653,0.1515,0.0295,1
1781044888.1383,94.9980,0.3837,1.1881,94.9508,0.4666,1.2000,0.0954,0.2203,0.6064,1.570796,0.5650,DEGRADED,1.1632,0.1731,0.0295,1
1781044888.1885,95.0451,0.4952,1.1760,95.0254,0.4603,1.2000,0.0401,0.1469,0.4042,1.570796,0.5650,DEGRADED,0.8061,0.0597,0.0295,0
1781044888.2383,95.1246,0.5000,1.1622,95.1007,0.4538,1.2000,0.0520,0.1469,0.4042,1.570796,1.0000,NOMINAL,1.6431,0.0533,0.0295,0
1781044888.2884,95.1402,0.4779,1.1724,95.1756,0.4472,1.2000,0.0468,0.1469,0.4042,1.570796,1.0000,NOMINAL,1.0863,0.0969,0.0295,0
1781044888.3383,95.2723,0.4413,1.2390,95.2510,0.4404,1.2000,0.0213,0.1469,0.4042,1.570796,1.0000,NOMINAL,1.0773,0.0940,0.0295,0
1781044888.3883,95.2964,0.4256,1.2019,95.3256,0.4336,1.2000,0.0303,0.1469,0.4042,1.570796,1.0000,NOMINAL,0.2582,0.1207,0.0295,0
1781044888.4383,95.5204,0.3517,1.1656,95.4006,0.4266,1.2000,0.1413,0.1469,0.4042,1.570796,0.9950,NOMINAL,6.2879,0.1717,0.0295,0
1781044888.4883,95.3699,0.4419,1.1209,95.4757,0.4195,1.2000,0.1082,0.1469,0.4042,1.570796,1.0000,NOMINAL,7.1640,0.1649,0.0295,0
1781044888.5383,95.5743,0.4163,1.2207,95.5506,0.4123,1.2000,0.0241,0.1469,0.4042,1.570796,0.9750,NOMINAL,0.4289,0.0894,0.0295,0
1781044888.5884,95.7666,0.4010,1.2675,95.6255,0.4050,1.2000,0.1411,0.1469,0.4042,1.570796,0.9950,NOMINAL,8.3773,0.1292,0.0295,0
1781044888.6382,95.6282,0.4972,1.2200,95.7008,0.3976,1.2000,0.1233,0.1469,0.4042,1.570796,0.9950,NOMINAL,4.4711,0.1384,0.0295,0
1781044888.6883,95.8861,0.3101,1.1489,95.7756,0.3900,1.2000,0.1364,0.1469,0.4042,1.570796,0.9150,NOMINAL,6.8014,0.1750,0.0295,0
1781044888.7383,95.7955,0.3818,1.1612,95.8508,0.3824,1.2000,0.0553,0.1469,0.4042,1.570796,1.0000,NOMINAL,1.7899,0.1483,0.0295,0
1781044888.7885,95.9546,0.3609,1.2162,95.9255,0.3746,1.2000,0.0322,0.1469,0.4042,1.570796,0.9850,NOMINAL,0.4532,0.1002,0.0295,0
1781044888.8384,95.9920,0.3844,1.2320,96.0005,0.3668,1.2000,0.0196,0.1469,0.4042,1.570796,1.0000,NOMINAL,0.7477,0.1015,0.0295,0
1781044888.8883,96.0462,0.4435,1.1373,96.0757,0.3588,1.2000,0.0897,0.1469,0.4042,1.570796,0.9600,NOMINAL,4.6919,0.0863,0.0295,0
1781044888.9382,96.2709,0.3579,1.1724,96.1505,0.3507,1.2000,0.1206,0.1469,0.4042,1.570796,0.9600,NOMINAL,4.5129,0.0856,0.0295,0
1781044888.9883,96.1737,0.2434,1.2414,96.2255,0.3426,1.2000,0.1119,0.1469,0.4042,1.570796,1.0000,NOMINAL,4.5522,0.2113,0.0295,0
1781044889.0382,96.3103,0.3411,1.1939,96.3006,0.3343,1.2000,0.0118,0.1469,0.4042,1.570796,0.9900,NOMINAL,0.0620,0.0975,0.0295,0
1781044889.0884,96.2941,0.2915,1.1839,96.3757,0.3260,1.2000,0.0885,0.1469,0.4042,1.570796,0.9600,NOMINAL,2.3407,0.1835,0.0295,0
1781044889.1384,96.5055,0.3113,1.2219,96.4507,0.3175,1.2000,0.0552,0.1469,0.4042,1.570796,0.9600,NOMINAL,1.1459,0.0856,0.0295,0
1781044889.1882,96.4721,0.3904,1.1818,96.5255,0.3090,1.2000,0.0973,0.1469,0.4042,1.570796,1.0000,NOMINAL,2.8379,0.1194,0.0295,0
1781044889.2382,96.4817,0.2407,1.2161,96.6008,0.3004,1.2000,0.1332,0.1469,0.4042,1.570796,1.0000,NOMINAL,5.0917,0.0288,0.0295,0
1781044889.2885,96.7181,0.2785,1.1831,96.6756,0.2917,1.2000,0.0446,0.1469,0.4042,1.570796,1.0000,NOMINAL,0.7311,0.1557,0.0295,0
1781044889.3384,96.8298,0.1969,1.2566,96.7505,0.2829,1.2000,0.1170,0.1469,0.4042,1.570796,0.9850,NOMINAL,5.8090,0.1712,0.0295,0
1781044889.3884,96.8144,0.2573,1.1111,96.8256,0.2741,1.2000,0.0201,0.1469,0.4042,1.570796,0.9450,NOMINAL,5.0540,0.1045,0.0295,0
1781044889.4383,96.7919,0.1979,1.2450,96.9007,0.2651,1.2000,0.1279,0.1469,0.4042,1.570796,1.0000,NOMINAL,5.8157,0.0184,0.0295,0
1781044889.4885,96.9843,0.1659,1.1439,96.9757,0.2561,1.2000,0.0906,0.1469,0.4042,1.570796,1.0000,NOMINAL,4.2470,0.1183,0.0295,0
1781044889.5383,97.0271,0.1116,1.2336,97.0506,0.2470,1.2000,0.1375,0.1469,0.4042,1.570796,1.0000,NOMINAL,5.9548,0.0991,0.0295,0
1781044889.5885,97.1252,0.1985,1.2140,97.1256,0.2379,1.2000,0.0394,0.1469,0.4042,1.570796,1.0000,NOMINAL,0.5546,0.1081,0.0295,0
1781044889.6383,97.2783,0.2889,1.1749,97.2007,0.2287,1.2000,0.0982,0.1469,0.4042,1.570796,1.0000,NOMINAL,3.0704,0.2092,0.0295,0
1781044889.6883,97.2528,0.3813,1.2491,97.2755,0.2194,1.2000,0.1635,0.1469,0.4042,1.570796,1.0000,NOMINAL,8.9288,0.2385,0.0295,0
1781044889.7383,97.3713,0.2326,1.1400,97.3506,0.2101,1.2000,0.0306,0.1469,0.4042,1.570796,1.0000,NOMINAL,2.5065,0.1409,0.0295,0
1781044889.7886,97.4441,0.2801,1.1629,97.4259,0.2006,1.2000,0.0815,0.1469,0.4042,1.570796,1.0000,NOMINAL,2.7029,0.1883,0.0295,0
1781044889.8382,97.6766,0.1829,1.2074,97.5006,0.1912,1.2000,0.1762,0.1469,0.4042,1.570796,0.9600,NOMINAL,8.6539,0.2725,0.0295,0
1781044889.8884,97.6396,0.1483,1.2879,97.5756,0.1817,1.2000,0.0722,0.1469,0.4042,1.570796,1.0000,NOMINAL,6.2736,0.1721,0.0295,0
1781044889.9383,97.6204,0.1607,1.2180,97.6508,0.1721,1.2000,0.0324,0.1469,0.4042,1.570796,1.0000,NOMINAL,0.4951,0.0803,0.0295,0
1781044889.9882,97.7239,0.1476,1.1556,97.7255,0.1626,1.2000,0.0150,0.1469,0.4042,1.570796,0.9650,NOMINAL,1.2921,0.1144,0.0295,0
1781044890.0384,97.8133,0.0944,1.1782,97.8008,0.1529,1.2000,0.0598,0.1469,0.4042,1.570796,1.0000,NOMINAL,1.2919,0.1029,0.0295,0
1781044890.0884,97.9973,0.1609,1.2003,97.8754,0.1432,1.2000,0.1231,0.1469,0.4042,1.570796,1.0000,NOMINAL,4.2084,0.2410,0.0295,0
1781044890.1382,97.9705,0.1172,1.2059,97.9505,0.1335,1.2000,0.0258,0.1469,0.4042,1.570796,0.9750,NOMINAL,0.2057,0.1203,0.0295,0
1781044890.1883,98.0711,0.1431,1.2440,98.0258,0.1237,1.2000,0.0493,0.1469,0.4042,1.570796,1.0000,NOMINAL,1.8858,0.1719,0.0295,0
1781044890.2382,98.0293,0.0310,1.0745,98.1006,0.1139,1.2000,0.1093,0.1469,0.4042,1.570796,1.0000,NOMINAL,13.1698,0.0227,0.0295,0
1781044890.2884,98.1772,0.1204,1.1803,98.1754,0.1041,1.2000,0.0164,0.1469,0.4042,1.570796,1.0000,NOMINAL,0.3166,0.1336,0.0295,0
1781044890.3384,98.3512,-0.0129,1.2244,98.2506,0.0942,1.2000,0.1470,0.1469,0.4042,1.570796,0.9800,NOMINAL,6.3712,0.1912,0.0295,0
1781044890.3883,98.2784,0.0147,1.2463,98.3256,0.0843,1.2000,0.0841,0.1469,0.4042,1.570796,0.9800,NOMINAL,3.3034,0.0542,0.0295,0
1781044890.4383,98.4403,0.0707,1.1953,98.4007,0.0744,1.2000,0.0398,0.1469,0.4042,1.570796,0.9950,NOMINAL,0.4529,0.1421,0.0295,0
1781044890.4882,98.5178,0.0523,1.2101,98.4755,0.0645,1.2000,0.0440,0.1469,0.4042,1.570796,1.0000,NOMINAL,0.6018,0.1532,0.0295,0
1781044890.5383,98.5656,0.0550,1.1305,98.5507,0.0545,1.2000,0.0149,0.1469,0.4042,1.570796,1.0000,NOMINAL,3.0805,0.1224,0.0295,0
1781044890.5883,98.5785,0.0710,1.1996,98.6256,0.0446,1.2000,0.0540,0.1469,0.4042,1.570796,0.9800,NOMINAL,0.8090,0.1092,0.0295,0
1781044890.6383,98.6739,-0.0716,1.2691,98.7005,0.0346,1.2000,0.1095,0.1469,0.4042,1.570796,1.0000,NOMINAL,6.3175,0.0641,0.0295,0
1781044890.6883,98.8749,0.0632,1.1788,98.7756,0.0246,1.2000,0.1065,0.1469,0.4042,1.570796,1.0000,NOMINAL,3.4351,0.2235,0.0295,0
1781044890.7382,98.9002,-0.0311,1.1972,98.8505,0.0146,1.2000,0.0675,0.1469,0.4042,1.570796,0.9900,NOMINAL,1.2720,0.1313,0.0295,0
1781044890.7883,98.7869,-0.0554,1.1836,98.9256,0.0046,1.2000,0.1511,0.1469,0.4042,1.570796,0.9300,NOMINAL,6.5098,0.0481,0.0295,0
1781044890.8384,99.0686,0.0332,1.1869,99.0007,-0.0054,1.2000,0.0781,0.1469,0.4042,1.570796,0.9600,NOMINAL,1.8020,0.1841,0.0295,0
1781044890.8884,99.0137,-0.0246,1.1963,99.0757,-0.0154,1.2000,0.0627,0.1469,0.4042,1.570796,0.9800,NOMINAL,1.0993,0.0716,0.0295,0
1781044890.9384,99.1222,-0.0509,1.1960,99.1508,-0.0254,1.2000,0.0383,0.1469,0.4042,1.570796,0.9800,NOMINAL,0.4183,0.0698,0.0295,0
1781044890.9887,99.2110,-0.0825,1.1929,99.2256,-0.0354,1.2000,0.0493,0.1469,0.4042,1.570796,0.9500,NOMINAL,0.7080,0.0797,0.0295,0
1781044891.0384,99.3701,-0.0224,1.2347,99.3007,-0.0454,1.2000,0.0731,0.1469,0.4042,1.570796,0.9900,NOMINAL,2.2365,0.1754,0.0295,0
1781044891.0885,99.3739,-0.1438,1.1713,99.3756,-0.0553,1.2000,0.0885,0.1469,0.4042,1.570796,0.9900,NOMINAL,2.6879,0.0864,0.0295,0
1781044891.1383,99.4884,-0.1916,1.2177,99.4505,-0.0653,1.2000,0.1319,0.1469,0.4042,1.570796,1.0000,NOMINAL,5.0275,0.1180,0.0295,0
1781044891.1883,99.4986,-0.1099,1.2307,99.5256,-0.0752,1.2000,0.0440,0.1469,0.4042,1.570796,0.9650,NOMINAL,1.1251,0.0737,0.0295,0
1781044891.2383,99.6076,-0.0740,1.2969,99.6008,-0.0851,1.2000,0.0131,0.1469,0.4042,1.570796,0.9650,NOMINAL,5.9140,0.0000,0.0295,0
1781044891.2884,99.6871,-0.1274,1.1985,99.6755,-0.0950,1.2000,0.0344,0.1469,0.4042,1.570796,0.9950,NOMINAL,0.3309,0.0493,0.0295,0
1781044891.3385,99.7519,-0.1034,1.1638,99.7508,-0.1049,1.2000,0.0018,0.1469,0.4042,1.570796,1.0000,NOMINAL,0.8210,0.0109,0.0295,0
1781044891.3884,99.8013,-0.0599,1.1873,99.8256,-0.1147,1.2000,0.0600,0.1469,0.4042,1.570796,1.0000,NOMINAL,1.0995,0.0457,0.0295,0
1781044891.4384,99.9048,-0.1407,1.2457,99.9009,-0.1245,1.2000,0.0167,0.1469,0.4042,1.570796,1.0000,NOMINAL,1.3842,0.0266,0.0295,0
1781044891.4884,99.9684,-0.0869,1.1721,99.9755,-0.1342,1.2000,0.0479,0.1469,0.4042,1.570796,1.0000,NOMINAL,1.1211,0.0354,0.0295,0
1781044891.5384,100.0166,-0.1864,1.2264,100.0505,-0.1440,1.2000,0.0543,0.1469,0.4042,1.570796,1.0000,NOMINAL,1.2558,0.0668,0.0295,0
1781044891.5884,100.1394,-0.2115,1.2539,100.1257,-0.1537,1.2000,0.0594,0.1469,0.4042,1.570796,1.0000,NOMINAL,2.7960,0.0724,0.0295,0
1781044891.6384,100.3055,-0.2423,1.1649,100.2009,-0.1633,1.2000,0.1310,0.1469,0.4042,1.570796,1.0000,NOMINAL,5.5366,0.1312,0.0295,0
1781044891.6884,100.3260,-0.2242,1.1649,100.2755,-0.1729,1.2000,0.0721,0.1469,0.4042,1.570796,0.9800,NOMINAL,2.2116,0.0851,0.0295,0
1781044891.7382,100.2479,-0.2329,1.2232,100.3507,-0.1825,1.2000,0.1145,0.1469,0.4042,1.570796,1.0000,NOMINAL,3.9759,0.1257,0.0295,0
1781044891.7884,100.4431,-0.1772,1.1399,100.4255,-0.1919,1.2000,0.0229,0.1469,0.4042,1.570796,1.0000,NOMINAL,2.4021,0.0246,0.0295,0
1781044891.8383,100.4637,-0.2496,1.1984,100.5006,-0.2014,1.2000,0.0607,0.1469,0.4042,1.570796,1.0000,NOMINAL,1.0266,0.0728,0.0295,0
1781044891.8884,100.5246,-0.1485,1.1774,100.5756,-0.2108,1.2000,0.0805,0.1469,0.4042,1.570796,0.9550,NOMINAL,2.1197,0.0674,0.0295,0
1781044891.9383,100.7595,-0.2167,1.2385,100.6507,-0.2201,1.2000,0.1089,0.1469,0.4042,1.570796,0.9850,NOMINAL,4.2200,0.1014,0.0295,0
1781044891.9884,100.7016,-0.2414,1.1912,100.7255,-0.2294,1.2000,0.0268,0.1469,0.4042,1.570796,0.9700,NOMINAL,0.2480,0.0289,0.0295,0
1781044892.0383,100.8116,-0.3620,1.2558,100.8007,-0.2386,1.2000,0.1239,0.1469,0.4042,1.570796,1.0000,NOMINAL,6.2100,0.1334,0.0295,0
1781044892.0883,100.8353,-0.1698,1.2120,100.8756,-0.2478,1.2000,0.0878,0.1469,0.4042,1.570796,0.9900,NOMINAL,2.2312,0.0738,0.0295,0
1781044892.1384,100.9671,-0.2580,1.1986,100.9506,-0.2568,1.2000,0.0165,0.1469,0.4042,1.570796,1.0000,NOMINAL,0.0772,0.0146,0.0295,0
1781044892.1884,101.0743,-0.3275,1.2108,101.0256,-0.2658,1.2000,0.0785,0.1469,0.4042,1.570796,1.0000,NOMINAL,1.7851,0.0929,0.0295,0
1781044892.2384,101.1180,-0.2291,1.2147,101.1008,-0.2748,1.2000,0.0488,0.1469,0.4042,1.570796,0.9950,NOMINAL,0.7953,0.0363,0.0295,0
1781044892.2883,101.1399,-0.3356,1.2188,101.1755,-0.2836,1.2000,0.0630,0.1469,0.4042,1.570796,0.9950,NOMINAL,1.3249,0.0703,0.0295,0
1781044892.3385,101.1658,-0.2166,1.2195,101.2507,-0.2924,1.2000,0.1138,0.1469,0.4042,1.570796,1.0000,NOMINAL,3.8385,0.1117,0.0295,0
1781044892.3883,101.3362,-0.2856,1.1963,101.3261,-0.3011,1.2000,0.0185,0.1469,0.4042,1.570796,1.0000,NOMINAL,0.1041,0.0201,0.0295,0
