Setting printing level to: INFO
parameter T_imu_cam not found, trying T_cam_imu instead (will return T_imu_cam still)!
parameter T_imu_cam not found, trying T_cam_imu instead (will return T_imu_cam still)!
parameter T_imu_cam not found, trying T_cam_imu instead (will return T_imu_cam still)!
parameter T_imu_cam not found, trying T_cam_imu instead (will return T_imu_cam still)!
subscribing to IMU: /imu/data
subscribing to cam (stereo): /camera/left/image_raw
subscribing to cam (stereo): /camera/right/image_raw
[34m[TIME]: 0.0261 seconds total (38.4 hz, 8.80 ms behind)
[0m[34m[TIME]: 0.0203 seconds total (49.3 hz, 7.60 ms behind)
[0m[33m[init]: not enough feats to compute disp: 0,0 < 15
[0m[34m[TIME]: 0.0164 seconds total (60.8 hz, 6.80 ms behind)
[0m[33m[init]: not enough feats to compute disp: 0,0 < 15
[0m[33m[init]: not enough feats to compute disp: 0,56 < 15
[0m[34m[TIME]: 0.0090 seconds total (110.8 hz, 8.00 ms behind)
[0m[34m[TIME]: 0.0039 seconds total (256.5 hz, 6.80 ms behind)
[0m[33m[init]: not enough feats to compute disp: 0,56 < 15
[0m[34m[TIME]: 0.0065 seconds total (153.7 hz, 6.80 ms behind)
[0m[33m[init]: not enough feats to compute disp: 0,56 < 15
[0m[34m[TIME]: 0.0364 seconds total (27.5 hz, 7.20 ms behind)
[0m[33m[init]: not enough feats to compute disp: 0,56 < 15
[0m[34m[TIME]: 0.0056 seconds total (178.4 hz, 8.00 ms behind)
[0m[33m[init]: not enough feats to compute disp: 0,56 < 15
[0m[34m[TIME]: 0.0042 seconds total (235.8 hz, 8.80 ms behind)
[0m[33m[init]: not enough feats to compute disp: 0,56 < 15
[0m[34m[TIME]: 0.0114 seconds total (87.6 hz, 8.00 ms behind)
[0m[33m[init]: not enough feats to compute disp: 0,56 < 15
[0m[34m[TIME]: 0.0113 seconds total (88.4 hz, 8.00 ms behind)
[0m[33m[init]: not enough feats to compute disp: 0,56 < 15
[0m[34m[TIME]: 0.0045 seconds total (221.7 hz, 7.60 ms behind)
[0m[33m[init]: not enough feats to compute disp: 0,56 < 15
[0m[34m[TIME]: 0.0039 seconds total (259.0 hz, 8.00 ms behind)
[0m[33m[init]: not enough feats to compute disp: 0,56 < 15
[0m[34m[TIME]: 0.0050 seconds total (200.1 hz, 7.60 ms behind)
[0m[33m[init]: not enough feats to compute disp: 0,56 < 15
[0m[34m[TIME]: 0.0047 seconds total (211.2 hz, 6.80 ms behind)
[0m[33m[init]: not enough feats to compute disp: 0,56 < 15
[0m[34m[TIME]: 0.0049 seconds total (202.3 hz, 7.60 ms behind)
[0m[33m[init]: not enough feats to compute disp: 0,56 < 15
[0m[34m[TIME]: 0.0059 seconds total (168.2 hz, 6.80 ms behind)
[0m[33m[init]: not enough feats to compute disp: 0,56 < 15
[0m[34m[TIME]: 0.0040 seconds total (247.3 hz, 7.60 ms behind)
[0m[33m[init]: not enough feats to compute disp: 0,56 < 15
[0m[34m[TIME]: 0.0037 seconds total (266.7 hz, 6.80 ms behind)
[0m[33m[init]: not enough feats to compute disp: 0,56 < 15
[0m[34m[TIME]: 0.0043 seconds total (233.2 hz, 7.60 ms behind)
[0m[33m[init]: not enough feats to compute disp: 0,56 < 15
[0m[34m[TIME]: 0.0050 seconds total (200.2 hz, 7.20 ms behind)
[0m[33m[init]: not enough feats to compute disp: 0,56 < 15
[0m[34m[TIME]: 0.0058 seconds total (173.8 hz, 7.60 ms behind)
[0m[33m[init]: not enough feats to compute disp: 0,56 < 15
[0m[34m[TIME]: 0.0058 seconds total (171.5 hz, 8.80 ms behind)
[0m[33m[init]: not enough feats to compute disp: 0,56 < 15
[0m[34m[TIME]: 0.0041 seconds total (244.5 hz, 6.40 ms behind)
[0m[33m[init]: disparity is 0.000,0.000 (10.00 thresh)
[0m[33m[init]: failed static init: no accel jerk detected
[0m[34m[TIME]: 0.0039 seconds total (256.0 hz, 8.00 ms behind)
[0m[33m[init]: disparity is 0.000,0.000 (10.00 thresh)
[0m[33m[init]: failed static init: no accel jerk detected
[0m[34m[TIME]: 0.0052 seconds total (191.2 hz, 7.60 ms behind)
[0m[33m[init]: disparity is 0.000,0.000 (10.00 thresh)
[0m[33m[init]: failed static init: no accel jerk detected
[0m[34m[TIME]: 0.0044 seconds total (227.0 hz, 8.00 ms behind)
[0m[33m[init]: disparity is 0.000,0.000 (10.00 thresh)
[0m[33m[init]: failed static init: no accel jerk detected
[0m[34m[TIME]: 0.0041 seconds total (244.9 hz, 7.60 ms behind)
[0m[33m[init]: disparity is 0.000,0.000 (10.00 thresh)
[0m[33m[init]: failed static init: no accel jerk detected
[0m[34m[TIME]: 0.0052 seconds total (191.6 hz, 8.00 ms behind)
[0m[33m[init]: disparity is 0.000,0.000 (10.00 thresh)
[0m[33m[init]: failed static init: no accel jerk detected
[0m[34m[TIME]: 0.0046 seconds total (217.2 hz, 6.40 ms behind)
[0m[33m[init]: disparity is 0.000,0.000 (10.00 thresh)
[0m[33m[init]: failed static init: no accel jerk detected
[0m[34m[TIME]: 0.0045 seconds total (223.8 hz, 8.00 ms behind)
[0m[33m[init]: disparity is 0.000,0.000 (10.00 thresh)
[0m[33m[init]: failed static init: no accel jerk detected
[0m[34m[TIME]: 0.0045 seconds total (220.1 hz, 6.40 ms behind)
[0m[33m[init]: disparity is 0.000,0.000 (10.00 thresh)
[0m[33m[init]: failed static init: no accel jerk detected
[0m[34m[TIME]: 0.0044 seconds total (229.4 hz, 8.00 ms behind)
[0m[33m[init]: disparity is 0.000,0.000 (10.00 thresh)
[0m[33m[init]: failed static init: no accel jerk detected
[0m[34m[TIME]: 0.0068 seconds total (147.5 hz, 8.00 ms behind)
[0m[33m[init]: disparity is 0.000,0.000 (10.00 thresh)
[0m[33m[init]: failed static init: no accel jerk detected
[0m[34m[TIME]: 0.0043 seconds total (232.9 hz, 6.80 ms behind)
[0m[33m[init]: disparity is 0.000,0.000 (10.00 thresh)
[0m[33m[init]: failed static init: no accel jerk detected
[0m[34m[TIME]: 0.0043 seconds total (231.3 hz, 8.00 ms behind)
[0m[33m[init]: disparity is 0.000,0.000 (10.00 thresh)
[0m[33m[init]: failed static init: no accel jerk detected
[0m[34m[TIME]: 0.0050 seconds total (198.5 hz, 8.00 ms behind)
[0m[33m[init]: disparity is 0.000,0.000 (10.00 thresh)
[0m[33m[init]: failed static init: no accel jerk detected
[0m[34m[TIME]: 0.0040 seconds total (247.3 hz, 7.60 ms behind)
[0m[33m[init]: disparity is 0.000,0.000 (10.00 thresh)
[0m[33m[init]: failed static init: no accel jerk detected
[0m[34m[TIME]: 0.0043 seconds total (230.8 hz, 8.00 ms behind)
[0m[33m[init]: disparity is 0.000,0.000 (10.00 thresh)
[0m[33m[init]: failed static init: no accel jerk detected
[0m[34m[TIME]: 0.0051 seconds total (194.8 hz, 7.60 ms behind)
[0m[33m[init]: disparity is 0.000,0.000 (10.00 thresh)
[0m[33m[init]: failed static init: no accel jerk detected
[0m[34m[TIME]: 0.0043 seconds total (234.2 hz, 8.00 ms behind)
[0m[33m[init]: disparity is 0.000,0.000 (10.00 thresh)
[0m[33m[init]: failed static init: no accel jerk detected
[0m[34m[TIME]: 0.0047 seconds total (212.6 hz, 7.60 ms behind)
[0m[33m[init]: disparity is 0.000,0.000 (10.00 thresh)
[0m[33m[init]: failed static init: no accel jerk detected
[0m[34m[TIME]: 0.0047 seconds total (211.8 hz, 7.20 ms behind)
[0m[33m[init]: disparity is 0.000,0.000 (10.00 thresh)
[0m[33m[init]: failed static init: no accel jerk detected
[0m[34m[TIME]: 0.0045 seconds total (221.3 hz, 6.40 ms behind)
[0m[33m[init]: disparity is 0.000,0.000 (10.00 thresh)
[0m[33m[init]: failed static init: no accel jerk detected
[0m[34m[TIME]: 0.0041 seconds total (246.7 hz, 8.00 ms behind)
[0m[33m[init]: disparity is 0.000,0.000 (10.00 thresh)
[0m[33m[init]: failed static init: no accel jerk detected
[0m[34m[TIME]: 0.0043 seconds total (233.6 hz, 6.80 ms behind)
[0m[33m[init]: disparity is 0.000,0.000 (10.00 thresh)
[0m[33m[init]: failed static init: no accel jerk detected
[0m[34m[TIME]: 0.0054 seconds total (183.6 hz, 8.00 ms behind)
[0m[33m[init]: disparity is 0.000,0.000 (10.00 thresh)
[0m[33m[init]: failed static init: no accel jerk detected
[0m[34m[TIME]: 0.0045 seconds total (223.1 hz, 7.60 ms behind)
[0m[33m[init]: disparity is 0.000,0.000 (10.00 thresh)
[0m[33m[init]: failed static init: no accel jerk detected
[0m[34m[TIME]: 0.0047 seconds total (211.8 hz, 8.00 ms behind)
[0m[33m[init]: disparity is 0.000,0.000 (10.00 thresh)
[0m[33m[init]: failed static init: no accel jerk detected
[0m[34m[TIME]: 0.0040 seconds total (251.0 hz, 8.00 ms behind)
[0m[33m[init]: disparity is 0.000,0.000 (10.00 thresh)
[0m[33m[init]: failed static init: no accel jerk detected
[0m[34m[TIME]: 0.0045 seconds total (224.3 hz, 8.00 ms behind)
[0m[33m[init]: disparity is 0.000,0.000 (10.00 thresh)
[0m[33m[init]: failed static init: no accel jerk detected
[0m[34m[TIME]: 0.0043 seconds total (234.1 hz, 6.80 ms behind)
[0m[33m[init]: disparity is 0.000,0.000 (10.00 thresh)
[0m[33m[init]: failed static init: no accel jerk detected
[0m[34m[TIME]: 0.0052 seconds total (193.8 hz, 8.00 ms behind)
[0m[33m[init]: disparity is 0.000,0.000 (10.00 thresh)
[0m[33m[init]: failed static init: no accel jerk detected
[0m[34m[TIME]: 0.0063 seconds total (159.7 hz, 7.60 ms behind)
[0m[33m[init]: disparity is 0.000,0.000 (10.00 thresh)
[0m[33m[init]: failed static init: no accel jerk detected
[0m[34m[TIME]: 0.0034 seconds total (290.2 hz, 8.00 ms behind)
[0m[33m[init]: disparity is 0.000,0.000 (10.00 thresh)
[0m[33m[init]: failed static init: no accel jerk detected
[0m[34m[TIME]: 0.0040 seconds total (248.0 hz, 7.60 ms behind)
[0m[33m[init]: disparity is 0.000,0.000 (10.00 thresh)
[0m[33m[init]: failed static init: no accel jerk detected
[0m[34m[TIME]: 0.0038 seconds total (261.8 hz, 6.80 ms behind)
[0m[33m[init]: disparity is 0.000,0.000 (10.00 thresh)
[0m[33m[init]: failed static init: no accel jerk detected
[0m[34m[TIME]: 0.0044 seconds total (228.5 hz, 8.00 ms behind)
[0m[33m[init]: disparity is 0.000,0.000 (10.00 thresh)
[0m[33m[init]: failed static init: no accel jerk detected
[0m[34m[TIME]: 0.0037 seconds total (269.5 hz, 6.80 ms behind)
[0m[33m[init]: disparity is 0.000,0.000 (10.00 thresh)
[0m[33m[init]: failed static init: no accel jerk detected
[0m[34m[TIME]: 0.0057 seconds total (175.7 hz, 7.60 ms behind)
[0m[33m[init]: disparity is 0.000,0.000 (10.00 thresh)
[0m[33m[init]: failed static init: no accel jerk detected
[0m[34m[TIME]: 0.0044 seconds total (225.6 hz, 6.80 ms behind)
[0m[33m[init]: disparity is 0.000,0.000 (10.00 thresh)
[0m[33m[init]: failed static init: no accel jerk detected
[0m[34m[TIME]: 0.0050 seconds total (199.2 hz, 6.40 ms behind)
[0m[33m[init]: disparity is 0.000,0.000 (10.00 thresh)
[0m[33m[init]: failed static init: no accel jerk detected
[0m[34m[TIME]: 0.0041 seconds total (246.1 hz, 8.00 ms behind)
[0m[33m[init]: disparity is 0.000,0.000 (10.00 thresh)
[0m[33m[init]: failed static init: no accel jerk detected
[0m[34m[TIME]: 0.0044 seconds total (229.6 hz, 7.60 ms behind)
[0m[33m[init]: disparity is 0.000,0.000 (10.00 thresh)
[0m[33m[init]: failed static init: no accel jerk detected
[0m[34m[TIME]: 0.0052 seconds total (193.7 hz, 8.00 ms behind)
[0m[33m[init]: disparity is 0.000,0.000 (10.00 thresh)
[0m[33m[init]: failed static init: no accel jerk detected
[0m[34m[TIME]: 0.0054 seconds total (184.1 hz, 7.60 ms behind)
[0m[33m[init]: disparity is 0.000,0.000 (10.00 thresh)
[0m[33m[init]: failed static init: no accel jerk detected
[0m[34m[TIME]: 0.0053 seconds total (188.7 hz, 8.80 ms behind)
[0m[33m[init]: disparity is 0.000,0.000 (10.00 thresh)
[0m[33m[init]: failed static init: no accel jerk detected
[0m[34m[TIME]: 0.0053 seconds total (190.4 hz, 8.00 ms behind)
[0m[33m[init]: disparity is 0.000,0.000 (10.00 thresh)
[0m[33m[init]: failed static init: no accel jerk detected
[0m[34m[TIME]: 0.0042 seconds total (237.9 hz, 8.00 ms behind)
[0m[33m[init]: disparity is 0.000,0.000 (10.00 thresh)
[0m[33m[init]: failed static init: no accel jerk detected
[0m[34m[TIME]: 0.0042 seconds total (236.6 hz, 7.60 ms behind)
[0m[33m[init]: disparity is 0.000,0.000 (10.00 thresh)
[0m[33m[init]: failed static init: no accel jerk detected
[0m[34m[TIME]: 0.0046 seconds total (216.7 hz, 8.00 ms behind)
[0m[33m[init]: disparity is 0.000,0.000 (10.00 thresh)
[0m[33m[init]: failed static init: no accel jerk detected
[0m[34m[TIME]: 0.0042 seconds total (238.9 hz, 7.60 ms behind)
[0m[33m[init]: disparity is 0.000,0.000 (10.00 thresh)
[0m[33m[init]: failed static init: no accel jerk detected
[0m[34m[TIME]: 0.0036 seconds total (278.8 hz, 8.00 ms behind)
[0m[33m[init]: disparity is 0.000,0.000 (10.00 thresh)
[0m[33m[init]: failed static init: no accel jerk detected
[0m[34m[TIME]: 0.0050 seconds total (200.4 hz, 7.60 ms behind)
[0m[33m[init]: disparity is 0.000,0.000 (10.00 thresh)
[0m[33m[init]: failed static init: no accel jerk detected
[0m[34m[TIME]: 0.0042 seconds total (237.9 hz, 8.00 ms behind)
[0m[33m[init]: disparity is 0.000,0.000 (10.00 thresh)
[0m[33m[init]: failed static init: no accel jerk detected
[0m[34m[TIME]: 0.0057 seconds total (176.4 hz, 6.40 ms behind)
[0m[33m[init]: disparity is 0.000,0.000 (10.00 thresh)
[0m[33m[init]: failed static init: no accel jerk detected
[0m[34m[TIME]: 0.0051 seconds total (197.9 hz, 8.00 ms behind)
[0m[33m[init]: disparity is 0.000,0.000 (10.00 thresh)
[0m[33m[init]: failed static init: no accel jerk detected
[0m[34m[TIME]: 0.0033 seconds total (301.1 hz, 7.60 ms behind)
[0m[33m[init]: disparity is 0.000,0.000 (10.00 thresh)
[0m[33m[init]: failed static init: no accel jerk detected
[0m[34m[TIME]: 0.0039 seconds total (254.9 hz, 8.80 ms behind)
[0m[33m[init]: disparity is 0.000,0.000 (10.00 thresh)
[0m[33m[init]: failed static init: no accel jerk detected
[0m[34m[TIME]: 0.0037 seconds total (267.5 hz, 7.60 ms behind)
[0m[33m[init]: disparity is 0.000,0.000 (10.00 thresh)
[0m[33m[init]: failed static init: no accel jerk detected
[0m[34m[TIME]: 0.0038 seconds total (259.9 hz, 6.80 ms behind)
[0m[33m[init]: disparity is 0.000,0.000 (10.00 thresh)
[0m[33m[init]: failed static init: no accel jerk detected
[0m[34m[TIME]: 0.0047 seconds total (212.9 hz, 7.60 ms behind)
[0m[33m[init]: disparity is 0.000,0.000 (10.00 thresh)
[0m[33m[init]: failed static init: no accel jerk detected
[0m[34m[TIME]: 0.0044 seconds total (226.2 hz, 6.80 ms behind)
[0m[33m[init]: disparity is 0.000,0.000 (10.00 thresh)
[0m[33m[init]: failed static init: no accel jerk detected
[0m[34m[TIME]: 0.0048 seconds total (209.5 hz, 6.40 ms behind)
[0m[33m[init]: disparity is 0.000,0.000 (10.00 thresh)
[0m[33m[init]: failed static init: no accel jerk detected
[0m[34m[TIME]: 0.0045 seconds total (221.2 hz, 8.00 ms behind)
[0m[33m[init]: disparity is 0.000,0.000 (10.00 thresh)
[0m[33m[init]: failed static init: no accel jerk detected
[0m[34m[TIME]: 0.0031 seconds total (322.1 hz, 7.60 ms behind)
[0m[33m[init]: disparity is 0.000,0.000 (10.00 thresh)
[0m[33m[init]: failed static init: no accel jerk detected
[0m[34m[TIME]: 0.0047 seconds total (211.9 hz, 8.00 ms behind)
[0m[33m[init]: disparity is 0.000,0.000 (10.00 thresh)
[0m[33m[init]: failed static init: no accel jerk detected
[0m[34m[TIME]: 0.0040 seconds total (252.8 hz, 7.60 ms behind)
[0m[33m[init]: disparity is 0.000,0.000 (10.00 thresh)
[0m[33m[init]: failed static init: no accel jerk detected
[0m[34m[TIME]: 0.0044 seconds total (228.8 hz, 8.00 ms behind)
[0m[33m[init]: disparity is 0.000,0.000 (10.00 thresh)
[0m[33m[init]: failed static init: no accel jerk detected
[0m[34m[TIME]: 0.0042 seconds total (235.6 hz, 6.80 ms behind)
[0m[33m[init]: disparity is 0.000,0.000 (10.00 thresh)
[0m[33m[init]: failed static init: no accel jerk detected
[0m[34m[TIME]: 0.0042 seconds total (238.6 hz, 8.00 ms behind)
[0m[33m[init]: disparity is 0.000,0.000 (10.00 thresh)
[0m[33m[init]: failed static init: no accel jerk detected
[0m[34m[TIME]: 0.0044 seconds total (226.9 hz, 7.60 ms behind)
[0m[33m[init]: disparity is 0.000,0.000 (10.00 thresh)
[0m[33m[init]: failed static init: no accel jerk detected
[0m[34m[TIME]: 0.0037 seconds total (266.8 hz, 6.80 ms behind)
[0m[33m[init]: disparity is 0.000,0.000 (10.00 thresh)
[0m[33m[init]: failed static init: no accel jerk detected
[0m[34m[TIME]: 0.0036 seconds total (278.4 hz, 7.60 ms behind)
[0m[33m[init]: disparity is 0.000,0.000 (10.00 thresh)
[0m[33m[init]: failed static init: no accel jerk detected
[0m[34m[TIME]: 0.0034 seconds total (297.4 hz, 8.00 ms behind)
[0m[33m[init]: disparity is 0.000,0.000 (10.00 thresh)
[0m[33m[init]: failed static init: no accel jerk detected
[0m[34m[TIME]: 0.0033 seconds total (307.2 hz, 7.60 ms behind)
[0m[33m[init]: disparity is 0.000,0.000 (10.00 thresh)
[0m[33m[init]: failed static init: no accel jerk detected
[0m[34m[TIME]: 0.0048 seconds total (209.1 hz, 8.00 ms behind)
[0m[33m[init]: disparity is 0.000,0.000 (10.00 thresh)
[0m[33m[init]: failed static init: no accel jerk detected
[0m[34m[TIME]: 0.0064 seconds total (156.1 hz, 7.60 ms behind)
[0m[33m[init]: disparity is 0.000,0.000 (10.00 thresh)
[0m[33m[init]: failed static init: no accel jerk detected
[0m[34m[TIME]: 0.0052 seconds total (191.6 hz, 8.00 ms behind)
[0m[33m[init]: disparity is 0.000,0.000 (10.00 thresh)
[0m[33m[init]: failed static init: no accel jerk detected
[0m[34m[TIME]: 0.0042 seconds total (236.7 hz, 7.60 ms behind)
[0m[33m[init]: disparity is 0.000,0.000 (10.00 thresh)
[0m[33m[init]: failed static init: no accel jerk detected
[0m[34m[TIME]: 0.0045 seconds total (224.4 hz, 8.00 ms behind)
[0m[33m[init]: disparity is 0.000,0.000 (10.00 thresh)
[0m[33m[init]: failed static init: no accel jerk detected
[0m[34m[TIME]: 0.0052 seconds total (192.6 hz, 6.80 ms behind)
[0m[33m[init]: disparity is 0.000,0.000 (10.00 thresh)
[0m[33m[init]: failed static init: no accel jerk detected
[0m[34m[TIME]: 0.0050 seconds total (201.2 hz, 8.00 ms behind)
[0m[33m[init]: disparity is 0.000,0.000 (10.00 thresh)
[0m[33m[init]: failed static init: no accel jerk detected
[0m[34m[TIME]: 0.0045 seconds total (220.7 hz, 6.40 ms behind)
[0m[33m[init]: disparity is 0.000,0.000 (10.00 thresh)
[0m[33m[init]: failed static init: no accel jerk detected
[0m[34m[TIME]: 0.0048 seconds total (207.0 hz, 8.00 ms behind)
[0m[33m[init]: disparity is 0.000,0.000 (10.00 thresh)
[0m[33m[init]: failed static init: no accel jerk detected
[0m[34m[TIME]: 0.0043 seconds total (234.8 hz, 6.80 ms behind)
[0m[33m[init]: disparity is 0.000,0.000 (10.00 thresh)
[0m[33m[init]: failed static init: no accel jerk detected
[0m[34m[TIME]: 0.0046 seconds total (215.2 hz, 8.00 ms behind)
[0m[33m[init]: disparity is 0.000,0.000 (10.00 thresh)
[0m[33m[init]: failed static init: no accel jerk detected
[0m[34m[TIME]: 0.0048 seconds total (210.3 hz, 6.40 ms behind)
[0m[33m[init]: disparity is 0.000,0.000 (10.00 thresh)
[0m[33m[init]: failed static init: no accel jerk detected
[0m[34m[TIME]: 0.0041 seconds total (241.8 hz, 8.00 ms behind)
[0m[33m[init]: disparity is 0.000,0.000 (10.00 thresh)
[0m[33m[init]: failed static init: no accel jerk detected
[0m[34m[TIME]: 0.0053 seconds total (188.8 hz, 6.40 ms behind)
[0m[33m[init]: disparity is 0.000,0.000 (10.00 thresh)
[0m[33m[init]: failed static init: no accel jerk detected
[0m[34m[TIME]: 0.0059 seconds total (169.6 hz, 6.80 ms behind)
[0m[33m[init]: disparity is 0.000,0.000 (10.00 thresh)
[0m[33m[init]: failed static init: no accel jerk detected
[0m[34m[TIME]: 0.0047 seconds total (210.6 hz, 6.40 ms behind)
[0m[33m[init]: disparity is 0.000,0.000 (10.00 thresh)
[0m[33m[init]: failed static init: no accel jerk detected
[0m[34m[TIME]: 0.0035 seconds total (285.3 hz, 8.00 ms behind)
[0m[33m[init]: disparity is 0.000,0.000 (10.00 thresh)
[0m[33m[init]: failed static init: no accel jerk detected
[0m[34m[TIME]: 0.0082 seconds total (122.3 hz, 6.40 ms behind)
[0m[33m[init]: disparity is 0.000,0.000 (10.00 thresh)
[0m[33m[init]: failed static init: no accel jerk detected
[0m[34m[TIME]: 0.0041 seconds total (242.5 hz, 8.00 ms behind)
[0m[33m[init]: disparity is 0.000,0.000 (10.00 thresh)
[0m[33m[init]: failed static init: no accel jerk detected
[0m[34m[TIME]: 0.0039 seconds total (258.1 hz, 7.60 ms behind)
[0m[33m[init]: disparity is 0.000,0.000 (10.00 thresh)
[0m[33m[init]: failed static init: no accel jerk detected
[0m[34m[TIME]: 0.0049 seconds total (204.9 hz, 8.00 ms behind)
[0m[33m[init]: disparity is 0.000,0.000 (10.00 thresh)
[0m[33m[init]: failed static init: no accel jerk detected
[0m[34m[TIME]: 0.0035 seconds total (288.6 hz, 7.60 ms behind)
[0m[33m[init]: disparity is 0.000,0.000 (10.00 thresh)
[0m[33m[init]: failed static init: no accel jerk detected
[0m[34m[TIME]: 0.0037 seconds total (272.7 hz, 8.00 ms behind)
[0m[33m[init]: disparity is 0.000,0.000 (10.00 thresh)
[0m[33m[init]: failed static init: no accel jerk detected
[0m[34m[TIME]: 0.0039 seconds total (255.8 hz, 6.80 ms behind)
[0m[33m[init]: disparity is 0.000,0.000 (10.00 thresh)
[0m[33m[init]: failed static init: no accel jerk detected
[0m[34m[TIME]: 0.0036 seconds total (275.0 hz, 8.00 ms behind)
[0m[33m[init]: disparity is 0.000,0.000 (10.00 thresh)
[0m[33m[init]: failed static init: no accel jerk detected
[0m[34m[TIME]: 0.0039 seconds total (257.3 hz, 7.60 ms behind)
[0m[33m[init]: disparity is 0.000,0.000 (10.00 thresh)
[0m[33m[init]: failed static init: no accel jerk detected
[0m[34m[TIME]: 0.0036 seconds total (275.9 hz, 13.20 ms behind)
[0m[33m[init]: disparity is 0.000,0.000 (10.00 thresh)
[0m[33m[init]: failed static init: no accel jerk detected
[0m[34m[TIME]: 0.0040 seconds total (249.6 hz, 8.80 ms behind)
[0m[33m[init]: disparity is 0.000,0.000 (10.00 thresh)
[0m[33m[init]: failed static init: no accel jerk detected
[0m[34m[TIME]: 0.0035 seconds total (284.7 hz, 8.00 ms behind)
[0m[33m[init]: disparity is 0.000,0.000 (10.00 thresh)
[0m[33m[init]: failed static init: no accel jerk detected
[0m[34m[TIME]: 0.0041 seconds total (244.6 hz, 32.80 ms behind)
[0m[33m[init]: disparity is 0.000,0.000 (10.00 thresh)
[0m[33m[init]: failed static init: no accel jerk detected
[0m[34m[TIME]: 0.0042 seconds total (236.6 hz, 32.80 ms behind)
[0m[33m[init]: disparity is 0.000,0.000 (10.00 thresh)
[0m[33m[init]: failed static init: no accel jerk detected
[0m[34m[TIME]: 0.0039 seconds total (258.0 hz, 29.60 ms behind)
[0m[33m[init]: disparity is 0.000,0.000 (10.00 thresh)
[0m[33m[init]: failed static init: no accel jerk detected
[0m[34m[TIME]: 0.0033 seconds total (301.0 hz, 25.60 ms behind)
[0m[34m[TIME]: 0.0039 seconds total (257.2 hz, 20.40 ms behind)
[0m[33m[init]: disparity is 0.000,0.000 (10.00 thresh)
[0m[33m[init]: failed static init: no accel jerk detected
[0m[34m[TIME]: 0.0036 seconds total (276.2 hz, 15.60 ms behind)
[0m[33m[init]: disparity is 0.000,0.000 (10.00 thresh)
[0m[33m[init]: failed static init: no accel jerk detected
[0m[34m[TIME]: 0.0036 seconds total (280.8 hz, 18.00 ms behind)
[0m[33m[init]: disparity is 0.000,0.000 (10.00 thresh)
[0m[33m[init]: failed static init: no accel jerk detected
[0m[34m[TIME]: 0.0047 seconds total (210.8 hz, 14.00 ms behind)
[0m[33m[init]: disparity is 0.000,0.000 (10.00 thresh)
[0m[33m[init]: failed static init: no accel jerk detected
[0m[34m[TIME]: 0.0042 seconds total (237.1 hz, 10.40 ms behind)
[0m[33m[init]: disparity is 0.000,0.000 (10.00 thresh)
[0m[33m[init]: failed static init: no accel jerk detected
[0m[34m[TIME]: 0.0034 seconds total (293.5 hz, 7.20 ms behind)
[0m[33m[init]: disparity is 0.000,0.000 (10.00 thresh)
[0m[33m[init]: failed static init: no accel jerk detected
[0m[34m[TIME]: 0.0044 seconds total (225.8 hz, 12.40 ms behind)
[0m[33m[init]: disparity is 0.000,0.000 (10.00 thresh)
[0m[33m[init]: failed static init: no accel jerk detected
[0m[34m[TIME]: 0.0043 seconds total (233.3 hz, 9.20 ms behind)
[0m[33m[init]: disparity is 0.000,0.000 (10.00 thresh)
[0m[33m[init]: failed static init: no accel jerk detected
[0m[34m[TIME]: 0.0038 seconds total (264.1 hz, 7.60 ms behind)
[0m[34m[TIME]: 0.0034 seconds total (290.1 hz, 7.20 ms behind)
[0m[33m[init]: disparity is 0.000,0.000 (10.00 thresh)
[0m[33m[init]: failed static init: no accel jerk detected
[0m[34m[TIME]: 0.0039 seconds total (257.7 hz, 7.60 ms behind)
[0m[33m[init]: disparity is 0.000,0.000 (10.00 thresh)
[0m[33m[init]: failed static init: no accel jerk detected
[0m[34m[TIME]: 0.0042 seconds total (237.8 hz, 8.00 ms behind)
[0m[33m[init]: disparity is 0.000,0.000 (10.00 thresh)
[0m[33m[init]: failed static init: no accel jerk detected
[0m[34m[TIME]: 0.0032 seconds total (307.7 hz, 6.80 ms behind)
[0m[33m[init]: disparity is 0.000,0.000 (10.00 thresh)
[0m[33m[init]: failed static init: no accel jerk detected
[0m[34m[TIME]: 0.0043 seconds total (230.7 hz, 8.00 ms behind)
[0m[33m[init]: disparity is 0.000,0.000 (10.00 thresh)
[0m[33m[init]: failed static init: no accel jerk detected
[0m[34m[TIME]: 0.0040 seconds total (250.5 hz, 7.60 ms behind)
[0m[33m[init]: disparity is 0.000,0.000 (10.00 thresh)
[0m[33m[init]: failed static init: no accel jerk detected
[0m[34m[TIME]: 0.0038 seconds total (263.5 hz, 8.00 ms behind)
[0m[33m[init]: disparity is 0.000,0.000 (10.00 thresh)
[0m[33m[init]: failed static init: no accel jerk detected
[0m[34m[TIME]: 0.0042 seconds total (235.3 hz, 7.60 ms behind)
[0m[33m[init]: disparity is 0.000,0.000 (10.00 thresh)
[0m[33m[init]: failed static init: no accel jerk detected
[0m[34m[TIME]: 0.0039 seconds total (255.4 hz, 8.00 ms behind)
[0m[34m[TIME]: 0.0036 seconds total (276.1 hz, 7.60 ms behind)
[0m[33m[init]: disparity is 0.000,0.000 (10.00 thresh)
[0m[33m[init]: failed static init: no accel jerk detected
[0m[34m[TIME]: 0.0037 seconds total (273.5 hz, 8.00 ms behind)
[0m[33m[init]: disparity is 0.000,0.000 (10.00 thresh)
[0m[33m[init]: failed static init: no accel jerk detected
[0m[34m[TIME]: 0.0043 seconds total (233.5 hz, 7.60 ms behind)
[0m[33m[init]: disparity is 0.000,0.000 (10.00 thresh)
[0m[33m[init]: failed static init: no accel jerk detected
[0m[34m[TIME]: 0.0037 seconds total (272.9 hz, 8.00 ms behind)
[0m[33m[init]: disparity is 0.000,0.000 (10.00 thresh)
[0m[33m[init]: failed static init: no accel jerk detected
[0m[34m[TIME]: 0.0037 seconds total (270.3 hz, 7.60 ms behind)
[0m[33m[init]: disparity is 0.000,0.000 (10.00 thresh)
[0m[33m[init]: failed static init: no accel jerk detected
[0m[34m[TIME]: 0.0043 seconds total (233.8 hz, 8.00 ms behind)
[0m[33m[init]: disparity is 0.000,0.000 (10.00 thresh)
[0m[33m[init]: failed static init: no accel jerk detected
[0m[34m[TIME]: 0.0041 seconds total (243.3 hz, 7.60 ms behind)
[0m[33m[init]: disparity is 0.000,0.000 (10.00 thresh)
[0m[33m[init]: failed static init: no accel jerk detected
[0m[34m[TIME]: 0.0042 seconds total (236.4 hz, 10.00 ms behind)
[0m[33m[init]: disparity is 0.000,0.000 (10.00 thresh)
[0m[33m[init]: failed static init: no accel jerk detected
[0m[34m[TIME]: 0.0037 seconds total (266.9 hz, 6.80 ms behind)
[0m[33m[init]: disparity is 0.000,0.000 (10.00 thresh)
[0m[33m[init]: failed static init: no accel jerk detected
[0m[34m[TIME]: 0.0038 seconds total (262.5 hz, 7.60 ms behind)
[0m[33m[init]: disparity is 0.000,0.000 (10.00 thresh)
[0m[33m[init]: failed static init: no accel jerk detected
[0m[34m[TIME]: 0.0042 seconds total (236.7 hz, 10.00 ms behind)
[0m[33m[init]: disparity is 0.000,0.000 (10.00 thresh)
[0m[33m[init]: failed static init: no accel jerk detected
[0m[34m[TIME]: 0.0055 seconds total (183.1 hz, 10.00 ms behind)
[0m[33m[init]: disparity is 0.000,0.000 (10.00 thresh)
[0m[33m[init]: failed static init: no accel jerk detected
[0m[34m[TIME]: 0.0048 seconds total (209.2 hz, 10.00 ms behind)
[0m[33m[init]: disparity is 0.000,0.000 (10.00 thresh)
[0m[33m[init]: failed static init: no accel jerk detected
[0m[34m[TIME]: 0.0061 seconds total (164.3 hz, 10.00 ms behind)
[0m[33m[init]: disparity is 0.000,0.000 (10.00 thresh)
[0m[33m[init]: failed static init: no accel jerk detected
[0m[34m[TIME]: 0.0054 seconds total (184.2 hz, 7.60 ms behind)
[0m[33m[init]: disparity is 0.000,0.000 (10.00 thresh)
[0m[33m[init]: failed static init: no accel jerk detected
[0m[34m[TIME]: 0.0038 seconds total (266.0 hz, 10.00 ms behind)
[0m[33m[init]: disparity is 0.000,0.000 (10.00 thresh)
[0m[33m[init]: failed static init: no accel jerk detected
[0m[34m[TIME]: 0.0054 seconds total (185.8 hz, 10.00 ms behind)
[0m[33m[init]: disparity is 0.000,0.000 (10.00 thresh)
[0m[33m[init]: failed static init: no accel jerk detected
[0m[34m[TIME]: 0.0054 seconds total (186.4 hz, 10.00 ms behind)
[0m[33m[init]: disparity is 0.000,0.000 (10.00 thresh)
[0m[33m[init]: failed static init: no accel jerk detected
[0m[34m[TIME]: 0.0042 seconds total (240.2 hz, 10.00 ms behind)
[0m[33m[init]: disparity is 0.000,0.000 (10.00 thresh)
[0m[33m[init]: failed static init: no accel jerk detected
[0m[34m[TIME]: 0.0040 seconds total (250.7 hz, 7.60 ms behind)
[0m[33m[init]: disparity is 0.000,0.000 (10.00 thresh)
[0m[33m[init]: failed static init: no accel jerk detected
[0m[34m[TIME]: 0.0043 seconds total (234.1 hz, 10.00 ms behind)
[0m[33m[init]: disparity is 0.000,0.000 (10.00 thresh)
[0m[33m[init]: failed static init: no accel jerk detected
[0m[34m[TIME]: 0.0066 seconds total (152.3 hz, 10.00 ms behind)
[0m[33m[init]: disparity is 0.000,0.000 (10.00 thresh)
[0m[33m[init]: failed static init: no accel jerk detected
[0m[34m[TIME]: 0.0037 seconds total (269.0 hz, 10.00 ms behind)
[0m[33m[init]: disparity is 0.000,0.000 (10.00 thresh)
[0m[33m[init]: failed static init: no accel jerk detected
[0m[34m[TIME]: 0.0036 seconds total (279.1 hz, 10.00 ms behind)
[0m[33m[init]: disparity is 0.000,0.000 (10.00 thresh)
[0m[33m[init]: failed static init: no accel jerk detected
[0m[34m[TIME]: 0.0044 seconds total (227.2 hz, 10.00 ms behind)
[0m[33m[init]: disparity is 0.000,0.000 (10.00 thresh)
[0m[33m[init]: failed static init: no accel jerk detected
[0m[34m[TIME]: 0.0040 seconds total (252.0 hz, 10.00 ms behind)
[0m[33m[init]: disparity is 0.000,0.000 (10.00 thresh)
[0m[33m[init]: failed static init: no accel jerk detected
[0m[34m[TIME]: 0.0044 seconds total (225.3 hz, 10.00 ms behind)
[0m[33m[init]: disparity is 0.000,0.000 (10.00 thresh)
[0m[33m[init]: failed static init: no accel jerk detected
[0m[34m[TIME]: 0.0041 seconds total (245.6 hz, 10.00 ms behind)
[0m[33m[init]: disparity is 0.000,0.000 (10.00 thresh)
[0m[33m[init]: failed static init: no accel jerk detected
[0m[34m[TIME]: 0.0037 seconds total (271.9 hz, 9.60 ms behind)
[0m[33m[init]: disparity is 0.000,0.000 (10.00 thresh)
[0m[33m[init]: failed static init: no accel jerk detected
[0m[34m[TIME]: 0.0039 seconds total (256.9 hz, 10.00 ms behind)
[0m[33m[init]: disparity is 0.000,0.000 (10.00 thresh)
[0m[33m[init]: failed static init: no accel jerk detected
[0m[34m[TIME]: 0.0042 seconds total (235.5 hz, 10.00 ms behind)
[0m[33m[init]: disparity is 0.000,0.000 (10.00 thresh)
[0m[33m[init]: failed static init: no accel jerk detected
[0m[34m[TIME]: 0.0042 seconds total (238.9 hz, 10.00 ms behind)
[0m[33m[init]: disparity is 0.000,0.000 (10.00 thresh)
[0m[33m[init]: failed static init: no accel jerk detected
[0m[34m[TIME]: 0.0040 seconds total (247.6 hz, 10.00 ms behind)
[0m[33m[init]: disparity is 0.000,0.000 (10.00 thresh)
[0m[33m[init]: failed static init: no accel jerk detected
[0m[34m[TIME]: 0.0046 seconds total (216.9 hz, 10.00 ms behind)
[0m[33m[init]: disparity is 0.000,0.000 (10.00 thresh)
[0m[33m[init]: failed static init: no accel jerk detected
[0m[34m[TIME]: 0.0044 seconds total (228.6 hz, 10.00 ms behind)
[0m[33m[init]: disparity is 0.000,0.000 (10.00 thresh)
[0m[33m[init]: failed static init: no accel jerk detected
[0m[34m[TIME]: 0.0042 seconds total (235.4 hz, 10.00 ms behind)
[0m[33m[init]: disparity is 0.000,0.000 (10.00 thresh)
[0m[33m[init]: failed static init: no accel jerk detected
[0m[34m[TIME]: 0.0052 seconds total (192.8 hz, 10.00 ms behind)
[0m[33m[init]: disparity is 0.000,0.000 (10.00 thresh)
[0m[33m[init]: failed static init: no accel jerk detected
[0m[34m[TIME]: 0.0050 seconds total (198.1 hz, 10.00 ms behind)
[0m[33m[init]: disparity is 0.000,0.000 (10.00 thresh)
[0m[33m[init]: failed static init: no accel jerk detected
[0m[34m[TIME]: 0.0046 seconds total (216.0 hz, 10.00 ms behind)
[0m[33m[init]: disparity is 0.000,0.000 (10.00 thresh)
[0m[33m[init]: failed static init: no accel jerk detected
[0m[34m[TIME]: 0.0052 seconds total (192.8 hz, 10.00 ms behind)
[0m[33m[init]: disparity is 0.000,0.000 (10.00 thresh)
[0m[33m[init]: failed static init: no accel jerk detected
[0m[34m[TIME]: 0.0038 seconds total (264.3 hz, 10.00 ms behind)
[0m[33m[init]: disparity is 0.000,0.000 (10.00 thresh)
[0m[33m[init]: failed static init: no accel jerk detected
[0m[34m[TIME]: 0.0040 seconds total (252.1 hz, 10.00 ms behind)
[0m[33m[init]: disparity is 0.000,0.000 (10.00 thresh)
[0m[33m[init]: failed static init: no accel jerk detected
[0m[34m[TIME]: 0.0046 seconds total (218.2 hz, 10.00 ms behind)
[0m[33m[init]: disparity is 0.000,0.000 (10.00 thresh)
[0m[33m[init]: failed static init: no accel jerk detected
[0m[34m[TIME]: 0.0053 seconds total (188.1 hz, 10.00 ms behind)
[0m[33m[init]: disparity is 0.000,0.000 (10.00 thresh)
[0m[33m[init]: failed static init: no accel jerk detected
[0m[34m[TIME]: 0.0056 seconds total (178.3 hz, 10.00 ms behind)
[0m[33m[init]: disparity is 0.000,0.000 (10.00 thresh)
[0m[33m[init]: failed static init: no accel jerk detected
[0m[34m[TIME]: 0.0050 seconds total (198.3 hz, 10.00 ms behind)
[0m[33m[init]: disparity is 0.000,0.000 (10.00 thresh)
[0m[33m[init]: failed static init: no accel jerk detected
[0m[34m[TIME]: 0.0040 seconds total (250.9 hz, 10.00 ms behind)
[0m[33m[init]: disparity is 0.000,0.000 (10.00 thresh)
[0m[33m[init]: failed static init: no accel jerk detected
[0m[34m[TIME]: 0.0049 seconds total (203.8 hz, 10.00 ms behind)
[0m[33m[init]: disparity is 0.000,0.000 (10.00 thresh)
[0m[33m[init]: failed static init: no accel jerk detected
[0m[34m[TIME]: 0.0042 seconds total (238.2 hz, 6.80 ms behind)
[0m[33m[init]: disparity is 0.000,0.000 (10.00 thresh)
[0m[33m[init]: failed static init: no accel jerk detected
[0m[34m[TIME]: 0.0044 seconds total (226.6 hz, 10.00 ms behind)
[0m[33m[init]: disparity is 0.000,0.000 (10.00 thresh)
[0m[33m[init]: failed static init: no accel jerk detected
[0m[34m[TIME]: 0.0047 seconds total (212.7 hz, 7.60 ms behind)
[0m[33m[init]: disparity is 0.000,0.000 (10.00 thresh)
[0m[33m[init]: failed static init: no accel jerk detected
[0m[34m[TIME]: 0.0044 seconds total (227.8 hz, 10.00 ms behind)
[0m[33m[init]: disparity is 0.000,0.000 (10.00 thresh)
[0m[33m[init]: failed static init: no accel jerk detected
[0m[34m[TIME]: 0.0041 seconds total (246.6 hz, 10.00 ms behind)
[0m[33m[init]: disparity is 0.000,0.000 (10.00 thresh)
[0m[33m[init]: failed static init: no accel jerk detected
[0m[34m[TIME]: 0.0042 seconds total (239.8 hz, 10.00 ms behind)
[0m[33m[init]: disparity is 0.000,0.000 (10.00 thresh)
[0m[33m[init]: failed static init: no accel jerk detected
[0m[34m[TIME]: 0.0046 seconds total (215.5 hz, 10.00 ms behind)
[0m[33m[init]: disparity is 0.000,0.000 (10.00 thresh)
[0m[33m[init]: failed static init: no accel jerk detected
[0m[34m[TIME]: 0.0043 seconds total (232.0 hz, 10.00 ms behind)
[0m[33m[init]: disparity is 0.000,0.000 (10.00 thresh)
[0m[33m[init]: failed static init: no accel jerk detected
[0m[34m[TIME]: 0.0049 seconds total (204.9 hz, 10.00 ms behind)
[0m[33m[init]: disparity is 0.000,0.000 (10.00 thresh)
[0m[33m[init]: failed static init: no accel jerk detected
[0m[34m[TIME]: 0.0038 seconds total (264.8 hz, 10.00 ms behind)
[0m[33m[init]: disparity is 0.000,0.000 (10.00 thresh)
[0m[33m[init]: failed static init: no accel jerk detected
[0m[34m[TIME]: 0.0040 seconds total (249.2 hz, 10.00 ms behind)
[0m[33m[init]: disparity is 0.000,0.000 (10.00 thresh)
[0m[33m[init]: failed static init: no accel jerk detected
[0m[34m[TIME]: 0.0042 seconds total (236.3 hz, 10.00 ms behind)
[0m[33m[init]: disparity is 0.000,0.000 (10.00 thresh)
[0m[33m[init]: failed static init: no accel jerk detected
[0m[34m[TIME]: 0.0044 seconds total (226.8 hz, 10.00 ms behind)
[0m[33m[init]: disparity is 0.000,0.000 (10.00 thresh)
[0m[33m[init]: failed static init: no accel jerk detected
[0m[34m[TIME]: 0.0073 seconds total (136.6 hz, 10.00 ms behind)
[0m[33m[init]: disparity is 0.000,0.000 (10.00 thresh)
[0m[33m[init]: failed static init: no accel jerk detected
[0m[34m[TIME]: 0.0043 seconds total (233.3 hz, 10.00 ms behind)
[0m[33m[init]: disparity is 0.000,0.336 (10.00 thresh)
[0m[33m[init]: failed static init: no accel jerk detected
[0m[34m[TIME]: 0.0045 seconds total (222.6 hz, 10.00 ms behind)
[0m[33m[init]: disparity is 0.000,1.636 (10.00 thresh)
[0m[33m[init]: failed static init: no accel jerk detected
[0m[34m[TIME]: 0.0042 seconds total (240.2 hz, 7.60 ms behind)
[0m[33m[init]: disparity is 0.000,4.889 (10.00 thresh)
[0m[33m[init]: failed static init: no accel jerk detected
[0m[34m[TIME]: 0.0047 seconds total (213.0 hz, 10.00 ms behind)
[0m[33m[init]: disparity is 0.000,9.867 (10.00 thresh)
[0m[33m[init]: failed static init: no accel jerk detected
[0m[34m[TIME]: 0.0045 seconds total (222.9 hz, 10.00 ms behind)
[0m[33m[init]: disparity is 0.000,16.750 (10.00 thresh)
[0m[33m[init-s]: no IMU excitation, below threshold 0.335 < 0.500
[0m[34m[TIME]: 0.0045 seconds total (224.3 hz, 10.00 ms behind)
[0m[33m[init]: disparity is 0.000,25.653 (10.00 thresh)
[0m[33m[init-s]: no IMU excitation, below threshold 0.331 < 0.500
[0m[34m[TIME]: 0.0055 seconds total (182.3 hz, 8.40 ms behind)
[0m[33m[init]: disparity is 0.000,35.952 (10.00 thresh)
[0m[33m[init-s]: no IMU excitation, below threshold 0.327 < 0.500
[0m[34m[TIME]: 0.0050 seconds total (199.8 hz, 12.80 ms behind)
[0m[33m[init]: disparity is 0.000,47.035 (10.00 thresh)
[0m[33m[init-s]: no IMU excitation, below threshold 0.317 < 0.500
[0m[34m[TIME]: 0.0052 seconds total (191.6 hz, 9.60 ms behind)
[0m[33m[init]: disparity is 0.000,58.277 (10.00 thresh)
[0m[33m[init-s]: no IMU excitation, below threshold 0.316 < 0.500
[0m[34m[TIME]: 0.0044 seconds total (226.6 hz, 10.00 ms behind)
[0m[33m[init]: disparity is 0.000,67.873 (10.00 thresh)
[0m[33m[init-s]: no IMU excitation, below threshold 0.311 < 0.500
[0m[34m[TIME]: 0.0041 seconds total (245.8 hz, 10.00 ms behind)
[0m[33m[init]: disparity is 0.000,74.594 (10.00 thresh)
[0m[33m[init-s]: no IMU excitation, below threshold 0.308 < 0.500
[0m[34m[TIME]: 0.0046 seconds total (216.7 hz, 10.00 ms behind)
[0m[33m[init]: disparity is 0.000,80.612 (10.00 thresh)
[0m[33m[init-s]: no IMU excitation, below threshold 0.310 < 0.500
[0m[34m[TIME]: 0.0034 seconds total (292.4 hz, 10.00 ms behind)
[0m[33m[init]: disparity is 0.000,85.121 (10.00 thresh)
[0m[33m[init-s]: no IMU excitation, below threshold 0.314 < 0.500
[0m[34m[TIME]: 0.0042 seconds total (235.3 hz, 10.00 ms behind)
[0m[33m[init]: disparity is 0.000,88.781 (10.00 thresh)
[0m[33m[init-s]: no IMU excitation, below threshold 0.317 < 0.500
[0m[34m[TIME]: 0.0044 seconds total (229.7 hz, 10.00 ms behind)
[0m[33m[init]: disparity is 0.000,90.416 (10.00 thresh)
[0m[33m[init-s]: no IMU excitation, below threshold 0.320 < 0.500
[0m[34m[TIME]: 0.0038 seconds total (263.3 hz, 10.00 ms behind)
[0m[33m[init]: disparity is 0.000,90.059 (10.00 thresh)
[0m[33m[init-s]: no IMU excitation, below threshold 0.321 < 0.500
[0m[34m[TIME]: 0.0043 seconds total (233.6 hz, 10.00 ms behind)
[0m[33m[init]: disparity is 0.000,87.821 (10.00 thresh)
[0m[33m[init-s]: no IMU excitation, below threshold 0.320 < 0.500
[0m[34m[TIME]: 0.0042 seconds total (236.0 hz, 10.00 ms behind)
[0m[33m[init]: disparity is 0.000,83.616 (10.00 thresh)
[0m[33m[init-s]: no IMU excitation, below threshold 0.307 < 0.500
[0m[34m[TIME]: 0.0039 seconds total (254.5 hz, 10.00 ms behind)
[0m[33m[init]: disparity is 0.000,78.329 (10.00 thresh)
[0m[33m[init-s]: no IMU excitation, below threshold 0.277 < 0.500
[0m[34m[TIME]: 0.0050 seconds total (198.7 hz, 10.00 ms behind)
[0m[33m[init]: disparity is 0.000,70.530 (10.00 thresh)
[0m[33m[init-s]: no IMU excitation, below threshold 0.250 < 0.500
[0m[34m[TIME]: 0.0052 seconds total (192.5 hz, 10.00 ms behind)
[0m[33m[init]: disparity is 0.336,61.678 (10.00 thresh)
[0m[33m[init-s]: no IMU excitation, below threshold 0.222 < 0.500
[0m[34m[TIME]: 0.0038 seconds total (261.2 hz, 10.00 ms behind)
[0m[33m[init]: disparity is 1.636,50.138 (10.00 thresh)
[0m[33m[init-s]: no IMU excitation, below threshold 0.186 < 0.500
[0m[34m[TIME]: 0.0056 seconds total (178.0 hz, 10.00 ms behind)
[0m[33m[init]: disparity is 4.889,40.544 (10.00 thresh)
[0m[33m[init-s]: no IMU excitation, below threshold 0.181 < 0.500
[0m[34m[TIME]: 0.0040 seconds total (248.7 hz, 10.00 ms behind)
[0m[33m[init]: disparity is 9.867,32.231 (10.00 thresh)
[0m[33m[init-s]: no IMU excitation, below threshold 0.161 < 0.500
[0m[34m[TIME]: 0.0037 seconds total (269.5 hz, 10.00 ms behind)
[0m[33m[init]: disparity is 16.750,34.419 (10.00 thresh)
[0m[33m[init]: failed static init: no accel jerk detected, platform moving too much
[0m[34m[TIME]: 0.0045 seconds total (222.3 hz, 10.00 ms behind)
[0m[33m[init]: disparity is 25.653,41.563 (10.00 thresh)
[0m[33m[init]: failed static init: no accel jerk detected, platform moving too much
[0m[34m[TIME]: 0.0151 seconds total (66.2 hz, 7.60 ms behind)
[0m[33m[init]: disparity is 35.952,56.689 (10.00 thresh)
[0m[33m[init]: failed static init: no accel jerk detected, platform moving too much
[0m[34m[TIME]: 0.0154 seconds total (65.1 hz, 10.00 ms behind)
[0m[33m[init]: disparity is 47.035,81.997 (10.00 thresh)
[0m[33m[init]: failed static init: no accel jerk detected, platform moving too much
[0m[34m[TIME]: 0.0059 seconds total (169.2 hz, 10.00 ms behind)
[0m[33m[init]: disparity is 58.277,97.418 (10.00 thresh)
[0m[33m[init]: failed static init: no accel jerk detected, platform moving too much
[0m[34m[TIME]: 0.0132 seconds total (75.6 hz, 10.00 ms behind)
[0m[33m[init]: disparity is 67.873,109.837 (10.00 thresh)
[0m[33m[init]: failed static init: no accel jerk detected, platform moving too much
[0m[34m[TIME]: 0.0081 seconds total (123.9 hz, 10.00 ms behind)
[0m[33m[init]: disparity is 74.594,72.180 (10.00 thresh)
[0m[33m[init]: failed static init: no accel jerk detected, platform moving too much
[0m[34m[TIME]: 0.0042 seconds total (235.9 hz, 10.00 ms behind)
[0m[33m[init]: disparity is 80.612,77.207 (10.00 thresh)
[0m[33m[init]: failed static init: no accel jerk detected, platform moving too much
[0m[34m[TIME]: 0.0065 seconds total (153.0 hz, 10.00 ms behind)
[0m[33m[init]: disparity is 85.121,43.844 (10.00 thresh)
[0m[33m[init]: failed static init: no accel jerk detected, platform moving too much
[0m[34m[TIME]: 0.0048 seconds total (208.1 hz, 7.60 ms behind)
[0m[33m[init]: disparity is 88.781,45.906 (10.00 thresh)
[0m[33m[init]: failed static init: no accel jerk detected, platform moving too much
[0m[34m[TIME]: 0.0055 seconds total (180.8 hz, 10.00 ms behind)
[0m[33m[init]: disparity is 90.416,46.492 (10.00 thresh)
[0m[33m[init]: failed static init: no accel jerk detected, platform moving too much
[0m[34m[TIME]: 0.0046 seconds total (219.1 hz, 10.00 ms behind)
[0m[33m[init]: disparity is 90.059,46.054 (10.00 thresh)
[0m[33m[init]: failed static init: no accel jerk detected, platform moving too much
[0m[34m[TIME]: 0.0049 seconds total (204.2 hz, 10.00 ms behind)
[0m[33m[init]: disparity is 87.821,44.764 (10.00 thresh)
[0m[33m[init]: failed static init: no accel jerk detected, platform moving too much
[0m[34m[TIME]: 0.0056 seconds total (177.5 hz, 10.00 ms behind)
[0m[33m[init]: disparity is 83.616,42.816 (10.00 thresh)
[0m[33m[init]: failed static init: no accel jerk detected, platform moving too much
[0m[34m[TIME]: 0.0046 seconds total (218.2 hz, 10.00 ms behind)
[0m[33m[init]: disparity is 78.556,40.680 (10.00 thresh)
[0m[33m[init]: failed static init: no accel jerk detected, platform moving too much
[0m[34m[TIME]: 0.0048 seconds total (206.4 hz, 10.00 ms behind)
[0m[33m[init]: disparity is 72.062,37.958 (10.00 thresh)
[0m[33m[init]: failed static init: no accel jerk detected, platform moving too much
[0m[34m[TIME]: 0.0047 seconds total (210.8 hz, 10.00 ms behind)
[0m[33m[init]: disparity is 65.405,35.698 (10.00 thresh)
[0m[33m[init]: failed static init: no accel jerk detected, platform moving too much
[0m[34m[TIME]: 0.0057 seconds total (175.8 hz, 10.00 ms behind)
[0m[33m[init]: disparity is 57.346,33.653 (10.00 thresh)
[0m[33m[init]: failed static init: no accel jerk detected, platform moving too much
[0m[34m[TIME]: 0.0051 seconds total (197.7 hz, 10.00 ms behind)
[0m[33m[init]: disparity is 51.794,32.117 (10.00 thresh)
[0m[33m[init]: failed static init: no accel jerk detected, platform moving too much
[0m[34m[TIME]: 0.0051 seconds total (198.0 hz, 10.00 ms behind)
[0m[33m[init]: disparity is 41.487,31.326 (10.00 thresh)
[0m[33m[init]: failed static init: no accel jerk detected, platform moving too much
[0m[34m[TIME]: 0.0044 seconds total (225.9 hz, 10.00 ms behind)
[0m[33m[init]: disparity is 37.359,31.434 (10.00 thresh)
[0m[33m[init]: failed static init: no accel jerk detected, platform moving too much
[0m[34m[TIME]: 0.0048 seconds total (209.9 hz, 10.00 ms behind)
[0m[33m[init]: disparity is 39.430,32.346 (10.00 thresh)
[0m[33m[init]: failed static init: no accel jerk detected, platform moving too much
[0m[34m[TIME]: 0.0046 seconds total (215.9 hz, 10.00 ms behind)
[0m[33m[init]: disparity is 42.399,32.812 (10.00 thresh)
[0m[33m[init]: failed static init: no accel jerk detected, platform moving too much
[0m[34m[TIME]: 0.0040 seconds total (250.8 hz, 10.00 ms behind)
[0m[33m[init]: disparity is 50.131,35.439 (10.00 thresh)
[0m[33m[init]: failed static init: no accel jerk detected, platform moving too much
[0m[34m[TIME]: 0.0051 seconds total (197.8 hz, 10.00 ms behind)
[0m[33m[init]: disparity is 64.536,35.651 (10.00 thresh)
[0m[33m[init]: failed static init: no accel jerk detected, platform moving too much
[0m[34m[TIME]: 0.0050 seconds total (201.1 hz, 10.00 ms behind)
[0m[33m[init]: disparity is 67.171,40.726 (10.00 thresh)
[0m[33m[init]: failed static init: no accel jerk detected, platform moving too much
[0m[34m[TIME]: 0.0043 seconds total (234.8 hz, 10.00 ms behind)
[0m[33m[init]: disparity is 62.888,39.906 (10.00 thresh)
[0m[33m[init]: failed static init: no accel jerk detected, platform moving too much
[0m[34m[TIME]: 0.0052 seconds total (191.9 hz, 10.00 ms behind)
[0m[33m[init]: disparity is 70.254,38.567 (10.00 thresh)
[0m[33m[init]: failed static init: no accel jerk detected, platform moving too much
[0m[34m[TIME]: 0.0043 seconds total (232.5 hz, 10.00 ms behind)
[0m[33m[init]: disparity is 39.446,37.911 (10.00 thresh)
[0m[33m[init]: failed static init: no accel jerk detected, platform moving too much
[0m[34m[TIME]: 0.0048 seconds total (210.4 hz, 8.00 ms behind)
[0m[33m[init]: disparity is 45.097,38.956 (10.00 thresh)
[0m[33m[init]: failed static init: no accel jerk detected, platform moving too much
[0m[34m[TIME]: 0.0052 seconds total (191.3 hz, 10.00 ms behind)
[0m[33m[init]: disparity is 47.664,37.890 (10.00 thresh)
[0m[33m[init]: failed static init: no accel jerk detected, platform moving too much
[0m[34m[TIME]: 0.0050 seconds total (201.1 hz, 10.00 ms behind)
[0m[33m[init]: disparity is 49.652,38.233 (10.00 thresh)
[0m[33m[init]: failed static init: no accel jerk detected, platform moving too much
[0m[34m[TIME]: 0.0045 seconds total (221.1 hz, 10.00 ms behind)
[0m[33m[init]: disparity is 51.450,39.951 (10.00 thresh)
[0m[33m[init]: failed static init: no accel jerk detected, platform moving too much
[0m[34m[TIME]: 0.0041 seconds total (241.7 hz, 10.00 ms behind)
[0m[33m[init]: disparity is 49.536,39.115 (10.00 thresh)
[0m[33m[init]: failed static init: no accel jerk detected, platform moving too much
[0m[34m[TIME]: 0.0054 seconds total (184.3 hz, 10.00 ms behind)
[0m[33m[init]: disparity is 48.217,38.289 (10.00 thresh)
[0m[33m[init]: failed static init: no accel jerk detected, platform moving too much
[0m[34m[TIME]: 0.0048 seconds total (209.3 hz, 10.00 ms behind)
[0m[33m[init]: disparity is 49.633,37.963 (10.00 thresh)
[0m[33m[init]: failed static init: no accel jerk detected, platform moving too much
[0m[34m[TIME]: 0.0064 seconds total (157.5 hz, 10.00 ms behind)
[0m[33m[init]: disparity is 43.529,37.107 (10.00 thresh)
[0m[33m[init]: failed static init: no accel jerk detected, platform moving too much
[0m[34m[TIME]: 0.0056 seconds total (179.1 hz, 10.00 ms behind)
[0m[33m[init]: disparity is 41.031,36.605 (10.00 thresh)
[0m[33m[init]: failed static init: no accel jerk detected, platform moving too much
[0m[34m[TIME]: 0.0045 seconds total (219.9 hz, 10.00 ms behind)
[0m[33m[init]: disparity is 42.560,38.179 (10.00 thresh)
[0m[33m[init]: failed static init: no accel jerk detected, platform moving too much
[0m[34m[TIME]: 0.0046 seconds total (215.5 hz, 10.00 ms behind)
[0m[33m[init]: disparity is 36.960,38.255 (10.00 thresh)
[0m[33m[init]: failed static init: no accel jerk detected, platform moving too much
[0m[34m[TIME]: 0.0044 seconds total (228.2 hz, 10.00 ms behind)
[0m[33m[init]: disparity is 35.489,39.769 (10.00 thresh)
[0m[33m[init]: failed static init: no accel jerk detected, platform moving too much
[0m[34m[TIME]: 0.0044 seconds total (227.1 hz, 10.00 ms behind)
[0m[33m[init]: disparity is 37.053,42.039 (10.00 thresh)
[0m[33m[init]: failed static init: no accel jerk detected, platform moving too much
[0m[34m[TIME]: 0.0039 seconds total (254.7 hz, 10.00 ms behind)
[0m[33m[init]: disparity is 36.011,43.445 (10.00 thresh)
[0m[33m[init]: failed static init: no accel jerk detected, platform moving too much
[0m[34m[TIME]: 0.0154 seconds total (65.1 hz, 10.00 ms behind)
[0m[33m[init]: disparity is 35.488,43.419 (10.00 thresh)
[0m[33m[init]: failed static init: no accel jerk detected, platform moving too much
[0m[34m[TIME]: 0.0066 seconds total (150.4 hz, 10.00 ms behind)
[0m[33m[init]: disparity is 35.597,42.634 (10.00 thresh)
[0m[33m[init]: failed static init: no accel jerk detected, platform moving too much
[0m[34m[TIME]: 0.0049 seconds total (204.7 hz, 10.00 ms behind)
[0m[33m[init]: disparity is 36.813,43.488 (10.00 thresh)
[0m[33m[init]: failed static init: no accel jerk detected, platform moving too much
[0m[34m[TIME]: 0.0049 seconds total (204.4 hz, 10.00 ms behind)
[0m[33m[init]: disparity is 38.100,23.432 (10.00 thresh)
[0m[33m[init]: failed static init: no accel jerk detected, platform moving too much
[0m[34m[TIME]: 0.0043 seconds total (231.0 hz, 10.00 ms behind)
[0m[33m[init]: disparity is 43.658,24.419 (10.00 thresh)
[0m[33m[init]: failed static init: no accel jerk detected, platform moving too much
[0m[34m[TIME]: 0.0042 seconds total (239.5 hz, 10.00 ms behind)
[0m[33m[init]: disparity is 45.011,25.194 (10.00 thresh)
[0m[33m[init]: failed static init: no accel jerk detected, platform moving too much
[0m[34m[TIME]: 0.0043 seconds total (230.0 hz, 10.00 ms behind)
[0m[33m[init]: disparity is 41.474,26.272 (10.00 thresh)
[0m[33m[init]: failed static init: no accel jerk detected, platform moving too much
[0m[34m[TIME]: 0.0057 seconds total (176.1 hz, 10.00 ms behind)
[0m[33m[init]: disparity is 40.932,26.910 (10.00 thresh)
[0m[33m[init]: failed static init: no accel jerk detected, platform moving too much
[0m[34m[TIME]: 0.0061 seconds total (162.8 hz, 10.00 ms behind)
[0m[33m[init]: disparity is 42.459,27.589 (10.00 thresh)
[0m[33m[init]: failed static init: no accel jerk detected, platform moving too much
[0m[34m[TIME]: 0.0047 seconds total (212.0 hz, 7.60 ms behind)
[0m[33m[init]: disparity is 43.518,28.093 (10.00 thresh)
[0m[33m[init]: failed static init: no accel jerk detected, platform moving too much
[0m[34m[TIME]: 0.0053 seconds total (189.7 hz, 10.00 ms behind)
[0m[33m[init]: disparity is 41.317,28.490 (10.00 thresh)
[0m[33m[init]: failed static init: no accel jerk detected, platform moving too much
[0m[34m[TIME]: 0.0048 seconds total (210.3 hz, 10.00 ms behind)
[0m[33m[init]: disparity is 43.370,29.301 (10.00 thresh)
[0m[33m[init]: failed static init: no accel jerk detected, platform moving too much
[0m[34m[TIME]: 0.0048 seconds total (209.0 hz, 10.00 ms behind)
[0m[33m[init]: disparity is 45.256,29.628 (10.00 thresh)
[0m[33m[init]: failed static init: no accel jerk detected, platform moving too much
[0m[34m[TIME]: 0.0049 seconds total (205.1 hz, 10.00 ms behind)
[0m[33m[init]: disparity is 41.986,29.775 (10.00 thresh)
[0m[33m[init]: failed static init: no accel jerk detected, platform moving too much
[0m[34m[TIME]: 0.0044 seconds total (227.4 hz, 10.00 ms behind)
[0m[33m[init]: disparity is 41.696,30.099 (10.00 thresh)
[0m[33m[init]: failed static init: no accel jerk detected, platform moving too much
[0m[34m[TIME]: 0.0053 seconds total (189.6 hz, 10.00 ms behind)
[0m[33m[init]: disparity is 43.512,31.271 (10.00 thresh)
[0m[33m[init]: failed static init: no accel jerk detected, platform moving too much
[0m[34m[TIME]: 0.0047 seconds total (210.6 hz, 10.00 ms behind)
[0m[33m[init]: disparity is 40.596,31.984 (10.00 thresh)
[0m[33m[init]: failed static init: no accel jerk detected, platform moving too much
[0m[34m[TIME]: 0.0043 seconds total (232.7 hz, 10.00 ms behind)
[0m[33m[init]: disparity is 42.465,32.241 (10.00 thresh)
[0m[33m[init]: failed static init: no accel jerk detected, platform moving too much
[0m[34m[TIME]: 0.0050 seconds total (200.2 hz, 10.00 ms behind)
[0m[33m[init]: disparity is 44.360,34.997 (10.00 thresh)
[0m[33m[init]: failed static init: no accel jerk detected, platform moving too much
[0m[34m[TIME]: 0.0057 seconds total (176.8 hz, 10.00 ms behind)
[0m[33m[init]: disparity is 43.984,35.497 (10.00 thresh)
[0m[33m[init]: failed static init: no accel jerk detected, platform moving too much
[0m[34m[TIME]: 0.0053 seconds total (189.4 hz, 10.00 ms behind)
[0m[33m[init]: disparity is 46.384,36.994 (10.00 thresh)
[0m[33m[init]: failed static init: no accel jerk detected, platform moving too much
[0m[34m[TIME]: 0.0043 seconds total (231.5 hz, 10.00 ms behind)
[0m[33m[init]: disparity is 47.421,37.740 (10.00 thresh)
[0m[33m[init]: failed static init: no accel jerk detected, platform moving too much
[0m[34m[TIME]: 0.0048 seconds total (209.3 hz, 10.00 ms behind)
[0m[33m[init]: disparity is 49.123,37.998 (10.00 thresh)
[0m[33m[init]: failed static init: no accel jerk detected, platform moving too much
[0m[34m[TIME]: 0.0044 seconds total (227.6 hz, 10.00 ms behind)
[0m[33m[init]: disparity is 25.517,37.553 (10.00 thresh)
[0m[33m[init]: failed static init: no accel jerk detected, platform moving too much
[0m[34m[TIME]: 0.0043 seconds total (230.8 hz, 10.00 ms behind)
[0m[33m[init]: disparity is 26.738,36.549 (10.00 thresh)
[0m[33m[init]: failed static init: no accel jerk detected, platform moving too much
[0m[34m[TIME]: 0.0047 seconds total (214.9 hz, 7.60 ms behind)
[0m[33m[init]: disparity is 28.480,35.073 (10.00 thresh)
[0m[33m[init]: failed static init: no accel jerk detected, platform moving too much
[0m[34m[TIME]: 0.0042 seconds total (235.5 hz, 7.60 ms behind)
[0m[33m[init]: disparity is 27.991,34.472 (10.00 thresh)
[0m[33m[init]: failed static init: no accel jerk detected, platform moving too much
[0m[34m[TIME]: 0.0048 seconds total (210.2 hz, 7.60 ms behind)
[0m[33m[init]: disparity is 28.813,33.518 (10.00 thresh)
[0m[33m[init]: failed static init: no accel jerk detected, platform moving too much
[0m[34m[TIME]: 0.0048 seconds total (206.2 hz, 10.00 ms behind)
[0m[33m[init]: disparity is 30.775,32.056 (10.00 thresh)
[0m[33m[init]: failed static init: no accel jerk detected, platform moving too much
[0m[34m[TIME]: 0.0044 seconds total (226.3 hz, 10.00 ms behind)
[0m[33m[init]: disparity is 31.887,32.264 (10.00 thresh)
[0m[33m[init]: failed static init: no accel jerk detected, platform moving too much
[0m[34m[TIME]: 0.0040 seconds total (250.6 hz, 10.00 ms behind)
[0m[33m[init]: disparity is 31.246,32.748 (10.00 thresh)
[0m[33m[init]: failed static init: no accel jerk detected, platform moving too much
[0m[34m[TIME]: 0.0143 seconds total (69.7 hz, 10.00 ms behind)
[0m[33m[init]: disparity is 31.799,33.533 (10.00 thresh)
[0m[33m[init]: failed static init: no accel jerk detected, platform moving too much
[0m[34m[TIME]: 0.0195 seconds total (51.4 hz, 10.00 ms behind)
[0m[33m[init]: disparity is 33.553,32.274 (10.00 thresh)
[0m[33m[init]: failed static init: no accel jerk detected, platform moving too much
[0m[34m[TIME]: 0.0090 seconds total (110.8 hz, 10.00 ms behind)
[0m[33m[init]: disparity is 32.587,31.017 (10.00 thresh)
[0m[33m[init]: failed static init: no accel jerk detected, platform moving too much
[0m[34m[TIME]: 0.0054 seconds total (184.5 hz, 10.00 ms behind)
[0m[33m[init]: disparity is 32.687,30.544 (10.00 thresh)
[0m[33m[init]: failed static init: no accel jerk detected, platform moving too much
[0m[34m[TIME]: 0.0047 seconds total (215.0 hz, 10.00 ms behind)
[0m[33m[init]: disparity is 34.110,16.289 (10.00 thresh)
[0m[33m[init]: failed static init: no accel jerk detected, platform moving too much
[0m[34m[TIME]: 0.0049 seconds total (205.7 hz, 9.60 ms behind)
[0m[33m[init]: disparity is 33.168,17.191 (10.00 thresh)
[0m[33m[init]: failed static init: no accel jerk detected, platform moving too much
[0m[34m[TIME]: 0.0058 seconds total (172.5 hz, 9.60 ms behind)
[0m[33m[init]: disparity is 34.474,18.008 (10.00 thresh)
[0m[33m[init]: failed static init: no accel jerk detected, platform moving too much
[0m[34m[TIME]: 0.0046 seconds total (217.2 hz, 10.00 ms behind)
[0m[33m[init]: disparity is 36.023,19.784 (10.00 thresh)
[0m[33m[init]: failed static init: no accel jerk detected, platform moving too much
[0m[34m[TIME]: 0.0059 seconds total (168.2 hz, 10.00 ms behind)
[0m[33m[init]: disparity is 36.486,20.551 (10.00 thresh)
[0m[33m[init]: failed static init: no accel jerk detected, platform moving too much
[0m[34m[TIME]: 0.0045 seconds total (223.5 hz, 10.00 ms behind)
[0m[33m[init]: disparity is 38.110,21.199 (10.00 thresh)
[0m[33m[init]: failed static init: no accel jerk detected, platform moving too much
[0m[34m[TIME]: 0.0057 seconds total (174.2 hz, 10.00 ms behind)
[0m[33m[init]: disparity is 38.213,21.748 (10.00 thresh)
[0m[33m[init]: failed static init: no accel jerk detected, platform moving too much
[0m[34m[TIME]: 0.0046 seconds total (217.2 hz, 10.00 ms behind)
[0m[33m[init]: disparity is 39.446,23.747 (10.00 thresh)
[0m[33m[init]: failed static init: no accel jerk detected, platform moving too much
[0m[34m[TIME]: 0.0046 seconds total (216.1 hz, 10.00 ms behind)
[0m[33m[init]: disparity is 40.424,24.723 (10.00 thresh)
[0m[33m[init]: failed static init: no accel jerk detected, platform moving too much
[0m[34m[TIME]: 0.0059 seconds total (168.5 hz, 10.00 ms behind)
[0m[33m[init]: disparity is 40.928,25.800 (10.00 thresh)
[0m[33m[init]: failed static init: no accel jerk detected, platform moving too much
[0m[34m[TIME]: 0.0047 seconds total (213.2 hz, 7.60 ms behind)
[0m[33m[init]: disparity is 41.924,26.652 (10.00 thresh)
[0m[33m[init]: failed static init: no accel jerk detected, platform moving too much
[0m[34m[TIME]: 0.0045 seconds total (224.1 hz, 10.00 ms behind)
[0m[33m[init]: disparity is 38.677,27.480 (10.00 thresh)
[0m[33m[init]: failed static init: no accel jerk detected, platform moving too much
[0m[34m[TIME]: 0.0049 seconds total (205.1 hz, 8.80 ms behind)
[0m[33m[init]: disparity is 37.137,27.985 (10.00 thresh)
[0m[33m[init]: failed static init: no accel jerk detected, platform moving too much
[0m[34m[TIME]: 0.0044 seconds total (228.7 hz, 10.00 ms behind)
[0m[33m[init]: disparity is 38.308,29.008 (10.00 thresh)
[0m[33m[init]: failed static init: no accel jerk detected, platform moving too much
[0m[34m[TIME]: 0.0041 seconds total (244.4 hz, 10.00 ms behind)
[0m[33m[init]: disparity is 37.843,30.280 (10.00 thresh)
[0m[33m[init]: failed static init: no accel jerk detected, platform moving too much
[0m[34m[TIME]: 0.0053 seconds total (189.3 hz, 10.00 ms behind)
[0m[33m[init]: disparity is 34.573,31.849 (10.00 thresh)
[0m[33m[init]: failed static init: no accel jerk detected, platform moving too much
[0m[34m[TIME]: 0.0049 seconds total (205.0 hz, 10.00 ms behind)
[0m[33m[init]: disparity is 34.876,33.472 (10.00 thresh)
[0m[33m[init]: failed static init: no accel jerk detected, platform moving too much
[0m[34m[TIME]: 0.0062 seconds total (161.4 hz, 10.00 ms behind)
[0m[33m[init]: disparity is 36.031,35.445 (10.00 thresh)
[0m[33m[init]: failed static init: no accel jerk detected, platform moving too much
[0m[34m[TIME]: 0.0059 seconds total (169.5 hz, 10.00 ms behind)
[0m[33m[init]: disparity is 35.916,34.591 (10.00 thresh)
[0m[33m[init]: failed static init: no accel jerk detected, platform moving too much
[0m[34m[TIME]: 0.0051 seconds total (196.7 hz, 10.00 ms behind)
[0m[33m[init]: disparity is 34.353,35.010 (10.00 thresh)
[0m[33m[init]: failed static init: no accel jerk detected, platform moving too much
[0m[34m[TIME]: 0.0042 seconds total (238.3 hz, 10.00 ms behind)
[0m[33m[init]: disparity is 19.432,35.178 (10.00 thresh)
[0m[33m[init]: failed static init: no accel jerk detected, platform moving too much
[0m[34m[TIME]: 0.0047 seconds total (214.2 hz, 10.00 ms behind)
[0m[33m[init]: disparity is 19.184,37.157 (10.00 thresh)
[0m[33m[init]: failed static init: no accel jerk detected, platform moving too much
[0m[34m[TIME]: 0.0061 seconds total (164.2 hz, 10.00 ms behind)
[0m[33m[init]: disparity is 20.100,38.184 (10.00 thresh)
[0m[33m[init]: failed static init: no accel jerk detected, platform moving too much
[0m[34m[TIME]: 0.0062 seconds total (160.5 hz, 7.60 ms behind)
[0m[33m[init]: disparity is 22.026,37.568 (10.00 thresh)
[0m[33m[init]: failed static init: no accel jerk detected, platform moving too much
[0m[34m[TIME]: 0.0052 seconds total (191.3 hz, 10.00 ms behind)
[0m[33m[init]: disparity is 22.525,36.796 (10.00 thresh)
[0m[33m[init]: failed static init: no accel jerk detected, platform moving too much
[0m[34m[TIME]: 0.0055 seconds total (181.2 hz, 10.00 ms behind)
[0m[33m[init]: disparity is 23.155,35.928 (10.00 thresh)
[0m[33m[init]: failed static init: no accel jerk detected, platform moving too much
[0m[34m[TIME]: 0.0041 seconds total (242.2 hz, 10.00 ms behind)
[0m[33m[init]: disparity is 23.799,35.713 (10.00 thresh)
[0m[33m[init]: failed static init: no accel jerk detected, platform moving too much
[0m[34m[TIME]: 0.0046 seconds total (219.0 hz, 10.00 ms behind)
[0m[33m[init]: disparity is 25.563,35.445 (10.00 thresh)
[0m[33m[init]: failed static init: no accel jerk detected, platform moving too much
[0m[34m[TIME]: 0.0050 seconds total (198.7 hz, 10.00 ms behind)
[0m[33m[init]: disparity is 25.157,36.010 (10.00 thresh)
[0m[33m[init]: failed static init: no accel jerk detected, platform moving too much
[0m[34m[TIME]: 0.0058 seconds total (171.0 hz, 10.00 ms behind)
[0m[33m[init]: disparity is 27.416,36.558 (10.00 thresh)
[0m[33m[init]: failed static init: no accel jerk detected, platform moving too much
[0m[34m[TIME]: 0.0051 seconds total (196.3 hz, 10.00 ms behind)
[0m[33m[init]: disparity is 28.996,35.736 (10.00 thresh)
[0m[33m[init]: failed static init: no accel jerk detected, platform moving too much
[0m[34m[TIME]: 0.0059 seconds total (169.1 hz, 10.00 ms behind)
[0m[33m[init]: disparity is 29.100,36.046 (10.00 thresh)
[0m[33m[init]: failed static init: no accel jerk detected, platform moving too much
[0m[34m[TIME]: 0.0047 seconds total (213.7 hz, 8.00 ms behind)
[0m[33m[init]: disparity is 29.747,35.174 (10.00 thresh)
[0m[33m[init]: failed static init: no accel jerk detected, platform moving too much
[0m[34m[TIME]: 0.0048 seconds total (207.6 hz, 8.00 ms behind)
[0m[33m[init]: disparity is 31.375,35.041 (10.00 thresh)
[0m[33m[init]: failed static init: no accel jerk detected, platform moving too much
[0m[34m[TIME]: 0.0049 seconds total (202.2 hz, 7.60 ms behind)
[0m[33m[init]: disparity is 31.824,34.443 (10.00 thresh)
[0m[33m[init]: failed static init: no accel jerk detected, platform moving too much
[0m[34m[TIME]: 0.0040 seconds total (249.2 hz, 7.20 ms behind)
[0m[34m[TIME]: 0.0039 seconds total (257.7 hz, 10.00 ms behind)
[0m[33m[init]: disparity is 33.308,35.324 (10.00 thresh)
[0m[33m[init]: failed static init: no accel jerk detected, platform moving too much
[0m[34m[TIME]: 0.0037 seconds total (267.5 hz, 10.00 ms behind)
[0m[33m[init]: disparity is 34.922,34.381 (10.00 thresh)
[0m[33m[init]: failed static init: no accel jerk detected, platform moving too much
[0m[34m[TIME]: 0.0048 seconds total (207.0 hz, 7.60 ms behind)
[0m[33m[init]: disparity is 36.585,33.482 (10.00 thresh)
[0m[33m[init]: failed static init: no accel jerk detected, platform moving too much
[0m[34m[TIME]: 0.0044 seconds total (227.0 hz, 10.00 ms behind)
[0m[33m[init]: disparity is 38.471,34.565 (10.00 thresh)
[0m[33m[init]: failed static init: no accel jerk detected, platform moving too much
[0m[34m[TIME]: 0.0045 seconds total (220.2 hz, 10.00 ms behind)
[0m[33m[init]: disparity is 39.960,34.028 (10.00 thresh)
[0m[33m[init]: failed static init: no accel jerk detected, platform moving too much
[0m[34m[TIME]: 0.0049 seconds total (205.6 hz, 10.00 ms behind)
[0m[33m[init]: disparity is 38.412,34.302 (10.00 thresh)
[0m[33m[init]: failed static init: no accel jerk detected, platform moving too much
[0m[34m[TIME]: 0.0171 seconds total (58.4 hz, 7.60 ms behind)
[0m[33m[init]: disparity is 38.509,33.573 (10.00 thresh)
[0m[33m[init]: failed static init: no accel jerk detected, platform moving too much
[0m[34m[TIME]: 0.0080 seconds total (124.2 hz, 10.00 ms behind)
[0m[33m[init]: disparity is 40.081,31.949 (10.00 thresh)
[0m[33m[init]: failed static init: no accel jerk detected, platform moving too much
[0m[34m[TIME]: 0.0055 seconds total (182.5 hz, 10.00 ms behind)
[0m[33m[init]: disparity is 41.787,30.418 (10.00 thresh)
[0m[33m[init]: failed static init: no accel jerk detected, platform moving too much
[0m[34m[TIME]: 0.0057 seconds total (175.7 hz, 10.00 ms behind)
[0m[33m[init]: disparity is 40.682,15.526 (10.00 thresh)
[0m[33m[init]: failed static init: no accel jerk detected, platform moving too much
[0m[34m[TIME]: 0.0049 seconds total (202.6 hz, 10.00 ms behind)
[0m[33m[init]: disparity is 39.988,16.901 (10.00 thresh)
[0m[33m[init]: failed static init: no accel jerk detected, platform moving too much
[0m[34m[TIME]: 0.0050 seconds total (200.3 hz, 7.60 ms behind)
[0m[33m[init]: disparity is 41.728,18.776 (10.00 thresh)
[0m[33m[init]: failed static init: no accel jerk detected, platform moving too much
[0m[34m[TIME]: 0.0119 seconds total (83.8 hz, 10.00 ms behind)
[0m[33m[init]: disparity is 38.989,20.796 (10.00 thresh)
[0m[33m[init]: failed static init: no accel jerk detected, platform moving too much
[0m[34m[TIME]: 0.0077 seconds total (130.6 hz, 10.00 ms behind)
[0m[33m[init]: disparity is 38.655,22.779 (10.00 thresh)
[0m[33m[init]: failed static init: no accel jerk detected, platform moving too much
[0m[34m[TIME]: 0.0055 seconds total (181.7 hz, 7.60 ms behind)
[0m[33m[init]: disparity is 40.073,23.645 (10.00 thresh)
[0m[33m[init]: failed static init: no accel jerk detected, platform moving too much
[0m[34m[TIME]: 0.0050 seconds total (199.6 hz, 10.00 ms behind)
[0m[33m[init]: disparity is 39.510,24.614 (10.00 thresh)
[0m[33m[init]: failed static init: no accel jerk detected, platform moving too much
[0m[34m[TIME]: 0.0067 seconds total (149.1 hz, 10.00 ms behind)
[0m[33m[init]: disparity is 38.562,26.213 (10.00 thresh)
[0m[33m[init]: failed static init: no accel jerk detected, platform moving too much
[0m[34m[TIME]: 0.0065 seconds total (154.1 hz, 10.00 ms behind)
[0m[33m[init]: disparity is 40.098,27.177 (10.00 thresh)
[0m[33m[init]: failed static init: no accel jerk detected, platform moving too much
[0m[34m[TIME]: 0.0049 seconds total (203.3 hz, 10.00 ms behind)
[0m[33m[init]: disparity is 40.650,28.161 (10.00 thresh)
[0m[33m[init]: failed static init: no accel jerk detected, platform moving too much
[0m[34m[TIME]: 0.0049 seconds total (204.7 hz, 7.60 ms behind)
[0m[33m[init]: disparity is 38.000,28.824 (10.00 thresh)
[0m[33m[init]: failed static init: no accel jerk detected, platform moving too much
[0m[34m[TIME]: 0.0065 seconds total (153.3 hz, 7.60 ms behind)
[0m[33m[init]: disparity is 37.102,29.474 (10.00 thresh)
[0m[33m[init]: failed static init: no accel jerk detected, platform moving too much
[0m[34m[TIME]: 0.0051 seconds total (196.8 hz, 10.00 ms behind)
[0m[33m[init]: disparity is 38.554,29.892 (10.00 thresh)
[0m[33m[init]: failed static init: no accel jerk detected, platform moving too much
[0m[34m[TIME]: 0.0101 seconds total (99.1 hz, 10.00 ms behind)
[0m[33m[init]: disparity is 38.288,30.464 (10.00 thresh)
[0m[33m[init]: failed static init: no accel jerk detected, platform moving too much
[0m[34m[TIME]: 0.0069 seconds total (144.4 hz, 10.00 ms behind)
[0m[33m[init]: disparity is 37.403,30.971 (10.00 thresh)
[0m[33m[init]: failed static init: no accel jerk detected, platform moving too much
[0m[34m[TIME]: 0.0049 seconds total (204.5 hz, 7.60 ms behind)
[0m[33m[init]: disparity is 38.989,33.901 (10.00 thresh)
[0m[33m[init]: failed static init: no accel jerk detected, platform moving too much
[0m[34m[TIME]: 0.0078 seconds total (128.2 hz, 10.00 ms behind)
[0m[33m[init]: disparity is 37.405,35.301 (10.00 thresh)
[0m[33m[init]: failed static init: no accel jerk detected, platform moving too much
[0m[34m[TIME]: 0.0048 seconds total (208.5 hz, 7.60 ms behind)
[0m[33m[init]: disparity is 36.505,36.608 (10.00 thresh)
[0m[33m[init]: failed static init: no accel jerk detected, platform moving too much
[0m[34m[TIME]: 0.0051 seconds total (196.9 hz, 10.00 ms behind)
[0m[33m[init]: disparity is 37.206,35.147 (10.00 thresh)
[0m[33m[init]: failed static init: no accel jerk detected, platform moving too much
[0m[34m[TIME]: 0.0058 seconds total (172.0 hz, 7.60 ms behind)
[0m[33m[init]: disparity is 37.075,34.015 (10.00 thresh)
[0m[33m[init]: failed static init: no accel jerk detected, platform moving too much
[0m[34m[TIME]: 0.0047 seconds total (213.5 hz, 7.60 ms behind)
[0m[33m[init]: disparity is 17.328,32.823 (10.00 thresh)
[0m[33m[init]: failed static init: no accel jerk detected, platform moving too much
[0m[34m[TIME]: 0.0049 seconds total (206.0 hz, 6.80 ms behind)
[0m[33m[init]: disparity is 18.637,31.681 (10.00 thresh)
[0m[33m[init]: failed static init: no accel jerk detected, platform moving too much
[0m[34m[TIME]: 0.0052 seconds total (193.2 hz, 10.00 ms behind)
[0m[33m[init]: disparity is 21.129,34.904 (10.00 thresh)
[0m[33m[init]: failed static init: no accel jerk detected, platform moving too much
[0m[34m[TIME]: 0.0056 seconds total (178.5 hz, 10.00 ms behind)
[0m[33m[init]: disparity is 21.884,33.533 (10.00 thresh)
[0m[33m[init]: failed static init: no accel jerk detected, platform moving too much
[0m[34m[TIME]: 0.0055 seconds total (182.7 hz, 10.00 ms behind)
[0m[33m[init]: disparity is 24.088,33.253 (10.00 thresh)
[0m[33m[init]: failed static init: no accel jerk detected, platform moving too much
[0m[34m[TIME]: 0.0043 seconds total (230.6 hz, 10.00 ms behind)
[0m[33m[init]: disparity is 25.788,33.569 (10.00 thresh)
[0m[33m[init]: failed static init: no accel jerk detected, platform moving too much
[0m[34m[TIME]: 0.0042 seconds total (236.9 hz, 10.00 ms behind)
[0m[33m[init]: disparity is 26.444,33.689 (10.00 thresh)
[0m[33m[init]: failed static init: no accel jerk detected, platform moving too much
[0m[34m[TIME]: 0.0059 seconds total (170.3 hz, 7.60 ms behind)
[0m[33m[init]: disparity is 27.207,34.154 (10.00 thresh)
[0m[33m[init]: failed static init: no accel jerk detected, platform moving too much
[0m[34m[TIME]: 0.0042 seconds total (240.8 hz, 7.60 ms behind)
[0m[33m[init]: disparity is 28.940,35.224 (10.00 thresh)
[0m[33m[init]: failed static init: no accel jerk detected, platform moving too much
[0m[34m[TIME]: 0.0056 seconds total (178.8 hz, 7.60 ms behind)
[0m[33m[init]: disparity is 29.374,35.260 (10.00 thresh)
[0m[33m[init]: failed static init: no accel jerk detected, platform moving too much
[0m[34m[TIME]: 0.0047 seconds total (214.8 hz, 7.60 ms behind)
[0m[33m[init]: disparity is 30.130,35.888 (10.00 thresh)
[0m[33m[init]: failed static init: no accel jerk detected, platform moving too much
[0m[34m[TIME]: 0.0049 seconds total (202.1 hz, 10.00 ms behind)
[0m[33m[init]: disparity is 30.797,35.386 (10.00 thresh)
[0m[33m[init]: failed static init: no accel jerk detected, platform moving too much
[0m[34m[TIME]: 0.0041 seconds total (242.0 hz, 10.00 ms behind)
[0m[33m[init]: disparity is 32.021,35.089 (10.00 thresh)
[0m[33m[init]: failed static init: no accel jerk detected, platform moving too much
[0m[34m[TIME]: 0.0055 seconds total (182.5 hz, 10.00 ms behind)
[0m[33m[init]: disparity is 31.379,35.643 (10.00 thresh)
[0m[33m[init]: failed static init: no accel jerk detected, platform moving too much
[0m[34m[TIME]: 0.0156 seconds total (64.1 hz, 7.60 ms behind)
[0m[33m[init]: disparity is 31.777,35.880 (10.00 thresh)
[0m[33m[init]: failed static init: no accel jerk detected, platform moving too much
[0m[34m[TIME]: 0.0158 seconds total (63.5 hz, 10.00 ms behind)
[0m[33m[init]: disparity is 32.916,38.153 (10.00 thresh)
[0m[33m[init]: failed static init: no accel jerk detected, platform moving too much
[0m[34m[TIME]: 0.0084 seconds total (119.4 hz, 10.00 ms behind)
[0m[33m[init]: disparity is 33.393,40.795 (10.00 thresh)
[0m[33m[init]: failed static init: no accel jerk detected, platform moving too much
[0m[34m[TIME]: 0.0059 seconds total (168.2 hz, 10.00 ms behind)
[0m[33m[init]: disparity is 36.433,42.281 (10.00 thresh)
[0m[33m[init]: failed static init: no accel jerk detected, platform moving too much
[0m[34m[TIME]: 0.0047 seconds total (212.2 hz, 10.00 ms behind)
[0m[33m[init]: disparity is 37.699,27.884 (10.00 thresh)
[0m[33m[init]: failed static init: no accel jerk detected, platform moving too much
[0m[34m[TIME]: 0.0045 seconds total (221.2 hz, 10.00 ms behind)
[0m[33m[init]: disparity is 39.097,32.388 (10.00 thresh)
[0m[33m[init]: failed static init: no accel jerk detected, platform moving too much
[0m[34m[TIME]: 0.0039 seconds total (257.3 hz, 10.00 ms behind)
[0m[33m[init]: disparity is 38.035,37.597 (10.00 thresh)
[0m[33m[init]: failed static init: no accel jerk detected, platform moving too much
[0m[34m[TIME]: 0.0038 seconds total (260.7 hz, 10.00 ms behind)
[0m[33m[init]: disparity is 37.103,41.053 (10.00 thresh)
[0m[33m[init]: failed static init: no accel jerk detected, platform moving too much
[0m[34m[TIME]: 0.0040 seconds total (250.2 hz, 10.00 ms behind)
[0m[33m[init]: disparity is 38.828,43.926 (10.00 thresh)
[0m[33m[init]: failed static init: no accel jerk detected, platform moving too much
[0m[34m[TIME]: 0.0041 seconds total (246.6 hz, 10.00 ms behind)
[0m[33m[init]: disparity is 34.419,46.923 (10.00 thresh)
[0m[33m[init]: failed static init: no accel jerk detected, platform moving too much
[0m[34m[TIME]: 0.0037 seconds total (268.0 hz, 10.00 ms behind)
[0m[33m[init]: disparity is 37.593,49.846 (10.00 thresh)
[0m[33m[init]: failed static init: no accel jerk detected, platform moving too much
[0m[34m[TIME]: 0.0039 seconds total (256.1 hz, 10.00 ms behind)
[0m[33m[init]: disparity is 39.039,51.646 (10.00 thresh)
[0m[33m[init]: failed static init: no accel jerk detected, platform moving too much
[0m[34m[TIME]: 0.0041 seconds total (245.8 hz, 10.00 ms behind)
[0m[33m[init]: disparity is 36.328,53.640 (10.00 thresh)
[0m[33m[init]: failed static init: no accel jerk detected, platform moving too much
[0m[34m[TIME]: 0.0037 seconds total (273.3 hz, 10.00 ms behind)
[0m[33m[init]: disparity is 36.551,56.032 (10.00 thresh)
[0m[33m[init]: failed static init: no accel jerk detected, platform moving too much
[0m[34m[TIME]: 0.0038 seconds total (260.7 hz, 10.00 ms behind)
[0m[33m[init]: disparity is 37.928,58.506 (10.00 thresh)
[0m[33m[init]: failed static init: no accel jerk detected, platform moving too much
[0m[34m[TIME]: 0.0042 seconds total (237.6 hz, 7.60 ms behind)
[0m[33m[init]: disparity is 38.046,61.715 (10.00 thresh)
[0m[33m[init]: failed static init: no accel jerk detected, platform moving too much
[0m[34m[TIME]: 0.0047 seconds total (211.8 hz, 10.00 ms behind)
[0m[33m[init]: disparity is 38.849,64.218 (10.00 thresh)
[0m[33m[init]: failed static init: no accel jerk detected, platform moving too much
[0m[34m[TIME]: 0.0038 seconds total (264.8 hz, 10.00 ms behind)
[0m[33m[init]: disparity is 37.937,66.382 (10.00 thresh)
[0m[33m[init]: failed static init: no accel jerk detected, platform moving too much
[0m[34m[TIME]: 0.0073 seconds total (137.4 hz, 10.00 ms behind)
[0m[33m[init]: disparity is 39.578,69.854 (10.00 thresh)
[0m[33m[init]: failed static init: no accel jerk detected, platform moving too much
[0m[34m[TIME]: 0.0069 seconds total (144.7 hz, 10.00 ms behind)
[0m[33m[init]: disparity is 38.925,74.721 (10.00 thresh)
[0m[33m[init]: failed static init: no accel jerk detected, platform moving too much
[0m[34m[TIME]: 0.0063 seconds total (159.0 hz, 10.00 ms behind)
[0m[33m[init]: disparity is 39.159,76.103 (10.00 thresh)
[0m[33m[init]: failed static init: no accel jerk detected, platform moving too much
[0m[34m[TIME]: 0.0043 seconds total (230.9 hz, 10.00 ms behind)
[0m[33m[init]: disparity is 42.903,52.058 (10.00 thresh)
[0m[33m[init]: failed static init: no accel jerk detected, platform moving too much
[0m[34m[TIME]: 0.0048 seconds total (209.1 hz, 10.00 ms behind)
[0m[33m[init]: disparity is 43.316,58.653 (10.00 thresh)
[0m[33m[init]: failed static init: no accel jerk detected, platform moving too much
[0m[34m[TIME]: 0.0304 seconds total (32.8 hz, 10.00 ms behind)
[0m[33m[init]: disparity is 45.576,62.436 (10.00 thresh)
[0m[33m[init]: failed static init: no accel jerk detected, platform moving too much
[0m[34m[TIME]: 0.0067 seconds total (149.3 hz, 8.80 ms behind)
[0m[33m[init]: disparity is 35.213,64.781 (10.00 thresh)
[0m[33m[init]: failed static init: no accel jerk detected, platform moving too much
[0m[34m[TIME]: 0.0044 seconds total (229.3 hz, 10.00 ms behind)
[0m[33m[init]: disparity is 38.948,68.869 (10.00 thresh)
[0m[33m[init]: failed static init: no accel jerk detected, platform moving too much
[0m[34m[TIME]: 0.0041 seconds total (245.8 hz, 7.60 ms behind)
[0m[33m[init]: disparity is 38.948,74.930 (10.00 thresh)
[0m[33m[init]: failed static init: no accel jerk detected, platform moving too much
[0m[34m[TIME]: 0.0172 seconds total (58.2 hz, 7.60 ms behind)
[0m[33m[init]: disparity is 41.690,76.485 (10.00 thresh)
[0m[33m[init]: failed static init: no accel jerk detected, platform moving too much
[0m[34m[TIME]: 0.0077 seconds total (130.0 hz, 10.00 ms behind)
[0m[33m[init]: disparity is 45.085,75.598 (10.00 thresh)
[0m[33m[init]: failed static init: no accel jerk detected, platform moving too much
[0m[34m[TIME]: 0.0056 seconds total (179.1 hz, 10.00 ms behind)
[0m[33m[init]: disparity is 49.162,78.124 (10.00 thresh)
[0m[33m[init]: failed static init: no accel jerk detected, platform moving too much
[0m[34m[TIME]: 0.0056 seconds total (179.0 hz, 9.20 ms behind)
[0m[33m[init]: disparity is 50.678,55.048 (10.00 thresh)
[0m[33m[init]: failed static init: no accel jerk detected, platform moving too much
[0m[34m[TIME]: 0.0045 seconds total (220.6 hz, 10.00 ms behind)
[0m[33m[init]: disparity is 53.266,58.180 (10.00 thresh)
[0m[33m[init]: failed static init: no accel jerk detected, platform moving too much
[0m[34m[TIME]: 0.0048 seconds total (209.7 hz, 10.00 ms behind)
[0m[33m[init]: disparity is 55.358,61.013 (10.00 thresh)
[0m[33m[init]: failed static init: no accel jerk detected, platform moving too much
[0m[34m[TIME]: 0.0047 seconds total (211.2 hz, 10.00 ms behind)
[0m[33m[init]: disparity is 57.406,64.451 (10.00 thresh)
[0m[33m[init]: failed static init: no accel jerk detected, platform moving too much
[0m[34m[TIME]: 0.0044 seconds total (228.4 hz, 7.60 ms behind)
[0m[33m[init]: disparity is 63.669,68.457 (10.00 thresh)
[0m[33m[init]: failed static init: no accel jerk detected, platform moving too much
[0m[34m[TIME]: 0.0047 seconds total (212.1 hz, 10.00 ms behind)
[0m[33m[init]: disparity is 65.873,71.847 (10.00 thresh)
[0m[33m[init]: failed static init: no accel jerk detected, platform moving too much
[0m[34m[TIME]: 0.0050 seconds total (198.3 hz, 10.00 ms behind)
[0m[33m[init]: disparity is 65.873,74.954 (10.00 thresh)
[0m[33m[init]: failed static init: no accel jerk detected, platform moving too much
[0m[34m[TIME]: 0.0044 seconds total (229.8 hz, 10.00 ms behind)
[0m[33m[init]: disparity is 67.093,76.708 (10.00 thresh)
[0m[33m[init]: failed static init: no accel jerk detected, platform moving too much
[0m[34m[TIME]: 0.0037 seconds total (267.4 hz, 7.60 ms behind)
[0m[33m[init]: disparity is 70.340,79.965 (10.00 thresh)
[0m[33m[init]: failed static init: no accel jerk detected, platform moving too much
[0m[34m[TIME]: 0.0141 seconds total (71.1 hz, 10.00 ms behind)
[0m[33m[init]: disparity is 72.881,82.942 (10.00 thresh)
[0m[33m[init]: failed static init: no accel jerk detected, platform moving too much
[0m[34m[TIME]: 0.0073 seconds total (136.7 hz, 10.00 ms behind)
[0m[33m[init]: disparity is 75.008,80.523 (10.00 thresh)
[0m[33m[init]: failed static init: no accel jerk detected, platform moving too much
[0m[34m[TIME]: 0.0059 seconds total (170.4 hz, 10.00 ms behind)
[0m[33m[init]: disparity is 53.022,85.347 (10.00 thresh)
[0m[33m[init]: failed static init: no accel jerk detected, platform moving too much
[0m[34m[TIME]: 0.0047 seconds total (214.0 hz, 10.00 ms behind)
[0m[33m[init]: disparity is 57.669,63.403 (10.00 thresh)
[0m[33m[init]: failed static init: no accel jerk detected, platform moving too much
[0m[34m[TIME]: 0.0047 seconds total (214.0 hz, 10.00 ms behind)
[0m[33m[init]: disparity is 62.593,67.185 (10.00 thresh)
[0m[33m[init]: failed static init: no accel jerk detected, platform moving too much
[0m[34m[TIME]: 0.0043 seconds total (233.4 hz, 7.60 ms behind)
[0m[33m[init]: disparity is 70.727,72.111 (10.00 thresh)
[0m[33m[init]: failed static init: no accel jerk detected, platform moving too much
[0m[34m[TIME]: 0.0043 seconds total (232.8 hz, 10.00 ms behind)
[0m[33m[init]: disparity is 74.714,81.908 (10.00 thresh)
[0m[33m[init]: failed static init: no accel jerk detected, platform moving too much
[0m[34m[TIME]: 0.0038 seconds total (263.2 hz, 10.00 ms behind)
[0m[33m[init]: disparity is 80.591,86.492 (10.00 thresh)
[0m[33m[init]: failed static init: no accel jerk detected, platform moving too much
[0m[34m[TIME]: 0.0162 seconds total (61.8 hz, 7.60 ms behind)
[0m[33m[init]: disparity is 81.091,93.419 (10.00 thresh)
[0m[33m[init]: failed static init: no accel jerk detected, platform moving too much
[0m[34m[TIME]: 0.0145 seconds total (68.8 hz, 10.00 ms behind)
[0m[33m[init]: disparity is 81.175,94.799 (10.00 thresh)
[0m[33m[init]: failed static init: no accel jerk detected, platform moving too much
[0m[34m[TIME]: 0.0064 seconds total (157.0 hz, 10.00 ms behind)
[0m[33m[init]: disparity is 81.007,98.954 (10.00 thresh)
[0m[33m[init]: failed static init: no accel jerk detected, platform moving too much
[0m[34m[TIME]: 0.0041 seconds total (243.5 hz, 10.00 ms behind)
[0m[33m[init]: disparity is 57.540,104.166 (10.00 thresh)
[0m[33m[init]: failed static init: no accel jerk detected, platform moving too much
[0m[34m[TIME]: 0.0037 seconds total (274.0 hz, 9.60 ms behind)
[0m[33m[init]: disparity is 62.161,80.806 (10.00 thresh)
[0m[33m[init]: failed static init: no accel jerk detected, platform moving too much
[0m[34m[TIME]: 0.0057 seconds total (174.2 hz, 10.00 ms behind)
[0m[33m[init]: disparity is 65.000,89.855 (10.00 thresh)
[0m[33m[init]: failed static init: no accel jerk detected, platform moving too much
[0m[34m[TIME]: 0.0077 seconds total (130.3 hz, 7.60 ms behind)
[0m[33m[init]: disparity is 67.367,96.582 (10.00 thresh)
[0m[33m[init]: failed static init: no accel jerk detected, platform moving too much
[0m[34m[TIME]: 0.0192 seconds total (52.1 hz, 10.00 ms behind)
[0m[33m[init]: disparity is 68.953,102.791 (10.00 thresh)
[0m[33m[init]: failed static init: no accel jerk detected, platform moving too much
[0m[34m[TIME]: 0.0045 seconds total (221.0 hz, 10.00 ms behind)
[0m[33m[init]: disparity is 72.894,93.078 (10.00 thresh)
[0m[33m[init]: failed static init: no accel jerk detected, platform moving too much
[0m[34m[TIME]: 0.0054 seconds total (185.9 hz, 10.00 ms behind)
[0m[33m[init]: disparity is 75.900,87.196 (10.00 thresh)
[0m[33m[init]: failed static init: no accel jerk detected, platform moving too much
[0m[34m[TIME]: 0.0046 seconds total (215.9 hz, 10.00 ms behind)
[0m[33m[init]: disparity is 77.688,96.962 (10.00 thresh)
[0m[33m[init]: failed static init: no accel jerk detected, platform moving too much
[0m[34m[TIME]: 0.0052 seconds total (192.3 hz, 10.00 ms behind)
[0m[33m[init]: disparity is 80.537,94.256 (10.00 thresh)
[0m[33m[init]: failed static init: no accel jerk detected, platform moving too much
[0m[34m[TIME]: 0.0172 seconds total (58.1 hz, 7.60 ms behind)
[0m[33m[init]: disparity is 83.525,99.516 (10.00 thresh)
[0m[33m[init]: failed static init: no accel jerk detected, platform moving too much
[0m[34m[TIME]: 0.0055 seconds total (182.1 hz, 10.00 ms behind)
[0m[33m[init]: disparity is 85.741,101.205 (10.00 thresh)
[0m[33m[init]: failed static init: no accel jerk detected, platform moving too much
[0m[34m[TIME]: 0.0078 seconds total (128.6 hz, 10.00 ms behind)
[0m[33m[init]: disparity is 88.666,104.575 (10.00 thresh)
[0m[33m[init]: failed static init: no accel jerk detected, platform moving too much
[0m[34m[TIME]: 0.0200 seconds total (49.9 hz, 10.00 ms behind)
[0m[33m[init]: disparity is 65.700,99.541 (10.00 thresh)
[0m[33m[init]: failed static init: no accel jerk detected, platform moving too much
[0m[34m[TIME]: 0.0198 seconds total (50.6 hz, 10.00 ms behind)
[0m[33m[init]: disparity is 70.584,105.201 (10.00 thresh)
[0m[33m[init]: failed static init: no accel jerk detected, platform moving too much
[0m[34m[TIME]: 0.0266 seconds total (37.6 hz, 10.00 ms behind)
[0m[33m[init]: disparity is 73.138,105.608 (10.00 thresh)
[0m[33m[init]: failed static init: no accel jerk detected, platform moving too much
[0m[34m[TIME]: 0.0163 seconds total (61.2 hz, 10.00 ms behind)
[0m[33m[init]: disparity is 77.302,103.957 (10.00 thresh)
[0m[33m[init]: failed static init: no accel jerk detected, platform moving too much
[0m[34m[TIME]: 0.0180 seconds total (55.6 hz, 7.60 ms behind)
[0m[33m[init]: disparity is 82.882,104.337 (10.00 thresh)
[0m[33m[init]: failed static init: no accel jerk detected, platform moving too much
[0m[34m[TIME]: 0.0164 seconds total (61.1 hz, 10.00 ms behind)
[0m[33m[init]: disparity is 88.017,103.947 (10.00 thresh)
[0m[33m[init]: failed static init: no accel jerk detected, platform moving too much
[0m[34m[TIME]: 0.0038 seconds total (261.2 hz, 10.00 ms behind)
[0m[33m[init]: disparity is 88.017,103.947 (10.00 thresh)
[0m[33m[init]: failed static init: no accel jerk detected, platform moving too much
[0m[34m[TIME]: 0.0059 seconds total (168.8 hz, 10.00 ms behind)
[0m[33m[init]: disparity is 88.017,103.947 (10.00 thresh)
[0m[33m[init]: failed static init: no accel jerk detected, platform moving too much
[0m[34m[TIME]: 0.0247 seconds total (40.5 hz, 7.60 ms behind)
[0m[33m[init]: disparity is 103.502,96.991 (10.00 thresh)
[0m[33m[init]: failed static init: no accel jerk detected, platform moving too much
[0m[34m[TIME]: 0.0139 seconds total (72.1 hz, 10.00 ms behind)
[0m[33m[init]: disparity is 84.818,99.068 (10.00 thresh)
[0m[33m[init]: failed static init: no accel jerk detected, platform moving too much
[0m[34m[TIME]: 0.0040 seconds total (250.2 hz, 10.00 ms behind)
[0m[33m[init]: disparity is 84.818,99.068 (10.00 thresh)
[0m[33m[init]: failed static init: no accel jerk detected, platform moving too much
[0m[34m[TIME]: 0.0033 seconds total (300.3 hz, 10.00 ms behind)
[0m[33m[init]: disparity is 84.818,99.068 (10.00 thresh)
[0m[33m[init]: failed static init: no accel jerk detected, platform moving too much
[0m[34m[TIME]: 0.0032 seconds total (309.4 hz, 10.00 ms behind)
[0m[33m[init]: disparity is 84.818,99.068 (10.00 thresh)
[0m[33m[init]: failed static init: no accel jerk detected, platform moving too much
[0m[34m[TIME]: 0.0031 seconds total (326.9 hz, 10.00 ms behind)
[0m[33m[init]: disparity is 84.818,99.068 (10.00 thresh)
[0m[33m[init]: failed static init: no accel jerk detected, platform moving too much
[0m[34m[TIME]: 0.0030 seconds total (330.1 hz, 10.00 ms behind)
[0m[33m[init]: disparity is 84.818,99.068 (10.00 thresh)
[0m[33m[init]: failed static init: no accel jerk detected, platform moving too much
[0m[34m[TIME]: 0.0034 seconds total (297.1 hz, 10.00 ms behind)
[0m[33m[init]: disparity is 84.818,99.068 (10.00 thresh)
[0m[33m[init]: failed static init: no accel jerk detected, platform moving too much
[0m[34m[TIME]: 0.0030 seconds total (330.0 hz, 10.00 ms behind)
[0m[33m[init]: disparity is 84.818,99.068 (10.00 thresh)
[0m[33m[init]: failed static init: no accel jerk detected, platform moving too much
[0m[34m[TIME]: 0.0038 seconds total (259.9 hz, 7.60 ms behind)
[0m[33m[init]: disparity is 84.818,99.068 (10.00 thresh)
[0m[33m[init]: failed static init: no accel jerk detected, platform moving too much
[0m[34m[TIME]: 0.0049 seconds total (204.2 hz, 10.00 ms behind)
[0m[33m[init]: disparity is 84.818,99.068 (10.00 thresh)
[0m[33m[init]: failed static init: no accel jerk detected, platform moving too much
[0m[34m[TIME]: 0.0041 seconds total (245.6 hz, 10.00 ms behind)
[0m[33m[init]: disparity is 84.818,99.068 (10.00 thresh)
[0m[33m[init]: failed static init: no accel jerk detected, platform moving too much
[0m[34m[TIME]: 0.0035 seconds total (287.4 hz, 7.60 ms behind)
[0m[33m[init]: disparity is 84.818,99.068 (10.00 thresh)
[0m[33m[init]: failed static init: no accel jerk detected, platform moving too much
[0m[34m[TIME]: 0.0041 seconds total (244.6 hz, 10.00 ms behind)
[0m[33m[init]: disparity is 84.818,99.068 (10.00 thresh)
[0m[33m[init]: failed static init: no accel jerk detected, platform moving too much
[0m[34m[TIME]: 0.0034 seconds total (290.4 hz, 10.00 ms behind)
[0m[33m[init]: disparity is 84.818,99.068 (10.00 thresh)
[0m[33m[init]: failed static init: no accel jerk detected, platform moving too much
[0m[34m[TIME]: 0.0039 seconds total (257.8 hz, 7.60 ms behind)
[0m[33m[init]: disparity is 84.818,99.068 (10.00 thresh)
[0m[33m[init]: failed static init: no accel jerk detected, platform moving too much
[0m[34m[TIME]: 0.0041 seconds total (245.9 hz, 7.60 ms behind)
[0m[33m[init]: disparity is 84.818,99.068 (10.00 thresh)
[0m[33m[init]: failed static init: no accel jerk detected, platform moving too much
[0m[34m[TIME]: 0.0036 seconds total (276.1 hz, 7.60 ms behind)
[0m[33m[init]: disparity is 84.818,99.068 (10.00 thresh)
[0m[33m[init]: failed static init: no accel jerk detected, platform moving too much
[0m[34m[TIME]: 0.0030 seconds total (333.1 hz, 7.60 ms behind)
[0m[33m[init]: disparity is 84.818,99.068 (10.00 thresh)
[0m[33m[init]: failed static init: no accel jerk detected, platform moving too much
[0m[34m[TIME]: 0.0040 seconds total (248.9 hz, 10.00 ms behind)
[0m[33m[init]: disparity is 84.818,99.068 (10.00 thresh)
[0m[33m[init]: failed static init: no accel jerk detected, platform moving too much
[0m[34m[TIME]: 0.0045 seconds total (220.0 hz, 10.00 ms behind)
[0m[33m[init]: disparity is 84.818,99.068 (10.00 thresh)
[0m[33m[init]: failed static init: no accel jerk detected, platform moving too much
[0m[34m[TIME]: 0.0034 seconds total (291.3 hz, 10.00 ms behind)
[0m[33m[init]: disparity is 84.818,99.068 (10.00 thresh)
[0m[33m[init]: failed static init: no accel jerk detected, platform moving too much
[0m[34m[TIME]: 0.0039 seconds total (254.6 hz, 7.60 ms behind)
[0m[33m[init]: disparity is 84.818,99.068 (10.00 thresh)
[0m[33m[init]: failed static init: no accel jerk detected, platform moving too much
[0m[34m[TIME]: 0.0037 seconds total (272.0 hz, 7.60 ms behind)
[0m[33m[init]: disparity is 84.818,99.068 (10.00 thresh)
[0m[33m[init]: failed static init: no accel jerk detected, platform moving too much
[0m[34m[TIME]: 0.0031 seconds total (327.0 hz, 10.00 ms behind)
[0m[33m[init]: disparity is 84.818,99.068 (10.00 thresh)
[0m[33m[init]: failed static init: no accel jerk detected, platform moving too much
[0m[34m[TIME]: 0.0035 seconds total (286.7 hz, 10.00 ms behind)
[0m[33m[init]: disparity is 84.818,99.068 (10.00 thresh)
[0m[33m[init]: failed static init: no accel jerk detected, platform moving too much
[0m[34m[TIME]: 0.0029 seconds total (346.1 hz, 10.00 ms behind)
[0m[33m[init]: disparity is 84.818,99.068 (10.00 thresh)
[0m[33m[init]: failed static init: no accel jerk detected, platform moving too much
[0m[34m[TIME]: 0.0035 seconds total (288.9 hz, 10.00 ms behind)
[0m[33m[init]: disparity is 84.818,99.068 (10.00 thresh)
[0m[33m[init]: failed static init: no accel jerk detected, platform moving too much
[0m[34m[TIME]: 0.0029 seconds total (347.7 hz, 10.00 ms behind)
[0m[33m[init]: disparity is 84.818,99.068 (10.00 thresh)
[0m[33m[init]: failed static init: no accel jerk detected, platform moving too much
[0m[34m[TIME]: 0.0033 seconds total (302.9 hz, 10.00 ms behind)
[0m[33m[init]: disparity is 84.818,99.068 (10.00 thresh)
[0m[33m[init]: failed static init: no accel jerk detected, platform moving too much
[0m[34m[TIME]: 0.0029 seconds total (339.6 hz, 7.60 ms behind)
[0m[33m[init]: disparity is 84.818,99.068 (10.00 thresh)
[0m[33m[init]: failed static init: no accel jerk detected, platform moving too much
[0m[34m[TIME]: 0.0030 seconds total (336.7 hz, 7.60 ms behind)
[0m[33m[init]: disparity is 84.818,99.068 (10.00 thresh)
[0m[33m[init]: failed static init: no accel jerk detected, platform moving too much
[0m[34m[TIME]: 0.0032 seconds total (309.9 hz, 10.00 ms behind)
[0m[33m[init]: disparity is 84.818,99.068 (10.00 thresh)
[0m[33m[init]: failed static init: no accel jerk detected, platform moving too much
[0m[34m[TIME]: 0.0040 seconds total (247.4 hz, 10.00 ms behind)
[0m[33m[init]: disparity is 84.818,99.068 (10.00 thresh)
[0m[33m[init]: failed static init: no accel jerk detected, platform moving too much
[0m[34m[TIME]: 0.0034 seconds total (295.4 hz, 7.60 ms behind)
[0m[33m[init]: disparity is 84.818,99.068 (10.00 thresh)
[0m[33m[init]: failed static init: no accel jerk detected, platform moving too much
[0m[34m[TIME]: 0.0033 seconds total (306.7 hz, 7.60 ms behind)
[0m[33m[init]: disparity is 84.818,99.068 (10.00 thresh)
[0m[33m[init]: failed static init: no accel jerk detected, platform moving too much
[0m[34m[TIME]: 0.0040 seconds total (248.0 hz, 10.00 ms behind)
[0m[33m[init]: disparity is 84.818,99.068 (10.00 thresh)
[0m[33m[init]: failed static init: no accel jerk detected, platform moving too much
[0m[34m[TIME]: 0.0043 seconds total (232.6 hz, 10.00 ms behind)
[0m[33m[init]: disparity is 84.818,99.068 (10.00 thresh)
[0m[33m[init]: failed static init: no accel jerk detected, platform moving too much
[0m[34m[TIME]: 0.0038 seconds total (264.7 hz, 7.60 ms behind)
[0m[33m[init]: disparity is 84.818,99.068 (10.00 thresh)
[0m[33m[init]: failed static init: no accel jerk detected, platform moving too much
[0m[34m[TIME]: 0.0041 seconds total (246.5 hz, 10.00 ms behind)
[0m[33m[init]: disparity is 84.818,99.068 (10.00 thresh)
[0m[33m[init]: failed static init: no accel jerk detected, platform moving too much
[0m[34m[TIME]: 0.0033 seconds total (299.1 hz, 10.00 ms behind)
[0m[33m[init]: disparity is 84.818,99.068 (10.00 thresh)
[0m[33m[init]: failed static init: no accel jerk detected, platform moving too much
[0m[34m[TIME]: 0.0033 seconds total (302.5 hz, 10.00 ms behind)
[0m[33m[init]: disparity is 84.818,99.068 (10.00 thresh)
[0m[33m[init]: failed static init: no accel jerk detected, platform moving too much
[0m[34m[TIME]: 0.0042 seconds total (236.0 hz, 10.00 ms behind)
[0m[33m[init]: disparity is 84.818,99.068 (10.00 thresh)
[0m[33m[init]: failed static init: no accel jerk detected, platform moving too much
[0m[34m[TIME]: 0.0030 seconds total (333.9 hz, 10.00 ms behind)
[0m[33m[init]: disparity is 84.818,99.068 (10.00 thresh)
[0m[33m[init]: failed static init: no accel jerk detected, platform moving too much
[0m[34m[TIME]: 0.0034 seconds total (291.0 hz, 10.00 ms behind)
[0m[33m[init]: disparity is 84.818,99.068 (10.00 thresh)
[0m[33m[init]: failed static init: no accel jerk detected, platform moving too much
[0m[34m[TIME]: 0.0039 seconds total (256.1 hz, 10.00 ms behind)
[0m[33m[init]: disparity is 84.818,99.068 (10.00 thresh)
[0m[33m[init]: failed static init: no accel jerk detected, platform moving too much
[0m[34m[TIME]: 0.0035 seconds total (287.7 hz, 10.00 ms behind)
[0m[33m[init]: disparity is 84.818,99.068 (10.00 thresh)
[0m[33m[init]: failed static init: no accel jerk detected, platform moving too much
[0m[34m[TIME]: 0.0033 seconds total (302.7 hz, 10.00 ms behind)
[0m[33m[init]: disparity is 84.818,99.068 (10.00 thresh)
[0m[33m[init]: failed static init: no accel jerk detected, platform moving too much
[0m[34m[TIME]: 0.0032 seconds total (311.8 hz, 10.00 ms behind)
[0m[33m[init]: disparity is 84.818,99.068 (10.00 thresh)
[0m[33m[init]: failed static init: no accel jerk detected, platform moving too much
[0m[34m[TIME]: 0.0039 seconds total (258.6 hz, 10.00 ms behind)
[0m[33m[init]: disparity is 84.818,99.068 (10.00 thresh)
[0m[33m[init]: failed static init: no accel jerk detected, platform moving too much
[0m[34m[TIME]: 0.0032 seconds total (314.3 hz, 10.00 ms behind)
[0m[33m[init]: disparity is 84.818,99.068 (10.00 thresh)
[0m[33m[init]: failed static init: no accel jerk detected, platform moving too much
[0m[34m[TIME]: 0.0042 seconds total (238.4 hz, 10.00 ms behind)
[0m[33m[init]: disparity is 84.818,99.068 (10.00 thresh)
[0m[33m[init]: failed static init: no accel jerk detected, platform moving too much
[0m[34m[TIME]: 0.0035 seconds total (286.1 hz, 7.60 ms behind)
[0m[33m[init]: disparity is 84.818,99.068 (10.00 thresh)
[0m[33m[init]: failed static init: no accel jerk detected, platform moving too much
[0m[34m[TIME]: 0.0041 seconds total (246.1 hz, 7.60 ms behind)
[0m[33m[init]: disparity is 84.818,99.068 (10.00 thresh)
[0m[33m[init]: failed static init: no accel jerk detected, platform moving too much
[0m[34m[TIME]: 0.0046 seconds total (219.7 hz, 10.00 ms behind)
[0m[33m[init]: disparity is 84.818,99.068 (10.00 thresh)
[0m[33m[init]: failed static init: no accel jerk detected, platform moving too much
[0m[34m[TIME]: 0.0037 seconds total (267.6 hz, 10.00 ms behind)
[0m[33m[init]: disparity is 84.818,99.068 (10.00 thresh)
[0m[33m[init]: failed static init: no accel jerk detected, platform moving too much
[0m[34m[TIME]: 0.0031 seconds total (322.3 hz, 10.00 ms behind)
[0m[33m[init]: disparity is 84.818,99.068 (10.00 thresh)
[0m[33m[init]: failed static init: no accel jerk detected, platform moving too much
[0m[34m[TIME]: 0.0037 seconds total (269.3 hz, 10.00 ms behind)
[0m[33m[init]: disparity is 84.818,99.068 (10.00 thresh)
[0m[33m[init]: failed static init: no accel jerk detected, platform moving too much
[0m[34m[TIME]: 0.0030 seconds total (330.1 hz, 7.60 ms behind)
[0m[33m[init]: disparity is 84.818,99.068 (10.00 thresh)
[0m[33m[init]: failed static init: no accel jerk detected, platform moving too much
[0m[34m[TIME]: 0.0038 seconds total (261.6 hz, 10.00 ms behind)
[0m[33m[init]: disparity is 84.818,99.068 (10.00 thresh)
[0m[33m[init]: failed static init: no accel jerk detected, platform moving too much
[0m[34m[TIME]: 0.0030 seconds total (329.9 hz, 10.00 ms behind)
[0m[33m[init]: disparity is 84.818,99.068 (10.00 thresh)
[0m[33m[init]: failed static init: no accel jerk detected, platform moving too much
[0m[34m[TIME]: 0.0036 seconds total (281.6 hz, 10.00 ms behind)
[0m[33m[init]: disparity is 84.818,99.068 (10.00 thresh)
[0m[33m[init]: failed static init: no accel jerk detected, platform moving too much
[0m[34m[TIME]: 0.0028 seconds total (353.4 hz, 10.00 ms behind)
[0m[33m[init]: disparity is 84.818,99.068 (10.00 thresh)
[0m[33m[init]: failed static init: no accel jerk detected, platform moving too much
[0m[34m[TIME]: 0.0029 seconds total (349.8 hz, 10.00 ms behind)
[0m[33m[init]: disparity is 84.818,99.068 (10.00 thresh)
[0m[33m[init]: failed static init: no accel jerk detected, platform moving too much
[0m[34m[TIME]: 0.0035 seconds total (288.9 hz, 10.00 ms behind)
[0m[33m[init]: disparity is 84.818,99.068 (10.00 thresh)
[0m[33m[init]: failed static init: no accel jerk detected, platform moving too much
[0m[34m[TIME]: 0.0036 seconds total (279.0 hz, 10.00 ms behind)
[0m[33m[init]: disparity is 84.818,99.068 (10.00 thresh)
[0m[33m[init]: failed static init: no accel jerk detected, platform moving too much
[0m[34m[TIME]: 0.0026 seconds total (389.4 hz, 10.00 ms behind)
[0m[33m[init]: disparity is 84.818,99.068 (10.00 thresh)
[0m[33m[init]: failed static init: no accel jerk detected, platform moving too much
[0m[34m[TIME]: 0.0043 seconds total (230.3 hz, 10.00 ms behind)
[0m[33m[init]: disparity is 84.818,99.068 (10.00 thresh)
[0m[33m[init]: failed static init: no accel jerk detected, platform moving too much
[0m[34m[TIME]: 0.0033 seconds total (303.2 hz, 10.00 ms behind)
[0m[33m[init]: disparity is 84.818,99.068 (10.00 thresh)
[0m[33m[init]: failed static init: no accel jerk detected, platform moving too much
[0m[34m[TIME]: 0.0032 seconds total (316.8 hz, 10.00 ms behind)
[0m[33m[init]: disparity is 84.818,99.068 (10.00 thresh)
[0m[33m[init]: failed static init: no accel jerk detected, platform moving too much
[0m[34m[TIME]: 0.0034 seconds total (292.8 hz, 10.00 ms behind)
[0m[33m[init]: disparity is 84.818,99.068 (10.00 thresh)
[0m[33m[init]: failed static init: no accel jerk detected, platform moving too much
[0m[34m[TIME]: 0.0033 seconds total (305.0 hz, 10.00 ms behind)
[0m[33m[init]: disparity is 84.818,99.068 (10.00 thresh)
[0m[33m[init]: failed static init: no accel jerk detected, platform moving too much
[0m[34m[TIME]: 0.0031 seconds total (326.8 hz, 10.00 ms behind)
[0m[33m[init]: disparity is 84.818,99.068 (10.00 thresh)
[0m[33m[init]: failed static init: no accel jerk detected, platform moving too much
[0m[34m[TIME]: 0.0037 seconds total (271.7 hz, 10.00 ms behind)
[0m[33m[init]: disparity is 84.818,99.068 (10.00 thresh)
[0m[33m[init]: failed static init: no accel jerk detected, platform moving too much
[0m[34m[TIME]: 0.0032 seconds total (316.2 hz, 10.00 ms behind)
[0m[33m[init]: disparity is 84.818,99.068 (10.00 thresh)
[0m[33m[init]: failed static init: no accel jerk detected, platform moving too much
[0m[34m[TIME]: 0.0031 seconds total (326.5 hz, 8.00 ms behind)
[0m[33m[init]: disparity is 84.818,99.068 (10.00 thresh)
[0m[33m[init]: failed static init: no accel jerk detected, platform moving too much
[0m[34m[TIME]: 0.0030 seconds total (335.7 hz, 10.00 ms behind)
[0m[33m[init]: disparity is 84.818,99.068 (10.00 thresh)
[0m[33m[init]: failed static init: no accel jerk detected, platform moving too much
[0m[34m[TIME]: 0.0034 seconds total (297.2 hz, 10.00 ms behind)
[0m[33m[init]: disparity is 84.818,99.068 (10.00 thresh)
[0m[33m[init]: failed static init: no accel jerk detected, platform moving too much
[0m[34m[TIME]: 0.0032 seconds total (312.1 hz, 10.00 ms behind)
[0m[33m[init]: disparity is 84.818,99.068 (10.00 thresh)
[0m[33m[init]: failed static init: no accel jerk detected, platform moving too much
[0m[34m[TIME]: 0.0035 seconds total (283.8 hz, 10.00 ms behind)
[0m[33m[init]: disparity is 84.818,99.068 (10.00 thresh)
[0m[33m[init]: failed static init: no accel jerk detected, platform moving too much
[0m[34m[TIME]: 0.0035 seconds total (289.7 hz, 10.00 ms behind)
[0m[33m[init]: disparity is 84.818,99.068 (10.00 thresh)
[0m[33m[init]: failed static init: no accel jerk detected, platform moving too much
[0m[34m[TIME]: 0.0034 seconds total (290.4 hz, 10.00 ms behind)
[0m[33m[init]: disparity is 84.818,99.068 (10.00 thresh)
[0m[33m[init]: failed static init: no accel jerk detected, platform moving too much
[0m[34m[TIME]: 0.0029 seconds total (344.9 hz, 10.00 ms behind)
[0m[33m[init]: disparity is 84.818,99.068 (10.00 thresh)
[0m[33m[init]: failed static init: no accel jerk detected, platform moving too much
[0m[34m[TIME]: 0.0032 seconds total (307.9 hz, 10.00 ms behind)
[0m[33m[init]: disparity is 84.818,99.068 (10.00 thresh)
[0m[33m[init]: failed static init: no accel jerk detected, platform moving too much
[0m[34m[TIME]: 0.0031 seconds total (321.4 hz, 10.00 ms behind)
[0m[33m[init]: disparity is 84.818,99.068 (10.00 thresh)
[0m[33m[init]: failed static init: no accel jerk detected, platform moving too much
[0m[34m[TIME]: 0.0031 seconds total (325.2 hz, 10.00 ms behind)
[0m[33m[init]: disparity is 84.818,99.068 (10.00 thresh)
[0m[33m[init]: failed static init: no accel jerk detected, platform moving too much
[0m[34m[TIME]: 0.0031 seconds total (320.8 hz, 7.60 ms behind)
[0m[33m[init]: disparity is 84.818,99.068 (10.00 thresh)
[0m[33m[init]: failed static init: no accel jerk detected, platform moving too much
[0m[34m[TIME]: 0.0044 seconds total (228.8 hz, 10.00 ms behind)
[0m[33m[init]: disparity is 84.818,99.068 (10.00 thresh)
[0m[33m[init]: failed static init: no accel jerk detected, platform moving too much
[0m[34m[TIME]: 0.0026 seconds total (384.6 hz, 10.00 ms behind)
[0m[33m[init]: disparity is 84.818,99.068 (10.00 thresh)
[0m[33m[init]: failed static init: no accel jerk detected, platform moving too much
[0m[34m[TIME]: 0.0034 seconds total (290.4 hz, 7.60 ms behind)
[0m[33m[init]: disparity is 84.818,99.068 (10.00 thresh)
[0m[33m[init]: failed static init: no accel jerk detected, platform moving too much
[0m[34m[TIME]: 0.0027 seconds total (363.6 hz, 10.00 ms behind)
[0m[33m[init]: disparity is 84.818,99.068 (10.00 thresh)
[0m[33m[init]: failed static init: no accel jerk detected, platform moving too much
[0m[34m[TIME]: 0.0032 seconds total (309.3 hz, 10.00 ms behind)
[0m[33m[init]: disparity is 84.818,99.068 (10.00 thresh)
[0m[33m[init]: failed static init: no accel jerk detected, platform moving too much
[0m[34m[TIME]: 0.0064 seconds total (156.3 hz, 10.00 ms behind)
[0m[33m[init]: disparity is 84.818,99.068 (10.00 thresh)
[0m[33m[init]: failed static init: no accel jerk detected, platform moving too much
[0m[34m[TIME]: 0.0031 seconds total (327.8 hz, 7.60 ms behind)
[0m[33m[init]: disparity is 84.818,99.068 (10.00 thresh)
[0m[33m[init]: failed static init: no accel jerk detected, platform moving too much
[0m[34m[TIME]: 0.0032 seconds total (311.6 hz, 10.00 ms behind)
[0m[33m[init]: disparity is 84.818,99.068 (10.00 thresh)
[0m[33m[init]: failed static init: no accel jerk detected, platform moving too much
[0m[34m[TIME]: 0.0155 seconds total (64.4 hz, 10.00 ms behind)
[0m[33m[init]: disparity is 84.818,99.068 (10.00 thresh)
[0m[33m[init]: failed static init: no accel jerk detected, platform moving too much
[0m[34m[TIME]: 0.0030 seconds total (334.1 hz, 10.00 ms behind)
[0m[33m[init]: disparity is 84.818,99.068 (10.00 thresh)
[0m[33m[init]: failed static init: no accel jerk detected, platform moving too much
[0m[34m[TIME]: 0.0076 seconds total (132.1 hz, 7.60 ms behind)
[0m[33m[init]: disparity is 84.818,99.068 (10.00 thresh)
[0m[33m[init]: failed static init: no accel jerk detected, platform moving too much
[0m[34m[TIME]: 0.0032 seconds total (311.8 hz, 10.00 ms behind)
[0m[33m[init]: disparity is 84.818,99.068 (10.00 thresh)
[0m[33m[init]: failed static init: no accel jerk detected, platform moving too much
[0m[34m[TIME]: 0.0064 seconds total (155.2 hz, 10.00 ms behind)
[0m[33m[init]: disparity is 84.818,99.068 (10.00 thresh)
[0m[33m[init]: failed static init: no accel jerk detected, platform moving too much
[0m[34m[TIME]: 0.0038 seconds total (260.9 hz, 10.00 ms behind)
[0m[33m[init]: disparity is 84.818,99.068 (10.00 thresh)
[0m[33m[init]: failed static init: no accel jerk detected, platform moving too much
[0m[34m[TIME]: 0.0066 seconds total (151.7 hz, 10.00 ms behind)
[0m[33m[init]: disparity is 84.818,99.068 (10.00 thresh)
[0m[33m[init]: failed static init: no accel jerk detected, platform moving too much
[0m[34m[TIME]: 0.0037 seconds total (273.1 hz, 7.60 ms behind)
[0m[33m[init]: disparity is 84.818,99.068 (10.00 thresh)
[0m[33m[init]: failed static init: no accel jerk detected, platform moving too much
[0m[34m[TIME]: 0.0066 seconds total (151.1 hz, 10.00 ms behind)
[0m[33m[init]: disparity is 84.818,99.068 (10.00 thresh)
[0m[33m[init]: failed static init: no accel jerk detected, platform moving too much
[0m[34m[TIME]: 0.0036 seconds total (278.9 hz, 10.00 ms behind)
[0m[33m[init]: disparity is 84.818,99.068 (10.00 thresh)
[0m[33m[init]: failed static init: no accel jerk detected, platform moving too much
[0m[34m[TIME]: 0.0059 seconds total (169.1 hz, 10.00 ms behind)
[0m[33m[init]: disparity is 84.818,99.068 (10.00 thresh)
[0m[33m[init]: failed static init: no accel jerk detected, platform moving too much
[0m[34m[TIME]: 0.0037 seconds total (266.7 hz, 10.00 ms behind)
[0m[33m[init]: disparity is 84.818,99.068 (10.00 thresh)
[0m[33m[init]: failed static init: no accel jerk detected, platform moving too much
[0m[34m[TIME]: 0.0064 seconds total (157.4 hz, 7.60 ms behind)
[0m[33m[init]: disparity is 84.818,99.068 (10.00 thresh)
[0m[33m[init]: failed static init: no accel jerk detected, platform moving too much
[0m[34m[TIME]: 0.0037 seconds total (271.8 hz, 10.00 ms behind)
[0m[33m[init]: disparity is 84.818,99.068 (10.00 thresh)
[0m[33m[init]: failed static init: no accel jerk detected, platform moving too much
[0m[34m[TIME]: 0.0072 seconds total (139.5 hz, 7.60 ms behind)
[0m[33m[init]: disparity is 84.818,99.068 (10.00 thresh)
[0m[33m[init]: failed static init: no accel jerk detected, platform moving too much
[0m[34m[TIME]: 0.0028 seconds total (356.0 hz, 10.00 ms behind)
[0m[33m[init]: disparity is 84.818,99.068 (10.00 thresh)
[0m[33m[init]: failed static init: no accel jerk detected, platform moving too much
[0m[34m[TIME]: 0.0029 seconds total (345.4 hz, 6.40 ms behind)
[0m[34m[TIME]: 0.0033 seconds total (299.3 hz, 7.60 ms behind)
[0m[33m[init]: disparity is 84.818,99.068 (10.00 thresh)
[0m[33m[init]: failed static init: no accel jerk detected, platform moving too much
[0m[34m[TIME]: 0.0061 seconds total (163.4 hz, 10.00 ms behind)
[0m[33m[init]: disparity is 84.818,99.068 (10.00 thresh)
[0m[33m[init]: failed static init: no accel jerk detected, platform moving too much
[0m[34m[TIME]: 0.0033 seconds total (304.4 hz, 10.80 ms behind)
[0m[33m[init]: disparity is 84.818,99.068 (10.00 thresh)
[0m[33m[init]: failed static init: no accel jerk detected, platform moving too much
[0m[34m[TIME]: 0.0028 seconds total (355.1 hz, 10.00 ms behind)
[0m[33m[init]: disparity is 84.818,99.068 (10.00 thresh)
[0m[33m[init]: failed static init: no accel jerk detected, platform moving too much
[0m[34m[TIME]: 0.0056 seconds total (178.1 hz, 10.00 ms behind)
[0m[33m[init]: disparity is 84.818,99.068 (10.00 thresh)
[0m[33m[init]: failed static init: no accel jerk detected, platform moving too much
[0m[34m[TIME]: 0.0027 seconds total (365.8 hz, 7.60 ms behind)
[0m[33m[init]: disparity is 84.818,99.068 (10.00 thresh)
[0m[33m[init]: failed static init: no accel jerk detected, platform moving too much
[0m[34m[TIME]: 0.0056 seconds total (179.4 hz, 7.60 ms behind)
[0m[33m[init]: disparity is 84.818,99.068 (10.00 thresh)
[0m[33m[init]: failed static init: no accel jerk detected, platform moving too much
[0m[34m[TIME]: 0.0035 seconds total (285.0 hz, 10.00 ms behind)
[0m[33m[init]: disparity is 84.818,99.068 (10.00 thresh)
[0m[33m[init]: failed static init: no accel jerk detected, platform moving too much
[0m[34m[TIME]: 0.0056 seconds total (177.1 hz, 10.00 ms behind)
[0m[33m[init]: disparity is 84.818,99.068 (10.00 thresh)
[0m[33m[init]: failed static init: no accel jerk detected, platform moving too much
[0m[34m[TIME]: 0.0209 seconds total (47.9 hz, 10.00 ms behind)
[0m[33m[init]: disparity is 84.818,99.068 (10.00 thresh)
[0m[33m[init]: failed static init: no accel jerk detected, platform moving too much
[0m[34m[TIME]: 0.0027 seconds total (363.8 hz, 7.60 ms behind)
[0m[33m[init]: disparity is 84.818,99.068 (10.00 thresh)
[0m[33m[init]: failed static init: no accel jerk detected, platform moving too much
[0m[34m[TIME]: 0.0059 seconds total (168.2 hz, 7.60 ms behind)
[0m[33m[init]: disparity is 84.818,99.068 (10.00 thresh)
[0m[33m[init]: failed static init: no accel jerk detected, platform moving too much
[0m[34m[TIME]: 0.0052 seconds total (193.5 hz, 10.00 ms behind)
[0m[33m[init]: disparity is 84.818,99.068 (10.00 thresh)
[0m[33m[init]: failed static init: no accel jerk detected, platform moving too much
[0m[34m[TIME]: 0.0035 seconds total (288.4 hz, 7.60 ms behind)
[0m[33m[init]: disparity is 84.818,99.068 (10.00 thresh)
[0m[33m[init]: failed static init: no accel jerk detected, platform moving too much
[0m[34m[TIME]: 0.0061 seconds total (163.5 hz, 7.60 ms behind)
[0m[33m[init]: disparity is 84.818,99.068 (10.00 thresh)
[0m[33m[init]: failed static init: no accel jerk detected, platform moving too much
[0m[34m[TIME]: 0.0047 seconds total (212.8 hz, 10.00 ms behind)
[0m[33m[init]: disparity is 84.818,99.068 (10.00 thresh)
[0m[33m[init]: failed static init: no accel jerk detected, platform moving too much
[0m[34m[TIME]: 0.0029 seconds total (344.7 hz, 7.60 ms behind)
[0m[33m[init]: disparity is 84.818,99.068 (10.00 thresh)
[0m[33m[init]: failed static init: no accel jerk detected, platform moving too much
[0m[34m[TIME]: 0.0060 seconds total (165.4 hz, 7.60 ms behind)
[0m[33m[init]: disparity is 84.818,99.068 (10.00 thresh)
[0m[33m[init]: failed static init: no accel jerk detected, platform moving too much
[0m[34m[TIME]: 0.0040 seconds total (248.0 hz, 10.00 ms behind)
[0m[33m[init]: disparity is 84.818,99.068 (10.00 thresh)
[0m[33m[init]: failed static init: no accel jerk detected, platform moving too much
[0m[34m[TIME]: 0.0060 seconds total (166.8 hz, 7.60 ms behind)
[0m[33m[init]: disparity is 84.818,99.068 (10.00 thresh)
[0m[33m[init]: failed static init: no accel jerk detected, platform moving too much
[0m[34m[TIME]: 0.0035 seconds total (283.8 hz, 10.00 ms behind)
[0m[33m[init]: disparity is 84.818,99.068 (10.00 thresh)
[0m[33m[init]: failed static init: no accel jerk detected, platform moving too much
[0m[34m[TIME]: 0.0067 seconds total (149.7 hz, 10.00 ms behind)
[0m[33m[init]: disparity is 84.818,99.068 (10.00 thresh)
[0m[33m[init]: failed static init: no accel jerk detected, platform moving too much
[0m[34m[TIME]: 0.0043 seconds total (230.1 hz, 10.00 ms behind)
[0m[33m[init]: disparity is 84.818,99.068 (10.00 thresh)
[0m[33m[init]: failed static init: no accel jerk detected, platform moving too much
[0m[34m[TIME]: 0.0068 seconds total (147.4 hz, 7.60 ms behind)
[0m[33m[init]: disparity is 84.818,99.068 (10.00 thresh)
[0m[33m[init]: failed static init: no accel jerk detected, platform moving too much
[0m[34m[TIME]: 0.0044 seconds total (229.0 hz, 10.00 ms behind)
[0m[33m[init]: disparity is 84.818,99.068 (10.00 thresh)
[0m[33m[init]: failed static init: no accel jerk detected, platform moving too much
[0m[34m[TIME]: 0.0079 seconds total (126.6 hz, 10.00 ms behind)
[0m[33m[init]: disparity is 84.818,99.068 (10.00 thresh)
[0m[33m[init]: failed static init: no accel jerk detected, platform moving too much
[0m[34m[TIME]: 0.0039 seconds total (259.2 hz, 10.00 ms behind)
[0m[33m[init]: disparity is 84.818,99.068 (10.00 thresh)
[0m[33m[init]: failed static init: no accel jerk detected, platform moving too much
[0m[34m[TIME]: 0.0062 seconds total (160.4 hz, 10.00 ms behind)
[0m[33m[init]: disparity is 84.818,99.068 (10.00 thresh)
[0m[33m[init]: failed static init: no accel jerk detected, platform moving too much
[0m[34m[TIME]: 0.0038 seconds total (260.9 hz, 10.00 ms behind)
[0m[33m[init]: disparity is 84.818,99.068 (10.00 thresh)
[0m[33m[init]: failed static init: no accel jerk detected, platform moving too much
[0m[34m[TIME]: 0.0032 seconds total (311.0 hz, 8.00 ms behind)
[0m[33m[init]: disparity is 84.818,99.068 (10.00 thresh)
[0m[33m[init]: failed static init: no accel jerk detected, platform moving too much
[0m[34m[TIME]: 0.0028 seconds total (353.7 hz, 10.00 ms behind)
[0m[33m[init]: disparity is 84.818,99.068 (10.00 thresh)
[0m[33m[init]: failed static init: no accel jerk detected, platform moving too much
[0m[34m[TIME]: 0.0073 seconds total (137.5 hz, 10.00 ms behind)
[0m[33m[init]: disparity is 84.818,99.068 (10.00 thresh)
[0m[33m[init]: failed static init: no accel jerk detected, platform moving too much
[0m[34m[TIME]: 0.0041 seconds total (241.2 hz, 10.00 ms behind)
[0m[33m[init]: disparity is 84.818,99.068 (10.00 thresh)
[0m[33m[init]: failed static init: no accel jerk detected, platform moving too much
[0m[34m[TIME]: 0.0062 seconds total (160.5 hz, 10.00 ms behind)
[0m[33m[init]: disparity is 84.818,99.068 (10.00 thresh)
[0m[33m[init]: failed static init: no accel jerk detected, platform moving too much
[0m[34m[TIME]: 0.0037 seconds total (270.7 hz, 10.00 ms behind)
[0m[33m[init]: disparity is 84.818,99.068 (10.00 thresh)
[0m[33m[init]: failed static init: no accel jerk detected, platform moving too much
[0m[34m[TIME]: 0.0056 seconds total (177.7 hz, 10.00 ms behind)
[0m[33m[init]: disparity is 84.818,99.068 (10.00 thresh)
[0m[33m[init]: failed static init: no accel jerk detected, platform moving too much
[0m[34m[TIME]: 0.0040 seconds total (249.5 hz, 10.00 ms behind)
[0m[33m[init]: disparity is 84.818,99.068 (10.00 thresh)
[0m[33m[init]: failed static init: no accel jerk detected, platform moving too much
[0m[34m[TIME]: 0.0070 seconds total (142.4 hz, 10.00 ms behind)
[0m[33m[init]: disparity is 84.818,99.068 (10.00 thresh)
[0m[33m[init]: failed static init: no accel jerk detected, platform moving too much
[0m[34m[TIME]: 0.0038 seconds total (266.5 hz, 10.00 ms behind)
[0m[33m[init]: disparity is 84.818,99.068 (10.00 thresh)
[0m[33m[init]: failed static init: no accel jerk detected, platform moving too much
[0m[34m[TIME]: 0.0034 seconds total (291.8 hz, 10.00 ms behind)
[0m[33m[init]: disparity is 84.818,99.068 (10.00 thresh)
[0m[33m[init]: failed static init: no accel jerk detected, platform moving too much
[0m[34m[TIME]: 0.0066 seconds total (151.8 hz, 10.00 ms behind)
[0m[33m[init]: disparity is 84.818,99.068 (10.00 thresh)
[0m[33m[init]: failed static init: no accel jerk detected, platform moving too much
[0m[34m[TIME]: 0.0036 seconds total (276.1 hz, 7.60 ms behind)
[0m[33m[init]: disparity is 84.818,99.068 (10.00 thresh)
[0m[33m[init]: failed static init: no accel jerk detected, platform moving too much
[0m[34m[TIME]: 0.0102 seconds total (97.7 hz, 7.60 ms behind)
[0m[33m[init]: disparity is 84.818,99.068 (10.00 thresh)
[0m[33m[init]: failed static init: no accel jerk detected, platform moving too much
[0m[34m[TIME]: 0.0030 seconds total (330.8 hz, 10.00 ms behind)
[0m[33m[init]: disparity is 84.818,99.068 (10.00 thresh)
[0m[33m[init]: failed static init: no accel jerk detected, platform moving too much
[0m[34m[TIME]: 0.0059 seconds total (168.1 hz, 7.60 ms behind)
[0m[33m[init]: disparity is 84.818,99.068 (10.00 thresh)
[0m[33m[init]: failed static init: no accel jerk detected, platform moving too much
[0m[34m[TIME]: 0.0037 seconds total (267.0 hz, 10.00 ms behind)
[0m[33m[init]: disparity is 84.818,99.068 (10.00 thresh)
[0m[33m[init]: failed static init: no accel jerk detected, platform moving too much
[0m[34m[TIME]: 0.0040 seconds total (248.1 hz, 10.00 ms behind)
[0m[33m[init]: disparity is 84.818,99.068 (10.00 thresh)
[0m[33m[init]: failed static init: no accel jerk detected, platform moving too much
[0m[34m[TIME]: 0.0084 seconds total (119.1 hz, 10.00 ms behind)
[0m[33m[init]: disparity is 84.818,99.068 (10.00 thresh)
[0m[33m[init]: failed static init: no accel jerk detected, platform moving too much
[0m[34m[TIME]: 0.0106 seconds total (94.2 hz, 10.00 ms behind)
[0m[33m[init]: disparity is 84.818,99.068 (10.00 thresh)
[0m[33m[init]: failed static init: no accel jerk detected, platform moving too much
[0m[34m[TIME]: 0.0027 seconds total (369.5 hz, 10.00 ms behind)
[0m[33m[init]: disparity is 84.818,99.068 (10.00 thresh)
[0m[33m[init]: failed static init: no accel jerk detected, platform moving too much
[0m[34m[TIME]: 0.0086 seconds total (116.8 hz, 10.00 ms behind)
[0m[33m[init]: disparity is 84.818,99.068 (10.00 thresh)
[0m[33m[init]: failed static init: no accel jerk detected, platform moving too much
[0m[34m[TIME]: 0.0033 seconds total (307.6 hz, 10.00 ms behind)
[0m[33m[init]: disparity is 84.818,99.068 (10.00 thresh)
[0m[33m[init]: failed static init: no accel jerk detected, platform moving too much
[0m[34m[TIME]: 0.0063 seconds total (157.7 hz, 10.00 ms behind)
[0m[33m[init]: disparity is 84.818,99.068 (10.00 thresh)
[0m[33m[init]: failed static init: no accel jerk detected, platform moving too much
[0m[34m[TIME]: 0.0056 seconds total (177.5 hz, 10.00 ms behind)
[0m[33m[init]: disparity is 84.818,99.068 (10.00 thresh)
[0m[33m[init]: failed static init: no accel jerk detected, platform moving too much
[0m[34m[TIME]: 0.0034 seconds total (291.8 hz, 10.00 ms behind)
[0m[33m[init]: disparity is 84.818,99.068 (10.00 thresh)
[0m[33m[init]: failed static init: no accel jerk detected, platform moving too much
[0m[34m[TIME]: 0.0063 seconds total (158.9 hz, 10.00 ms behind)
[0m[33m[init]: disparity is 84.818,99.068 (10.00 thresh)
[0m[33m[init]: failed static init: no accel jerk detected, platform moving too much
[0m[34m[TIME]: 0.0043 seconds total (234.4 hz, 7.60 ms behind)
[0m[33m[init]: disparity is 84.818,99.068 (10.00 thresh)
[0m[33m[init]: failed static init: no accel jerk detected, platform moving too much
[0m[34m[TIME]: 0.0064 seconds total (155.4 hz, 10.00 ms behind)
[0m[33m[init]: disparity is 84.818,99.068 (10.00 thresh)
[0m[33m[init]: failed static init: no accel jerk detected, platform moving too much
[0m[34m[TIME]: 0.0038 seconds total (262.8 hz, 10.00 ms behind)
[0m[33m[init]: disparity is 84.818,99.068 (10.00 thresh)
[0m[33m[init]: failed static init: no accel jerk detected, platform moving too much
[0m[34m[TIME]: 0.0058 seconds total (171.7 hz, 10.00 ms behind)
[0m[33m[init]: disparity is 84.818,99.068 (10.00 thresh)
[0m[33m[init]: failed static init: no accel jerk detected, platform moving too much
[0m[34m[TIME]: 0.0037 seconds total (272.0 hz, 10.00 ms behind)
[0m[33m[init]: disparity is 84.818,99.068 (10.00 thresh)
[0m[33m[init]: failed static init: no accel jerk detected, platform moving too much
[0m[34m[TIME]: 0.0058 seconds total (171.4 hz, 10.00 ms behind)
[0m[33m[init]: disparity is 84.818,99.068 (10.00 thresh)
[0m[33m[init]: failed static init: no accel jerk detected, platform moving too much
[0m[34m[TIME]: 0.0055 seconds total (182.0 hz, 7.60 ms behind)
[0m[33m[init]: disparity is 84.818,99.068 (10.00 thresh)
[0m[33m[init]: failed static init: no accel jerk detected, platform moving too much
[0m[34m[TIME]: 0.0032 seconds total (311.7 hz, 10.00 ms behind)
[0m[33m[init]: disparity is 84.818,99.068 (10.00 thresh)
[0m[33m[init]: failed static init: no accel jerk detected, platform moving too much
[0m[34m[TIME]: 0.0030 seconds total (329.4 hz, 10.00 ms behind)
[0m[33m[init]: disparity is 84.818,99.068 (10.00 thresh)
[0m[33m[init]: failed static init: no accel jerk detected, platform moving too much
[0m[34m[TIME]: 0.0045 seconds total (222.8 hz, 10.00 ms behind)
[0m[33m[init]: disparity is 84.818,99.068 (10.00 thresh)
[0m[33m[init]: failed static init: no accel jerk detected, platform moving too much
[0m[34m[TIME]: 0.0043 seconds total (231.6 hz, 7.60 ms behind)
[0m[33m[init]: disparity is 84.818,99.068 (10.00 thresh)
[0m[33m[init]: failed static init: no accel jerk detected, platform moving too much
[0m[34m[TIME]: 0.0030 seconds total (333.1 hz, 8.80 ms behind)
[0m[33m[init]: disparity is 84.818,99.068 (10.00 thresh)
[0m[33m[init]: failed static init: no accel jerk detected, platform moving too much
[0m[34m[TIME]: 0.0082 seconds total (122.0 hz, 10.00 ms behind)
[0m[33m[init]: disparity is 84.818,99.068 (10.00 thresh)
[0m[33m[init]: failed static init: no accel jerk detected, platform moving too much
[0m[34m[TIME]: 0.0038 seconds total (260.1 hz, 10.00 ms behind)
[0m[33m[init]: disparity is 84.818,99.068 (10.00 thresh)
[0m[33m[init]: failed static init: no accel jerk detected, platform moving too much
[0m[34m[TIME]: 0.0057 seconds total (173.9 hz, 10.00 ms behind)
[0m[33m[init]: disparity is 84.818,99.068 (10.00 thresh)
[0m[33m[init]: failed static init: no accel jerk detected, platform moving too much
[0m[34m[TIME]: 0.0058 seconds total (172.1 hz, 7.60 ms behind)
[0m[33m[init]: disparity is 84.818,99.068 (10.00 thresh)
[0m[33m[init]: failed static init: no accel jerk detected, platform moving too much
[0m[34m[TIME]: 0.0030 seconds total (328.1 hz, 7.60 ms behind)
[0m[33m[init]: disparity is 84.818,99.068 (10.00 thresh)
[0m[33m[init]: failed static init: no accel jerk detected, platform moving too much
[0m[34m[TIME]: 0.0057 seconds total (176.7 hz, 10.00 ms behind)
[0m[33m[init]: disparity is 84.818,99.068 (10.00 thresh)
[0m[33m[init]: failed static init: no accel jerk detected, platform moving too much
[0m[34m[TIME]: 0.0054 seconds total (183.9 hz, 7.60 ms behind)
[0m[33m[init]: disparity is 84.818,99.068 (10.00 thresh)
[0m[33m[init]: failed static init: no accel jerk detected, platform moving too much
[0m[34m[TIME]: 0.0061 seconds total (163.3 hz, 10.00 ms behind)
[0m[33m[init]: disparity is 84.818,99.068 (10.00 thresh)
[0m[33m[init]: failed static init: no accel jerk detected, platform moving too much
[0m[34m[TIME]: 0.0067 seconds total (149.5 hz, 10.00 ms behind)
[0m[33m[init]: disparity is 84.818,99.068 (10.00 thresh)
[0m[33m[init]: failed static init: no accel jerk detected, platform moving too much
[0m[34m[TIME]: 0.0033 seconds total (307.5 hz, 10.00 ms behind)
[0m[33m[init]: disparity is 84.818,99.068 (10.00 thresh)
[0m[33m[init]: failed static init: no accel jerk detected, platform moving too much
[0m[34m[TIME]: 0.0037 seconds total (267.9 hz, 10.00 ms behind)
[0m[33m[init]: disparity is 84.818,99.068 (10.00 thresh)
[0m[33m[init]: failed static init: no accel jerk detected, platform moving too much
[0m[34m[TIME]: 0.0062 seconds total (162.4 hz, 10.00 ms behind)
[0m[33m[init]: disparity is 84.818,99.068 (10.00 thresh)
[0m[33m[init]: failed static init: no accel jerk detected, platform moving too much
[0m[34m[TIME]: 0.0040 seconds total (251.6 hz, 10.00 ms behind)
[0m[33m[init]: disparity is 84.818,99.068 (10.00 thresh)
[0m[33m[init]: failed static init: no accel jerk detected, platform moving too much
[0m[34m[TIME]: 0.0064 seconds total (157.3 hz, 10.00 ms behind)
[0m[33m[init]: disparity is 84.818,99.068 (10.00 thresh)
[0m[33m[init]: failed static init: no accel jerk detected, platform moving too much
[0m[34m[TIME]: 0.0061 seconds total (163.6 hz, 9.60 ms behind)
[0m[33m[init]: disparity is 84.818,99.068 (10.00 thresh)
[0m[33m[init]: failed static init: no accel jerk detected, platform moving too much
[0m[34m[TIME]: 0.0040 seconds total (253.0 hz, 10.00 ms behind)
[0m[33m[init]: disparity is 84.818,99.068 (10.00 thresh)
[0m[33m[init]: failed static init: no accel jerk detected, platform moving too much
[0m[34m[TIME]: 0.0032 seconds total (312.4 hz, 10.00 ms behind)
[0m[33m[init]: disparity is 84.818,99.068 (10.00 thresh)
[0m[33m[init]: failed static init: no accel jerk detected, platform moving too much
[0m[34m[TIME]: 0.0061 seconds total (163.3 hz, 10.00 ms behind)
[0m[33m[init]: disparity is 84.818,99.068 (10.00 thresh)
[0m[33m[init]: failed static init: no accel jerk detected, platform moving too much
[0m[34m[TIME]: 0.0036 seconds total (280.0 hz, 7.60 ms behind)
[0m[33m[init]: disparity is 84.818,99.068 (10.00 thresh)
[0m[33m[init]: failed static init: no accel jerk detected, platform moving too much
[0m[34m[TIME]: 0.0059 seconds total (168.2 hz, 10.00 ms behind)
[0m[33m[init]: disparity is 84.818,99.068 (10.00 thresh)
[0m[33m[init]: failed static init: no accel jerk detected, platform moving too much
[0m[34m[TIME]: 0.0036 seconds total (278.4 hz, 10.00 ms behind)
[0m[33m[init]: disparity is 84.818,99.068 (10.00 thresh)
[0m[33m[init]: failed static init: no accel jerk detected, platform moving too much
[0m[34m[TIME]: 0.0062 seconds total (161.2 hz, 10.00 ms behind)
[0m[33m[init]: disparity is 84.818,99.068 (10.00 thresh)
[0m[33m[init]: failed static init: no accel jerk detected, platform moving too much
[0m[34m[TIME]: 0.0059 seconds total (170.4 hz, 10.00 ms behind)
[0m[33m[init]: disparity is 84.818,99.068 (10.00 thresh)
[0m[33m[init]: failed static init: no accel jerk detected, platform moving too much
[0m[34m[TIME]: 0.0028 seconds total (355.2 hz, 10.00 ms behind)
[0m[33m[init]: disparity is 84.818,99.068 (10.00 thresh)
[0m[33m[init]: failed static init: no accel jerk detected, platform moving too much
[0m[34m[TIME]: 0.0062 seconds total (162.3 hz, 10.00 ms behind)
[0m[33m[init]: disparity is 84.818,99.068 (10.00 thresh)
[0m[33m[init]: failed static init: no accel jerk detected, platform moving too much
[0m[34m[TIME]: 0.0031 seconds total (326.3 hz, 10.00 ms behind)
[0m[33m[init]: disparity is 84.818,99.068 (10.00 thresh)
[0m[33m[init]: failed static init: no accel jerk detected, platform moving too much
[0m[34m[TIME]: 0.0058 seconds total (172.3 hz, 10.00 ms behind)
[0m[33m[init]: disparity is 84.818,99.068 (10.00 thresh)
[0m[33m[init]: failed static init: no accel jerk detected, platform moving too much
[0m[34m[TIME]: 0.0053 seconds total (188.9 hz, 10.00 ms behind)
[0m[33m[init]: disparity is 84.818,99.068 (10.00 thresh)
[0m[33m[init]: failed static init: no accel jerk detected, platform moving too much
[0m[34m[TIME]: 0.0028 seconds total (352.7 hz, 7.60 ms behind)
[0m[33m[init]: disparity is 84.818,99.068 (10.00 thresh)
[0m[33m[init]: failed static init: no accel jerk detected, platform moving too much
[0m[34m[TIME]: 0.0059 seconds total (169.1 hz, 10.00 ms behind)
[0m[33m[init]: disparity is 84.818,99.068 (10.00 thresh)
[0m[33m[init]: failed static init: no accel jerk detected, platform moving too much
[0m[34m[TIME]: 0.0034 seconds total (295.2 hz, 7.60 ms behind)
[0m[33m[init]: disparity is 84.818,99.068 (10.00 thresh)
[0m[33m[init]: failed static init: no accel jerk detected, platform moving too much
[0m[34m[TIME]: 0.0054 seconds total (186.6 hz, 10.00 ms behind)
[0m[33m[init]: disparity is 84.818,99.068 (10.00 thresh)
[0m[33m[init]: failed static init: no accel jerk detected, platform moving too much
[0m[34m[TIME]: 0.0036 seconds total (276.1 hz, 10.00 ms behind)
[0m[33m[init]: disparity is 84.818,99.068 (10.00 thresh)
[0m[33m[init]: failed static init: no accel jerk detected, platform moving too much
[0m[34m[TIME]: 0.0058 seconds total (171.0 hz, 10.00 ms behind)
[0m[33m[init]: disparity is 84.818,99.068 (10.00 thresh)
[0m[33m[init]: failed static init: no accel jerk detected, platform moving too much
[0m[34m[TIME]: 0.0037 seconds total (273.5 hz, 10.00 ms behind)
[0m[33m[init]: disparity is 84.818,99.068 (10.00 thresh)
[0m[33m[init]: failed static init: no accel jerk detected, platform moving too much
[0m[34m[TIME]: 0.0066 seconds total (151.0 hz, 10.00 ms behind)
[0m[33m[init]: disparity is 84.818,99.068 (10.00 thresh)
[0m[33m[init]: failed static init: no accel jerk detected, platform moving too much
[0m[34m[TIME]: 0.0039 seconds total (255.4 hz, 10.00 ms behind)
[0m[33m[init]: disparity is 84.818,99.068 (10.00 thresh)
[0m[33m[init]: failed static init: no accel jerk detected, platform moving too much
[0m[34m[TIME]: 0.0034 seconds total (296.3 hz, 10.00 ms behind)
[0m[33m[init]: disparity is 84.818,99.068 (10.00 thresh)
[0m[33m[init]: failed static init: no accel jerk detected, platform moving too much
[0m[34m[TIME]: 0.0063 seconds total (157.6 hz, 10.00 ms behind)
[0m[33m[init]: disparity is 84.818,99.068 (10.00 thresh)
[0m[33m[init]: failed static init: no accel jerk detected, platform moving too much
[0m[34m[TIME]: 0.0040 seconds total (247.8 hz, 10.00 ms behind)
[0m[33m[init]: disparity is 84.818,99.068 (10.00 thresh)
[0m[33m[init]: failed static init: no accel jerk detected, platform moving too much
[0m[34m[TIME]: 0.0041 seconds total (244.3 hz, 10.00 ms behind)
[0m[33m[init]: disparity is 84.818,99.068 (10.00 thresh)
[0m[33m[init]: failed static init: no accel jerk detected, platform moving too much
[0m[34m[TIME]: 0.0071 seconds total (140.8 hz, 7.60 ms behind)
[0m[33m[init]: disparity is 84.818,99.068 (10.00 thresh)
[0m[33m[init]: failed static init: no accel jerk detected, platform moving too much
[0m[34m[TIME]: 0.0041 seconds total (245.4 hz, 7.60 ms behind)
[0m[33m[init]: disparity is 84.818,99.068 (10.00 thresh)
[0m[33m[init]: failed static init: no accel jerk detected, platform moving too much
[0m[34m[TIME]: 0.0081 seconds total (124.2 hz, 10.00 ms behind)
[0m[33m[init]: disparity is 84.818,99.068 (10.00 thresh)
[0m[33m[init]: failed static init: no accel jerk detected, platform moving too much
[0m[34m[TIME]: 0.0052 seconds total (192.7 hz, 10.00 ms behind)
[0m[33m[init]: disparity is 84.818,99.068 (10.00 thresh)
[0m[33m[init]: failed static init: no accel jerk detected, platform moving too much
[0m[34m[TIME]: 0.0034 seconds total (290.7 hz, 10.00 ms behind)
[0m[33m[init]: disparity is 84.818,99.068 (10.00 thresh)
[0m[33m[init]: failed static init: no accel jerk detected, platform moving too much
[0m[34m[TIME]: 0.0033 seconds total (305.4 hz, 10.00 ms behind)
[0m[33m[init]: disparity is 84.818,99.068 (10.00 thresh)
[0m[33m[init]: failed static init: no accel jerk detected, platform moving too much
[0m[34m[TIME]: 0.0067 seconds total (149.4 hz, 10.00 ms behind)
[0m[33m[init]: disparity is 84.818,99.068 (10.00 thresh)
[0m[33m[init]: failed static init: no accel jerk detected, platform moving too much
[0m[34m[TIME]: 0.0042 seconds total (240.2 hz, 10.00 ms behind)
[0m[33m[init]: disparity is 84.818,99.068 (10.00 thresh)
[0m[33m[init]: failed static init: no accel jerk detected, platform moving too much
[0m[34m[TIME]: 0.0068 seconds total (147.6 hz, 10.00 ms behind)
[0m[33m[init]: disparity is 84.818,99.068 (10.00 thresh)
[0m[33m[init]: failed static init: no accel jerk detected, platform moving too much
[0m[34m[TIME]: 0.0053 seconds total (188.5 hz, 10.00 ms behind)
[0m[33m[init]: disparity is 84.818,99.068 (10.00 thresh)
[0m[33m[init]: failed static init: no accel jerk detected, platform moving too much
[0m[34m[TIME]: 0.0063 seconds total (159.9 hz, 10.00 ms behind)
[0m[33m[init]: disparity is 84.818,99.068 (10.00 thresh)
[0m[33m[init]: failed static init: no accel jerk detected, platform moving too much
[0m[34m[TIME]: 0.0046 seconds total (218.3 hz, 7.60 ms behind)
[0m[33m[init]: disparity is 84.818,99.068 (10.00 thresh)
[0m[33m[init]: failed static init: no accel jerk detected, platform moving too much
[0m[34m[TIME]: 0.0072 seconds total (138.4 hz, 7.60 ms behind)
[0m[33m[init]: disparity is 84.818,99.068 (10.00 thresh)
[0m[33m[init]: failed static init: no accel jerk detected, platform moving too much
[0m[34m[TIME]: 0.0075 seconds total (132.9 hz, 10.00 ms behind)
[0m[33m[init]: disparity is 84.818,99.068 (10.00 thresh)
[0m[33m[init]: failed static init: no accel jerk detected, platform moving too much
[0m[34m[TIME]: 0.0042 seconds total (237.9 hz, 10.00 ms behind)
[0m[33m[init]: disparity is 84.818,99.068 (10.00 thresh)
[0m[33m[init]: failed static init: no accel jerk detected, platform moving too much
[0m[34m[TIME]: 0.0055 seconds total (181.5 hz, 7.60 ms behind)
[0m[33m[init]: disparity is 84.818,99.068 (10.00 thresh)
[0m[33m[init]: failed static init: no accel jerk detected, platform moving too much
[0m[34m[TIME]: 0.0031 seconds total (319.7 hz, 10.00 ms behind)
[0m[33m[init]: disparity is 84.818,99.068 (10.00 thresh)
[0m[33m[init]: failed static init: no accel jerk detected, platform moving too much
[0m[34m[TIME]: 0.0038 seconds total (261.0 hz, 10.00 ms behind)
[0m[33m[init]: disparity is 84.818,99.068 (10.00 thresh)
[0m[33m[init]: failed static init: no accel jerk detected, platform moving too much
[0m[34m[TIME]: 0.0031 seconds total (324.1 hz, 10.00 ms behind)
[0m[33m[init]: disparity is 84.818,99.068 (10.00 thresh)
[0m[33m[init]: failed static init: no accel jerk detected, platform moving too much
[0m[34m[TIME]: 0.0034 seconds total (293.3 hz, 7.60 ms behind)
[0m[33m[init]: disparity is 84.818,99.068 (10.00 thresh)
[0m[33m[init]: failed static init: no accel jerk detected, platform moving too much
[0m[34m[TIME]: 0.0029 seconds total (347.9 hz, 10.00 ms behind)
[0m[33m[init]: disparity is 84.818,99.068 (10.00 thresh)
[0m[33m[init]: failed static init: no accel jerk detected, platform moving too much
[0m[34m[TIME]: 0.0036 seconds total (276.4 hz, 10.00 ms behind)
[0m[33m[init]: disparity is 84.818,99.068 (10.00 thresh)
[0m[33m[init]: failed static init: no accel jerk detected, platform moving too much
[0m[34m[TIME]: 0.0029 seconds total (344.8 hz, 7.60 ms behind)
[0m[33m[init]: disparity is 84.818,99.068 (10.00 thresh)
[0m[33m[init]: failed static init: no accel jerk detected, platform moving too much
[0m[34m[TIME]: 0.0036 seconds total (279.2 hz, 10.00 ms behind)
[0m[33m[init]: disparity is 84.818,99.068 (10.00 thresh)
[0m[33m[init]: failed static init: no accel jerk detected, platform moving too much
[0m[34m[TIME]: 0.0035 seconds total (286.3 hz, 10.00 ms behind)
[0m[33m[init]: disparity is 84.818,99.068 (10.00 thresh)
[0m[33m[init]: failed static init: no accel jerk detected, platform moving too much
[0m[34m[TIME]: 0.0028 seconds total (360.6 hz, 10.00 ms behind)
[0m[33m[init]: disparity is 84.818,99.068 (10.00 thresh)
[0m[33m[init]: failed static init: no accel jerk detected, platform moving too much
[0m[34m[TIME]: 0.0036 seconds total (279.3 hz, 10.00 ms behind)
[0m[33m[init]: disparity is 84.818,99.068 (10.00 thresh)
[0m[33m[init]: failed static init: no accel jerk detected, platform moving too much
[0m[34m[TIME]: 0.0031 seconds total (326.7 hz, 7.60 ms behind)
[0m[33m[init]: disparity is 84.818,99.068 (10.00 thresh)
[0m[33m[init]: failed static init: no accel jerk detected, platform moving too much
[0m[34m[TIME]: 0.0033 seconds total (301.8 hz, 7.60 ms behind)
[0m[33m[init]: disparity is 84.818,99.068 (10.00 thresh)
[0m[33m[init]: failed static init: no accel jerk detected, platform moving too much
[0m[34m[TIME]: 0.0035 seconds total (286.2 hz, 10.00 ms behind)
[0m[33m[init]: disparity is 84.818,99.068 (10.00 thresh)
[0m[33m[init]: failed static init: no accel jerk detected, platform moving too much
[0m[34m[TIME]: 0.0031 seconds total (327.8 hz, 10.00 ms behind)
[0m[33m[init]: disparity is 84.818,99.068 (10.00 thresh)
[0m[33m[init]: failed static init: no accel jerk detected, platform moving too much
[0m[34m[TIME]: 0.0028 seconds total (360.8 hz, 10.00 ms behind)
[0m[33m[init]: disparity is 84.818,99.068 (10.00 thresh)
[0m[33m[init]: failed static init: no accel jerk detected, platform moving too much
[0m[34m[TIME]: 0.0031 seconds total (327.0 hz, 10.00 ms behind)
[0m[33m[init]: disparity is 84.818,99.068 (10.00 thresh)
[0m[33m[init]: failed static init: no accel jerk detected, platform moving too much
[0m[34m[TIME]: 0.0032 seconds total (311.4 hz, 7.60 ms behind)
[0m[33m[init]: disparity is 84.818,99.068 (10.00 thresh)
[0m[33m[init]: failed static init: no accel jerk detected, platform moving too much
[0m[34m[TIME]: 0.0037 seconds total (272.9 hz, 7.60 ms behind)
[0m[33m[init]: disparity is 84.818,99.068 (10.00 thresh)
[0m[33m[init]: failed static init: no accel jerk detected, platform moving too much
[0m[34m[TIME]: 0.0030 seconds total (334.9 hz, 7.60 ms behind)
[0m[33m[init]: disparity is 84.818,99.068 (10.00 thresh)
[0m[33m[init]: failed static init: no accel jerk detected, platform moving too much
[0m[34m[TIME]: 0.0035 seconds total (284.0 hz, 10.00 ms behind)
[0m[33m[init]: disparity is 84.818,99.068 (10.00 thresh)
[0m[33m[init]: failed static init: no accel jerk detected, platform moving too much
[0m[34m[TIME]: 0.0029 seconds total (349.4 hz, 10.00 ms behind)
[0m[33m[init]: disparity is 84.818,99.068 (10.00 thresh)
[0m[33m[init]: failed static init: no accel jerk detected, platform moving too much
[0m[34m[TIME]: 0.0035 seconds total (285.3 hz, 10.00 ms behind)
[0m[33m[init]: disparity is 84.818,99.068 (10.00 thresh)
[0m[33m[init]: failed static init: no accel jerk detected, platform moving too much
[0m[34m[TIME]: 0.0027 seconds total (365.4 hz, 10.00 ms behind)
[0m[33m[init]: disparity is 84.818,99.068 (10.00 thresh)
[0m[33m[init]: failed static init: no accel jerk detected, platform moving too much
[0m[34m[TIME]: 0.0028 seconds total (361.1 hz, 10.00 ms behind)
[0m[33m[init]: disparity is 84.818,99.068 (10.00 thresh)
[0m[33m[init]: failed static init: no accel jerk detected, platform moving too much
[0m[34m[TIME]: 0.0031 seconds total (326.4 hz, 10.00 ms behind)
[0m[33m[init]: disparity is 84.818,99.068 (10.00 thresh)
[0m[33m[init]: failed static init: no accel jerk detected, platform moving too much
[0m[34m[TIME]: 0.0031 seconds total (326.4 hz, 7.60 ms behind)
[0m[33m[init]: disparity is 84.818,99.068 (10.00 thresh)
[0m[33m[init]: failed static init: no accel jerk detected, platform moving too much
[0m[34m[TIME]: 0.0028 seconds total (351.1 hz, 7.60 ms behind)
[0m[33m[init]: disparity is 84.818,99.068 (10.00 thresh)
[0m[33m[init]: failed static init: no accel jerk detected, platform moving too much
[0m[34m[TIME]: 0.0027 seconds total (367.6 hz, 10.00 ms behind)
[0m[33m[init]: disparity is 84.818,99.068 (10.00 thresh)
[0m[33m[init]: failed static init: no accel jerk detected, platform moving too much
[0m[34m[TIME]: 0.0028 seconds total (354.1 hz, 7.60 ms behind)
[0m[33m[init]: disparity is 84.818,99.068 (10.00 thresh)
[0m[33m[init]: failed static init: no accel jerk detected, platform moving too much
[0m[34m[TIME]: 0.0032 seconds total (313.4 hz, 10.00 ms behind)
[0m[33m[init]: disparity is 84.818,99.068 (10.00 thresh)
[0m[33m[init]: failed static init: no accel jerk detected, platform moving too much
[0m[34m[TIME]: 0.0029 seconds total (339.0 hz, 10.00 ms behind)
[0m[33m[init]: disparity is 84.818,99.068 (10.00 thresh)
[0m[33m[init]: failed static init: no accel jerk detected, platform moving too much
[0m[34m[TIME]: 0.0032 seconds total (314.9 hz, 10.00 ms behind)
[0m[33m[init]: disparity is 84.818,99.068 (10.00 thresh)
[0m[33m[init]: failed static init: no accel jerk detected, platform moving too much
[0m[34m[TIME]: 0.0034 seconds total (295.4 hz, 10.00 ms behind)
[0m[33m[init]: disparity is 84.818,99.068 (10.00 thresh)
[0m[33m[init]: failed static init: no accel jerk detected, platform moving too much
[0m[34m[TIME]: 0.0030 seconds total (334.6 hz, 7.60 ms behind)
[0m[33m[init]: disparity is 84.818,99.068 (10.00 thresh)
[0m[33m[init]: failed static init: no accel jerk detected, platform moving too much
[0m[34m[TIME]: 0.0032 seconds total (311.9 hz, 7.60 ms behind)
[0m[33m[init]: disparity is 84.818,99.068 (10.00 thresh)
[0m[33m[init]: failed static init: no accel jerk detected, platform moving too much
[0m[34m[TIME]: 0.0029 seconds total (341.3 hz, 7.60 ms behind)
[0m[33m[init]: disparity is 84.818,99.068 (10.00 thresh)
[0m[33m[init]: failed static init: no accel jerk detected, platform moving too much
[0m[34m[TIME]: 0.0033 seconds total (303.4 hz, 10.00 ms behind)
[0m[33m[init]: disparity is 84.818,99.068 (10.00 thresh)
[0m[33m[init]: failed static init: no accel jerk detected, platform moving too much
[0m[34m[TIME]: 0.0029 seconds total (350.6 hz, 10.00 ms behind)
[0m[33m[init]: disparity is 84.818,99.068 (10.00 thresh)
[0m[33m[init]: failed static init: no accel jerk detected, platform moving too much
[0m[34m[TIME]: 0.0027 seconds total (370.5 hz, 7.60 ms behind)
[0m[33m[init]: disparity is 84.818,99.068 (10.00 thresh)
[0m[33m[init]: failed static init: no accel jerk detected, platform moving too much
[0m[34m[TIME]: 0.0030 seconds total (337.6 hz, 10.00 ms behind)
[0m[33m[init]: disparity is 84.818,99.068 (10.00 thresh)
[0m[33m[init]: failed static init: no accel jerk detected, platform moving too much
[0m[34m[TIME]: 0.0027 seconds total (367.0 hz, 7.60 ms behind)
[0m[33m[init]: disparity is 84.818,99.068 (10.00 thresh)
[0m[33m[init]: failed static init: no accel jerk detected, platform moving too much
[0m[34m[TIME]: 0.0031 seconds total (318.9 hz, 10.00 ms behind)
[0m[33m[init]: disparity is 84.818,99.068 (10.00 thresh)
[0m[33m[init]: failed static init: no accel jerk detected, platform moving too much
[0m[34m[TIME]: 0.0038 seconds total (266.2 hz, 10.00 ms behind)
[0m[33m[init]: disparity is 84.818,99.068 (10.00 thresh)
[0m[33m[init]: failed static init: no accel jerk detected, platform moving too much
[0m[34m[TIME]: 0.0031 seconds total (325.9 hz, 7.60 ms behind)
[0m[33m[init]: disparity is 84.818,99.068 (10.00 thresh)
[0m[33m[init]: failed static init: no accel jerk detected, platform moving too much
[0m[34m[TIME]: 0.0033 seconds total (305.8 hz, 10.00 ms behind)
[0m[33m[init]: disparity is 84.818,99.068 (10.00 thresh)
[0m[33m[init]: failed static init: no accel jerk detected, platform moving too much
[0m[34m[TIME]: 0.0030 seconds total (329.8 hz, 10.00 ms behind)
[0m[33m[init]: disparity is 84.818,99.068 (10.00 thresh)
[0m[33m[init]: failed static init: no accel jerk detected, platform moving too much
[0m[34m[TIME]: 0.0033 seconds total (305.0 hz, 10.00 ms behind)
[0m[33m[init]: disparity is 84.818,99.068 (10.00 thresh)
[0m[33m[init]: failed static init: no accel jerk detected, platform moving too much
[0m[34m[TIME]: 0.0026 seconds total (381.2 hz, 10.00 ms behind)
[0m[33m[init]: disparity is 84.818,99.068 (10.00 thresh)
[0m[33m[init]: failed static init: no accel jerk detected, platform moving too much
[0m[34m[TIME]: 0.0031 seconds total (324.0 hz, 10.00 ms behind)
[0m[33m[init]: disparity is 84.818,99.068 (10.00 thresh)
[0m[33m[init]: failed static init: no accel jerk detected, platform moving too much
[0m[34m[TIME]: 0.0027 seconds total (366.2 hz, 10.00 ms behind)
[0m[33m[init]: disparity is 84.818,99.068 (10.00 thresh)
[0m[33m[init]: failed static init: no accel jerk detected, platform moving too much
[0m[34m[TIME]: 0.0074 seconds total (135.3 hz, 7.60 ms behind)
[0m[33m[init]: disparity is 84.818,99.068 (10.00 thresh)
[0m[33m[init]: failed static init: no accel jerk detected, platform moving too much
[0m[34m[TIME]: 0.0033 seconds total (298.9 hz, 10.00 ms behind)
[0m[33m[init]: disparity is 84.818,99.068 (10.00 thresh)
[0m[33m[init]: failed static init: no accel jerk detected, platform moving too much
[0m[34m[TIME]: 0.0030 seconds total (333.3 hz, 8.80 ms behind)
[0m[33m[init]: disparity is 84.818,99.068 (10.00 thresh)
[0m[33m[init]: failed static init: no accel jerk detected, platform moving too much
[0m[34m[TIME]: 0.0026 seconds total (382.7 hz, 10.00 ms behind)
[0m[33m[init]: disparity is 84.818,99.068 (10.00 thresh)
[0m[33m[init]: failed static init: no accel jerk detected, platform moving too much
[0m[34m[TIME]: 0.0026 seconds total (382.3 hz, 10.00 ms behind)
[0m[33m[init]: disparity is 84.818,99.068 (10.00 thresh)
[0m[33m[init]: failed static init: no accel jerk detected, platform moving too much
[0m[34m[TIME]: 0.0030 seconds total (335.6 hz, 7.60 ms behind)
[0m[33m[init]: disparity is 84.818,99.068 (10.00 thresh)
[0m[33m[init]: failed static init: no accel jerk detected, platform moving too much
[0m[34m[TIME]: 0.0031 seconds total (324.8 hz, 7.60 ms behind)
[0m[33m[init]: disparity is 84.818,99.068 (10.00 thresh)
[0m[33m[init]: failed static init: no accel jerk detected, platform moving too much
[0m[34m[TIME]: 0.0032 seconds total (313.1 hz, 10.00 ms behind)
[0m[33m[init]: disparity is 84.818,99.068 (10.00 thresh)
[0m[33m[init]: failed static init: no accel jerk detected, platform moving too much
[0m[34m[TIME]: 0.0029 seconds total (346.9 hz, 10.00 ms behind)
[0m[33m[init]: disparity is 84.818,99.068 (10.00 thresh)
[0m[33m[init]: failed static init: no accel jerk detected, platform moving too much
[0m[34m[TIME]: 0.0028 seconds total (356.3 hz, 10.00 ms behind)
[0m[33m[init]: disparity is 84.818,99.068 (10.00 thresh)
[0m[33m[init]: failed static init: no accel jerk detected, platform moving too much
[0m[34m[TIME]: 0.0028 seconds total (353.0 hz, 7.60 ms behind)
[0m[33m[init]: disparity is 84.818,99.068 (10.00 thresh)
[0m[33m[init]: failed static init: no accel jerk detected, platform moving too much
[0m[34m[TIME]: 0.0028 seconds total (353.2 hz, 8.00 ms behind)
[0m[33m[init]: disparity is 84.818,99.068 (10.00 thresh)
[0m[33m[init]: failed static init: no accel jerk detected, platform moving too much
[0m[34m[TIME]: 0.0035 seconds total (288.5 hz, 10.00 ms behind)
[0m[33m[init]: disparity is 84.818,99.068 (10.00 thresh)
[0m[33m[init]: failed static init: no accel jerk detected, platform moving too much
[0m[34m[TIME]: 0.0035 seconds total (285.0 hz, 10.00 ms behind)
[0m[33m[init]: disparity is 84.818,99.068 (10.00 thresh)
[0m[33m[init]: failed static init: no accel jerk detected, platform moving too much
[0m[34m[TIME]: 0.0029 seconds total (349.4 hz, 7.60 ms behind)
[0m[33m[init]: disparity is 84.818,99.068 (10.00 thresh)
[0m[33m[init]: failed static init: no accel jerk detected, platform moving too much
[0m[34m[TIME]: 0.0032 seconds total (312.2 hz, 10.00 ms behind)
[0m[33m[init]: disparity is 84.818,99.068 (10.00 thresh)
[0m[33m[init]: failed static init: no accel jerk detected, platform moving too much
[0m[34m[TIME]: 0.0032 seconds total (313.9 hz, 10.00 ms behind)
[0m[33m[init]: disparity is 84.818,99.068 (10.00 thresh)
[0m[33m[init]: failed static init: no accel jerk detected, platform moving too much
[0m[34m[TIME]: 0.0028 seconds total (361.9 hz, 7.60 ms behind)
[0m[33m[init]: disparity is 84.818,99.068 (10.00 thresh)
[0m[33m[init]: failed static init: no accel jerk detected, platform moving too much
[0m[34m[TIME]: 0.0030 seconds total (337.4 hz, 10.00 ms behind)
[0m[33m[init]: disparity is 84.818,99.068 (10.00 thresh)
[0m[33m[init]: failed static init: no accel jerk detected, platform moving too much
[0m[34m[TIME]: 0.0034 seconds total (296.9 hz, 10.00 ms behind)
[0m[33m[init]: disparity is 84.818,99.068 (10.00 thresh)
[0m[33m[init]: failed static init: no accel jerk detected, platform moving too much
[0m[34m[TIME]: 0.0031 seconds total (324.5 hz, 10.00 ms behind)
[0m[33m[init]: disparity is 84.818,99.068 (10.00 thresh)
[0m[33m[init]: failed static init: no accel jerk detected, platform moving too much
[0m[34m[TIME]: 0.0036 seconds total (280.2 hz, 10.00 ms behind)
[0m[33m[init]: disparity is 84.818,99.068 (10.00 thresh)
[0m[33m[init]: failed static init: no accel jerk detected, platform moving too much
[0m[34m[TIME]: 0.0031 seconds total (326.1 hz, 10.00 ms behind)
[0m[33m[init]: disparity is 84.818,99.068 (10.00 thresh)
[0m[33m[init]: failed static init: no accel jerk detected, platform moving too much
[0m[34m[TIME]: 0.0030 seconds total (338.1 hz, 7.60 ms behind)
[0m[33m[init]: disparity is 84.818,99.068 (10.00 thresh)
[0m[33m[init]: failed static init: no accel jerk detected, platform moving too much
[0m[34m[TIME]: 0.0032 seconds total (316.4 hz, 10.00 ms behind)
[0m[33m[init]: disparity is 84.818,99.068 (10.00 thresh)
[0m[33m[init]: failed static init: no accel jerk detected, platform moving too much
[0m[34m[TIME]: 0.0032 seconds total (316.7 hz, 10.00 ms behind)
[0m[33m[init]: disparity is 84.818,99.068 (10.00 thresh)
[0m[33m[init]: failed static init: no accel jerk detected, platform moving too much
[0m[34m[TIME]: 0.0030 seconds total (328.0 hz, 10.00 ms behind)
[0m[33m[init]: disparity is 84.818,99.068 (10.00 thresh)
[0m[33m[init]: failed static init: no accel jerk detected, platform moving too much
[0m[34m[TIME]: 0.0027 seconds total (363.9 hz, 10.00 ms behind)
[0m[33m[init]: disparity is 84.818,99.068 (10.00 thresh)
[0m[33m[init]: failed static init: no accel jerk detected, platform moving too much
[0m[34m[TIME]: 0.0032 seconds total (310.1 hz, 10.00 ms behind)
[0m[33m[init]: disparity is 84.818,99.068 (10.00 thresh)
[0m[33m[init]: failed static init: no accel jerk detected, platform moving too much
[0m[34m[TIME]: 0.0030 seconds total (334.6 hz, 9.60 ms behind)
[0m[33m[init]: disparity is 84.818,99.068 (10.00 thresh)
[0m[33m[init]: failed static init: no accel jerk detected, platform moving too much
[0m[34m[TIME]: 0.0035 seconds total (282.6 hz, 10.00 ms behind)
[0m[33m[init]: disparity is 84.818,99.068 (10.00 thresh)
[0m[33m[init]: failed static init: no accel jerk detected, platform moving too much
[0m[34m[TIME]: 0.0030 seconds total (328.6 hz, 8.80 ms behind)
[0m[33m[init]: disparity is 84.818,99.068 (10.00 thresh)
[0m[33m[init]: failed static init: no accel jerk detected, platform moving too much
[0m[34m[TIME]: 0.0036 seconds total (280.5 hz, 9.60 ms behind)
[0m[33m[init]: disparity is 84.818,99.068 (10.00 thresh)
[0m[33m[init]: failed static init: no accel jerk detected, platform moving too much
[0m[34m[TIME]: 0.0033 seconds total (305.3 hz, 8.80 ms behind)
[0m[33m[init]: disparity is 84.818,99.068 (10.00 thresh)
[0m[33m[init]: failed static init: no accel jerk detected, platform moving too much
[0m[34m[TIME]: 0.0030 seconds total (333.1 hz, 6.80 ms behind)
[0m[33m[init]: disparity is 84.818,99.068 (10.00 thresh)
[0m[33m[init]: failed static init: no accel jerk detected, platform moving too much
[0m[34m[TIME]: 0.0031 seconds total (325.0 hz, 8.00 ms behind)
[0m[33m[init]: disparity is 84.818,99.068 (10.00 thresh)
[0m[33m[init]: failed static init: no accel jerk detected, platform moving too much
[0m[34m[TIME]: 0.0033 seconds total (301.4 hz, 7.20 ms behind)
[0m[33m[init]: disparity is 84.818,99.068 (10.00 thresh)
[0m[33m[init]: failed static init: no accel jerk detected, platform moving too much
[0m[34m[TIME]: 0.0034 seconds total (293.8 hz, 8.40 ms behind)
[0m[33m[init]: disparity is 84.818,99.068 (10.00 thresh)
[0m[33m[init]: failed static init: no accel jerk detected, platform moving too much
[0m[34m[TIME]: 0.0036 seconds total (280.1 hz, 7.20 ms behind)
[0m[33m[init]: disparity is 84.818,99.068 (10.00 thresh)
[0m[33m[init]: failed static init: no accel jerk detected, platform moving too much
[0m[34m[TIME]: 0.0034 seconds total (291.9 hz, 8.00 ms behind)
[0m[33m[init]: disparity is 84.818,99.068 (10.00 thresh)
[0m[33m[init]: failed static init: no accel jerk detected, platform moving too much
[0m[34m[TIME]: 0.0028 seconds total (353.9 hz, 6.80 ms behind)
[0m[33m[init]: disparity is 84.818,99.068 (10.00 thresh)
[0m[33m[init]: failed static init: no accel jerk detected, platform moving too much
[0m[34m[TIME]: 0.0029 seconds total (345.7 hz, 5.60 ms behind)
[0m[33m[init]: disparity is 84.818,99.068 (10.00 thresh)
[0m[33m[init]: failed static init: no accel jerk detected, platform moving too much
[0m[34m[TIME]: 0.0039 seconds total (254.4 hz, 7.60 ms behind)
[0m[33m[init]: disparity is 84.818,99.068 (10.00 thresh)
[0m[33m[init]: failed static init: no accel jerk detected, platform moving too much
[0m[34m[TIME]: 0.0039 seconds total (256.0 hz, 8.00 ms behind)
[0m[33m[init]: disparity is 84.818,99.068 (10.00 thresh)
[0m[33m[init]: failed static init: no accel jerk detected, platform moving too much
[0m[34m[TIME]: 0.0041 seconds total (242.1 hz, 8.00 ms behind)
[0m[33m[init]: disparity is 84.818,99.068 (10.00 thresh)
[0m[33m[init]: failed static init: no accel jerk detected, platform moving too much
[0m[34m[TIME]: 0.0035 seconds total (289.5 hz, 6.80 ms behind)
[0m[33m[init]: disparity is 84.818,99.068 (10.00 thresh)
[0m[33m[init]: failed static init: no accel jerk detected, platform moving too much
[0m[34m[TIME]: 0.0036 seconds total (276.5 hz, 6.00 ms behind)
[0m[33m[init]: disparity is 84.818,99.068 (10.00 thresh)
[0m[33m[init]: failed static init: no accel jerk detected, platform moving too much
[0m[34m[TIME]: 0.0036 seconds total (275.6 hz, 8.40 ms behind)
[0m[33m[init]: disparity is 84.818,99.068 (10.00 thresh)
[0m[33m[init]: failed static init: no accel jerk detected, platform moving too much
[0m[34m[TIME]: 0.0031 seconds total (326.9 hz, 8.00 ms behind)
[0m[33m[init]: disparity is 84.818,99.068 (10.00 thresh)
[0m[33m[init]: failed static init: no accel jerk detected, platform moving too much
[0m[34m[TIME]: 0.0036 seconds total (274.2 hz, 8.00 ms behind)
[0m[33m[init]: disparity is 84.818,99.068 (10.00 thresh)
[0m[33m[init]: failed static init: no accel jerk detected, platform moving too much
[0m[34m[TIME]: 0.0035 seconds total (284.6 hz, 8.80 ms behind)
[0m[33m[init]: disparity is 84.818,99.068 (10.00 thresh)
[0m[33m[init]: failed static init: no accel jerk detected, platform moving too much
[0m[34m[TIME]: 0.0036 seconds total (278.2 hz, 6.80 ms behind)
[0m[33m[init]: disparity is 84.818,99.068 (10.00 thresh)
[0m[33m[init]: failed static init: no accel jerk detected, platform moving too much
[0m[34m[TIME]: 0.0036 seconds total (275.5 hz, 7.20 ms behind)
[0m[33m[init]: disparity is 84.818,99.068 (10.00 thresh)
[0m[33m[init]: failed static init: no accel jerk detected, platform moving too much
[0m[34m[TIME]: 0.0032 seconds total (314.0 hz, 8.00 ms behind)
[0m[33m[init]: disparity is 84.818,99.068 (10.00 thresh)
[0m[33m[init]: failed static init: no accel jerk detected, platform moving too much
[0m[34m[TIME]: 0.0029 seconds total (345.1 hz, 8.80 ms behind)
[0m[33m[init]: disparity is 84.818,99.068 (10.00 thresh)
[0m[33m[init]: failed static init: no accel jerk detected, platform moving too much
[0m[34m[TIME]: 0.0031 seconds total (317.6 hz, 8.00 ms behind)
[0m[33m[init]: disparity is 84.818,99.068 (10.00 thresh)
[0m[33m[init]: failed static init: no accel jerk detected, platform moving too much
[0m[34m[TIME]: 0.0032 seconds total (313.1 hz, 8.00 ms behind)
[0m[33m[init]: disparity is 84.818,99.068 (10.00 thresh)
[0m[33m[init]: failed static init: no accel jerk detected, platform moving too much
[0m[34m[TIME]: 0.0035 seconds total (285.5 hz, 8.00 ms behind)
[0m[33m[init]: disparity is 84.818,99.068 (10.00 thresh)
[0m[33m[init]: failed static init: no accel jerk detected, platform moving too much
[0m[34m[TIME]: 0.0039 seconds total (254.5 hz, 8.00 ms behind)
[0m[33m[init]: disparity is 84.818,99.068 (10.00 thresh)
[0m[33m[init]: failed static init: no accel jerk detected, platform moving too much
[0m[34m[TIME]: 0.0037 seconds total (273.7 hz, 8.00 ms behind)
[0m[33m[init]: disparity is 84.818,99.068 (10.00 thresh)
[0m[33m[init]: failed static init: no accel jerk detected, platform moving too much
[0m[34m[TIME]: 0.0030 seconds total (330.7 hz, 8.80 ms behind)
[0m[33m[init]: disparity is 84.818,99.068 (10.00 thresh)
[0m[33m[init]: failed static init: no accel jerk detected, platform moving too much
[0m[34m[TIME]: 0.0031 seconds total (323.9 hz, 6.80 ms behind)
[0m[33m[init]: disparity is 84.818,99.068 (10.00 thresh)
[0m[33m[init]: failed static init: no accel jerk detected, platform moving too much
[0m[34m[TIME]: 0.0039 seconds total (255.3 hz, 7.20 ms behind)
[0m[33m[init]: disparity is 84.818,99.068 (10.00 thresh)
[0m[33m[init]: failed static init: no accel jerk detected, platform moving too much
[0m[34m[TIME]: 0.0031 seconds total (322.1 hz, 8.00 ms behind)
[0m[33m[init]: disparity is 84.818,99.068 (10.00 thresh)
[0m[33m[init]: failed static init: no accel jerk detected, platform moving too much
[0m[34m[TIME]: 0.0030 seconds total (330.6 hz, 8.00 ms behind)
[0m[33m[init]: disparity is 84.818,99.068 (10.00 thresh)
[0m[33m[init]: failed static init: no accel jerk detected, platform moving too much
[0m[34m[TIME]: 0.0030 seconds total (332.2 hz, 4.80 ms behind)
[0m[33m[init]: disparity is 84.818,99.068 (10.00 thresh)
[0m[33m[init]: failed static init: no accel jerk detected, platform moving too much
[0m[34m[TIME]: 0.0029 seconds total (342.9 hz, 7.20 ms behind)
[0m[33m[init]: disparity is 84.818,99.068 (10.00 thresh)
[0m[33m[init]: failed static init: no accel jerk detected, platform moving too much
[0m[34m[TIME]: 0.0038 seconds total (263.2 hz, 8.00 ms behind)
[0m[33m[init]: disparity is 84.818,99.068 (10.00 thresh)
[0m[33m[init]: failed static init: no accel jerk detected, platform moving too much
[0m[34m[TIME]: 0.0039 seconds total (259.3 hz, 8.80 ms behind)
[0m[33m[init]: disparity is 84.818,99.068 (10.00 thresh)
[0m[33m[init]: failed static init: no accel jerk detected, platform moving too much
[0m[34m[TIME]: 0.0030 seconds total (334.2 hz, 8.00 ms behind)
[0m[33m[init]: disparity is 84.818,99.068 (10.00 thresh)
[0m[33m[init]: failed static init: no accel jerk detected, platform moving too much
[0m[34m[TIME]: 0.0033 seconds total (300.3 hz, 6.00 ms behind)
[0m[33m[init]: disparity is 84.818,99.068 (10.00 thresh)
[0m[33m[init]: failed static init: no accel jerk detected, platform moving too much
[0m[34m[TIME]: 0.0030 seconds total (338.0 hz, 6.00 ms behind)
[0m[33m[init]: disparity is 84.818,99.068 (10.00 thresh)
[0m[33m[init]: failed static init: no accel jerk detected, platform moving too much
[0m[34m[TIME]: 0.0035 seconds total (288.9 hz, 8.00 ms behind)
[0m[33m[init]: disparity is 84.818,99.068 (10.00 thresh)
[0m[33m[init]: failed static init: no accel jerk detected, platform moving too much
[0m[34m[TIME]: 0.0034 seconds total (292.9 hz, 5.60 ms behind)
[0m[33m[init]: disparity is 84.818,99.068 (10.00 thresh)
[0m[33m[init]: failed static init: no accel jerk detected, platform moving too much
[0m[34m[TIME]: 0.0027 seconds total (366.4 hz, 5.60 ms behind)
[0m[33m[init]: disparity is 84.818,99.068 (10.00 thresh)
[0m[33m[init]: failed static init: no accel jerk detected, platform moving too much
[0m[34m[TIME]: 0.0035 seconds total (282.4 hz, 6.80 ms behind)
[0m[33m[init]: disparity is 84.818,99.068 (10.00 thresh)
[0m[33m[init]: failed static init: no accel jerk detected, platform moving too much
[0m[34m[TIME]: 0.0033 seconds total (304.2 hz, 8.00 ms behind)
[0m[33m[init]: disparity is 84.818,99.068 (10.00 thresh)
[0m[33m[init]: failed static init: no accel jerk detected, platform moving too much
[0m[34m[TIME]: 0.0035 seconds total (286.0 hz, 6.80 ms behind)
[0m[33m[init]: disparity is 84.818,99.068 (10.00 thresh)
[0m[33m[init]: failed static init: no accel jerk detected, platform moving too much
[0m[34m[TIME]: 0.0041 seconds total (241.2 hz, 8.00 ms behind)
[0m[33m[init]: disparity is 84.818,99.068 (10.00 thresh)
[0m[33m[init]: failed static init: no accel jerk detected, platform moving too much
[0m[34m[TIME]: 0.0035 seconds total (283.8 hz, 7.60 ms behind)
[0m[33m[init]: disparity is 84.818,99.068 (10.00 thresh)
[0m[33m[init]: failed static init: no accel jerk detected, platform moving too much
[0m[34m[TIME]: 0.0036 seconds total (276.0 hz, 5.60 ms behind)
[0m[33m[init]: disparity is 84.818,99.068 (10.00 thresh)
[0m[33m[init]: failed static init: no accel jerk detected, platform moving too much
[0m[34m[TIME]: 0.0041 seconds total (243.7 hz, 8.00 ms behind)
[0m[33m[init]: disparity is 84.818,99.068 (10.00 thresh)
[0m[33m[init]: failed static init: no accel jerk detected, platform moving too much
[0m[34m[TIME]: 0.0042 seconds total (239.5 hz, 8.00 ms behind)
[0m[33m[init]: disparity is 84.818,99.068 (10.00 thresh)
[0m[33m[init]: failed static init: no accel jerk detected, platform moving too much
[0m[34m[TIME]: 0.0038 seconds total (263.6 hz, 8.00 ms behind)
[0m[33m[init]: disparity is 84.818,99.068 (10.00 thresh)
[0m[33m[init]: failed static init: no accel jerk detected, platform moving too much
[0m[34m[TIME]: 0.0039 seconds total (253.5 hz, 8.80 ms behind)
[0m[33m[init]: disparity is 84.818,99.068 (10.00 thresh)
[0m[33m[init]: failed static init: no accel jerk detected, platform moving too much
[0m[34m[TIME]: 0.0033 seconds total (299.1 hz, 5.60 ms behind)
[0m[33m[init]: disparity is 84.818,99.068 (10.00 thresh)
[0m[33m[init]: failed static init: no accel jerk detected, platform moving too much
[0m[34m[TIME]: 0.0041 seconds total (243.6 hz, 8.00 ms behind)
[0m[33m[init]: disparity is 84.818,99.068 (10.00 thresh)
[0m[33m[init]: failed static init: no accel jerk detected, platform moving too much
[0m[34m[TIME]: 0.0037 seconds total (271.6 hz, 8.00 ms behind)
[0m[33m[init]: disparity is 84.818,99.068 (10.00 thresh)
[0m[33m[init]: failed static init: no accel jerk detected, platform moving too much
[0m[34m[TIME]: 0.0040 seconds total (251.1 hz, 5.60 ms behind)
[0m[33m[init]: disparity is 84.818,99.068 (10.00 thresh)
[0m[33m[init]: failed static init: no accel jerk detected, platform moving too much
[0m[34m[TIME]: 0.0036 seconds total (277.3 hz, 7.60 ms behind)
[0m[33m[init]: disparity is 84.818,99.068 (10.00 thresh)
[0m[33m[init]: failed static init: no accel jerk detected, platform moving too much
[0m[34m[TIME]: 0.0041 seconds total (244.8 hz, 8.80 ms behind)
[0m[33m[init]: disparity is 84.818,99.068 (10.00 thresh)
[0m[33m[init]: failed static init: no accel jerk detected, platform moving too much
[0m[34m[TIME]: 0.0032 seconds total (309.0 hz, 8.00 ms behind)
[0m[33m[init]: disparity is 84.818,99.068 (10.00 thresh)
[0m[33m[init]: failed static init: no accel jerk detected, platform moving too much
[0m[34m[TIME]: 0.0031 seconds total (325.8 hz, 8.00 ms behind)
[0m[33m[init]: disparity is 84.818,99.068 (10.00 thresh)
[0m[33m[init]: failed static init: no accel jerk detected, platform moving too much
[0m[34m[TIME]: 0.0032 seconds total (312.1 hz, 8.00 ms behind)
[0m[33m[init]: disparity is 84.818,99.068 (10.00 thresh)
[0m[33m[init]: failed static init: no accel jerk detected, platform moving too much
[0m[34m[TIME]: 0.0033 seconds total (307.6 hz, 5.60 ms behind)
[0m[33m[init]: disparity is 84.818,99.068 (10.00 thresh)
[0m[33m[init]: failed static init: no accel jerk detected, platform moving too much
[0m[34m[TIME]: 0.0034 seconds total (298.0 hz, 8.00 ms behind)
[0m[33m[init]: disparity is 84.818,99.068 (10.00 thresh)
[0m[33m[init]: failed static init: no accel jerk detected, platform moving too much
[0m[34m[TIME]: 0.0038 seconds total (260.8 hz, 6.80 ms behind)
[0m[33m[init]: disparity is 84.818,99.068 (10.00 thresh)
[0m[33m[init]: failed static init: no accel jerk detected, platform moving too much
[0m[34m[TIME]: 0.0030 seconds total (331.7 hz, 8.00 ms behind)
[0m[33m[init]: disparity is 84.818,99.068 (10.00 thresh)
[0m[33m[init]: failed static init: no accel jerk detected, platform moving too much
[0m[34m[TIME]: 0.0030 seconds total (334.8 hz, 8.00 ms behind)
[0m[33m[init]: disparity is 84.818,99.068 (10.00 thresh)
[0m[33m[init]: failed static init: no accel jerk detected, platform moving too much
[0m[34m[TIME]: 0.0030 seconds total (328.5 hz, 8.40 ms behind)
[0m[33m[init]: disparity is 84.818,99.068 (10.00 thresh)
[0m[33m[init]: failed static init: no accel jerk detected, platform moving too much
[0m[34m[TIME]: 0.0031 seconds total (327.7 hz, 8.00 ms behind)
[0m[33m[init]: disparity is 84.818,99.068 (10.00 thresh)
[0m[33m[init]: failed static init: no accel jerk detected, platform moving too much
[0m[34m[TIME]: 0.0034 seconds total (294.7 hz, 8.40 ms behind)
[0m[33m[init]: disparity is 84.818,99.068 (10.00 thresh)
[0m[33m[init]: failed static init: no accel jerk detected, platform moving too much
[0m[34m[TIME]: 0.0036 seconds total (274.7 hz, 6.00 ms behind)
[0m[33m[init]: disparity is 84.818,99.068 (10.00 thresh)
[0m[33m[init]: failed static init: no accel jerk detected, platform moving too much
[0m[34m[TIME]: 0.0039 seconds total (258.7 hz, 8.40 ms behind)
[0m[33m[init]: disparity is 84.818,99.068 (10.00 thresh)
[0m[33m[init]: failed static init: no accel jerk detected, platform moving too much
[0m[34m[TIME]: 0.0041 seconds total (245.9 hz, 5.60 ms behind)
[0m[33m[init]: disparity is 84.818,99.068 (10.00 thresh)
[0m[33m[init]: failed static init: no accel jerk detected, platform moving too much
[0m[34m[TIME]: 0.0042 seconds total (239.6 hz, 6.40 ms behind)
[0m[33m[init]: disparity is 84.818,99.068 (10.00 thresh)
[0m[33m[init]: failed static init: no accel jerk detected, platform moving too much
[0m[34m[TIME]: 0.0044 seconds total (229.8 hz, 5.60 ms behind)
[0m[33m[init]: disparity is 84.818,99.068 (10.00 thresh)
[0m[33m[init]: failed static init: no accel jerk detected, platform moving too much
[0m[34m[TIME]: 0.0039 seconds total (253.4 hz, 7.60 ms behind)
[0m[33m[init]: disparity is 84.818,99.068 (10.00 thresh)
[0m[33m[init]: failed static init: no accel jerk detected, platform moving too much
[0m[34m[TIME]: 0.0047 seconds total (213.5 hz, 6.80 ms behind)
[0m[33m[init]: disparity is 84.818,99.068 (10.00 thresh)
[0m[33m[init]: failed static init: no accel jerk detected, platform moving too much
[0m[34m[TIME]: 0.0037 seconds total (270.6 hz, 4.80 ms behind)
[0m[33m[init]: disparity is 84.818,99.068 (10.00 thresh)
[0m[33m[init]: failed static init: no accel jerk detected, platform moving too much
[0m[34m[TIME]: 0.0043 seconds total (230.5 hz, 5.60 ms behind)
[0m[33m[init]: disparity is 84.818,99.068 (10.00 thresh)
[0m[33m[init]: failed static init: no accel jerk detected, platform moving too much
[0m[34m[TIME]: 0.0037 seconds total (273.7 hz, 6.40 ms behind)
[0m[33m[init]: disparity is 84.818,99.068 (10.00 thresh)
[0m[33m[init]: failed static init: no accel jerk detected, platform moving too much
[0m[34m[TIME]: 0.0036 seconds total (281.6 hz, 5.60 ms behind)
[0m[33m[init]: disparity is 84.818,99.068 (10.00 thresh)
[0m[33m[init]: failed static init: no accel jerk detected, platform moving too much
[0m[34m[TIME]: 0.0042 seconds total (239.7 hz, 4.80 ms behind)
[0m[33m[init]: disparity is 84.818,99.068 (10.00 thresh)
[0m[33m[init]: failed static init: no accel jerk detected, platform moving too much
[0m[34m[TIME]: 0.0040 seconds total (247.4 hz, 6.80 ms behind)
[0m[33m[init]: disparity is 84.818,99.068 (10.00 thresh)
[0m[33m[init]: failed static init: no accel jerk detected, platform moving too much
[0m[34m[TIME]: 0.0035 seconds total (284.7 hz, 4.80 ms behind)
[0m[33m[init]: disparity is 84.818,99.068 (10.00 thresh)
[0m[33m[init]: failed static init: no accel jerk detected, platform moving too much
[0m[34m[TIME]: 0.0075 seconds total (133.9 hz, 8.00 ms behind)
[0m[33m[init]: disparity is 84.818,99.068 (10.00 thresh)
[0m[33m[init]: failed static init: no accel jerk detected, platform moving too much
[0m[34m[TIME]: 0.0034 seconds total (294.1 hz, 8.00 ms behind)
[0m[33m[init]: disparity is 84.818,99.068 (10.00 thresh)
[0m[33m[init]: failed static init: no accel jerk detected, platform moving too much
[0m[34m[TIME]: 0.0045 seconds total (221.0 hz, 6.80 ms behind)
[0m[33m[init]: disparity is 84.818,99.068 (10.00 thresh)
[0m[33m[init]: failed static init: no accel jerk detected, platform moving too much
[0m[34m[TIME]: 0.0034 seconds total (294.3 hz, 7.60 ms behind)
[0m[33m[init]: disparity is 84.818,99.068 (10.00 thresh)
[0m[33m[init]: failed static init: no accel jerk detected, platform moving too much
[0m[34m[TIME]: 0.0034 seconds total (290.0 hz, 8.00 ms behind)
[0m[33m[init]: disparity is 84.818,99.068 (10.00 thresh)
[0m[33m[init]: failed static init: no accel jerk detected, platform moving too much
[0m[34m[TIME]: 0.0035 seconds total (283.7 hz, 8.00 ms behind)
[0m[33m[init]: disparity is 84.818,99.068 (10.00 thresh)
[0m[33m[init]: failed static init: no accel jerk detected, platform moving too much
[0m[34m[TIME]: 0.0036 seconds total (278.0 hz, 8.00 ms behind)
[0m[33m[init]: disparity is 84.818,99.068 (10.00 thresh)
[0m[33m[init]: failed static init: no accel jerk detected, platform moving too much
[0m[34m[TIME]: 0.0062 seconds total (162.5 hz, 6.40 ms behind)
[0m[33m[init]: disparity is 84.818,99.068 (10.00 thresh)
[0m[33m[init]: failed static init: no accel jerk detected, platform moving too much
[0m[34m[TIME]: 0.0033 seconds total (306.7 hz, 8.00 ms behind)
[0m[33m[init]: disparity is 84.818,99.068 (10.00 thresh)
[0m[33m[init]: failed static init: no accel jerk detected, platform moving too much
[0m[34m[TIME]: 0.0031 seconds total (321.6 hz, 7.60 ms behind)
[0m[33m[init]: disparity is 84.818,99.068 (10.00 thresh)
[0m[33m[init]: failed static init: no accel jerk detected, platform moving too much
[0m[34m[TIME]: 0.0032 seconds total (308.3 hz, 4.80 ms behind)
[0m[33m[init]: disparity is 84.818,99.068 (10.00 thresh)
[0m[33m[init]: failed static init: no accel jerk detected, platform moving too much
[0m[34m[TIME]: 0.0037 seconds total (268.2 hz, 7.60 ms behind)
[0m[33m[init]: disparity is 84.818,99.068 (10.00 thresh)
[0m[33m[init]: failed static init: no accel jerk detected, platform moving too much
[0m[34m[TIME]: 0.0026 seconds total (389.4 hz, 7.20 ms behind)
[0m[33m[init]: disparity is 84.818,99.068 (10.00 thresh)
[0m[33m[init]: failed static init: no accel jerk detected, platform moving too much
[0m[34m[TIME]: 0.0034 seconds total (290.3 hz, 4.80 ms behind)
[0m[33m[init]: disparity is 84.818,99.068 (10.00 thresh)
[0m[33m[init]: failed static init: no accel jerk detected, platform moving too much
[0m[34m[TIME]: 0.0034 seconds total (297.5 hz, 8.00 ms behind)
[0m[33m[init]: disparity is 84.818,99.068 (10.00 thresh)
[0m[33m[init]: failed static init: no accel jerk detected, platform moving too much
[0m[34m[TIME]: 0.0037 seconds total (271.7 hz, 6.40 ms behind)
[0m[33m[init]: disparity is 84.818,99.068 (10.00 thresh)
[0m[33m[init]: failed static init: no accel jerk detected, platform moving too much
[0m[34m[TIME]: 0.0028 seconds total (362.2 hz, 7.20 ms behind)
[0m[33m[init]: disparity is 84.818,99.068 (10.00 thresh)
[0m[33m[init]: failed static init: no accel jerk detected, platform moving too much
[0m[34m[TIME]: 0.0027 seconds total (376.4 hz, 5.60 ms behind)
[0m[33m[init]: disparity is 84.818,99.068 (10.00 thresh)
[0m[33m[init]: failed static init: no accel jerk detected, platform moving too much
[0m[34m[TIME]: 0.0034 seconds total (297.8 hz, 8.00 ms behind)
[0m[33m[init]: disparity is 84.818,99.068 (10.00 thresh)
[0m[33m[init]: failed static init: no accel jerk detected, platform moving too much
[0m[34m[TIME]: 0.0030 seconds total (338.5 hz, 8.40 ms behind)
[0m[33m[init]: disparity is 84.818,99.068 (10.00 thresh)
[0m[33m[init]: failed static init: no accel jerk detected, platform moving too much
[0m[34m[TIME]: 0.0031 seconds total (321.4 hz, 5.60 ms behind)
[0m[33m[init]: disparity is 84.818,99.068 (10.00 thresh)
[0m[33m[init]: failed static init: no accel jerk detected, platform moving too much
[0m[34m[TIME]: 0.0032 seconds total (308.7 hz, 8.00 ms behind)
[0m[33m[init]: disparity is 84.818,99.068 (10.00 thresh)
[0m[33m[init]: failed static init: no accel jerk detected, platform moving too much
[0m[34m[TIME]: 0.0044 seconds total (228.2 hz, 5.60 ms behind)
[0m[33m[init]: disparity is 84.818,99.068 (10.00 thresh)
[0m[33m[init]: failed static init: no accel jerk detected, platform moving too much
[0m[34m[TIME]: 0.0039 seconds total (258.1 hz, 4.80 ms behind)
[0m[33m[init]: disparity is 84.818,99.068 (10.00 thresh)
[0m[33m[init]: failed static init: no accel jerk detected, platform moving too much
[0m[34m[TIME]: 0.0037 seconds total (272.5 hz, 8.00 ms behind)
[0m[33m[init]: disparity is 84.818,99.068 (10.00 thresh)
[0m[33m[init]: failed static init: no accel jerk detected, platform moving too much
[0m[34m[TIME]: 0.0037 seconds total (274.0 hz, 7.60 ms behind)
[0m[33m[init]: disparity is 84.818,99.068 (10.00 thresh)
[0m[33m[init]: failed static init: no accel jerk detected, platform moving too much
[0m[34m[TIME]: 0.0042 seconds total (235.5 hz, 8.00 ms behind)
[0m[33m[init]: disparity is 84.818,99.068 (10.00 thresh)
[0m[33m[init]: failed static init: no accel jerk detected, platform moving too much
[0m[34m[TIME]: 0.0036 seconds total (274.0 hz, 7.60 ms behind)
[0m[33m[init]: disparity is 84.818,99.068 (10.00 thresh)
[0m[33m[init]: failed static init: no accel jerk detected, platform moving too much
[0m[34m[TIME]: 0.0037 seconds total (271.2 hz, 7.20 ms behind)
[0m[33m[init]: disparity is 84.818,99.068 (10.00 thresh)
[0m[33m[init]: failed static init: no accel jerk detected, platform moving too much
[0m[34m[TIME]: 0.0039 seconds total (256.5 hz, 5.60 ms behind)
[0m[33m[init]: disparity is 84.818,99.068 (10.00 thresh)
[0m[33m[init]: failed static init: no accel jerk detected, platform moving too much
[0m[34m[TIME]: 0.0038 seconds total (263.4 hz, 8.00 ms behind)
[0m[33m[init]: disparity is 84.818,99.068 (10.00 thresh)
[0m[33m[init]: failed static init: no accel jerk detected, platform moving too much
[0m[34m[TIME]: 0.0041 seconds total (244.4 hz, 8.00 ms behind)
[0m[33m[init]: disparity is 84.818,99.068 (10.00 thresh)
[0m[33m[init]: failed static init: no accel jerk detected, platform moving too much
[0m[34m[TIME]: 0.0041 seconds total (243.7 hz, 8.00 ms behind)
[0m[33m[init]: disparity is 84.818,99.068 (10.00 thresh)
[0m[33m[init]: failed static init: no accel jerk detected, platform moving too much
[0m[34m[TIME]: 0.0044 seconds total (226.1 hz, 8.00 ms behind)
[0m[33m[init]: disparity is 84.818,99.068 (10.00 thresh)
[0m[33m[init]: failed static init: no accel jerk detected, platform moving too much
[0m[34m[TIME]: 0.0053 seconds total (189.8 hz, 8.00 ms behind)
[0m[33m[init]: disparity is 84.818,99.068 (10.00 thresh)
[0m[33m[init]: failed static init: no accel jerk detected, platform moving too much
[0m[34m[TIME]: 0.0043 seconds total (232.7 hz, 6.00 ms behind)
[0m[33m[init]: disparity is 84.818,99.068 (10.00 thresh)
[0m[33m[init]: failed static init: no accel jerk detected, platform moving too much
[0m[34m[TIME]: 0.0045 seconds total (220.4 hz, 6.80 ms behind)
[0m[33m[init]: disparity is 84.818,99.068 (10.00 thresh)
[0m[33m[init]: failed static init: no accel jerk detected, platform moving too much
[0m[34m[TIME]: 0.0036 seconds total (274.3 hz, 4.00 ms behind)
[0m[33m[init]: disparity is 84.818,99.068 (10.00 thresh)
[0m[33m[init]: failed static init: no accel jerk detected, platform moving too much
[0m[34m[TIME]: 0.0044 seconds total (225.4 hz, 5.20 ms behind)
[0m[33m[init]: disparity is 84.818,99.068 (10.00 thresh)
[0m[33m[init]: failed static init: no accel jerk detected, platform moving too much
[0m[34m[TIME]: 0.0032 seconds total (312.1 hz, 7.60 ms behind)
[0m[33m[init]: disparity is 84.818,99.068 (10.00 thresh)
[0m[33m[init]: failed static init: no accel jerk detected, platform moving too much
[0m[34m[TIME]: 0.0034 seconds total (292.8 hz, 8.00 ms behind)
[0m[33m[init]: disparity is 84.818,99.068 (10.00 thresh)
[0m[33m[init]: failed static init: no accel jerk detected, platform moving too much
[0m[34m[TIME]: 0.0031 seconds total (319.8 hz, 6.40 ms behind)
[0m[33m[init]: disparity is 84.818,99.068 (10.00 thresh)
[0m[33m[init]: failed static init: no accel jerk detected, platform moving too much
[0m[34m[TIME]: 0.0035 seconds total (286.0 hz, 8.00 ms behind)
[0m[33m[init]: disparity is 84.818,99.068 (10.00 thresh)
[0m[33m[init]: failed static init: no accel jerk detected, platform moving too much
[0m[34m[TIME]: 0.0041 seconds total (243.4 hz, 6.40 ms behind)
[0m[33m[init]: disparity is 84.818,99.068 (10.00 thresh)
[0m[33m[init]: failed static init: no accel jerk detected, platform moving too much
[0m[34m[TIME]: 0.0033 seconds total (303.9 hz, 8.00 ms behind)
[0m[33m[init]: disparity is 84.818,99.068 (10.00 thresh)
[0m[33m[init]: failed static init: no accel jerk detected, platform moving too much
[0m[34m[TIME]: 0.0033 seconds total (303.6 hz, 6.80 ms behind)
[0m[33m[init]: disparity is 84.818,99.068 (10.00 thresh)
[0m[33m[init]: failed static init: no accel jerk detected, platform moving too much
[0m[34m[TIME]: 0.0033 seconds total (304.7 hz, 6.80 ms behind)
[0m[33m[init]: disparity is 84.818,99.068 (10.00 thresh)
[0m[33m[init]: failed static init: no accel jerk detected, platform moving too much
[0m[34m[TIME]: 0.0030 seconds total (328.1 hz, 6.00 ms behind)
[0m[33m[init]: disparity is 84.818,99.068 (10.00 thresh)
[0m[33m[init]: failed static init: no accel jerk detected, platform moving too much
[0m[34m[TIME]: 0.0033 seconds total (298.7 hz, 5.20 ms behind)
[0m[33m[init]: disparity is 84.818,99.068 (10.00 thresh)
[0m[33m[init]: failed static init: no accel jerk detected, platform moving too much
[0m[34m[TIME]: 0.0039 seconds total (254.1 hz, 4.80 ms behind)
[0m[33m[init]: disparity is 84.818,99.068 (10.00 thresh)
[0m[33m[init]: failed static init: no accel jerk detected, platform moving too much
[0m[34m[TIME]: 0.0038 seconds total (265.7 hz, 8.00 ms behind)
[0m[33m[init]: disparity is 84.818,99.068 (10.00 thresh)
[0m[33m[init]: failed static init: no accel jerk detected, platform moving too much
[0m[34m[TIME]: 0.0038 seconds total (265.1 hz, 7.60 ms behind)
[0m[33m[init]: disparity is 84.818,99.068 (10.00 thresh)
[0m[33m[init]: failed static init: no accel jerk detected, platform moving too much
[0m[34m[TIME]: 0.0038 seconds total (265.8 hz, 6.80 ms behind)
[0m[33m[init]: disparity is 84.818,99.068 (10.00 thresh)
[0m[33m[init]: failed static init: no accel jerk detected, platform moving too much
[0m[34m[TIME]: 0.0040 seconds total (252.6 hz, 6.40 ms behind)
[0m[33m[init]: disparity is 84.818,99.068 (10.00 thresh)
[0m[33m[init]: failed static init: no accel jerk detected, platform moving too much
[0m[34m[TIME]: 0.0034 seconds total (292.2 hz, 8.00 ms behind)
[0m[33m[init]: disparity is 84.818,99.068 (10.00 thresh)
[0m[33m[init]: failed static init: no accel jerk detected, platform moving too much
[0m[34m[TIME]: 0.0037 seconds total (268.3 hz, 6.40 ms behind)
[0m[33m[init]: disparity is 84.818,99.068 (10.00 thresh)
[0m[33m[init]: failed static init: no accel jerk detected, platform moving too much
[0m[34m[TIME]: 0.0027 seconds total (375.5 hz, 7.60 ms behind)
[0m[33m[init]: disparity is 84.818,99.068 (10.00 thresh)
[0m[33m[init]: failed static init: no accel jerk detected, platform moving too much
[0m[34m[TIME]: 0.0029 seconds total (347.7 hz, 4.80 ms behind)
[0m[33m[init]: disparity is 84.818,99.068 (10.00 thresh)
[0m[33m[init]: failed static init: no accel jerk detected, platform moving too much
[0m[34m[TIME]: 0.0042 seconds total (236.2 hz, 6.80 ms behind)
[0m[33m[init]: disparity is 84.818,99.068 (10.00 thresh)
[0m[33m[init]: failed static init: no accel jerk detected, platform moving too much
[0m[34m[TIME]: 0.0040 seconds total (249.9 hz, 8.00 ms behind)
[0m[33m[init]: disparity is 84.818,99.068 (10.00 thresh)
[0m[33m[init]: failed static init: no accel jerk detected, platform moving too much
[0m[34m[TIME]: 0.0038 seconds total (263.6 hz, 8.00 ms behind)
[0m[33m[init]: disparity is 84.818,99.068 (10.00 thresh)
[0m[33m[init]: failed static init: no accel jerk detected, platform moving too much
[0m[34m[TIME]: 0.0027 seconds total (373.4 hz, 5.60 ms behind)
[0m[33m[init]: disparity is 84.818,99.068 (10.00 thresh)
[0m[33m[init]: failed static init: no accel jerk detected, platform moving too much
[0m[34m[TIME]: 0.0037 seconds total (268.8 hz, 7.60 ms behind)
[0m[33m[init]: disparity is 84.818,99.068 (10.00 thresh)
[0m[33m[init]: failed static init: no accel jerk detected, platform moving too much
[0m[34m[TIME]: 0.0036 seconds total (281.1 hz, 6.80 ms behind)
[0m[33m[init]: disparity is 84.818,99.068 (10.00 thresh)
[0m[33m[init]: failed static init: no accel jerk detected, platform moving too much
[0m[34m[TIME]: 0.0036 seconds total (276.3 hz, 7.60 ms behind)
[0m[33m[init]: disparity is 84.818,99.068 (10.00 thresh)
[0m[33m[init]: failed static init: no accel jerk detected, platform moving too much
[0m[34m[TIME]: 0.0030 seconds total (334.4 hz, 8.80 ms behind)
[0m[33m[init]: disparity is 84.818,99.068 (10.00 thresh)
[0m[33m[init]: failed static init: no accel jerk detected, platform moving too much
[0m[34m[TIME]: 0.0030 seconds total (335.2 hz, 6.80 ms behind)
[0m[33m[init]: disparity is 84.818,99.068 (10.00 thresh)
[0m[33m[init]: failed static init: no accel jerk detected, platform moving too much
[0m[34m[TIME]: 0.0030 seconds total (331.1 hz, 7.60 ms behind)
[0m[33m[init]: disparity is 84.818,99.068 (10.00 thresh)
[0m[33m[init]: failed static init: no accel jerk detected, platform moving too much
[0m[34m[TIME]: 0.0040 seconds total (247.5 hz, 7.60 ms behind)
[0m[33m[init]: disparity is 84.818,99.068 (10.00 thresh)
[0m[33m[init]: failed static init: no accel jerk detected, platform moving too much
[0m[34m[TIME]: 0.0030 seconds total (332.7 hz, 7.60 ms behind)
[0m[33m[init]: disparity is 84.818,99.068 (10.00 thresh)
[0m[33m[init]: failed static init: no accel jerk detected, platform moving too much
[0m[34m[TIME]: 0.0038 seconds total (265.7 hz, 8.00 ms behind)
[0m[33m[init]: disparity is 84.818,99.068 (10.00 thresh)
[0m[33m[init]: failed static init: no accel jerk detected, platform moving too much
[0m[34m[TIME]: 0.0035 seconds total (289.4 hz, 5.60 ms behind)
[0m[33m[init]: disparity is 84.818,99.068 (10.00 thresh)
[0m[33m[init]: failed static init: no accel jerk detected, platform moving too much
[0m[34m[TIME]: 0.0036 seconds total (275.0 hz, 8.00 ms behind)
[0m[33m[init]: disparity is 84.818,99.068 (10.00 thresh)
[0m[33m[init]: failed static init: no accel jerk detected, platform moving too much
[0m[34m[TIME]: 0.0034 seconds total (290.9 hz, 7.60 ms behind)
[0m[33m[init]: disparity is 84.818,99.068 (10.00 thresh)
[0m[33m[init]: failed static init: no accel jerk detected, platform moving too much
[0m[34m[TIME]: 0.0038 seconds total (263.2 hz, 7.60 ms behind)
[0m[33m[init]: disparity is 84.818,99.068 (10.00 thresh)
[0m[33m[init]: failed static init: no accel jerk detected, platform moving too much
[0m[34m[TIME]: 0.0032 seconds total (309.6 hz, 5.60 ms behind)
[0m[33m[init]: disparity is 84.818,99.068 (10.00 thresh)
[0m[33m[init]: failed static init: no accel jerk detected, platform moving too much
[0m[34m[TIME]: 0.0043 seconds total (234.2 hz, 6.80 ms behind)
[0m[33m[init]: disparity is 84.818,99.068 (10.00 thresh)
[0m[33m[init]: failed static init: no accel jerk detected, platform moving too much
[0m[34m[TIME]: 0.0034 seconds total (293.9 hz, 6.40 ms behind)
[0m[33m[init]: disparity is 84.818,99.068 (10.00 thresh)
[0m[33m[init]: failed static init: no accel jerk detected, platform moving too much
[0m[34m[TIME]: 0.0035 seconds total (285.2 hz, 6.00 ms behind)
[0m[33m[init]: disparity is 84.818,99.068 (10.00 thresh)
[0m[33m[init]: failed static init: no accel jerk detected, platform moving too much
[0m[34m[TIME]: 0.0030 seconds total (332.1 hz, 6.80 ms behind)
[0m[33m[init]: disparity is 84.818,99.068 (10.00 thresh)
[0m[33m[init]: failed static init: no accel jerk detected, platform moving too much
[0m[34m[TIME]: 0.0037 seconds total (272.9 hz, 4.00 ms behind)
[0m[33m[init]: disparity is 84.818,99.068 (10.00 thresh)
[0m[33m[init]: failed static init: no accel jerk detected, platform moving too much
[0m[34m[TIME]: 0.0036 seconds total (279.3 hz, 7.60 ms behind)
[0m[33m[init]: disparity is 84.818,99.068 (10.00 thresh)
[0m[33m[init]: failed static init: no accel jerk detected, platform moving too much
[0m[34m[TIME]: 0.0030 seconds total (328.0 hz, 7.60 ms behind)
[0m[33m[init]: disparity is 84.818,99.068 (10.00 thresh)
[0m[33m[init]: failed static init: no accel jerk detected, platform moving too much
[0m[34m[TIME]: 0.0034 seconds total (297.4 hz, 6.00 ms behind)
[0m[33m[init]: disparity is 84.818,99.068 (10.00 thresh)
[0m[33m[init]: failed static init: no accel jerk detected, platform moving too much
[0m[34m[TIME]: 0.0029 seconds total (342.5 hz, 5.20 ms behind)
[0m[33m[init]: disparity is 84.818,99.068 (10.00 thresh)
[0m[33m[init]: failed static init: no accel jerk detected, platform moving too much
[0m[34m[TIME]: 0.0034 seconds total (291.2 hz, 6.00 ms behind)
[0m[33m[init]: disparity is 84.818,99.068 (10.00 thresh)
[0m[33m[init]: failed static init: no accel jerk detected, platform moving too much
[0m[34m[TIME]: 0.0031 seconds total (322.7 hz, 7.60 ms behind)
[0m[33m[init]: disparity is 84.818,99.068 (10.00 thresh)
[0m[33m[init]: failed static init: no accel jerk detected, platform moving too much
[0m[34m[TIME]: 0.0029 seconds total (344.8 hz, 7.60 ms behind)
[0m[33m[init]: disparity is 84.818,99.068 (10.00 thresh)
[0m[33m[init]: failed static init: no accel jerk detected, platform moving too much
[0m[34m[TIME]: 0.0028 seconds total (361.0 hz, 6.80 ms behind)
[0m[33m[init]: disparity is 84.818,99.068 (10.00 thresh)
[0m[33m[init]: failed static init: no accel jerk detected, platform moving too much
[0m[34m[TIME]: 0.0033 seconds total (306.5 hz, 7.60 ms behind)
[0m[33m[init]: disparity is 84.818,99.068 (10.00 thresh)
[0m[33m[init]: failed static init: no accel jerk detected, platform moving too much
[0m[34m[TIME]: 0.0031 seconds total (325.7 hz, 7.60 ms behind)
[0m[33m[init]: disparity is 84.818,99.068 (10.00 thresh)
[0m[33m[init]: failed static init: no accel jerk detected, platform moving too much
[0m[34m[TIME]: 0.0033 seconds total (307.2 hz, 6.40 ms behind)
[0m[33m[init]: disparity is 84.818,99.068 (10.00 thresh)
[0m[33m[init]: failed static init: no accel jerk detected, platform moving too much
[0m[34m[TIME]: 0.0030 seconds total (331.2 hz, 5.20 ms behind)
[0m[33m[init]: disparity is 84.818,99.068 (10.00 thresh)
[0m[33m[init]: failed static init: no accel jerk detected, platform moving too much
[0m[34m[TIME]: 0.0032 seconds total (315.1 hz, 4.40 ms behind)
[0m[33m[init]: disparity is 84.818,99.068 (10.00 thresh)
[0m[33m[init]: failed static init: no accel jerk detected, platform moving too much
[0m[34m[TIME]: 0.0039 seconds total (259.0 hz, 7.60 ms behind)
[0m[33m[init]: disparity is 84.818,99.068 (10.00 thresh)
[0m[33m[init]: failed static init: no accel jerk detected, platform moving too much
[0m[34m[TIME]: 0.0029 seconds total (339.2 hz, 7.60 ms behind)
[0m[33m[init]: disparity is 84.818,99.068 (10.00 thresh)
[0m[33m[init]: failed static init: no accel jerk detected, platform moving too much
[0m[34m[TIME]: 0.0035 seconds total (289.7 hz, 5.20 ms behind)
[0m[33m[init]: disparity is 84.818,99.068 (10.00 thresh)
[0m[33m[init]: failed static init: no accel jerk detected, platform moving too much
[0m[34m[TIME]: 0.0036 seconds total (275.9 hz, 6.00 ms behind)
[0m[33m[init]: disparity is 84.818,99.068 (10.00 thresh)
[0m[33m[init]: failed static init: no accel jerk detected, platform moving too much
[0m[34m[TIME]: 0.0029 seconds total (342.1 hz, 7.60 ms behind)
[0m[33m[init]: disparity is 84.818,99.068 (10.00 thresh)
[0m[33m[init]: failed static init: no accel jerk detected, platform moving too much
[0m[34m[TIME]: 0.0029 seconds total (347.7 hz, 7.60 ms behind)
[0m[33m[init]: disparity is 84.818,99.068 (10.00 thresh)
[0m[33m[init]: failed static init: no accel jerk detected, platform moving too much
[0m[34m[TIME]: 0.0029 seconds total (342.2 hz, 7.60 ms behind)
[0m[33m[init]: disparity is 84.818,99.068 (10.00 thresh)
[0m[33m[init]: failed static init: no accel jerk detected, platform moving too much
[0m[34m[TIME]: 0.0038 seconds total (260.9 hz, 7.60 ms behind)
[0m[33m[init]: disparity is 84.818,99.068 (10.00 thresh)
[0m[33m[init]: failed static init: no accel jerk detected, platform moving too much
[0m[34m[TIME]: 0.0026 seconds total (384.6 hz, 7.60 ms behind)
[0m[33m[init]: disparity is 84.818,99.068 (10.00 thresh)
[0m[33m[init]: failed static init: no accel jerk detected, platform moving too much
[0m[34m[TIME]: 0.0028 seconds total (363.0 hz, 4.80 ms behind)
[0m[33m[init]: disparity is 84.818,99.068 (10.00 thresh)
[0m[33m[init]: failed static init: no accel jerk detected, platform moving too much
[0m[34m[TIME]: 0.0027 seconds total (367.5 hz, 8.00 ms behind)
[0m[33m[init]: disparity is 84.818,99.068 (10.00 thresh)
[0m[33m[init]: failed static init: no accel jerk detected, platform moving too much
[0m[34m[TIME]: 0.0030 seconds total (334.9 hz, 10.00 ms behind)
[0m[33m[init]: disparity is 84.818,99.068 (10.00 thresh)
[0m[33m[init]: failed static init: no accel jerk detected, platform moving too much
[0m[34m[TIME]: 0.0030 seconds total (335.6 hz, 7.60 ms behind)
[0m[33m[init]: disparity is 84.818,99.068 (10.00 thresh)
[0m[33m[init]: failed static init: no accel jerk detected, platform moving too much
[0m[34m[TIME]: 0.0031 seconds total (322.7 hz, 6.80 ms behind)
[0m[33m[init]: disparity is 84.818,99.068 (10.00 thresh)
[0m[33m[init]: failed static init: no accel jerk detected, platform moving too much
[0m[34m[TIME]: 0.0031 seconds total (325.3 hz, 5.20 ms behind)
[0m[33m[init]: disparity is 84.818,99.068 (10.00 thresh)
[0m[33m[init]: failed static init: no accel jerk detected, platform moving too much
[0m[34m[TIME]: 0.0033 seconds total (301.2 hz, 4.00 ms behind)
[0m[33m[init]: disparity is 84.818,99.068 (10.00 thresh)
[0m[33m[init]: failed static init: no accel jerk detected, platform moving too much
[0m[34m[TIME]: 0.0028 seconds total (358.7 hz, 4.00 ms behind)
[0m[33m[init]: disparity is 84.818,99.068 (10.00 thresh)
[0m[33m[init]: failed static init: no accel jerk detected, platform moving too much
[0m[34m[TIME]: 0.0031 seconds total (326.7 hz, 7.60 ms behind)
[0m[33m[init]: disparity is 84.818,99.068 (10.00 thresh)
[0m[33m[init]: failed static init: no accel jerk detected, platform moving too much
[0m[34m[TIME]: 0.0027 seconds total (363.6 hz, 6.80 ms behind)
[0m[33m[init]: disparity is 84.818,99.068 (10.00 thresh)
[0m[33m[init]: failed static init: no accel jerk detected, platform moving too much
[0m[34m[TIME]: 0.0034 seconds total (290.5 hz, 6.80 ms behind)
[0m[33m[init]: disparity is 84.818,99.068 (10.00 thresh)
[0m[33m[init]: failed static init: no accel jerk detected, platform moving too much
[0m[34m[TIME]: 0.0028 seconds total (358.2 hz, 7.60 ms behind)
[0m[33m[init]: disparity is 84.818,99.068 (10.00 thresh)
[0m[33m[init]: failed static init: no accel jerk detected, platform moving too much
[0m[34m[TIME]: 0.0034 seconds total (290.6 hz, 6.80 ms behind)
[0m[33m[init]: disparity is 84.818,99.068 (10.00 thresh)
[0m[33m[init]: failed static init: no accel jerk detected, platform moving too much
[0m[34m[TIME]: 0.0034 seconds total (298.1 hz, 5.20 ms behind)
[0m[33m[init]: disparity is 84.818,99.068 (10.00 thresh)
[0m[33m[init]: failed static init: no accel jerk detected, platform moving too much
[0m[34m[TIME]: 0.0040 seconds total (251.3 hz, 6.80 ms behind)
[0m[33m[init]: disparity is 84.818,99.068 (10.00 thresh)
[0m[33m[init]: failed static init: no accel jerk detected, platform moving too much
[0m[34m[TIME]: 0.0031 seconds total (326.5 hz, 5.20 ms behind)
[0m[33m[init]: disparity is 84.818,99.068 (10.00 thresh)
[0m[33m[init]: failed static init: no accel jerk detected, platform moving too much
[0m[34m[TIME]: 0.0031 seconds total (319.2 hz, 4.40 ms behind)
[0m[33m[init]: disparity is 84.818,99.068 (10.00 thresh)
[0m[33m[init]: failed static init: no accel jerk detected, platform moving too much
[0m[34m[TIME]: 0.0035 seconds total (289.1 hz, 8.00 ms behind)
[0m[33m[init]: disparity is 84.818,99.068 (10.00 thresh)
[0m[33m[init]: failed static init: no accel jerk detected, platform moving too much
[0m[34m[TIME]: 0.0037 seconds total (267.4 hz, 6.80 ms behind)
[0m[33m[init]: disparity is 84.818,99.068 (10.00 thresh)
[0m[33m[init]: failed static init: no accel jerk detected, platform moving too much
[0m[34m[TIME]: 0.0030 seconds total (330.1 hz, 7.60 ms behind)
[0m[33m[init]: disparity is 84.818,99.068 (10.00 thresh)
[0m[33m[init]: failed static init: no accel jerk detected, platform moving too much
[0m[34m[TIME]: 0.0038 seconds total (261.7 hz, 3.60 ms behind)
[0m[33m[init]: disparity is 84.818,99.068 (10.00 thresh)
[0m[33m[init]: failed static init: no accel jerk detected, platform moving too much
[0m[34m[TIME]: 0.0040 seconds total (250.1 hz, 7.60 ms behind)
[0m[33m[init]: disparity is 84.818,99.068 (10.00 thresh)
[0m[33m[init]: failed static init: no accel jerk detected, platform moving too much
[0m[34m[TIME]: 0.0035 seconds total (286.8 hz, 7.60 ms behind)
[0m[33m[init]: disparity is 84.818,99.068 (10.00 thresh)
[0m[33m[init]: failed static init: no accel jerk detected, platform moving too much
[0m[34m[TIME]: 0.0034 seconds total (292.7 hz, 6.80 ms behind)
[0m[33m[init]: disparity is 84.818,99.068 (10.00 thresh)
[0m[33m[init]: failed static init: no accel jerk detected, platform moving too much
[0m[34m[TIME]: 0.0034 seconds total (296.0 hz, 6.00 ms behind)
[0m[33m[init]: disparity is 84.818,99.068 (10.00 thresh)
[0m[33m[init]: failed static init: no accel jerk detected, platform moving too much
[0m[34m[TIME]: 0.0029 seconds total (345.8 hz, 6.80 ms behind)
[0m[33m[init]: disparity is 84.818,99.068 (10.00 thresh)
[0m[33m[init]: failed static init: no accel jerk detected, platform moving too much
[0m[34m[TIME]: 0.0037 seconds total (270.6 hz, 6.80 ms behind)
[0m[33m[init]: disparity is 84.818,99.068 (10.00 thresh)
[0m[33m[init]: failed static init: no accel jerk detected, platform moving too much
[0m[34m[TIME]: 0.0030 seconds total (334.4 hz, 8.00 ms behind)
[0m[33m[init]: disparity is 84.818,99.068 (10.00 thresh)
[0m[33m[init]: failed static init: no accel jerk detected, platform moving too much
[0m[34m[TIME]: 0.0041 seconds total (246.4 hz, 8.40 ms behind)
[0m[33m[init]: disparity is 84.818,99.068 (10.00 thresh)
[0m[33m[init]: failed static init: no accel jerk detected, platform moving too much
[0m[34m[TIME]: 0.0033 seconds total (301.8 hz, 8.00 ms behind)
[0m[33m[init]: disparity is 84.818,99.068 (10.00 thresh)
[0m[33m[init]: failed static init: no accel jerk detected, platform moving too much
[0m[34m[TIME]: 0.0036 seconds total (279.0 hz, 7.60 ms behind)
[0m[33m[init]: disparity is 84.818,99.068 (10.00 thresh)
[0m[33m[init]: failed static init: no accel jerk detected, platform moving too much
[0m[34m[TIME]: 0.0035 seconds total (285.1 hz, 6.80 ms behind)
[0m[33m[init]: disparity is 84.818,99.068 (10.00 thresh)
[0m[33m[init]: failed static init: no accel jerk detected, platform moving too much
[0m[34m[TIME]: 0.0034 seconds total (292.4 hz, 6.40 ms behind)
[0m[33m[init]: disparity is 84.818,99.068 (10.00 thresh)
[0m[33m[init]: failed static init: no accel jerk detected, platform moving too much
[0m[34m[TIME]: 0.0030 seconds total (330.3 hz, 4.80 ms behind)
[0m[33m[init]: disparity is 84.818,99.068 (10.00 thresh)
[0m[33m[init]: failed static init: no accel jerk detected, platform moving too much
[0m[34m[TIME]: 0.0041 seconds total (241.4 hz, 6.00 ms behind)
[0m[33m[init]: disparity is 84.818,99.068 (10.00 thresh)
[0m[33m[init]: failed static init: no accel jerk detected, platform moving too much
[0m[34m[TIME]: 0.0031 seconds total (323.9 hz, 8.00 ms behind)
[0m[33m[init]: disparity is 84.818,99.068 (10.00 thresh)
[0m[33m[init]: failed static init: no accel jerk detected, platform moving too much
[0m[34m[TIME]: 0.0031 seconds total (318.6 hz, 7.60 ms behind)
[0m[33m[init]: disparity is 84.818,99.068 (10.00 thresh)
[0m[33m[init]: failed static init: no accel jerk detected, platform moving too much
[0m[34m[TIME]: 0.0028 seconds total (353.0 hz, 7.60 ms behind)
[0m[33m[init]: disparity is 84.818,99.068 (10.00 thresh)
[0m[33m[init]: failed static init: no accel jerk detected, platform moving too much
[0m[34m[TIME]: 0.0028 seconds total (359.1 hz, 6.00 ms behind)
[0m[33m[init]: disparity is 84.818,99.068 (10.00 thresh)
[0m[33m[init]: failed static init: no accel jerk detected, platform moving too much
[0m[34m[TIME]: 0.0031 seconds total (319.0 hz, 8.00 ms behind)
[0m[33m[init]: disparity is 84.818,99.068 (10.00 thresh)
[0m[33m[init]: failed static init: no accel jerk detected, platform moving too much
[0m[34m[TIME]: 0.0029 seconds total (347.6 hz, 6.80 ms behind)
[0m[33m[init]: disparity is 84.818,99.068 (10.00 thresh)
[0m[33m[init]: failed static init: no accel jerk detected, platform moving too much
[0m[34m[TIME]: 0.0033 seconds total (307.2 hz, 5.60 ms behind)
[0m[33m[init]: disparity is 84.818,99.068 (10.00 thresh)
[0m[33m[init]: failed static init: no accel jerk detected, platform moving too much
[0m[34m[TIME]: 0.0032 seconds total (313.5 hz, 4.80 ms behind)
[0m[33m[init]: disparity is 84.818,99.068 (10.00 thresh)
[0m[33m[init]: failed static init: no accel jerk detected, platform moving too much
[0m[34m[TIME]: 0.0034 seconds total (296.5 hz, 6.80 ms behind)
[0m[33m[init]: disparity is 84.818,99.068 (10.00 thresh)
[0m[33m[init]: failed static init: no accel jerk detected, platform moving too much
[0m[34m[TIME]: 0.0025 seconds total (393.2 hz, 6.40 ms behind)
[0m[33m[init]: disparity is 84.818,99.068 (10.00 thresh)
[0m[33m[init]: failed static init: no accel jerk detected, platform moving too much
[0m[34m[TIME]: 0.0037 seconds total (269.3 hz, 7.60 ms behind)
[0m[33m[init]: disparity is 84.818,99.068 (10.00 thresh)
[0m[33m[init]: failed static init: no accel jerk detected, platform moving too much
[0m[34m[TIME]: 0.0029 seconds total (345.2 hz, 8.00 ms behind)
[0m[33m[init]: disparity is 84.818,99.068 (10.00 thresh)
[0m[33m[init]: failed static init: no accel jerk detected, platform moving too much
[0m[34m[TIME]: 0.0030 seconds total (330.1 hz, 4.00 ms behind)
[0m[33m[init]: disparity is 84.818,99.068 (10.00 thresh)
[0m[33m[init]: failed static init: no accel jerk detected, platform moving too much
[0m[34m[TIME]: 0.0030 seconds total (336.9 hz, 4.00 ms behind)
[0m[33m[init]: disparity is 84.818,99.068 (10.00 thresh)
[0m[33m[init]: failed static init: no accel jerk detected, platform moving too much
[0m[34m[TIME]: 0.0029 seconds total (339.4 hz, 7.60 ms behind)
[0m[33m[init]: disparity is 84.818,99.068 (10.00 thresh)
[0m[33m[init]: failed static init: no accel jerk detected, platform moving too much
[0m[34m[TIME]: 0.0029 seconds total (347.6 hz, 6.40 ms behind)
[0m[33m[init]: disparity is 84.818,99.068 (10.00 thresh)
[0m[33m[init]: failed static init: no accel jerk detected, platform moving too much
[0m[34m[TIME]: 0.0028 seconds total (358.2 hz, 6.80 ms behind)
[0m[33m[init]: disparity is 84.818,99.068 (10.00 thresh)
[0m[33m[init]: failed static init: no accel jerk detected, platform moving too much
[0m[34m[TIME]: 0.0025 seconds total (401.4 hz, 6.80 ms behind)
[0m[33m[init]: disparity is 84.818,99.068 (10.00 thresh)
[0m[33m[init]: failed static init: no accel jerk detected, platform moving too much
[0m[34m[TIME]: 0.0030 seconds total (336.1 hz, 5.60 ms behind)
[0m[33m[init]: disparity is 84.818,99.068 (10.00 thresh)
[0m[33m[init]: failed static init: no accel jerk detected, platform moving too much
[0m[34m[TIME]: 0.0029 seconds total (345.2 hz, 6.80 ms behind)
[0m[33m[init]: disparity is 84.818,99.068 (10.00 thresh)
[0m[33m[init]: failed static init: no accel jerk detected, platform moving too much
[0m[34m[TIME]: 0.0035 seconds total (289.1 hz, 6.80 ms behind)
[0m[33m[init]: disparity is 84.818,99.068 (10.00 thresh)
[0m[33m[init]: failed static init: no accel jerk detected, platform moving too much
[0m[34m[TIME]: 0.0033 seconds total (300.8 hz, 7.60 ms behind)
[0m[33m[init]: disparity is 84.818,99.068 (10.00 thresh)
[0m[33m[init]: failed static init: no accel jerk detected, platform moving too much
[0m[34m[TIME]: 0.0031 seconds total (327.1 hz, 5.60 ms behind)
[0m[33m[init]: disparity is 84.818,99.068 (10.00 thresh)
[0m[33m[init]: failed static init: no accel jerk detected, platform moving too much
[0m[34m[TIME]: 0.0034 seconds total (294.6 hz, 4.80 ms behind)
[0m[33m[init]: disparity is 84.818,99.068 (10.00 thresh)
[0m[33m[init]: failed static init: no accel jerk detected, platform moving too much
[0m[34m[TIME]: 0.0033 seconds total (305.4 hz, 6.80 ms behind)
[0m[33m[init]: disparity is 84.818,99.068 (10.00 thresh)
[0m[33m[init]: failed static init: no accel jerk detected, platform moving too much
[0m[34m[TIME]: 0.0031 seconds total (326.3 hz, 4.00 ms behind)
[0m[33m[init]: disparity is 84.818,99.068 (10.00 thresh)
[0m[33m[init]: failed static init: no accel jerk detected, platform moving too much
[0m[34m[TIME]: 0.0036 seconds total (278.2 hz, 8.00 ms behind)
[0m[33m[init]: disparity is 84.818,99.068 (10.00 thresh)
[0m[33m[init]: failed static init: no accel jerk detected, platform moving too much
[0m[34m[TIME]: 0.0036 seconds total (274.5 hz, 6.40 ms behind)
[0m[33m[init]: disparity is 84.818,99.068 (10.00 thresh)
[0m[33m[init]: failed static init: no accel jerk detected, platform moving too much
[0m[34m[TIME]: 0.0040 seconds total (247.6 hz, 7.60 ms behind)
[0m[33m[init]: disparity is 84.818,99.068 (10.00 thresh)
[0m[33m[init]: failed static init: no accel jerk detected, platform moving too much
[0m[34m[TIME]: 0.0033 seconds total (301.8 hz, 7.60 ms behind)
[0m[33m[init]: disparity is 84.818,99.068 (10.00 thresh)
[0m[33m[init]: failed static init: no accel jerk detected, platform moving too much
[0m[34m[TIME]: 0.0036 seconds total (280.3 hz, 4.80 ms behind)
[0m[33m[init]: disparity is 84.818,99.068 (10.00 thresh)
[0m[33m[init]: failed static init: no accel jerk detected, platform moving too much
[0m[34m[TIME]: 0.0030 seconds total (330.9 hz, 4.40 ms behind)
[0m[33m[init]: disparity is 84.818,99.068 (10.00 thresh)
[0m[33m[init]: failed static init: no accel jerk detected, platform moving too much
[0m[34m[TIME]: 0.0033 seconds total (304.5 hz, 7.60 ms behind)
[0m[33m[init]: disparity is 84.818,99.068 (10.00 thresh)
[0m[33m[init]: failed static init: no accel jerk detected, platform moving too much
[0m[34m[TIME]: 0.0033 seconds total (304.4 hz, 4.80 ms behind)
[0m[33m[init]: disparity is 84.818,99.068 (10.00 thresh)
[0m[33m[init]: failed static init: no accel jerk detected, platform moving too much
[0m[34m[TIME]: 0.0034 seconds total (295.4 hz, 7.60 ms behind)
[0m[33m[init]: disparity is 84.818,99.068 (10.00 thresh)
[0m[33m[init]: failed static init: no accel jerk detected, platform moving too much
[0m[34m[TIME]: 0.0030 seconds total (338.6 hz, 4.00 ms behind)
[0m[33m[init]: disparity is 84.818,99.068 (10.00 thresh)
[0m[33m[init]: failed static init: no accel jerk detected, platform moving too much
[0m[34m[TIME]: 0.0031 seconds total (323.5 hz, 5.60 ms behind)
[0m[33m[init]: disparity is 84.818,99.068 (10.00 thresh)
[0m[33m[init]: failed static init: no accel jerk detected, platform moving too much
[0m[34m[TIME]: 0.0028 seconds total (356.3 hz, 7.60 ms behind)
[0m[33m[init]: disparity is 84.818,99.068 (10.00 thresh)
[0m[33m[init]: failed static init: no accel jerk detected, platform moving too much
[0m[34m[TIME]: 0.0030 seconds total (328.6 hz, 8.00 ms behind)
[0m[33m[init]: disparity is 84.818,99.068 (10.00 thresh)
[0m[33m[init]: failed static init: no accel jerk detected, platform moving too much
[0m[34m[TIME]: 0.0026 seconds total (391.8 hz, 4.40 ms behind)
[0m[33m[init]: disparity is 84.818,99.068 (10.00 thresh)
[0m[33m[init]: failed static init: no accel jerk detected, platform moving too much
[0m[34m[TIME]: 0.0035 seconds total (286.1 hz, 5.20 ms behind)
[0m[33m[init]: disparity is 84.818,99.068 (10.00 thresh)
[0m[33m[init]: failed static init: no accel jerk detected, platform moving too much
[0m[34m[TIME]: 0.0030 seconds total (330.5 hz, 4.80 ms behind)
[0m[33m[init]: disparity is 84.818,99.068 (10.00 thresh)
[0m[33m[init]: failed static init: no accel jerk detected, platform moving too much
[0m[34m[TIME]: 0.0038 seconds total (263.7 hz, 6.80 ms behind)
[0m[33m[init]: disparity is 84.818,99.068 (10.00 thresh)
[0m[33m[init]: failed static init: no accel jerk detected, platform moving too much
[0m[34m[TIME]: 0.0031 seconds total (323.8 hz, 6.00 ms behind)
[0m[33m[init]: disparity is 84.818,99.068 (10.00 thresh)
[0m[33m[init]: failed static init: no accel jerk detected, platform moving too much
[0m[34m[TIME]: 0.0034 seconds total (293.2 hz, 6.80 ms behind)
[0m[33m[init]: disparity is 84.818,99.068 (10.00 thresh)
[0m[33m[init]: failed static init: no accel jerk detected, platform moving too much
[0m[34m[TIME]: 0.0036 seconds total (274.4 hz, 4.40 ms behind)
[0m[33m[init]: disparity is 84.818,99.068 (10.00 thresh)
[0m[33m[init]: failed static init: no accel jerk detected, platform moving too much
[0m[34m[TIME]: 0.0032 seconds total (313.0 hz, 8.00 ms behind)
[0m[33m[init]: disparity is 84.818,99.068 (10.00 thresh)
[0m[33m[init]: failed static init: no accel jerk detected, platform moving too much
[0m[34m[TIME]: 0.0032 seconds total (310.5 hz, 4.40 ms behind)
[0m[33m[init]: disparity is 84.818,99.068 (10.00 thresh)
[0m[33m[init]: failed static init: no accel jerk detected, platform moving too much
[0m[34m[TIME]: 0.0033 seconds total (301.8 hz, 8.00 ms behind)
[0m[33m[init]: disparity is 84.818,99.068 (10.00 thresh)
[0m[33m[init]: failed static init: no accel jerk detected, platform moving too much
[0m[34m[TIME]: 0.0029 seconds total (349.4 hz, 6.40 ms behind)
[0m[33m[init]: disparity is 84.818,99.068 (10.00 thresh)
[0m[33m[init]: failed static init: no accel jerk detected, platform moving too much
[0m[34m[TIME]: 0.0032 seconds total (315.5 hz, 5.20 ms behind)
[0m[33m[init]: disparity is 84.818,99.068 (10.00 thresh)
[0m[33m[init]: failed static init: no accel jerk detected, platform moving too much
[0m[34m[TIME]: 0.0033 seconds total (298.5 hz, 7.60 ms behind)
[0m[33m[init]: disparity is 84.818,99.068 (10.00 thresh)
[0m[33m[init]: failed static init: no accel jerk detected, platform moving too much
[0m[34m[TIME]: 0.0034 seconds total (295.0 hz, 6.80 ms behind)
[0m[33m[init]: disparity is 84.818,99.068 (10.00 thresh)
[0m[33m[init]: failed static init: no accel jerk detected, platform moving too much
[0m[34m[TIME]: 0.0034 seconds total (293.6 hz, 7.60 ms behind)
[0m[33m[init]: disparity is 84.818,99.068 (10.00 thresh)
[0m[33m[init]: failed static init: no accel jerk detected, platform moving too much
[0m[34m[TIME]: 0.0031 seconds total (327.3 hz, 7.60 ms behind)
[0m[33m[init]: disparity is 84.818,99.068 (10.00 thresh)
[0m[33m[init]: failed static init: no accel jerk detected, platform moving too much
[0m[34m[TIME]: 0.0036 seconds total (275.2 hz, 6.80 ms behind)
[0m[33m[init]: disparity is 84.818,99.068 (10.00 thresh)
[0m[33m[init]: failed static init: no accel jerk detected, platform moving too much
[0m[34m[TIME]: 0.0029 seconds total (341.1 hz, 7.60 ms behind)
[0m[33m[init]: disparity is 84.818,99.068 (10.00 thresh)
[0m[33m[init]: failed static init: no accel jerk detected, platform moving too much
[0m[34m[TIME]: 0.0031 seconds total (318.6 hz, 4.40 ms behind)
[0m[33m[init]: disparity is 84.818,99.068 (10.00 thresh)
[0m[33m[init]: failed static init: no accel jerk detected, platform moving too much
[0m[34m[TIME]: 0.0034 seconds total (296.6 hz, 7.60 ms behind)
[0m[33m[init]: disparity is 84.818,99.068 (10.00 thresh)
[0m[33m[init]: failed static init: no accel jerk detected, platform moving too much
[0m[34m[TIME]: 0.0025 seconds total (407.8 hz, 6.40 ms behind)
[0m[33m[init]: disparity is 84.818,99.068 (10.00 thresh)
[0m[33m[init]: failed static init: no accel jerk detected, platform moving too much
[0m[34m[TIME]: 0.0032 seconds total (309.3 hz, 8.00 ms behind)
[0m[33m[init]: disparity is 84.818,99.068 (10.00 thresh)
[0m[33m[init]: failed static init: no accel jerk detected, platform moving too much
[0m[34m[TIME]: 0.0031 seconds total (324.4 hz, 6.40 ms behind)
[0m[33m[init]: disparity is 84.818,99.068 (10.00 thresh)
[0m[33m[init]: failed static init: no accel jerk detected, platform moving too much
[0m[34m[TIME]: 0.0029 seconds total (339.8 hz, 6.80 ms behind)
[0m[33m[init]: disparity is 84.818,99.068 (10.00 thresh)
[0m[33m[init]: failed static init: no accel jerk detected, platform moving too much
[0m[34m[TIME]: 0.0024 seconds total (412.2 hz, 4.80 ms behind)
[0m[33m[init]: disparity is 84.818,99.068 (10.00 thresh)
[0m[33m[init]: failed static init: no accel jerk detected, platform moving too much
[0m[34m[TIME]: 0.0031 seconds total (320.9 hz, 4.80 ms behind)
[0m[33m[init]: disparity is 84.818,99.068 (10.00 thresh)
[0m[33m[init]: failed static init: no accel jerk detected, platform moving too much
[0m[34m[TIME]: 0.0033 seconds total (305.3 hz, 6.40 ms behind)
[0m[33m[init]: disparity is 84.818,99.068 (10.00 thresh)
[0m[33m[init]: failed static init: no accel jerk detected, platform moving too much
[0m[34m[TIME]: 0.0028 seconds total (354.5 hz, 5.20 ms behind)
[0m[33m[init]: disparity is 84.818,99.068 (10.00 thresh)
[0m[33m[init]: failed static init: no accel jerk detected, platform moving too much
[0m[34m[TIME]: 0.0028 seconds total (351.0 hz, 7.60 ms behind)
[0m[33m[init]: disparity is 84.818,99.068 (10.00 thresh)
[0m[33m[init]: failed static init: no accel jerk detected, platform moving too much
[0m[34m[TIME]: 0.0026 seconds total (380.7 hz, 4.80 ms behind)
[0m[33m[init]: disparity is 84.818,99.068 (10.00 thresh)
[0m[33m[init]: failed static init: no accel jerk detected, platform moving too much
[0m[34m[TIME]: 0.0030 seconds total (336.6 hz, 6.00 ms behind)
[0m[33m[init]: disparity is 84.818,99.068 (10.00 thresh)
[0m[33m[init]: failed static init: no accel jerk detected, platform moving too much
[0m[34m[TIME]: 0.0030 seconds total (328.9 hz, 4.80 ms behind)
[0m[33m[init]: disparity is 84.818,99.068 (10.00 thresh)
[0m[33m[init]: failed static init: no accel jerk detected, platform moving too much
[0m[34m[TIME]: 0.0029 seconds total (349.0 hz, 4.80 ms behind)
[0m[33m[init]: disparity is 84.818,99.068 (10.00 thresh)
[0m[33m[init]: failed static init: no accel jerk detected, platform moving too much
[0m[34m[TIME]: 0.0029 seconds total (339.1 hz, 4.00 ms behind)
[0m[33m[init]: disparity is 84.818,99.068 (10.00 thresh)
[0m[33m[init]: failed static init: no accel jerk detected, platform moving too much
[0m[34m[TIME]: 0.0035 seconds total (289.8 hz, 6.00 ms behind)
[0m[33m[init]: disparity is 84.818,99.068 (10.00 thresh)
[0m[33m[init]: failed static init: no accel jerk detected, platform moving too much
[0m[34m[TIME]: 0.0028 seconds total (351.1 hz, 6.80 ms behind)
[0m[33m[init]: disparity is 84.818,99.068 (10.00 thresh)
[0m[33m[init]: failed static init: no accel jerk detected, platform moving too much
[0m[34m[TIME]: 0.0027 seconds total (366.3 hz, 4.80 ms behind)
[0m[33m[init]: disparity is 84.818,99.068 (10.00 thresh)
[0m[33m[init]: failed static init: no accel jerk detected, platform moving too much
[0m[34m[TIME]: 0.0031 seconds total (322.6 hz, 7.60 ms behind)
[0m[33m[init]: disparity is 84.818,99.068 (10.00 thresh)
[0m[33m[init]: failed static init: no accel jerk detected, platform moving too much
[0m[34m[TIME]: 0.0033 seconds total (305.8 hz, 6.00 ms behind)
[0m[33m[init]: disparity is 84.818,99.068 (10.00 thresh)
[0m[33m[init]: failed static init: no accel jerk detected, platform moving too much
[0m[34m[TIME]: 0.0028 seconds total (353.0 hz, 8.00 ms behind)
[0m[33m[init]: disparity is 84.818,99.068 (10.00 thresh)
[0m[33m[init]: failed static init: no accel jerk detected, platform moving too much
[0m[34m[TIME]: 0.0036 seconds total (278.9 hz, 7.60 ms behind)
[0m[33m[init]: disparity is 84.818,99.068 (10.00 thresh)
[0m[33m[init]: failed static init: no accel jerk detected, platform moving too much
[0m[34m[TIME]: 0.0029 seconds total (343.1 hz, 5.20 ms behind)
[0m[33m[init]: disparity is 84.818,99.068 (10.00 thresh)
[0m[33m[init]: failed static init: no accel jerk detected, platform moving too much
[0m[34m[TIME]: 0.0033 seconds total (303.1 hz, 7.60 ms behind)
[0m[33m[init]: disparity is 84.818,99.068 (10.00 thresh)
[0m[33m[init]: failed static init: no accel jerk detected, platform moving too much
[0m[34m[TIME]: 0.0033 seconds total (305.3 hz, 4.80 ms behind)
[0m[33m[init]: disparity is 84.818,99.068 (10.00 thresh)
[0m[33m[init]: failed static init: no accel jerk detected, platform moving too much
[0m[34m[TIME]: 0.0037 seconds total (273.5 hz, 7.60 ms behind)
[0m[33m[init]: disparity is 84.818,99.068 (10.00 thresh)
[0m[33m[init]: failed static init: no accel jerk detected, platform moving too much
[0m[34m[TIME]: 0.0032 seconds total (315.1 hz, 7.60 ms behind)
[0m[33m[init]: disparity is 84.818,99.068 (10.00 thresh)
[0m[33m[init]: failed static init: no accel jerk detected, platform moving too much
[0m[34m[TIME]: 0.0036 seconds total (276.2 hz, 7.60 ms behind)
[0m[33m[init]: disparity is 84.818,99.068 (10.00 thresh)
[0m[33m[init]: failed static init: no accel jerk detected, platform moving too much
[0m[34m[TIME]: 0.0028 seconds total (354.9 hz, 8.00 ms behind)
[0m[33m[init]: disparity is 84.818,99.068 (10.00 thresh)
[0m[33m[init]: failed static init: no accel jerk detected, platform moving too much
[0m[34m[TIME]: 0.0029 seconds total (348.3 hz, 7.60 ms behind)
[0m[33m[init]: disparity is 84.818,99.068 (10.00 thresh)
[0m[33m[init]: failed static init: no accel jerk detected, platform moving too much
[0m[34m[TIME]: 0.0035 seconds total (288.4 hz, 8.80 ms behind)
[0m[33m[init]: disparity is 84.818,99.068 (10.00 thresh)
[0m[33m[init]: failed static init: no accel jerk detected, platform moving too much
[0m[34m[TIME]: 0.0031 seconds total (325.8 hz, 12.80 ms behind)
[0m[33m[init]: disparity is 84.818,99.068 (10.00 thresh)
[0m[33m[init]: failed static init: no accel jerk detected, platform moving too much
[0m[34m[TIME]: 0.0029 seconds total (344.6 hz, 8.00 ms behind)
[0m[34m[TIME]: 0.0032 seconds total (313.4 hz, 9.60 ms behind)
[0m[33m[init]: disparity is 84.818,99.068 (10.00 thresh)
[0m[33m[init]: failed static init: no accel jerk detected, platform moving too much
[0m[34m[TIME]: 0.0035 seconds total (281.8 hz, 6.80 ms behind)
[0m[33m[init]: disparity is 84.818,99.068 (10.00 thresh)
[0m[33m[init]: failed static init: no accel jerk detected, platform moving too much
[0m[34m[TIME]: 0.0039 seconds total (257.3 hz, 6.80 ms behind)
[0m[33m[init]: disparity is 84.818,99.068 (10.00 thresh)
[0m[33m[init]: failed static init: no accel jerk detected, platform moving too much
[0m[34m[TIME]: 0.0033 seconds total (304.5 hz, 8.80 ms behind)
[0m[33m[init]: disparity is 84.818,99.068 (10.00 thresh)
[0m[33m[init]: failed static init: no accel jerk detected, platform moving too much
[0m[34m[TIME]: 0.0031 seconds total (321.4 hz, 4.40 ms behind)
[0m[33m[init]: disparity is 84.818,99.068 (10.00 thresh)
[0m[33m[init]: failed static init: no accel jerk detected, platform moving too much
[0m[34m[TIME]: 0.0030 seconds total (333.1 hz, 7.60 ms behind)
[0m[33m[init]: disparity is 84.818,99.068 (10.00 thresh)
[0m[33m[init]: failed static init: no accel jerk detected, platform moving too much
[0m[34m[TIME]: 0.0035 seconds total (281.8 hz, 4.40 ms behind)
[0m[33m[init]: disparity is 84.818,99.068 (10.00 thresh)
[0m[33m[init]: failed static init: no accel jerk detected, platform moving too much
[0m[34m[TIME]: 0.0032 seconds total (310.8 hz, 8.00 ms behind)
[0m[33m[init]: disparity is 84.818,99.068 (10.00 thresh)
[0m[33m[init]: failed static init: no accel jerk detected, platform moving too much
[0m[34m[TIME]: 0.0038 seconds total (259.7 hz, 7.60 ms behind)
[0m[33m[init]: disparity is 84.818,99.068 (10.00 thresh)
[0m[33m[init]: failed static init: no accel jerk detected, platform moving too much
[0m[34m[TIME]: 0.0054 seconds total (183.9 hz, 8.00 ms behind)
[0m[33m[init]: disparity is 84.818,99.068 (10.00 thresh)
[0m[33m[init]: failed static init: no accel jerk detected, platform moving too much
[0m[34m[TIME]: 0.0033 seconds total (305.3 hz, 7.60 ms behind)
[0m[33m[init]: disparity is 84.818,99.068 (10.00 thresh)
[0m[33m[init]: failed static init: no accel jerk detected, platform moving too much
[0m[34m[TIME]: 0.0041 seconds total (246.8 hz, 8.00 ms behind)
[0m[33m[init]: disparity is 84.818,99.068 (10.00 thresh)
[0m[33m[init]: failed static init: no accel jerk detected, platform moving too much
[0m[34m[TIME]: 0.0032 seconds total (311.0 hz, 4.80 ms behind)
[0m[33m[init]: disparity is 84.818,99.068 (10.00 thresh)
[0m[33m[init]: failed static init: no accel jerk detected, platform moving too much
[0m[34m[TIME]: 0.0033 seconds total (305.8 hz, 5.60 ms behind)
[0m[33m[init]: disparity is 84.818,99.068 (10.00 thresh)
[0m[33m[init]: failed static init: no accel jerk detected, platform moving too much
[0m[34m[TIME]: 0.0062 seconds total (161.4 hz, 7.60 ms behind)
[0m[33m[init]: disparity is 84.818,99.068 (10.00 thresh)
[0m[33m[init]: failed static init: no accel jerk detected, platform moving too much
[0m[34m[TIME]: 0.0035 seconds total (282.1 hz, 8.00 ms behind)
[0m[33m[init]: disparity is 84.818,99.068 (10.00 thresh)
[0m[33m[init]: failed static init: no accel jerk detected, platform moving too much
[0m[34m[TIME]: 0.0028 seconds total (350.9 hz, 8.00 ms behind)
[0m[33m[init]: disparity is 84.818,99.068 (10.00 thresh)
[0m[33m[init]: failed static init: no accel jerk detected, platform moving too much
[0m[34m[TIME]: 0.0031 seconds total (326.9 hz, 6.80 ms behind)
[0m[33m[init]: disparity is 84.818,99.068 (10.00 thresh)
[0m[33m[init]: failed static init: no accel jerk detected, platform moving too much
[0m[34m[TIME]: 0.0030 seconds total (336.7 hz, 5.60 ms behind)
[0m[33m[init]: disparity is 84.818,99.068 (10.00 thresh)
[0m[33m[init]: failed static init: no accel jerk detected, platform moving too much
[0m[34m[TIME]: 0.0032 seconds total (310.0 hz, 5.60 ms behind)
[0m[33m[init]: disparity is 84.818,99.068 (10.00 thresh)
[0m[33m[init]: failed static init: no accel jerk detected, platform moving too much
[0m[34m[TIME]: 0.0035 seconds total (288.4 hz, 7.60 ms behind)
[0m[33m[init]: disparity is 84.818,99.068 (10.00 thresh)
[0m[33m[init]: failed static init: no accel jerk detected, platform moving too much
[0m[34m[TIME]: 0.0031 seconds total (326.1 hz, 8.00 ms behind)
[0m[33m[init]: disparity is 84.818,99.068 (10.00 thresh)
[0m[33m[init]: failed static init: no accel jerk detected, platform moving too much
[0m[34m[TIME]: 0.0033 seconds total (301.5 hz, 6.80 ms behind)
[0m[33m[init]: disparity is 84.818,99.068 (10.00 thresh)
[0m[33m[init]: failed static init: no accel jerk detected, platform moving too much
[0m[34m[TIME]: 0.0032 seconds total (312.6 hz, 8.00 ms behind)
[0m[33m[init]: disparity is 84.818,99.068 (10.00 thresh)
[0m[33m[init]: failed static init: no accel jerk detected, platform moving too much
[0m[34m[TIME]: 0.0043 seconds total (234.1 hz, 8.00 ms behind)
[0m[33m[init]: disparity is 84.818,99.068 (10.00 thresh)
[0m[33m[init]: failed static init: no accel jerk detected, platform moving too much
[0m[34m[TIME]: 0.0039 seconds total (258.7 hz, 4.80 ms behind)
[0m[33m[init]: disparity is 84.818,99.068 (10.00 thresh)
[0m[33m[init]: failed static init: no accel jerk detected, platform moving too much
[0m[34m[TIME]: 0.0072 seconds total (139.5 hz, 6.40 ms behind)
[0m[33m[init]: disparity is 84.818,99.068 (10.00 thresh)
[0m[33m[init]: failed static init: no accel jerk detected, platform moving too much
[0m[34m[TIME]: 0.0041 seconds total (244.1 hz, 8.00 ms behind)
[0m[33m[init]: disparity is 84.818,99.068 (10.00 thresh)
[0m[33m[init]: failed static init: no accel jerk detected, platform moving too much
[0m[34m[TIME]: 0.0039 seconds total (259.2 hz, 7.60 ms behind)
[0m[33m[init]: disparity is 84.818,99.068 (10.00 thresh)
[0m[33m[init]: failed static init: no accel jerk detected, platform moving too much
[0m[34m[TIME]: 0.0049 seconds total (204.5 hz, 8.00 ms behind)
[0m[33m[init]: disparity is 84.818,99.068 (10.00 thresh)
[0m[33m[init]: failed static init: no accel jerk detected, platform moving too much
[0m[34m[TIME]: 0.0036 seconds total (278.4 hz, 4.40 ms behind)
[0m[33m[init]: disparity is 84.818,99.068 (10.00 thresh)
[0m[33m[init]: failed static init: no accel jerk detected, platform moving too much
[0m[34m[TIME]: 0.0036 seconds total (277.7 hz, 5.60 ms behind)
[0m[33m[init]: disparity is 84.818,99.068 (10.00 thresh)
[0m[33m[init]: failed static init: no accel jerk detected, platform moving too much
[0m[34m[TIME]: 0.0027 seconds total (365.4 hz, 7.60 ms behind)
[0m[33m[init]: disparity is 84.818,99.068 (10.00 thresh)
[0m[33m[init]: failed static init: no accel jerk detected, platform moving too much
[0m[34m[TIME]: 0.0041 seconds total (242.2 hz, 8.00 ms behind)
[0m[33m[init]: disparity is 84.818,99.068 (10.00 thresh)
[0m[33m[init]: failed static init: no accel jerk detected, platform moving too much
[0m[34m[TIME]: 0.0032 seconds total (315.5 hz, 4.80 ms behind)
[0m[33m[init]: disparity is 84.818,99.068 (10.00 thresh)
[0m[33m[init]: failed static init: no accel jerk detected, platform moving too much
[0m[34m[TIME]: 0.0037 seconds total (266.8 hz, 8.00 ms behind)
[0m[33m[init]: disparity is 84.818,99.068 (10.00 thresh)
[0m[33m[init]: failed static init: no accel jerk detected, platform moving too much
[0m[34m[TIME]: 0.0041 seconds total (246.1 hz, 4.80 ms behind)
[0m[33m[init]: disparity is 84.818,99.068 (10.00 thresh)
[0m[33m[init]: failed static init: no accel jerk detected, platform moving too much
[0m[34m[TIME]: 0.0035 seconds total (282.2 hz, 8.00 ms behind)
[0m[33m[init]: disparity is 84.818,99.068 (10.00 thresh)
[0m[33m[init]: failed static init: no accel jerk detected, platform moving too much
[0m[34m[TIME]: 0.0036 seconds total (276.8 hz, 4.80 ms behind)
[0m[33m[init]: disparity is 84.818,99.068 (10.00 thresh)
[0m[33m[init]: failed static init: no accel jerk detected, platform moving too much
[0m[34m[TIME]: 0.0038 seconds total (260.9 hz, 6.00 ms behind)
[0m[33m[init]: disparity is 84.818,99.068 (10.00 thresh)
[0m[33m[init]: failed static init: no accel jerk detected, platform moving too much
[0m[34m[TIME]: 0.0045 seconds total (222.8 hz, 7.60 ms behind)
[0m[33m[init]: disparity is 84.818,99.068 (10.00 thresh)
[0m[33m[init]: failed static init: no accel jerk detected, platform moving too much
[0m[34m[TIME]: 0.0044 seconds total (229.2 hz, 8.00 ms behind)
[0m[33m[init]: disparity is 84.818,99.068 (10.00 thresh)
[0m[33m[init]: failed static init: no accel jerk detected, platform moving too much
[0m[34m[TIME]: 0.0043 seconds total (231.3 hz, 7.60 ms behind)
[0m[33m[init]: disparity is 84.818,99.068 (10.00 thresh)
[0m[33m[init]: failed static init: no accel jerk detected, platform moving too much
[0m[34m[TIME]: 0.0033 seconds total (305.0 hz, 8.00 ms behind)
[0m[33m[init]: disparity is 84.818,99.068 (10.00 thresh)
[0m[33m[init]: failed static init: no accel jerk detected, platform moving too much
[0m[34m[TIME]: 0.0040 seconds total (252.3 hz, 5.60 ms behind)
[0m[33m[init]: disparity is 84.818,99.068 (10.00 thresh)
[0m[33m[init]: failed static init: no accel jerk detected, platform moving too much
[0m[34m[TIME]: 0.0035 seconds total (283.3 hz, 8.00 ms behind)
[0m[33m[init]: disparity is 84.818,99.068 (10.00 thresh)
[0m[33m[init]: failed static init: no accel jerk detected, platform moving too much
[0m[34m[TIME]: 0.0033 seconds total (305.6 hz, 7.60 ms behind)
[0m[33m[init]: disparity is 84.818,99.068 (10.00 thresh)
[0m[33m[init]: failed static init: no accel jerk detected, platform moving too much
[0m[34m[TIME]: 0.0036 seconds total (276.9 hz, 5.60 ms behind)
[0m[33m[init]: disparity is 84.818,99.068 (10.00 thresh)
[0m[33m[init]: failed static init: no accel jerk detected, platform moving too much
[0m[34m[TIME]: 0.0042 seconds total (237.5 hz, 6.40 ms behind)
[0m[33m[init]: disparity is 84.818,99.068 (10.00 thresh)
[0m[33m[init]: failed static init: no accel jerk detected, platform moving too much
[0m[34m[TIME]: 0.0044 seconds total (228.9 hz, 8.00 ms behind)
[0m[33m[init]: disparity is 84.818,99.068 (10.00 thresh)
[0m[33m[init]: failed static init: no accel jerk detected, platform moving too much
[0m[34m[TIME]: 0.0046 seconds total (217.3 hz, 7.60 ms behind)
[0m[33m[init]: disparity is 84.818,99.068 (10.00 thresh)
[0m[33m[init]: failed static init: no accel jerk detected, platform moving too much
[0m[34m[TIME]: 0.0037 seconds total (268.7 hz, 5.60 ms behind)
[0m[33m[init]: disparity is 84.818,99.068 (10.00 thresh)
[0m[33m[init]: failed static init: no accel jerk detected, platform moving too much
[0m[34m[TIME]: 0.0044 seconds total (227.7 hz, 7.60 ms behind)
[0m[33m[init]: disparity is 84.818,99.068 (10.00 thresh)
[0m[33m[init]: failed static init: no accel jerk detected, platform moving too much
[0m[34m[TIME]: 0.0030 seconds total (328.4 hz, 8.00 ms behind)
[0m[33m[init]: disparity is 84.818,99.068 (10.00 thresh)
[0m[33m[init]: failed static init: no accel jerk detected, platform moving too much
[0m[34m[TIME]: 0.0031 seconds total (318.2 hz, 7.60 ms behind)
[0m[33m[init]: disparity is 84.818,99.068 (10.00 thresh)
[0m[33m[init]: failed static init: no accel jerk detected, platform moving too much
[0m[34m[TIME]: 0.0033 seconds total (303.1 hz, 4.80 ms behind)
[0m[33m[init]: disparity is 84.818,99.068 (10.00 thresh)
[0m[33m[init]: failed static init: no accel jerk detected, platform moving too much
[0m[34m[TIME]: 0.0033 seconds total (303.1 hz, 4.80 ms behind)
[0m[33m[init]: disparity is 84.818,99.068 (10.00 thresh)
[0m[33m[init]: failed static init: no accel jerk detected, platform moving too much
[0m[34m[TIME]: 0.0031 seconds total (320.1 hz, 8.00 ms behind)
[0m[33m[init]: disparity is 84.818,99.068 (10.00 thresh)
[0m[33m[init]: failed static init: no accel jerk detected, platform moving too much
[0m[34m[TIME]: 0.0038 seconds total (261.9 hz, 6.40 ms behind)
[0m[33m[init]: disparity is 84.818,99.068 (10.00 thresh)
[0m[33m[init]: failed static init: no accel jerk detected, platform moving too much
[0m[34m[TIME]: 0.0028 seconds total (353.6 hz, 8.00 ms behind)
[0m[33m[init]: disparity is 84.818,99.068 (10.00 thresh)
[0m[33m[init]: failed static init: no accel jerk detected, platform moving too much
[0m[34m[TIME]: 0.0044 seconds total (229.4 hz, 10.40 ms behind)
[0m[33m[init]: disparity is 84.818,99.068 (10.00 thresh)
[0m[33m[init]: failed static init: no accel jerk detected, platform moving too much
[0m[34m[TIME]: 0.0036 seconds total (274.5 hz, 8.00 ms behind)
[0m[33m[init]: disparity is 84.818,99.068 (10.00 thresh)
[0m[33m[init]: failed static init: no accel jerk detected, platform moving too much
[0m[34m[TIME]: 0.0038 seconds total (262.6 hz, 7.60 ms behind)
[0m[33m[init]: disparity is 84.818,99.068 (10.00 thresh)
[0m[33m[init]: failed static init: no accel jerk detected, platform moving too much
[0m[34m[TIME]: 0.0044 seconds total (227.1 hz, 8.00 ms behind)
[0m[33m[init]: disparity is 84.818,99.068 (10.00 thresh)
[0m[33m[init]: failed static init: no accel jerk detected, platform moving too much
[0m[34m[TIME]: 0.0033 seconds total (305.5 hz, 6.40 ms behind)
[0m[33m[init]: disparity is 84.818,99.068 (10.00 thresh)
[0m[33m[init]: failed static init: no accel jerk detected, platform moving too much
[0m[34m[TIME]: 0.0033 seconds total (307.5 hz, 4.80 ms behind)
[0m[33m[init]: disparity is 84.818,99.068 (10.00 thresh)
[0m[33m[init]: failed static init: no accel jerk detected, platform moving too much
[0m[34m[TIME]: 0.0034 seconds total (293.3 hz, 7.60 ms behind)
[0m[33m[init]: disparity is 84.818,99.068 (10.00 thresh)
[0m[33m[init]: failed static init: no accel jerk detected, platform moving too much
[0m[34m[TIME]: 0.0038 seconds total (261.0 hz, 8.00 ms behind)
[0m[33m[init]: disparity is 84.818,99.068 (10.00 thresh)
[0m[33m[init]: failed static init: no accel jerk detected, platform moving too much
[0m[34m[TIME]: 0.0031 seconds total (325.9 hz, 4.40 ms behind)
[0m[33m[init]: disparity is 84.818,99.068 (10.00 thresh)
[0m[33m[init]: failed static init: no accel jerk detected, platform moving too much
[0m[34m[TIME]: 0.0034 seconds total (294.9 hz, 5.20 ms behind)
[0m[33m[init]: disparity is 84.818,99.068 (10.00 thresh)
[0m[33m[init]: failed static init: no accel jerk detected, platform moving too much
[0m[34m[TIME]: 0.0028 seconds total (359.7 hz, 4.80 ms behind)
[0m[33m[init]: disparity is 84.818,99.068 (10.00 thresh)
[0m[33m[init]: failed static init: no accel jerk detected, platform moving too much
[0m[34m[TIME]: 0.0043 seconds total (230.3 hz, 6.80 ms behind)
[0m[33m[init]: disparity is 84.818,99.068 (10.00 thresh)
[0m[33m[init]: failed static init: no accel jerk detected, platform moving too much
[0m[34m[TIME]: 0.0038 seconds total (263.9 hz, 7.60 ms behind)
[0m[33m[init]: disparity is 84.818,99.068 (10.00 thresh)
[0m[33m[init]: failed static init: no accel jerk detected, platform moving too much
[0m[34m[TIME]: 0.0035 seconds total (283.7 hz, 6.80 ms behind)
[0m[33m[init]: disparity is 84.818,99.068 (10.00 thresh)
[0m[33m[init]: failed static init: no accel jerk detected, platform moving too much
[0m[34m[TIME]: 0.0030 seconds total (333.4 hz, 6.40 ms behind)
[0m[33m[init]: disparity is 84.818,99.068 (10.00 thresh)
[0m[33m[init]: failed static init: no accel jerk detected, platform moving too much
[0m[34m[TIME]: 0.0036 seconds total (278.1 hz, 8.00 ms behind)
[0m[33m[init]: disparity is 84.818,99.068 (10.00 thresh)
[0m[33m[init]: failed static init: no accel jerk detected, platform moving too much
[0m[34m[TIME]: 0.0030 seconds total (338.1 hz, 4.00 ms behind)
[0m[33m[init]: disparity is 84.818,99.068 (10.00 thresh)
[0m[33m[init]: failed static init: no accel jerk detected, platform moving too much
[0m[34m[TIME]: 0.0040 seconds total (250.4 hz, 6.80 ms behind)
[0m[33m[init]: disparity is 84.818,99.068 (10.00 thresh)
[0m[33m[init]: failed static init: no accel jerk detected, platform moving too much
[0m[34m[TIME]: 0.0034 seconds total (290.4 hz, 7.60 ms behind)
[0m[33m[init]: disparity is 84.818,99.068 (10.00 thresh)
[0m[33m[init]: failed static init: no accel jerk detected, platform moving too much
[0m[34m[TIME]: 0.0034 seconds total (295.4 hz, 5.20 ms behind)
[0m[33m[init]: disparity is 84.818,99.068 (10.00 thresh)
[0m[33m[init]: failed static init: no accel jerk detected, platform moving too much
[0m[34m[TIME]: 0.0035 seconds total (287.1 hz, 4.40 ms behind)
[0m[33m[init]: disparity is 84.818,99.068 (10.00 thresh)
[0m[33m[init]: failed static init: no accel jerk detected, platform moving too much
[0m[34m[TIME]: 0.0045 seconds total (223.2 hz, 8.00 ms behind)
[0m[33m[init]: disparity is 84.818,99.068 (10.00 thresh)
[0m[33m[init]: failed static init: no accel jerk detected, platform moving too much
[0m[34m[TIME]: 0.0031 seconds total (322.8 hz, 7.60 ms behind)
[0m[33m[init]: disparity is 84.818,99.068 (10.00 thresh)
[0m[33m[init]: failed static init: no accel jerk detected, platform moving too much
[0m[34m[TIME]: 0.0027 seconds total (373.6 hz, 4.80 ms behind)
[0m[33m[init]: disparity is 84.818,99.068 (10.00 thresh)
[0m[33m[init]: failed static init: no accel jerk detected, platform moving too much
[0m[34m[TIME]: 0.0036 seconds total (280.3 hz, 7.60 ms behind)
[0m[33m[init]: disparity is 84.818,99.068 (10.00 thresh)
[0m[33m[init]: failed static init: no accel jerk detected, platform moving too much
[0m[34m[TIME]: 0.0028 seconds total (357.8 hz, 8.00 ms behind)
[0m[33m[init]: disparity is 84.818,99.068 (10.00 thresh)
[0m[33m[init]: failed static init: no accel jerk detected, platform moving too much
[0m[34m[TIME]: 0.0031 seconds total (320.5 hz, 4.40 ms behind)
[0m[33m[init]: disparity is 84.818,99.068 (10.00 thresh)
[0m[33m[init]: failed static init: no accel jerk detected, platform moving too much
[0m[34m[TIME]: 0.0036 seconds total (278.9 hz, 8.00 ms behind)
[0m[33m[init]: disparity is 84.818,99.068 (10.00 thresh)
[0m[33m[init]: failed static init: no accel jerk detected, platform moving too much
[0m[34m[TIME]: 0.0034 seconds total (290.4 hz, 7.60 ms behind)
[0m[33m[init]: disparity is 84.818,99.068 (10.00 thresh)
[0m[33m[init]: failed static init: no accel jerk detected, platform moving too much
[0m[34m[TIME]: 0.0031 seconds total (321.6 hz, 8.00 ms behind)
[0m[33m[init]: disparity is 84.818,99.068 (10.00 thresh)
[0m[33m[init]: failed static init: no accel jerk detected, platform moving too much
[0m[34m[TIME]: 0.0030 seconds total (335.5 hz, 7.60 ms behind)
[0m[33m[init]: disparity is 84.818,99.068 (10.00 thresh)
[0m[33m[init]: failed static init: no accel jerk detected, platform moving too much
[0m[34m[TIME]: 0.0035 seconds total (288.9 hz, 6.80 ms behind)
[0m[33m[init]: disparity is 84.818,99.068 (10.00 thresh)
[0m[33m[init]: failed static init: no accel jerk detected, platform moving too much
[0m[34m[TIME]: 0.0032 seconds total (310.8 hz, 4.80 ms behind)
[0m[33m[init]: disparity is 84.818,99.068 (10.00 thresh)
[0m[33m[init]: failed static init: no accel jerk detected, platform moving too much
[0m[34m[TIME]: 0.0037 seconds total (273.4 hz, 7.60 ms behind)
[0m[33m[init]: disparity is 84.818,99.068 (10.00 thresh)
[0m[33m[init]: failed static init: no accel jerk detected, platform moving too much
[0m[34m[TIME]: 0.0040 seconds total (250.4 hz, 7.60 ms behind)
[0m[33m[init]: disparity is 84.818,99.068 (10.00 thresh)
[0m[33m[init]: failed static init: no accel jerk detected, platform moving too much
[0m[34m[TIME]: 0.0044 seconds total (225.6 hz, 5.60 ms behind)
[0m[33m[init]: disparity is 84.818,99.068 (10.00 thresh)
[0m[33m[init]: failed static init: no accel jerk detected, platform moving too much
[0m[34m[TIME]: 0.0035 seconds total (283.5 hz, 7.60 ms behind)
[0m[33m[init]: disparity is 84.818,99.068 (10.00 thresh)
[0m[33m[init]: failed static init: no accel jerk detected, platform moving too much
[0m[34m[TIME]: 0.0047 seconds total (213.5 hz, 8.00 ms behind)
[0m[33m[init]: disparity is 84.818,99.068 (10.00 thresh)
[0m[33m[init]: failed static init: no accel jerk detected, platform moving too much
[0m[34m[TIME]: 0.0033 seconds total (301.4 hz, 6.40 ms behind)
[0m[33m[init]: disparity is 84.818,99.068 (10.00 thresh)
[0m[33m[init]: failed static init: no accel jerk detected, platform moving too much
[0m[34m[TIME]: 0.0035 seconds total (288.4 hz, 8.00 ms behind)
[0m[33m[init]: disparity is 84.818,99.068 (10.00 thresh)
[0m[33m[init]: failed static init: no accel jerk detected, platform moving too much
[0m[34m[TIME]: 0.0034 seconds total (291.3 hz, 6.80 ms behind)
[0m[33m[init]: disparity is 84.818,99.068 (10.00 thresh)
[0m[33m[init]: failed static init: no accel jerk detected, platform moving too much
[0m[34m[TIME]: 0.0036 seconds total (276.7 hz, 8.00 ms behind)
[0m[33m[init]: disparity is 84.818,99.068 (10.00 thresh)
[0m[33m[init]: failed static init: no accel jerk detected, platform moving too much
[0m[34m[TIME]: 0.0013 seconds total (767.5 hz, 7.60 ms behind)
[0m[33m[init]: disparity is 84.818,99.068 (10.00 thresh)
[0m[33m[init]: failed static init: no accel jerk detected, platform moving too much
[0m[34m[TIME]: 0.0014 seconds total (691.1 hz, 6.80 ms behind)
[0m[33m[init]: disparity is 84.818,99.068 (10.00 thresh)
[0m[33m[init]: failed static init: no accel jerk detected, platform moving too much
[0m[34m[TIME]: 0.0015 seconds total (648.9 hz, 4.00 ms behind)
[0m[33m[init]: disparity is 84.818,99.068 (10.00 thresh)
[0m[33m[init]: failed static init: no accel jerk detected, platform moving too much
[0m[34m[TIME]: 0.0018 seconds total (570.8 hz, 8.80 ms behind)
[0m[33m[init]: disparity is 84.818,99.068 (10.00 thresh)
[0m[33m[init]: failed static init: no accel jerk detected, platform moving too much
[0m[34m[TIME]: 0.0013 seconds total (777.0 hz, 5.60 ms behind)
[0m[33m[init]: disparity is 84.818,99.068 (10.00 thresh)
[0m[33m[init]: failed static init: no accel jerk detected, platform moving too much
[0m[34m[TIME]: 0.0014 seconds total (724.6 hz, 10.00 ms behind)
[0m[33m[init]: disparity is 84.818,99.068 (10.00 thresh)
[0m[33m[init]: failed static init: no accel jerk detected, platform moving too much
[0m[34m[TIME]: 0.0013 seconds total (762.2 hz, 7.60 ms behind)
[0m[33m[init]: disparity is 84.818,99.068 (10.00 thresh)
[0m[33m[init]: failed static init: no accel jerk detected, platform moving too much
[0m[34m[TIME]: 0.0011 seconds total (876.4 hz, 8.00 ms behind)
[0m[33m[init]: disparity is 84.818,99.068 (10.00 thresh)
[0m[33m[init]: failed static init: no accel jerk detected, platform moving too much
[0m[34m[TIME]: 0.0017 seconds total (576.0 hz, 5.60 ms behind)
[0m[33m[init]: disparity is 84.818,99.068 (10.00 thresh)
[0m[33m[init]: failed static init: no accel jerk detected, platform moving too much
[0m[34m[TIME]: 0.0016 seconds total (615.4 hz, 9.20 ms behind)
[0m[33m[init]: disparity is 84.818,99.068 (10.00 thresh)
[0m[33m[init]: failed static init: no accel jerk detected, platform moving too much
[0m[34m[TIME]: 0.0013 seconds total (765.1 hz, 8.40 ms behind)
[0m[33m[init]: disparity is 84.818,99.068 (10.00 thresh)
[0m[33m[init]: failed static init: no accel jerk detected, platform moving too much
[0m[34m[TIME]: 0.0017 seconds total (593.1 hz, 9.20 ms behind)
[0m[33m[init]: disparity is 84.818,99.068 (10.00 thresh)
[0m[33m[init]: failed static init: no accel jerk detected, platform moving too much
[0m[34m[TIME]: 0.0017 seconds total (602.8 hz, 8.40 ms behind)
[0m[33m[init]: disparity is 84.818,99.068 (10.00 thresh)
[0m[33m[init]: failed static init: no accel jerk detected, platform moving too much
[0m[34m[TIME]: 0.0015 seconds total (657.0 hz, 8.80 ms behind)
[0m[33m[init]: disparity is 84.818,99.068 (10.00 thresh)
[0m[33m[init]: failed static init: no accel jerk detected, platform moving too much
[0m[34m[TIME]: 0.0013 seconds total (780.0 hz, 6.80 ms behind)
[0m[33m[init]: disparity is 84.818,99.068 (10.00 thresh)
[0m[33m[init]: failed static init: no accel jerk detected, platform moving too much
[0m[34m[TIME]: 0.0011 seconds total (903.3 hz, 11.60 ms behind)
[0m[33m[init]: disparity is 84.818,99.068 (10.00 thresh)
[0m[33m[init]: failed static init: no accel jerk detected, platform moving too much
[0m[34m[TIME]: 0.0017 seconds total (572.1 hz, 6.40 ms behind)
[0m[33m[init]: disparity is 84.818,99.068 (10.00 thresh)
[0m[33m[init]: failed static init: no accel jerk detected, platform moving too much
[0m[34m[TIME]: 0.0014 seconds total (716.3 hz, 9.60 ms behind)
[0m[33m[init]: disparity is 84.818,99.068 (10.00 thresh)
[0m[33m[init]: failed static init: no accel jerk detected, platform moving too much
[0m[34m[TIME]: 0.0011 seconds total (951.5 hz, 5.60 ms behind)
[0m[33m[init]: disparity is 84.818,99.068 (10.00 thresh)
[0m[33m[init]: failed static init: no accel jerk detected, platform moving too much
[0m[34m[TIME]: 0.0014 seconds total (694.4 hz, 10.00 ms behind)
[0m[33m[init]: disparity is 84.818,99.068 (10.00 thresh)
[0m[33m[init]: failed static init: no accel jerk detected, platform moving too much
[0m[34m[TIME]: 0.0015 seconds total (685.4 hz, 8.00 ms behind)
[0m[33m[init]: disparity is 84.818,99.068 (10.00 thresh)
[0m[33m[init]: failed static init: no accel jerk detected, platform moving too much
[0m[34m[TIME]: 0.0016 seconds total (623.8 hz, 6.00 ms behind)
[0m[33m[init]: disparity is 84.818,99.068 (10.00 thresh)
[0m[33m[init]: failed static init: no accel jerk detected, platform moving too much
[0m[34m[TIME]: 0.0011 seconds total (941.6 hz, 8.80 ms behind)
[0m[33m[init]: disparity is 84.818,99.068 (10.00 thresh)
[0m[33m[init]: failed static init: no accel jerk detected, platform moving too much
[0m[34m[TIME]: 0.0015 seconds total (686.8 hz, 9.60 ms behind)
[0m[33m[init]: disparity is 84.818,99.068 (10.00 thresh)
[0m[33m[init]: failed static init: no accel jerk detected, platform moving too much
[0m[34m[TIME]: 0.0012 seconds total (832.6 hz, 10.40 ms behind)
[0m[33m[init]: disparity is 84.818,99.068 (10.00 thresh)
[0m[33m[init]: failed static init: no accel jerk detected, platform moving too much
[0m[34m[TIME]: 0.0010 seconds total (1036.3 hz, 5.60 ms behind)
[0m[33m[init]: disparity is 84.818,99.068 (10.00 thresh)
[0m[33m[init]: failed static init: no accel jerk detected, platform moving too much
[0m[34m[TIME]: 0.0012 seconds total (835.4 hz, 4.80 ms behind)
[0m[33m[init]: disparity is 84.818,99.068 (10.00 thresh)
[0m[33m[init]: failed static init: no accel jerk detected, platform moving too much
[0m[34m[TIME]: 0.0016 seconds total (621.1 hz, 5.60 ms behind)
[0m[33m[init]: disparity is 84.818,99.068 (10.00 thresh)
[0m[33m[init]: failed static init: no accel jerk detected, platform moving too much
[0m[34m[TIME]: 0.0017 seconds total (583.8 hz, 8.80 ms behind)
[0m[33m[init]: disparity is 84.818,99.068 (10.00 thresh)
[0m[33m[init]: failed static init: no accel jerk detected, platform moving too much
[0m[34m[TIME]: 0.0012 seconds total (807.8 hz, 10.00 ms behind)
[0m[33m[init]: disparity is 84.818,99.068 (10.00 thresh)
[0m[33m[init]: failed static init: no accel jerk detected, platform moving too much
[0m[34m[TIME]: 0.0011 seconds total (911.6 hz, 5.60 ms behind)
[0m[33m[init]: disparity is 84.818,99.068 (10.00 thresh)
[0m[33m[init]: failed static init: no accel jerk detected, platform moving too much
[0m[34m[TIME]: 0.0014 seconds total (722.0 hz, 7.20 ms behind)
[0m[33m[init]: disparity is 84.818,99.068 (10.00 thresh)
[0m[33m[init]: failed static init: no accel jerk detected, platform moving too much
[0m[34m[TIME]: 0.0012 seconds total (819.0 hz, 5.60 ms behind)
[0m[33m[init]: disparity is 84.818,99.068 (10.00 thresh)
[0m[33m[init]: failed static init: no accel jerk detected, platform moving too much
[0m[34m[TIME]: 0.0014 seconds total (708.2 hz, 9.60 ms behind)
[0m[33m[init]: disparity is 84.818,99.068 (10.00 thresh)
[0m[33m[init]: failed static init: no accel jerk detected, platform moving too much
[0m[34m[TIME]: 0.0014 seconds total (698.3 hz, 8.80 ms behind)
[0m[33m[init]: disparity is 84.818,99.068 (10.00 thresh)
[0m[33m[init]: failed static init: no accel jerk detected, platform moving too much
[0m[34m[TIME]: 0.0012 seconds total (813.7 hz, 10.00 ms behind)
[0m[33m[init]: disparity is 84.818,99.068 (10.00 thresh)
[0m[33m[init]: failed static init: no accel jerk detected, platform moving too much
[0m[34m[TIME]: 0.0012 seconds total (856.2 hz, 9.60 ms behind)
[0m[33m[init]: disparity is 84.818,99.068 (10.00 thresh)
[0m[33m[init]: failed static init: no accel jerk detected, platform moving too much
[0m[34m[TIME]: 0.0012 seconds total (848.2 hz, 10.00 ms behind)
[0m[33m[init]: disparity is 84.818,99.068 (10.00 thresh)
[0m[33m[init]: failed static init: no accel jerk detected, platform moving too much
[0m[34m[TIME]: 0.0012 seconds total (841.0 hz, 5.60 ms behind)
[0m[33m[init]: disparity is 84.818,99.068 (10.00 thresh)
[0m[33m[init]: failed static init: no accel jerk detected, platform moving too much
[0m[34m[TIME]: 0.0013 seconds total (760.5 hz, 8.80 ms behind)
[0m[33m[init]: disparity is 84.818,99.068 (10.00 thresh)
[0m[33m[init]: failed static init: no accel jerk detected, platform moving too much
[0m[34m[TIME]: 0.0019 seconds total (529.9 hz, 10.40 ms behind)
[0m[33m[init]: disparity is 84.818,99.068 (10.00 thresh)
[0m[33m[init]: failed static init: no accel jerk detected, platform moving too much
[0m[34m[TIME]: 0.0010 seconds total (1018.3 hz, 6.00 ms behind)
[0m[33m[init]: disparity is 84.818,99.068 (10.00 thresh)
[0m[33m[init]: failed static init: no accel jerk detected, platform moving too much
[0m[34m[TIME]: 0.0011 seconds total (892.1 hz, 6.80 ms behind)
[0m[33m[init]: disparity is 84.818,99.068 (10.00 thresh)
[0m[33m[init]: failed static init: no accel jerk detected, platform moving too much
[0m[34m[TIME]: 0.0017 seconds total (574.4 hz, 10.00 ms behind)
[0m[33m[init]: disparity is 84.818,99.068 (10.00 thresh)
[0m[33m[init]: failed static init: no accel jerk detected, platform moving too much
[0m[34m[TIME]: 0.0011 seconds total (916.6 hz, 8.40 ms behind)
[0m[33m[init]: disparity is 84.818,99.068 (10.00 thresh)
[0m[33m[init]: failed static init: no accel jerk detected, platform moving too much
[0m[34m[TIME]: 0.0016 seconds total (620.7 hz, 10.00 ms behind)
[0m[33m[init]: disparity is 84.818,99.068 (10.00 thresh)
[0m[33m[init]: failed static init: no accel jerk detected, platform moving too much
[0m[34m[TIME]: 0.0011 seconds total (908.3 hz, 6.00 ms behind)
[0m[33m[init]: disparity is 84.818,99.068 (10.00 thresh)
[0m[33m[init]: failed static init: no accel jerk detected, platform moving too much
[0m[34m[TIME]: 0.0012 seconds total (865.1 hz, 9.60 ms behind)
[0m[33m[init]: disparity is 84.818,99.068 (10.00 thresh)
[0m[33m[init]: failed static init: no accel jerk detected, platform moving too much
[0m[34m[TIME]: 0.0016 seconds total (625.4 hz, 10.00 ms behind)
[0m[33m[init]: disparity is 84.818,99.068 (10.00 thresh)
[0m[33m[init]: failed static init: no accel jerk detected, platform moving too much
[0m[34m[TIME]: 0.0012 seconds total (854.7 hz, 5.60 ms behind)
[0m[33m[init]: disparity is 84.818,99.068 (10.00 thresh)
[0m[33m[init]: failed static init: no accel jerk detected, platform moving too much
[0m[34m[TIME]: 0.0015 seconds total (651.0 hz, 10.40 ms behind)
[0m[33m[init]: disparity is 84.818,99.068 (10.00 thresh)
[0m[33m[init]: failed static init: no accel jerk detected, platform moving too much
[0m[34m[TIME]: 0.0011 seconds total (900.1 hz, 6.00 ms behind)
[0m[33m[init]: disparity is 84.818,99.068 (10.00 thresh)
[0m[33m[init]: failed static init: no accel jerk detected, platform moving too much
[0m[34m[TIME]: 0.0016 seconds total (617.3 hz, 10.00 ms behind)
[0m[33m[init]: disparity is 84.818,99.068 (10.00 thresh)
[0m[33m[init]: failed static init: no accel jerk detected, platform moving too much
[0m[34m[TIME]: 0.0015 seconds total (648.5 hz, 8.00 ms behind)
[0m[33m[init]: disparity is 84.818,99.068 (10.00 thresh)
[0m[33m[init]: failed static init: no accel jerk detected, platform moving too much
[0m[34m[TIME]: 0.0012 seconds total (857.6 hz, 4.80 ms behind)
[0m[33m[init]: disparity is 84.818,99.068 (10.00 thresh)
[0m[33m[init]: failed static init: no accel jerk detected, platform moving too much
[0m[34m[TIME]: 0.0014 seconds total (732.1 hz, 6.80 ms behind)
[0m[33m[init]: disparity is 84.818,99.068 (10.00 thresh)
[0m[33m[init]: failed static init: no accel jerk detected, platform moving too much
[0m[34m[TIME]: 0.0011 seconds total (881.1 hz, 4.80 ms behind)
[0m[33m[init]: disparity is 84.818,99.068 (10.00 thresh)
[0m[33m[init]: failed static init: no accel jerk detected, platform moving too much
[0m[34m[TIME]: 0.0012 seconds total (846.0 hz, 8.80 ms behind)
[0m[33m[init]: disparity is 84.818,99.068 (10.00 thresh)
[0m[33m[init]: failed static init: no accel jerk detected, platform moving too much
[0m[34m[TIME]: 0.0014 seconds total (721.5 hz, 6.80 ms behind)
[0m[33m[init]: disparity is 84.818,99.068 (10.00 thresh)
[0m[33m[init]: failed static init: no accel jerk detected, platform moving too much
[0m[34m[TIME]: 0.0015 seconds total (645.2 hz, 7.60 ms behind)
[0m[33m[init]: disparity is 84.818,99.068 (10.00 thresh)
[0m[33m[init]: failed static init: no accel jerk detected, platform moving too much
[0m[34m[TIME]: 0.0014 seconds total (726.2 hz, 8.40 ms behind)
[0m[33m[init]: disparity is 84.818,99.068 (10.00 thresh)
[0m[33m[init]: failed static init: no accel jerk detected, platform moving too much
[0m[34m[TIME]: 0.0012 seconds total (803.2 hz, 9.60 ms behind)
[0m[33m[init]: disparity is 84.818,99.068 (10.00 thresh)
[0m[33m[init]: failed static init: no accel jerk detected, platform moving too much
[0m[34m[TIME]: 0.0017 seconds total (596.7 hz, 4.80 ms behind)
[0m[33m[init]: disparity is 84.818,99.068 (10.00 thresh)
[0m[33m[init]: failed static init: no accel jerk detected, platform moving too much
[0m[34m[TIME]: 0.0011 seconds total (923.4 hz, 8.00 ms behind)
[0m[33m[init]: disparity is 84.818,99.068 (10.00 thresh)
[0m[33m[init]: failed static init: no accel jerk detected, platform moving too much
[0m[34m[TIME]: 0.0013 seconds total (771.6 hz, 8.80 ms behind)
[0m[33m[init]: disparity is 84.818,99.068 (10.00 thresh)
[0m[33m[init]: failed static init: no accel jerk detected, platform moving too much
[0m[34m[TIME]: 0.0012 seconds total (852.5 hz, 4.00 ms behind)
[0m[33m[init]: disparity is 84.818,99.068 (10.00 thresh)
[0m[33m[init]: failed static init: no accel jerk detected, platform moving too much
[0m[34m[TIME]: 0.0013 seconds total (742.9 hz, 4.00 ms behind)
[0m[33m[init]: disparity is 84.818,99.068 (10.00 thresh)
[0m[33m[init]: failed static init: no accel jerk detected, platform moving too much
[0m[34m[TIME]: 0.0016 seconds total (627.0 hz, 8.00 ms behind)
[0m[33m[init]: disparity is 84.818,99.068 (10.00 thresh)
[0m[33m[init]: failed static init: no accel jerk detected, platform moving too much
[0m[34m[TIME]: 0.0015 seconds total (677.5 hz, 4.40 ms behind)
[0m[33m[init]: disparity is 84.818,99.068 (10.00 thresh)
[0m[33m[init]: failed static init: no accel jerk detected, platform moving too much
[0m[34m[TIME]: 0.0013 seconds total (777.6 hz, 8.80 ms behind)
[0m[33m[init]: disparity is 84.818,99.068 (10.00 thresh)
[0m[33m[init]: failed static init: no accel jerk detected, platform moving too much
[0m[34m[TIME]: 0.0018 seconds total (545.3 hz, 4.00 ms behind)
[0m[33m[init]: disparity is 84.818,99.068 (10.00 thresh)
[0m[33m[init]: failed static init: no accel jerk detected, platform moving too much
[0m[34m[TIME]: 0.0011 seconds total (918.3 hz, 5.20 ms behind)
[0m[33m[init]: disparity is 84.818,99.068 (10.00 thresh)
[0m[33m[init]: failed static init: no accel jerk detected, platform moving too much
[0m[34m[TIME]: 0.0013 seconds total (792.4 hz, 7.60 ms behind)
[0m[33m[init]: disparity is 84.818,99.068 (10.00 thresh)
[0m[33m[init]: failed static init: no accel jerk detected, platform moving too much
[0m[34m[TIME]: 0.0012 seconds total (817.0 hz, 10.00 ms behind)
[0m[33m[init]: disparity is 84.818,99.068 (10.00 thresh)
[0m[33m[init]: failed static init: no accel jerk detected, platform moving too much
[0m[34m[TIME]: 0.0010 seconds total (980.4 hz, 4.80 ms behind)
[0m[33m[init]: disparity is 84.818,99.068 (10.00 thresh)
[0m[33m[init]: failed static init: no accel jerk detected, platform moving too much
[0m[34m[TIME]: 0.0015 seconds total (648.1 hz, 8.80 ms behind)
[0m[33m[init]: disparity is 84.818,99.068 (10.00 thresh)
[0m[33m[init]: failed static init: no accel jerk detected, platform moving too much
[0m[34m[TIME]: 0.0011 seconds total (892.9 hz, 4.00 ms behind)
[0m[33m[init]: disparity is 84.818,99.068 (10.00 thresh)
[0m[33m[init]: failed static init: no accel jerk detected, platform moving too much
[0m[34m[TIME]: 0.0012 seconds total (866.6 hz, 5.20 ms behind)
[0m[33m[init]: disparity is 84.818,99.068 (10.00 thresh)
[0m[33m[init]: failed static init: no accel jerk detected, platform moving too much
[0m[34m[TIME]: 0.0015 seconds total (681.7 hz, 8.80 ms behind)
[0m[33m[init]: disparity is 84.818,99.068 (10.00 thresh)
[0m[33m[init]: failed static init: no accel jerk detected, platform moving too much
[0m[34m[TIME]: 0.0014 seconds total (724.1 hz, 5.60 ms behind)
[0m[33m[init]: disparity is 84.818,99.068 (10.00 thresh)
[0m[33m[init]: failed static init: no accel jerk detected, platform moving too much
[0m[34m[TIME]: 0.0012 seconds total (834.7 hz, 4.40 ms behind)
[0m[33m[init]: disparity is 84.818,99.068 (10.00 thresh)
[0m[33m[init]: failed static init: no accel jerk detected, platform moving too much
[0m[34m[TIME]: 0.0017 seconds total (603.1 hz, 6.00 ms behind)
[0m[33m[init]: disparity is 84.818,99.068 (10.00 thresh)
[0m[33m[init]: failed static init: no accel jerk detected, platform moving too much
[0m[34m[TIME]: 0.0012 seconds total (851.1 hz, 4.00 ms behind)
[0m[33m[init]: disparity is 84.818,99.068 (10.00 thresh)
[0m[33m[init]: failed static init: no accel jerk detected, platform moving too much
[0m[34m[TIME]: 0.0012 seconds total (848.2 hz, 5.60 ms behind)
[0m[33m[init]: disparity is 84.818,99.068 (10.00 thresh)
[0m[33m[init]: failed static init: no accel jerk detected, platform moving too much
[0m[34m[TIME]: 0.0015 seconds total (669.3 hz, 8.40 ms behind)
[0m[33m[init]: disparity is 84.818,99.068 (10.00 thresh)
[0m[33m[init]: failed static init: no accel jerk detected, platform moving too much
[0m[34m[TIME]: 0.0017 seconds total (592.4 hz, 7.60 ms behind)
[0m[33m[init]: disparity is 84.818,99.068 (10.00 thresh)
[0m[33m[init]: failed static init: no accel jerk detected, platform moving too much
[0m[34m[TIME]: 0.0012 seconds total (825.1 hz, 8.40 ms behind)
[0m[33m[init]: disparity is 84.818,99.068 (10.00 thresh)
[0m[33m[init]: failed static init: no accel jerk detected, platform moving too much
[0m[34m[TIME]: 0.0014 seconds total (715.8 hz, 6.80 ms behind)
[0m[33m[init]: disparity is 84.818,99.068 (10.00 thresh)
[0m[33m[init]: failed static init: no accel jerk detected, platform moving too much
[0m[34m[TIME]: 0.0016 seconds total (640.2 hz, 8.40 ms behind)
[0m[33m[init]: disparity is 84.818,99.068 (10.00 thresh)
[0m[33m[init]: failed static init: no accel jerk detected, platform moving too much
[0m[34m[TIME]: 0.0012 seconds total (862.8 hz, 5.20 ms behind)
[0m[33m[init]: disparity is 84.818,99.068 (10.00 thresh)
[0m[33m[init]: failed static init: no accel jerk detected, platform moving too much
[0m[34m[TIME]: 0.0015 seconds total (680.3 hz, 4.00 ms behind)
[0m[33m[init]: disparity is 84.818,99.068 (10.00 thresh)
[0m[33m[init]: failed static init: no accel jerk detected, platform moving too much
[0m[34m[TIME]: 0.0016 seconds total (628.9 hz, 5.20 ms behind)
[0m[33m[init]: disparity is 84.818,99.068 (10.00 thresh)
[0m[33m[init]: failed static init: no accel jerk detected, platform moving too much
[0m[34m[TIME]: 0.0013 seconds total (763.9 hz, 3.60 ms behind)
[0m[33m[init]: disparity is 84.818,99.068 (10.00 thresh)
[0m[33m[init]: failed static init: no accel jerk detected, platform moving too much
[0m[34m[TIME]: 0.0012 seconds total (803.9 hz, 6.00 ms behind)
[0m[33m[init]: disparity is 84.818,99.068 (10.00 thresh)
[0m[33m[init]: failed static init: no accel jerk detected, platform moving too much
[0m[34m[TIME]: 0.0016 seconds total (607.9 hz, 4.80 ms behind)
[0m[33m[init]: disparity is 84.818,99.068 (10.00 thresh)
[0m[33m[init]: failed static init: no accel jerk detected, platform moving too much
[0m[34m[TIME]: 0.0014 seconds total (694.9 hz, 7.20 ms behind)
[0m[33m[init]: disparity is 84.818,99.068 (10.00 thresh)
[0m[33m[init]: failed static init: no accel jerk detected, platform moving too much
[0m[34m[TIME]: 0.0016 seconds total (636.5 hz, 6.00 ms behind)
[0m[33m[init]: disparity is 84.818,99.068 (10.00 thresh)
[0m[33m[init]: failed static init: no accel jerk detected, platform moving too much
[0m[34m[TIME]: 0.0017 seconds total (602.0 hz, 8.80 ms behind)
[0m[33m[init]: disparity is 84.818,99.068 (10.00 thresh)
[0m[33m[init]: failed static init: no accel jerk detected, platform moving too much
[0m[34m[TIME]: 0.0016 seconds total (614.3 hz, 6.00 ms behind)
[0m[33m[init]: disparity is 84.818,99.068 (10.00 thresh)
[0m[33m[init]: failed static init: no accel jerk detected, platform moving too much
[0m[34m[TIME]: 0.0013 seconds total (788.6 hz, 6.00 ms behind)
[0m[33m[init]: disparity is 84.818,99.068 (10.00 thresh)
[0m[33m[init]: failed static init: no accel jerk detected, platform moving too much
[0m[34m[TIME]: 0.0014 seconds total (726.2 hz, 8.40 ms behind)
[0m[33m[init]: disparity is 84.818,99.068 (10.00 thresh)
[0m[33m[init]: failed static init: no accel jerk detected, platform moving too much
[0m[34m[TIME]: 0.0014 seconds total (698.3 hz, 9.20 ms behind)
[0m[33m[init]: disparity is 84.818,99.068 (10.00 thresh)
[0m[33m[init]: failed static init: no accel jerk detected, platform moving too much
[0m[34m[TIME]: 0.0013 seconds total (747.4 hz, 4.80 ms behind)
[0m[33m[init]: disparity is 84.818,99.068 (10.00 thresh)
[0m[33m[init]: failed static init: no accel jerk detected, platform moving too much
[0m[34m[TIME]: 0.0016 seconds total (614.3 hz, 8.80 ms behind)
[0m[33m[init]: disparity is 84.818,99.068 (10.00 thresh)
[0m[33m[init]: failed static init: no accel jerk detected, platform moving too much
[0m[34m[TIME]: 0.0012 seconds total (815.7 hz, 6.00 ms behind)
[0m[33m[init]: disparity is 84.818,99.068 (10.00 thresh)
[0m[33m[init]: failed static init: no accel jerk detected, platform moving too much
[0m[34m[TIME]: 0.0013 seconds total (775.2 hz, 9.20 ms behind)
[0m[33m[init]: disparity is 84.818,99.068 (10.00 thresh)
[0m[33m[init]: failed static init: no accel jerk detected, platform moving too much
[0m[34m[TIME]: 0.0015 seconds total (684.5 hz, 7.60 ms behind)
[0m[33m[init]: disparity is 84.818,99.068 (10.00 thresh)
[0m[33m[init]: failed static init: no accel jerk detected, platform moving too much
[0m[34m[TIME]: 0.0019 seconds total (539.7 hz, 8.80 ms behind)
[0m[33m[init]: disparity is 84.818,99.068 (10.00 thresh)
[0m[33m[init]: failed static init: no accel jerk detected, platform moving too much
[0m[34m[TIME]: 0.0014 seconds total (727.3 hz, 8.40 ms behind)
[0m[33m[init]: disparity is 84.818,99.068 (10.00 thresh)
[0m[33m[init]: failed static init: no accel jerk detected, platform moving too much
[0m[34m[TIME]: 0.0013 seconds total (778.2 hz, 8.80 ms behind)
[0m[33m[init]: disparity is 84.818,99.068 (10.00 thresh)
[0m[33m[init]: failed static init: no accel jerk detected, platform moving too much
[0m[34m[TIME]: 0.0011 seconds total (909.1 hz, 4.80 ms behind)
[0m[33m[init]: disparity is 84.818,99.068 (10.00 thresh)
[0m[33m[init]: failed static init: no accel jerk detected, platform moving too much
[0m[34m[TIME]: 0.0013 seconds total (789.3 hz, 4.00 ms behind)
[0m[33m[init]: disparity is 84.818,99.068 (10.00 thresh)
[0m[33m[init]: failed static init: no accel jerk detected, platform moving too much
[0m[34m[TIME]: 0.0011 seconds total (876.4 hz, 4.40 ms behind)
[0m[33m[init]: disparity is 84.818,99.068 (10.00 thresh)
[0m[33m[init]: failed static init: no accel jerk detected, platform moving too much
[0m[34m[TIME]: 0.0015 seconds total (682.1 hz, 8.80 ms behind)
[0m[33m[init]: disparity is 84.818,99.068 (10.00 thresh)
[0m[33m[init]: failed static init: no accel jerk detected, platform moving too much
[0m[34m[TIME]: 0.0018 seconds total (551.0 hz, 4.40 ms behind)
[0m[33m[init]: disparity is 84.818,99.068 (10.00 thresh)
[0m[33m[init]: failed static init: no accel jerk detected, platform moving too much
[0m[34m[TIME]: 0.0017 seconds total (595.6 hz, 5.20 ms behind)
[0m[33m[init]: disparity is 84.818,99.068 (10.00 thresh)
[0m[33m[init]: failed static init: no accel jerk detected, platform moving too much
[0m[34m[TIME]: 0.0011 seconds total (879.5 hz, 4.40 ms behind)
[0m[33m[init]: disparity is 84.818,99.068 (10.00 thresh)
[0m[33m[init]: failed static init: no accel jerk detected, platform moving too much
[0m[34m[TIME]: 0.0012 seconds total (811.7 hz, 6.80 ms behind)
[0m[33m[init]: disparity is 84.818,99.068 (10.00 thresh)
[0m[33m[init]: failed static init: no accel jerk detected, platform moving too much
[0m[34m[TIME]: 0.0015 seconds total (674.8 hz, 8.40 ms behind)
[0m[33m[init]: disparity is 84.818,99.068 (10.00 thresh)
[0m[33m[init]: failed static init: no accel jerk detected, platform moving too much
[0m[34m[TIME]: 0.0017 seconds total (575.7 hz, 8.00 ms behind)
[0m[33m[init]: disparity is 84.818,99.068 (10.00 thresh)
[0m[33m[init]: failed static init: no accel jerk detected, platform moving too much
[0m[34m[TIME]: 0.0017 seconds total (588.9 hz, 8.40 ms behind)
[0m[33m[init]: disparity is 84.818,99.068 (10.00 thresh)
[0m[33m[init]: failed static init: no accel jerk detected, platform moving too much
[0m[34m[TIME]: 0.0010 seconds total (1015.2 hz, 5.20 ms behind)
[0m[33m[init]: disparity is 84.818,99.068 (10.00 thresh)
[0m[33m[init]: failed static init: no accel jerk detected, platform moving too much
[0m[34m[TIME]: 0.0018 seconds total (551.9 hz, 8.40 ms behind)
[0m[33m[init]: disparity is 84.818,99.068 (10.00 thresh)
[0m[33m[init]: failed static init: no accel jerk detected, platform moving too much
[0m[34m[TIME]: 0.0013 seconds total (769.2 hz, 7.60 ms behind)
[0m[33m[init]: disparity is 84.818,99.068 (10.00 thresh)
[0m[33m[init]: failed static init: no accel jerk detected, platform moving too much
[0m[34m[TIME]: 0.0016 seconds total (613.9 hz, 8.40 ms behind)
[0m[33m[init]: disparity is 84.818,99.068 (10.00 thresh)
[0m[33m[init]: failed static init: no accel jerk detected, platform moving too much
[0m[34m[TIME]: 0.0013 seconds total (766.3 hz, 7.60 ms behind)
[0m[33m[init]: disparity is 84.818,99.068 (10.00 thresh)
[0m[33m[init]: failed static init: no accel jerk detected, platform moving too much
[0m[34m[TIME]: 0.0012 seconds total (845.3 hz, 8.80 ms behind)
[0m[33m[init]: disparity is 84.818,99.068 (10.00 thresh)
[0m[33m[init]: failed static init: no accel jerk detected, platform moving too much
[0m[34m[TIME]: 0.0012 seconds total (865.8 hz, 4.00 ms behind)
[0m[33m[init]: disparity is 84.818,99.068 (10.00 thresh)
[0m[33m[init]: failed static init: no accel jerk detected, platform moving too much
[0m[34m[TIME]: 0.0014 seconds total (691.1 hz, 8.80 ms behind)
[0m[33m[init]: disparity is 84.818,99.068 (10.00 thresh)
[0m[33m[init]: failed static init: no accel jerk detected, platform moving too much
[0m[34m[TIME]: 0.0013 seconds total (746.8 hz, 5.60 ms behind)
[0m[33m[init]: disparity is 84.818,99.068 (10.00 thresh)
[0m[33m[init]: failed static init: no accel jerk detected, platform moving too much
[0m[34m[TIME]: 0.0015 seconds total (673.9 hz, 6.00 ms behind)
[0m[33m[init]: disparity is 84.818,99.068 (10.00 thresh)
[0m[33m[init]: failed static init: no accel jerk detected, platform moving too much
[0m[34m[TIME]: 0.0014 seconds total (727.3 hz, 5.20 ms behind)
[0m[33m[init]: disparity is 84.818,99.068 (10.00 thresh)
[0m[33m[init]: failed static init: no accel jerk detected, platform moving too much
[0m[34m[TIME]: 0.0018 seconds total (556.2 hz, 8.40 ms behind)
[0m[33m[init]: disparity is 84.818,99.068 (10.00 thresh)
[0m[33m[init]: failed static init: no accel jerk detected, platform moving too much
[0m[34m[TIME]: 0.0012 seconds total (823.0 hz, 5.20 ms behind)
[0m[33m[init]: disparity is 84.818,99.068 (10.00 thresh)
[0m[33m[init]: failed static init: no accel jerk detected, platform moving too much
[0m[34m[TIME]: 0.0016 seconds total (616.1 hz, 7.60 ms behind)
[0m[33m[init]: disparity is 84.818,99.068 (10.00 thresh)
[0m[33m[init]: failed static init: no accel jerk detected, platform moving too much
[0m[34m[TIME]: 0.0012 seconds total (843.9 hz, 5.20 ms behind)
[0m[33m[init]: disparity is 84.818,99.068 (10.00 thresh)
[0m[33m[init]: failed static init: no accel jerk detected, platform moving too much
[0m[34m[TIME]: 0.0024 seconds total (420.9 hz, 4.40 ms behind)
[0m[33m[init]: disparity is 84.818,99.068 (10.00 thresh)
[0m[33m[init]: failed static init: no accel jerk detected, platform moving too much
[0m[34m[TIME]: 0.0019 seconds total (531.1 hz, 8.00 ms behind)
[0m[33m[init]: disparity is 84.818,99.068 (10.00 thresh)
[0m[33m[init]: failed static init: no accel jerk detected, platform moving too much
[0m[34m[TIME]: 0.0012 seconds total (827.1 hz, 4.40 ms behind)
[0m[33m[init]: disparity is 84.818,99.068 (10.00 thresh)
[0m[33m[init]: failed static init: no accel jerk detected, platform moving too much
[0m[34m[TIME]: 0.0020 seconds total (501.0 hz, 7.60 ms behind)
[0m[33m[init]: disparity is 84.818,99.068 (10.00 thresh)
[0m[33m[init]: failed static init: no accel jerk detected, platform moving too much
[0m[34m[TIME]: 0.0016 seconds total (644.7 hz, 8.80 ms behind)
[0m[33m[init]: disparity is 84.818,99.068 (10.00 thresh)
[0m[33m[init]: failed static init: no accel jerk detected, platform moving too much
[0m[34m[TIME]: 0.0013 seconds total (794.9 hz, 8.00 ms behind)
[0m[33m[init]: disparity is 84.818,99.068 (10.00 thresh)
[0m[33m[init]: failed static init: no accel jerk detected, platform moving too much
[0m[34m[TIME]: 0.0012 seconds total (813.7 hz, 8.40 ms behind)
[0m[33m[init]: disparity is 84.818,99.068 (10.00 thresh)
[0m[33m[init]: failed static init: no accel jerk detected, platform moving too much
[0m[34m[TIME]: 0.0014 seconds total (694.0 hz, 9.20 ms behind)
[0m[33m[init]: disparity is 84.818,99.068 (10.00 thresh)
[0m[33m[init]: failed static init: no accel jerk detected, platform moving too much
[0m[34m[TIME]: 0.0014 seconds total (699.8 hz, 10.00 ms behind)
[0m[33m[init]: disparity is 84.818,99.068 (10.00 thresh)
[0m[33m[init]: failed static init: no accel jerk detected, platform moving too much
[0m[34m[TIME]: 0.0018 seconds total (564.3 hz, 8.80 ms behind)
[0m[33m[init]: disparity is 84.818,99.068 (10.00 thresh)
[0m[33m[init]: failed static init: no accel jerk detected, platform moving too much
[0m[34m[TIME]: 0.0014 seconds total (697.4 hz, 8.40 ms behind)
[0m[33m[init]: disparity is 84.818,99.068 (10.00 thresh)
[0m[33m[init]: failed static init: no accel jerk detected, platform moving too much
[0m[34m[TIME]: 0.0012 seconds total (851.1 hz, 5.60 ms behind)
[0m[33m[init]: disparity is 84.818,99.068 (10.00 thresh)
[0m[33m[init]: failed static init: no accel jerk detected, platform moving too much
[0m[34m[TIME]: 0.0017 seconds total (584.5 hz, 8.40 ms behind)
[0m[33m[init]: disparity is 84.818,99.068 (10.00 thresh)
[0m[33m[init]: failed static init: no accel jerk detected, platform moving too much
[0m[34m[TIME]: 0.0013 seconds total (791.8 hz, 5.20 ms behind)
[0m[33m[init]: disparity is 84.818,99.068 (10.00 thresh)
[0m[33m[init]: failed static init: no accel jerk detected, platform moving too much
[0m[34m[TIME]: 0.0017 seconds total (585.1 hz, 6.00 ms behind)
[0m[33m[init]: disparity is 84.818,99.068 (10.00 thresh)
[0m[33m[init]: failed static init: no accel jerk detected, platform moving too much
[0m[34m[TIME]: 0.0014 seconds total (701.3 hz, 5.60 ms behind)
[0m[33m[init]: disparity is 84.818,99.068 (10.00 thresh)
[0m[33m[init]: failed static init: no accel jerk detected, platform moving too much
[0m[34m[TIME]: 0.0014 seconds total (718.4 hz, 6.80 ms behind)
[0m[33m[init]: disparity is 84.818,99.068 (10.00 thresh)
[0m[33m[init]: failed static init: no accel jerk detected, platform moving too much
[0m[34m[TIME]: 0.0014 seconds total (724.1 hz, 8.80 ms behind)
[0m[33m[init]: disparity is 84.818,99.068 (10.00 thresh)
[0m[33m[init]: failed static init: no accel jerk detected, platform moving too much
[0m[34m[TIME]: 0.0012 seconds total (857.6 hz, 4.80 ms behind)
[0m[33m[init]: disparity is 84.818,99.068 (10.00 thresh)
[0m[33m[init]: failed static init: no accel jerk detected, platform moving too much
[0m[34m[TIME]: 0.0020 seconds total (498.0 hz, 8.80 ms behind)
[0m[33m[init]: disparity is 84.818,99.068 (10.00 thresh)
[0m[33m[init]: failed static init: no accel jerk detected, platform moving too much
[0m[34m[TIME]: 0.0013 seconds total (756.4 hz, 4.40 ms behind)
[0m[33m[init]: disparity is 84.818,99.068 (10.00 thresh)
[0m[33m[init]: failed static init: no accel jerk detected, platform moving too much
[0m[34m[TIME]: 0.0014 seconds total (723.6 hz, 8.00 ms behind)
[0m[33m[init]: disparity is 84.818,99.068 (10.00 thresh)
[0m[33m[init]: failed static init: no accel jerk detected, platform moving too much
[0m[34m[TIME]: 0.0012 seconds total (834.0 hz, 6.80 ms behind)
[0m[33m[init]: disparity is 84.818,99.068 (10.00 thresh)
[0m[33m[init]: failed static init: no accel jerk detected, platform moving too much
[0m[34m[TIME]: 0.0018 seconds total (570.5 hz, 7.60 ms behind)
[0m[33m[init]: disparity is 84.818,99.068 (10.00 thresh)
[0m[33m[init]: failed static init: no accel jerk detected, platform moving too much
[0m[34m[TIME]: 0.0017 seconds total (590.0 hz, 8.40 ms behind)
[0m[33m[init]: disparity is 84.818,99.068 (10.00 thresh)
[0m[33m[init]: failed static init: no accel jerk detected, platform moving too much
[0m[34m[TIME]: 0.0012 seconds total (833.3 hz, 5.20 ms behind)
[0m[33m[init]: disparity is 84.818,99.068 (10.00 thresh)
[0m[33m[init]: failed static init: no accel jerk detected, platform moving too much
[0m[34m[TIME]: 0.0014 seconds total (696.4 hz, 4.40 ms behind)
[0m[33m[init]: disparity is 84.818,99.068 (10.00 thresh)
[0m[33m[init]: failed static init: no accel jerk detected, platform moving too much
[0m[34m[TIME]: 0.0015 seconds total (647.2 hz, 8.80 ms behind)
[0m[33m[init]: disparity is 84.818,99.068 (10.00 thresh)
[0m[33m[init]: failed static init: no accel jerk detected, platform moving too much
[0m[34m[TIME]: 0.0013 seconds total (763.4 hz, 9.60 ms behind)
[0m[33m[init]: disparity is 84.818,99.068 (10.00 thresh)
[0m[33m[init]: failed static init: no accel jerk detected, platform moving too much
[0m[34m[TIME]: 0.0016 seconds total (621.5 hz, 8.80 ms behind)
[0m[33m[init]: disparity is 84.818,99.068 (10.00 thresh)
[0m[33m[init]: failed static init: no accel jerk detected, platform moving too much
[0m[34m[TIME]: 0.0010 seconds total (952.4 hz, 4.40 ms behind)
[0m[33m[init]: disparity is 84.818,99.068 (10.00 thresh)
[0m[33m[init]: failed static init: no accel jerk detected, platform moving too much
[0m[34m[TIME]: 0.0017 seconds total (598.4 hz, 8.00 ms behind)
[0m[33m[init]: disparity is 84.818,99.068 (10.00 thresh)
[0m[33m[init]: failed static init: no accel jerk detected, platform moving too much
[0m[34m[TIME]: 0.0010 seconds total (954.2 hz, 4.40 ms behind)
[0m[33m[init]: disparity is 84.818,99.068 (10.00 thresh)
[0m[33m[init]: failed static init: no accel jerk detected, platform moving too much
[0m[34m[TIME]: 0.0014 seconds total (695.9 hz, 7.60 ms behind)
[0m[33m[init]: disparity is 84.818,99.068 (10.00 thresh)
[0m[33m[init]: failed static init: no accel jerk detected, platform moving too much
[0m[34m[TIME]: 0.0017 seconds total (600.6 hz, 8.80 ms behind)
[0m[33m[init]: disparity is 84.818,99.068 (10.00 thresh)
[0m[33m[init]: failed static init: no accel jerk detected, platform moving too much
[0m[34m[TIME]: 0.0012 seconds total (821.0 hz, 9.60 ms behind)
[0m[33m[init]: disparity is 84.818,99.068 (10.00 thresh)
[0m[33m[init]: failed static init: no accel jerk detected, platform moving too much
[0m[34m[TIME]: 0.0011 seconds total (882.6 hz, 4.80 ms behind)
[0m[33m[init]: disparity is 84.818,99.068 (10.00 thresh)
[0m[33m[init]: failed static init: no accel jerk detected, platform moving too much
[0m[34m[TIME]: 0.0014 seconds total (690.1 hz, 4.00 ms behind)
[0m[33m[init]: disparity is 84.818,99.068 (10.00 thresh)
[0m[33m[init]: failed static init: no accel jerk detected, platform moving too much
[0m[34m[TIME]: 0.0012 seconds total (855.4 hz, 6.80 ms behind)
[0m[33m[init]: disparity is 84.818,99.068 (10.00 thresh)
[0m[33m[init]: failed static init: no accel jerk detected, platform moving too much
[0m[34m[TIME]: 0.0015 seconds total (659.6 hz, 8.80 ms behind)
[0m[33m[init]: disparity is 84.818,99.068 (10.00 thresh)
[0m[33m[init]: failed static init: no accel jerk detected, platform moving too much
[0m[34m[TIME]: 0.0011 seconds total (894.5 hz, 3.60 ms behind)
[0m[33m[init]: disparity is 84.818,99.068 (10.00 thresh)
[0m[33m[init]: failed static init: no accel jerk detected, platform moving too much
[0m[34m[TIME]: 0.0014 seconds total (702.7 hz, 7.60 ms behind)
[0m[33m[init]: disparity is 84.818,99.068 (10.00 thresh)
[0m[33m[init]: failed static init: no accel jerk detected, platform moving too much
[0m[34m[TIME]: 0.0015 seconds total (676.1 hz, 6.00 ms behind)
[0m[33m[init]: disparity is 84.818,99.068 (10.00 thresh)
[0m[33m[init]: failed static init: no accel jerk detected, platform moving too much
[0m[34m[TIME]: 0.0013 seconds total (769.8 hz, 8.80 ms behind)
[0m[33m[init]: disparity is 84.818,99.068 (10.00 thresh)
[0m[33m[init]: failed static init: no accel jerk detected, platform moving too much
[0m[34m[TIME]: 0.0011 seconds total (900.9 hz, 4.40 ms behind)
[0m[33m[init]: disparity is 84.818,99.068 (10.00 thresh)
[0m[33m[init]: failed static init: no accel jerk detected, platform moving too much
[0m[34m[TIME]: 0.0013 seconds total (744.0 hz, 8.00 ms behind)
[0m[33m[init]: disparity is 84.818,99.068 (10.00 thresh)
[0m[33m[init]: failed static init: no accel jerk detected, platform moving too much
[0m[34m[TIME]: 0.0009 seconds total (1073.0 hz, 4.80 ms behind)
[0m[33m[init]: disparity is 84.818,99.068 (10.00 thresh)
[0m[33m[init]: failed static init: no accel jerk detected, platform moving too much
[0m[34m[TIME]: 0.0013 seconds total (756.4 hz, 8.80 ms behind)
[0m[33m[init]: disparity is 84.818,99.068 (10.00 thresh)
[0m[33m[init]: failed static init: no accel jerk detected, platform moving too much
[0m[34m[TIME]: 0.0011 seconds total (947.9 hz, 5.60 ms behind)
[0m[33m[init]: disparity is 84.818,99.068 (10.00 thresh)
[0m[33m[init]: failed static init: no accel jerk detected, platform moving too much
[0m[34m[TIME]: 0.0014 seconds total (716.8 hz, 7.60 ms behind)
[0m[33m[init]: disparity is 84.818,99.068 (10.00 thresh)
[0m[33m[init]: failed static init: no accel jerk detected, platform moving too much
[0m[34m[TIME]: 0.0015 seconds total (685.9 hz, 8.40 ms behind)
[0m[33m[init]: disparity is 84.818,99.068 (10.00 thresh)
[0m[33m[init]: failed static init: no accel jerk detected, platform moving too much
[0m[34m[TIME]: 0.0014 seconds total (727.3 hz, 7.60 ms behind)
[0m[33m[init]: disparity is 84.818,99.068 (10.00 thresh)
[0m[33m[init]: failed static init: no accel jerk detected, platform moving too much
[0m[34m[TIME]: 0.0013 seconds total (789.9 hz, 6.00 ms behind)
[0m[33m[init]: disparity is 84.818,99.068 (10.00 thresh)
[0m[33m[init]: failed static init: no accel jerk detected, platform moving too much
[0m[34m[TIME]: 0.0012 seconds total (857.6 hz, 7.60 ms behind)
[0m[33m[init]: disparity is 84.818,99.068 (10.00 thresh)
[0m[33m[init]: failed static init: no accel jerk detected, platform moving too much
[0m[34m[TIME]: 0.0016 seconds total (616.9 hz, 10.00 ms behind)
[0m[33m[init]: disparity is 84.818,99.068 (10.00 thresh)
[0m[33m[init]: failed static init: no accel jerk detected, platform moving too much
[0m[34m[TIME]: 0.0012 seconds total (806.5 hz, 7.60 ms behind)
[0m[33m[init]: disparity is 84.818,99.068 (10.00 thresh)
[0m[33m[init]: failed static init: no accel jerk detected, platform moving too much
[0m[34m[TIME]: 0.0014 seconds total (713.3 hz, 8.80 ms behind)
[0m[33m[init]: disparity is 84.818,99.068 (10.00 thresh)
[0m[33m[init]: failed static init: no accel jerk detected, platform moving too much
[0m[34m[TIME]: 0.0012 seconds total (809.7 hz, 9.60 ms behind)
[0m[33m[init]: disparity is 84.818,99.068 (10.00 thresh)
[0m[33m[init]: failed static init: no accel jerk detected, platform moving too much
[0m[34m[TIME]: 0.0012 seconds total (827.1 hz, 4.40 ms behind)
[0m[33m[init]: disparity is 84.818,99.068 (10.00 thresh)
[0m[33m[init]: failed static init: no accel jerk detected, platform moving too much
[0m[34m[TIME]: 0.0014 seconds total (702.2 hz, 8.80 ms behind)
[0m[33m[init]: disparity is 84.818,99.068 (10.00 thresh)
[0m[33m[init]: failed static init: no accel jerk detected, platform moving too much
[0m[34m[TIME]: 0.0012 seconds total (848.9 hz, 6.00 ms behind)
[0m[33m[init]: disparity is 84.818,99.068 (10.00 thresh)
[0m[33m[init]: failed static init: no accel jerk detected, platform moving too much
[0m[34m[TIME]: 0.0011 seconds total (951.5 hz, 9.60 ms behind)
[0m[33m[init]: disparity is 84.818,99.068 (10.00 thresh)
[0m[33m[init]: failed static init: no accel jerk detected, platform moving too much
[0m[34m[TIME]: 0.0011 seconds total (940.7 hz, 4.40 ms behind)
[0m[33m[init]: disparity is 84.818,99.068 (10.00 thresh)
[0m[33m[init]: failed static init: no accel jerk detected, platform moving too much
[0m[34m[TIME]: 0.0014 seconds total (728.9 hz, 8.80 ms behind)
[0m[33m[init]: disparity is 84.818,99.068 (10.00 thresh)
[0m[33m[init]: failed static init: no accel jerk detected, platform moving too much
[0m[34m[TIME]: 0.0011 seconds total (886.5 hz, 4.40 ms behind)
[0m[33m[init]: disparity is 84.818,99.068 (10.00 thresh)
[0m[33m[init]: failed static init: no accel jerk detected, platform moving too much
[0m[34m[TIME]: 0.0011 seconds total (903.3 hz, 5.20 ms behind)
[0m[33m[init]: disparity is 84.818,99.068 (10.00 thresh)
[0m[33m[init]: failed static init: no accel jerk detected, platform moving too much
[0m[34m[TIME]: 0.0014 seconds total (725.2 hz, 8.80 ms behind)
[0m[33m[init]: disparity is 84.818,99.068 (10.00 thresh)
[0m[33m[init]: failed static init: no accel jerk detected, platform moving too much
[0m[34m[TIME]: 0.0011 seconds total (875.7 hz, 8.80 ms behind)
[0m[33m[init]: disparity is 84.818,99.068 (10.00 thresh)
[0m[33m[init]: failed static init: no accel jerk detected, platform moving too much
[0m[34m[TIME]: 0.0017 seconds total (594.9 hz, 7.60 ms behind)
[0m[33m[init]: disparity is 84.818,99.068 (10.00 thresh)
[0m[33m[init]: failed static init: no accel jerk detected, platform moving too much
[0m[34m[TIME]: 0.0018 seconds total (561.8 hz, 9.60 ms behind)
[0m[33m[init]: disparity is 84.818,99.068 (10.00 thresh)
[0m[33m[init]: failed static init: no accel jerk detected, platform moving too much
[0m[34m[TIME]: 0.0010 seconds total (975.6 hz, 7.60 ms behind)
[0m[33m[init]: disparity is 84.818,99.068 (10.00 thresh)
[0m[33m[init]: failed static init: no accel jerk detected, platform moving too much
[0m[34m[TIME]: 0.0013 seconds total (765.7 hz, 9.20 ms behind)
[0m[33m[init]: disparity is 84.818,99.068 (10.00 thresh)
[0m[33m[init]: failed static init: no accel jerk detected, platform moving too much
[0m[34m[TIME]: 0.0014 seconds total (689.7 hz, 8.40 ms behind)
[0m[33m[init]: disparity is 84.818,99.068 (10.00 thresh)
[0m[33m[init]: failed static init: no accel jerk detected, platform moving too much
[0m[34m[TIME]: 0.0014 seconds total (707.2 hz, 8.80 ms behind)
[0m[33m[init]: disparity is 84.818,99.068 (10.00 thresh)
[0m[33m[init]: failed static init: no accel jerk detected, platform moving too much
[0m[34m[TIME]: 0.0012 seconds total (838.9 hz, 7.60 ms behind)
[0m[33m[init]: disparity is 84.818,99.068 (10.00 thresh)
[0m[33m[init]: failed static init: no accel jerk detected, platform moving too much
[0m[34m[TIME]: 0.0013 seconds total (796.8 hz, 5.20 ms behind)
[0m[33m[init]: disparity is 84.818,99.068 (10.00 thresh)
[0m[33m[init]: failed static init: no accel jerk detected, platform moving too much
[0m[34m[TIME]: 0.0014 seconds total (735.8 hz, 10.40 ms behind)
[0m[33m[init]: disparity is 84.818,99.068 (10.00 thresh)
[0m[33m[init]: failed static init: no accel jerk detected, platform moving too much
[0m[34m[TIME]: 0.0012 seconds total (837.5 hz, 5.60 ms behind)
[0m[33m[init]: disparity is 84.818,99.068 (10.00 thresh)
[0m[33m[init]: failed static init: no accel jerk detected, platform moving too much
[0m[34m[TIME]: 0.0011 seconds total (906.6 hz, 4.00 ms behind)
[0m[33m[init]: disparity is 84.818,99.068 (10.00 thresh)
[0m[33m[init]: failed static init: no accel jerk detected, platform moving too much
[0m[34m[TIME]: 0.0014 seconds total (736.9 hz, 7.60 ms behind)
[0m[33m[init]: disparity is 84.818,99.068 (10.00 thresh)
[0m[33m[init]: failed static init: no accel jerk detected, platform moving too much
[0m[34m[TIME]: 0.0015 seconds total (684.0 hz, 8.40 ms behind)
[0m[33m[init]: disparity is 84.818,99.068 (10.00 thresh)
[0m[33m[init]: failed static init: no accel jerk detected, platform moving too much
[0m[34m[TIME]: 0.0012 seconds total (825.1 hz, 8.80 ms behind)
[0m[33m[init]: disparity is 84.818,99.068 (10.00 thresh)
[0m[33m[init]: failed static init: no accel jerk detected, platform moving too much
[0m[34m[TIME]: 0.0015 seconds total (676.6 hz, 8.40 ms behind)
[0m[33m[init]: disparity is 84.818,99.068 (10.00 thresh)
[0m[33m[init]: failed static init: no accel jerk detected, platform moving too much
[0m[34m[TIME]: 0.0014 seconds total (721.0 hz, 5.20 ms behind)
[0m[33m[init]: disparity is 84.818,99.068 (10.00 thresh)
[0m[33m[init]: failed static init: no accel jerk detected, platform moving too much
[0m[34m[TIME]: 0.0013 seconds total (797.4 hz, 6.80 ms behind)
[0m[33m[init]: disparity is 84.818,99.068 (10.00 thresh)
[0m[33m[init]: failed static init: no accel jerk detected, platform moving too much
[0m[34m[TIME]: 0.0011 seconds total (878.0 hz, 4.00 ms behind)
[0m[33m[init]: disparity is 84.818,99.068 (10.00 thresh)
[0m[33m[init]: failed static init: no accel jerk detected, platform moving too much
[0m[34m[TIME]: 0.0017 seconds total (581.4 hz, 8.40 ms behind)
[0m[33m[init]: disparity is 84.818,99.068 (10.00 thresh)
[0m[33m[init]: failed static init: no accel jerk detected, platform moving too much
[0m[34m[TIME]: 0.0016 seconds total (638.6 hz, 7.60 ms behind)
[0m[33m[init]: disparity is 84.818,99.068 (10.00 thresh)
[0m[33m[init]: failed static init: no accel jerk detected, platform moving too much
[0m[34m[TIME]: 0.0014 seconds total (727.8 hz, 8.40 ms behind)
[0m[33m[init]: disparity is 84.818,99.068 (10.00 thresh)
[0m[33m[init]: failed static init: no accel jerk detected, platform moving too much
[0m[34m[TIME]: 0.0012 seconds total (836.8 hz, 9.60 ms behind)
[0m[33m[init]: disparity is 84.818,99.068 (10.00 thresh)
[0m[33m[init]: failed static init: no accel jerk detected, platform moving too much
[0m[34m[TIME]: 0.0016 seconds total (636.1 hz, 8.40 ms behind)
[0m[33m[init]: disparity is 84.818,99.068 (10.00 thresh)
[0m[33m[init]: failed static init: no accel jerk detected, platform moving too much
[0m[34m[TIME]: 0.0013 seconds total (787.4 hz, 5.60 ms behind)
[0m[33m[init]: disparity is 84.818,99.068 (10.00 thresh)
[0m[33m[init]: failed static init: no accel jerk detected, platform moving too much
[0m[34m[TIME]: 0.0013 seconds total (794.9 hz, 8.40 ms behind)
[0m[33m[init]: disparity is 84.818,99.068 (10.00 thresh)
[0m[33m[init]: failed static init: no accel jerk detected, platform moving too much
[0m[34m[TIME]: 0.0011 seconds total (884.2 hz, 5.60 ms behind)
[0m[33m[init]: disparity is 84.818,99.068 (10.00 thresh)
[0m[33m[init]: failed static init: no accel jerk detected, platform moving too much
[0m[34m[TIME]: 0.0014 seconds total (690.6 hz, 8.00 ms behind)
[0m[33m[init]: disparity is 84.818,99.068 (10.00 thresh)
[0m[33m[init]: failed static init: no accel jerk detected, platform moving too much
[0m[34m[TIME]: 0.0015 seconds total (648.5 hz, 5.60 ms behind)
[0m[33m[init]: disparity is 84.818,99.068 (10.00 thresh)
[0m[33m[init]: failed static init: no accel jerk detected, platform moving too much
[0m[34m[TIME]: 0.0017 seconds total (584.8 hz, 8.80 ms behind)
[0m[33m[init]: disparity is 84.818,99.068 (10.00 thresh)
[0m[33m[init]: failed static init: no accel jerk detected, platform moving too much
[0m[34m[TIME]: 0.0011 seconds total (925.1 hz, 8.80 ms behind)
[0m[33m[init]: disparity is 84.818,99.068 (10.00 thresh)
[0m[33m[init]: failed static init: no accel jerk detected, platform moving too much
[0m[34m[TIME]: 0.0012 seconds total (801.3 hz, 4.40 ms behind)
[0m[33m[init]: disparity is 84.818,99.068 (10.00 thresh)
[0m[33m[init]: failed static init: no accel jerk detected, platform moving too much
[0m[34m[TIME]: 0.0014 seconds total (706.2 hz, 4.00 ms behind)
[0m[33m[init]: disparity is 84.818,99.068 (10.00 thresh)
[0m[33m[init]: failed static init: no accel jerk detected, platform moving too much
[0m[34m[TIME]: 0.0013 seconds total (740.7 hz, 4.40 ms behind)
[0m[33m[init]: disparity is 84.818,99.068 (10.00 thresh)
[0m[33m[init]: failed static init: no accel jerk detected, platform moving too much
[0m[34m[TIME]: 0.0018 seconds total (569.2 hz, 7.20 ms behind)
[0m[33m[init]: disparity is 84.818,99.068 (10.00 thresh)
[0m[33m[init]: failed static init: no accel jerk detected, platform moving too much
[0m[34m[TIME]: 0.0014 seconds total (717.9 hz, 6.80 ms behind)
[0m[33m[init]: disparity is 84.818,99.068 (10.00 thresh)
[0m[33m[init]: failed static init: no accel jerk detected, platform moving too much
[0m[34m[TIME]: 0.0018 seconds total (565.0 hz, 6.80 ms behind)
[0m[33m[init]: disparity is 84.818,99.068 (10.00 thresh)
[0m[33m[init]: failed static init: no accel jerk detected, platform moving too much
[0m[34m[TIME]: 0.0014 seconds total (733.7 hz, 8.80 ms behind)
[0m[33m[init]: disparity is 84.818,99.068 (10.00 thresh)
[0m[33m[init]: failed static init: no accel jerk detected, platform moving too much
[0m[34m[TIME]: 0.0012 seconds total (823.0 hz, 7.60 ms behind)
[0m[33m[init]: disparity is 84.818,99.068 (10.00 thresh)
[0m[33m[init]: failed static init: no accel jerk detected, platform moving too much
[0m[34m[TIME]: 0.0011 seconds total (881.8 hz, 4.40 ms behind)
[0m[33m[init]: disparity is 84.818,99.068 (10.00 thresh)
[0m[33m[init]: failed static init: no accel jerk detected, platform moving too much
[0m[34m[TIME]: 0.0014 seconds total (723.1 hz, 4.00 ms behind)
[0m[33m[init]: disparity is 84.818,99.068 (10.00 thresh)
[0m[33m[init]: failed static init: no accel jerk detected, platform moving too much
[0m[34m[TIME]: 0.0012 seconds total (811.7 hz, 10.00 ms behind)
[0m[33m[init]: disparity is 84.818,99.068 (10.00 thresh)
[0m[33m[init]: failed static init: no accel jerk detected, platform moving too much
[0m[34m[TIME]: 0.0015 seconds total (645.2 hz, 8.80 ms behind)
[0m[33m[init]: disparity is 84.818,99.068 (10.00 thresh)
[0m[33m[init]: failed static init: no accel jerk detected, platform moving too much
[0m[34m[TIME]: 0.0012 seconds total (868.8 hz, 4.80 ms behind)
[0m[33m[init]: disparity is 84.818,99.068 (10.00 thresh)
[0m[33m[init]: failed static init: no accel jerk detected, platform moving too much
[0m[34m[TIME]: 0.0021 seconds total (476.4 hz, 8.00 ms behind)
[0m[33m[init]: disparity is 84.818,99.068 (10.00 thresh)
[0m[33m[init]: failed static init: no accel jerk detected, platform moving too much
[0m[34m[TIME]: 0.0023 seconds total (431.8 hz, 4.40 ms behind)
[0m[33m[init]: disparity is 84.818,99.068 (10.00 thresh)
[0m[33m[init]: failed static init: no accel jerk detected, platform moving too much
[0m[34m[TIME]: 0.0022 seconds total (458.1 hz, 5.20 ms behind)
[0m[33m[init]: disparity is 84.818,99.068 (10.00 thresh)
[0m[33m[init]: failed static init: no accel jerk detected, platform moving too much
[0m[34m[TIME]: 0.0013 seconds total (778.8 hz, 10.00 ms behind)
[0m[33m[init]: disparity is 84.818,99.068 (10.00 thresh)
[0m[33m[init]: failed static init: no accel jerk detected, platform moving too much
[0m[34m[TIME]: 0.0015 seconds total (684.0 hz, 7.60 ms behind)
[0m[33m[init]: disparity is 84.818,99.068 (10.00 thresh)
[0m[33m[init]: failed static init: no accel jerk detected, platform moving too much
[0m[34m[TIME]: 0.0013 seconds total (759.9 hz, 8.40 ms behind)
[0m[33m[init]: disparity is 84.818,99.068 (10.00 thresh)
[0m[33m[init]: failed static init: no accel jerk detected, platform moving too much
[0m[34m[TIME]: 0.0015 seconds total (660.5 hz, 5.20 ms behind)
[0m[33m[init]: disparity is 84.818,99.068 (10.00 thresh)
[0m[33m[init]: failed static init: no accel jerk detected, platform moving too much
[0m[34m[TIME]: 0.0015 seconds total (672.9 hz, 4.40 ms behind)
[0m[33m[init]: disparity is 84.818,99.068 (10.00 thresh)
[0m[33m[init]: failed static init: no accel jerk detected, platform moving too much
[0m[34m[TIME]: 0.0019 seconds total (519.5 hz, 8.80 ms behind)
[0m[33m[init]: disparity is 84.818,99.068 (10.00 thresh)
[0m[33m[init]: failed static init: no accel jerk detected, platform moving too much
[0m[34m[TIME]: 0.0014 seconds total (713.8 hz, 8.00 ms behind)
[0m[33m[init]: disparity is 84.818,99.068 (10.00 thresh)
[0m[33m[init]: failed static init: no accel jerk detected, platform moving too much
[0m[34m[TIME]: 0.0017 seconds total (588.6 hz, 8.80 ms behind)
[0m[33m[init]: disparity is 84.818,99.068 (10.00 thresh)
[0m[33m[init]: failed static init: no accel jerk detected, platform moving too much
[0m[34m[TIME]: 0.0011 seconds total (892.9 hz, 4.00 ms behind)
[0m[33m[init]: disparity is 84.818,99.068 (10.00 thresh)
[0m[33m[init]: failed static init: no accel jerk detected, platform moving too much
[0m[34m[TIME]: 0.0015 seconds total (672.0 hz, 5.20 ms behind)
[0m[33m[init]: disparity is 84.818,99.068 (10.00 thresh)
[0m[33m[init]: failed static init: no accel jerk detected, platform moving too much
[0m[34m[TIME]: 0.0017 seconds total (603.5 hz, 4.40 ms behind)
[0m[33m[init]: disparity is 84.818,99.068 (10.00 thresh)
[0m[33m[init]: failed static init: no accel jerk detected, platform moving too much
[0m[34m[TIME]: 0.0020 seconds total (505.3 hz, 8.80 ms behind)
[0m[33m[init]: disparity is 84.818,99.068 (10.00 thresh)
[0m[33m[init]: failed static init: no accel jerk detected, platform moving too much
[0m[34m[TIME]: 0.0013 seconds total (742.4 hz, 7.60 ms behind)
[0m[33m[init]: disparity is 84.818,99.068 (10.00 thresh)
[0m[33m[init]: failed static init: no accel jerk detected, platform moving too much
[0m[34m[TIME]: 0.0014 seconds total (702.2 hz, 8.80 ms behind)
[0m[33m[init]: disparity is 84.818,99.068 (10.00 thresh)
[0m[33m[init]: failed static init: no accel jerk detected, platform moving too much
[0m[34m[TIME]: 0.0012 seconds total (853.2 hz, 4.00 ms behind)
[0m[33m[init]: disparity is 84.818,99.068 (10.00 thresh)
[0m[33m[init]: failed static init: no accel jerk detected, platform moving too much
[0m[34m[TIME]: 0.0015 seconds total (675.2 hz, 7.60 ms behind)
[0m[33m[init]: disparity is 84.818,99.068 (10.00 thresh)
[0m[33m[init]: failed static init: no accel jerk detected, platform moving too much
[0m[34m[TIME]: 0.0014 seconds total (705.2 hz, 6.00 ms behind)
[0m[33m[init]: disparity is 84.818,99.068 (10.00 thresh)
[0m[33m[init]: failed static init: no accel jerk detected, platform moving too much
[0m[34m[TIME]: 0.0014 seconds total (708.2 hz, 7.60 ms behind)
[0m[33m[init]: disparity is 84.818,99.068 (10.00 thresh)
[0m[33m[init]: failed static init: no accel jerk detected, platform moving too much
[0m[34m[TIME]: 0.0016 seconds total (631.7 hz, 10.00 ms behind)
[0m[33m[init]: disparity is 84.818,99.068 (10.00 thresh)
[0m[33m[init]: failed static init: no accel jerk detected, platform moving too much
[0m[34m[TIME]: 0.0014 seconds total (711.2 hz, 5.20 ms behind)
[0m[33m[init]: disparity is 84.818,99.068 (10.00 thresh)
[0m[33m[init]: failed static init: no accel jerk detected, platform moving too much
[0m[34m[TIME]: 0.0013 seconds total (789.3 hz, 4.00 ms behind)
[0m[33m[init]: disparity is 84.818,99.068 (10.00 thresh)
[0m[33m[init]: failed static init: no accel jerk detected, platform moving too much
[0m[34m[TIME]: 0.0013 seconds total (745.7 hz, 5.20 ms behind)
[0m[33m[init]: disparity is 84.818,99.068 (10.00 thresh)
[0m[33m[init]: failed static init: no accel jerk detected, platform moving too much
[0m[34m[TIME]: 0.0017 seconds total (590.7 hz, 4.40 ms behind)
[0m[33m[init]: disparity is 84.818,99.068 (10.00 thresh)
[0m[33m[init]: failed static init: no accel jerk detected, platform moving too much
[0m[34m[TIME]: 0.0019 seconds total (530.8 hz, 7.60 ms behind)
[0m[33m[init]: disparity is 84.818,99.068 (10.00 thresh)
[0m[33m[init]: failed static init: no accel jerk detected, platform moving too much
[0m[34m[TIME]: 0.0012 seconds total (850.3 hz, 6.80 ms behind)
[0m[33m[init]: disparity is 84.818,99.068 (10.00 thresh)
[0m[33m[init]: failed static init: no accel jerk detected, platform moving too much
[0m[34m[TIME]: 0.0013 seconds total (746.8 hz, 8.00 ms behind)
[0m[33m[init]: disparity is 84.818,99.068 (10.00 thresh)
[0m[33m[init]: failed static init: no accel jerk detected, platform moving too much
[0m[34m[TIME]: 0.0012 seconds total (843.9 hz, 4.40 ms behind)
[0m[33m[init]: disparity is 84.818,99.068 (10.00 thresh)
[0m[33m[init]: failed static init: no accel jerk detected, platform moving too much
[0m[34m[TIME]: 0.0020 seconds total (512.0 hz, 7.60 ms behind)
[0m[33m[init]: disparity is 84.818,99.068 (10.00 thresh)
[0m[33m[init]: failed static init: no accel jerk detected, platform moving too much
[0m[34m[TIME]: 0.0017 seconds total (584.8 hz, 4.80 ms behind)
[0m[33m[init]: disparity is 84.818,99.068 (10.00 thresh)
[0m[33m[init]: failed static init: no accel jerk detected, platform moving too much
[0m[34m[TIME]: 0.0023 seconds total (433.8 hz, 5.20 ms behind)
[0m[33m[init]: disparity is 84.818,99.068 (10.00 thresh)
[0m[33m[init]: failed static init: no accel jerk detected, platform moving too much
[0m[34m[TIME]: 0.0012 seconds total (812.3 hz, 4.80 ms behind)
[0m[33m[init]: disparity is 84.818,99.068 (10.00 thresh)
[0m[33m[init]: failed static init: no accel jerk detected, platform moving too much
[0m[34m[TIME]: 0.0014 seconds total (718.4 hz, 7.60 ms behind)
[0m[33m[init]: disparity is 84.818,99.068 (10.00 thresh)
[0m[33m[init]: failed static init: no accel jerk detected, platform moving too much
[0m[34m[TIME]: 0.0012 seconds total (847.5 hz, 10.00 ms behind)
[0m[33m[init]: disparity is 84.818,99.068 (10.00 thresh)
[0m[33m[init]: failed static init: no accel jerk detected, platform moving too much
[0m[34m[TIME]: 0.0011 seconds total (908.3 hz, 5.20 ms behind)
[0m[33m[init]: disparity is 84.818,99.068 (10.00 thresh)
[0m[33m[init]: failed static init: no accel jerk detected, platform moving too much
[0m[34m[TIME]: 0.0013 seconds total (750.8 hz, 4.40 ms behind)
[0m[33m[init]: disparity is 84.818,99.068 (10.00 thresh)
[0m[33m[init]: failed static init: no accel jerk detected, platform moving too much
[0m[34m[TIME]: 0.0015 seconds total (663.1 hz, 8.80 ms behind)
[0m[33m[init]: disparity is 84.818,99.068 (10.00 thresh)
[0m[33m[init]: failed static init: no accel jerk detected, platform moving too much
[0m[34m[TIME]: 0.0015 seconds total (675.7 hz, 6.80 ms behind)
[0m[33m[init]: disparity is 84.818,99.068 (10.00 thresh)
[0m[33m[init]: failed static init: no accel jerk detected, platform moving too much
[0m[34m[TIME]: 0.0015 seconds total (683.1 hz, 8.80 ms behind)
[0m[33m[init]: disparity is 84.818,99.068 (10.00 thresh)
[0m[33m[init]: failed static init: no accel jerk detected, platform moving too much
[0m[34m[TIME]: 0.0013 seconds total (761.0 hz, 8.80 ms behind)
[0m[33m[init]: disparity is 84.818,99.068 (10.00 thresh)
[0m[33m[init]: failed static init: no accel jerk detected, platform moving too much
[0m[34m[TIME]: 0.0013 seconds total (769.2 hz, 8.80 ms behind)
[0m[33m[init]: disparity is 84.818,99.068 (10.00 thresh)
[0m[33m[init]: failed static init: no accel jerk detected, platform moving too much
[0m[34m[TIME]: 0.0018 seconds total (561.8 hz, 7.60 ms behind)
[0m[33m[init]: disparity is 84.818,99.068 (10.00 thresh)
[0m[33m[init]: failed static init: no accel jerk detected, platform moving too much
[0m[34m[TIME]: 0.0012 seconds total (802.6 hz, 9.20 ms behind)
[0m[33m[init]: disparity is 84.818,99.068 (10.00 thresh)
[0m[33m[init]: failed static init: no accel jerk detected, platform moving too much
[0m[34m[TIME]: 0.0017 seconds total (594.5 hz, 6.80 ms behind)
[0m[33m[init]: disparity is 84.818,99.068 (10.00 thresh)
[0m[33m[init]: failed static init: no accel jerk detected, platform moving too much
[0m[34m[TIME]: 0.0012 seconds total (858.4 hz, 5.20 ms behind)
[0m[33m[init]: disparity is 84.818,99.068 (10.00 thresh)
[0m[33m[init]: failed static init: no accel jerk detected, platform moving too much
[0m[34m[TIME]: 0.0015 seconds total (668.9 hz, 8.40 ms behind)
[0m[33m[init]: disparity is 84.818,99.068 (10.00 thresh)
[0m[33m[init]: failed static init: no accel jerk detected, platform moving too much
[0m[34m[TIME]: 0.0012 seconds total (817.7 hz, 8.80 ms behind)
[0m[33m[init]: disparity is 84.818,99.068 (10.00 thresh)
[0m[33m[init]: failed static init: no accel jerk detected, platform moving too much
[0m[34m[TIME]: 0.0019 seconds total (521.1 hz, 8.40 ms behind)
[0m[33m[init]: disparity is 84.818,99.068 (10.00 thresh)
[0m[33m[init]: failed static init: no accel jerk detected, platform moving too much
[0m[34m[TIME]: 0.0020 seconds total (512.6 hz, 5.20 ms behind)
[0m[33m[init]: disparity is 84.818,99.068 (10.00 thresh)
[0m[33m[init]: failed static init: no accel jerk detected, platform moving too much
[0m[34m[TIME]: 0.0013 seconds total (782.5 hz, 8.80 ms behind)
[0m[33m[init]: disparity is 84.818,99.068 (10.00 thresh)
[0m[33m[init]: failed static init: no accel jerk detected, platform moving too much
[0m[34m[TIME]: 0.0014 seconds total (733.7 hz, 9.20 ms behind)
[0m[33m[init]: disparity is 84.818,99.068 (10.00 thresh)
[0m[33m[init]: failed static init: no accel jerk detected, platform moving too much
[0m[34m[TIME]: 0.0014 seconds total (706.7 hz, 8.80 ms behind)
[0m[33m[init]: disparity is 84.818,99.068 (10.00 thresh)
[0m[33m[init]: failed static init: no accel jerk detected, platform moving too much
[0m[34m[TIME]: 0.0015 seconds total (683.5 hz, 8.00 ms behind)
[0m[33m[init]: disparity is 84.818,99.068 (10.00 thresh)
[0m[33m[init]: failed static init: no accel jerk detected, platform moving too much
[0m[34m[TIME]: 0.0017 seconds total (597.0 hz, 7.60 ms behind)
[0m[33m[init]: disparity is 84.818,99.068 (10.00 thresh)
[0m[33m[init]: failed static init: no accel jerk detected, platform moving too much
[0m[34m[TIME]: 0.0015 seconds total (681.7 hz, 9.60 ms behind)
[0m[33m[init]: disparity is 84.818,99.068 (10.00 thresh)
[0m[33m[init]: failed static init: no accel jerk detected, platform moving too much
[0m[34m[TIME]: 0.0014 seconds total (738.0 hz, 8.80 ms behind)
[0m[33m[init]: disparity is 84.818,99.068 (10.00 thresh)
[0m[33m[init]: failed static init: no accel jerk detected, platform moving too much
[0m[34m[TIME]: 0.0015 seconds total (675.7 hz, 8.80 ms behind)
[0m[33m[init]: disparity is 84.818,99.068 (10.00 thresh)
[0m[33m[init]: failed static init: no accel jerk detected, platform moving too much
[0m[34m[TIME]: 0.0011 seconds total (891.3 hz, 4.00 ms behind)
[0m[33m[init]: disparity is 84.818,99.068 (10.00 thresh)
[0m[33m[init]: failed static init: no accel jerk detected, platform moving too much
[0m[34m[TIME]: 0.0017 seconds total (590.7 hz, 9.20 ms behind)
[0m[33m[init]: disparity is 84.818,99.068 (10.00 thresh)
[0m[33m[init]: failed static init: no accel jerk detected, platform moving too much
[0m[34m[TIME]: 0.0014 seconds total (696.9 hz, 6.80 ms behind)
[0m[33m[init]: disparity is 84.818,99.068 (10.00 thresh)
[0m[33m[init]: failed static init: no accel jerk detected, platform moving too much
[0m[34m[TIME]: 0.0018 seconds total (559.6 hz, 8.80 ms behind)
[0m[33m[init]: disparity is 84.818,99.068 (10.00 thresh)
[0m[33m[init]: failed static init: no accel jerk detected, platform moving too much
[0m[34m[TIME]: 0.0012 seconds total (820.3 hz, 6.80 ms behind)
[0m[33m[init]: disparity is 84.818,99.068 (10.00 thresh)
[0m[33m[init]: failed static init: no accel jerk detected, platform moving too much
[0m[34m[TIME]: 0.0011 seconds total (896.1 hz, 5.60 ms behind)
[0m[33m[init]: disparity is 84.818,99.068 (10.00 thresh)
[0m[33m[init]: failed static init: no accel jerk detected, platform moving too much
[0m[34m[TIME]: 0.0017 seconds total (596.7 hz, 8.40 ms behind)
[0m[33m[init]: disparity is 84.818,99.068 (10.00 thresh)
[0m[33m[init]: failed static init: no accel jerk detected, platform moving too much
[0m[34m[TIME]: 0.0013 seconds total (761.0 hz, 4.00 ms behind)
[0m[33m[init]: disparity is 84.818,99.068 (10.00 thresh)
[0m[33m[init]: failed static init: no accel jerk detected, platform moving too much
[0m[34m[TIME]: 0.0014 seconds total (717.9 hz, 10.00 ms behind)
[0m[33m[init]: disparity is 84.818,99.068 (10.00 thresh)
[0m[33m[init]: failed static init: no accel jerk detected, platform moving too much
[0m[34m[TIME]: 0.0012 seconds total (809.7 hz, 9.60 ms behind)
[0m[33m[init]: disparity is 84.818,99.068 (10.00 thresh)
[0m[33m[init]: failed static init: no accel jerk detected, platform moving too much
[0m[34m[TIME]: 0.0013 seconds total (796.2 hz, 4.40 ms behind)
[0m[33m[init]: disparity is 84.818,99.068 (10.00 thresh)
[0m[33m[init]: failed static init: no accel jerk detected, platform moving too much
[0m[34m[TIME]: 0.0015 seconds total (650.6 hz, 8.80 ms behind)
[0m[33m[init]: disparity is 84.818,99.068 (10.00 thresh)
[0m[33m[init]: failed static init: no accel jerk detected, platform moving too much
[0m[34m[TIME]: 0.0010 seconds total (977.5 hz, 4.00 ms behind)
[0m[33m[init]: disparity is 84.818,99.068 (10.00 thresh)
[0m[33m[init]: failed static init: no accel jerk detected, platform moving too much
[0m[34m[TIME]: 0.0019 seconds total (536.8 hz, 7.60 ms behind)
[0m[33m[init]: disparity is 84.818,99.068 (10.00 thresh)
[0m[33m[init]: failed static init: no accel jerk detected, platform moving too much
[0m[34m[TIME]: 0.0013 seconds total (761.6 hz, 7.60 ms behind)
[0m[33m[init]: disparity is 84.818,99.068 (10.00 thresh)
[0m[33m[init]: failed static init: no accel jerk detected, platform moving too much
[0m[34m[TIME]: 0.0014 seconds total (710.2 hz, 8.00 ms behind)
[0m[33m[init]: disparity is 84.818,99.068 (10.00 thresh)
[0m[33m[init]: failed static init: no accel jerk detected, platform moving too much
[0m[34m[TIME]: 0.0014 seconds total (729.9 hz, 10.40 ms behind)
[0m[33m[init]: disparity is 84.818,99.068 (10.00 thresh)
[0m[33m[init]: failed static init: no accel jerk detected, platform moving too much
[0m[34m[TIME]: 0.0013 seconds total (759.9 hz, 8.00 ms behind)
[0m[33m[init]: disparity is 84.818,99.068 (10.00 thresh)
[0m[33m[init]: failed static init: no accel jerk detected, platform moving too much
[0m[34m[TIME]: 0.0013 seconds total (757.0 hz, 4.40 ms behind)
[0m[33m[init]: disparity is 84.818,99.068 (10.00 thresh)
[0m[33m[init]: failed static init: no accel jerk detected, platform moving too much
[0m[34m[TIME]: 0.0019 seconds total (524.4 hz, 9.20 ms behind)
[0m[33m[init]: disparity is 84.818,99.068 (10.00 thresh)
[0m[33m[init]: failed static init: no accel jerk detected, platform moving too much
[0m[34m[TIME]: 0.0013 seconds total (776.4 hz, 4.80 ms behind)
[0m[33m[init]: disparity is 84.818,99.068 (10.00 thresh)
[0m[33m[init]: failed static init: no accel jerk detected, platform moving too much
[0m[34m[TIME]: 0.0013 seconds total (800.0 hz, 4.00 ms behind)
[0m[33m[init]: disparity is 84.818,99.068 (10.00 thresh)
[0m[33m[init]: failed static init: no accel jerk detected, platform moving too much
[0m[34m[TIME]: 0.0017 seconds total (588.6 hz, 8.40 ms behind)
[0m[33m[init]: disparity is 84.818,99.068 (10.00 thresh)
[0m[33m[init]: failed static init: no accel jerk detected, platform moving too much
[0m[34m[TIME]: 0.0017 seconds total (597.7 hz, 5.60 ms behind)
[0m[33m[init]: disparity is 84.818,99.068 (10.00 thresh)
[0m[33m[init]: failed static init: no accel jerk detected, platform moving too much
[0m[34m[TIME]: 0.0019 seconds total (515.5 hz, 8.40 ms behind)
[0m[33m[init]: disparity is 84.818,99.068 (10.00 thresh)
[0m[33m[init]: failed static init: no accel jerk detected, platform moving too much
[0m[34m[TIME]: 0.0017 seconds total (596.7 hz, 8.80 ms behind)
[0m[33m[init]: disparity is 84.818,99.068 (10.00 thresh)
[0m[33m[init]: failed static init: no accel jerk detected, platform moving too much
[0m[34m[TIME]: 0.0018 seconds total (565.0 hz, 8.40 ms behind)
[0m[33m[init]: disparity is 84.818,99.068 (10.00 thresh)
[0m[33m[init]: failed static init: no accel jerk detected, platform moving too much
[0m[34m[TIME]: 0.0022 seconds total (452.7 hz, 5.60 ms behind)
[0m[33m[init]: disparity is 84.818,99.068 (10.00 thresh)
[0m[33m[init]: failed static init: no accel jerk detected, platform moving too much
[0m[34m[TIME]: 0.0018 seconds total (548.2 hz, 4.40 ms behind)
[0m[33m[init]: disparity is 84.818,99.068 (10.00 thresh)
[0m[33m[init]: failed static init: no accel jerk detected, platform moving too much
[0m[34m[TIME]: 0.0016 seconds total (606.8 hz, 8.80 ms behind)
[0m[33m[init]: disparity is 84.818,99.068 (10.00 thresh)
[0m[33m[init]: failed static init: no accel jerk detected, platform moving too much
[0m[34m[TIME]: 0.0014 seconds total (696.9 hz, 6.80 ms behind)
[0m[33m[init]: disparity is 84.818,99.068 (10.00 thresh)
[0m[33m[init]: failed static init: no accel jerk detected, platform moving too much
[0m[34m[TIME]: 0.0018 seconds total (545.6 hz, 6.80 ms behind)
[0m[33m[init]: disparity is 84.818,99.068 (10.00 thresh)
[0m[33m[init]: failed static init: no accel jerk detected, platform moving too much
[0m[34m[TIME]: 0.0017 seconds total (581.7 hz, 8.40 ms behind)
[0m[33m[init]: disparity is 84.818,99.068 (10.00 thresh)
[0m[33m[init]: failed static init: no accel jerk detected, platform moving too much
[0m[34m[TIME]: 0.0019 seconds total (523.8 hz, 7.60 ms behind)
[0m[33m[init]: disparity is 84.818,99.068 (10.00 thresh)
[0m[33m[init]: failed static init: no accel jerk detected, platform moving too much
[0m[34m[TIME]: 0.0013 seconds total (744.0 hz, 10.40 ms behind)
[0m[33m[init]: disparity is 84.818,99.068 (10.00 thresh)
[0m[33m[init]: failed static init: no accel jerk detected, platform moving too much
[0m[34m[TIME]: 0.0015 seconds total (664.9 hz, 9.60 ms behind)
[0m[33m[init]: disparity is 84.818,99.068 (10.00 thresh)
[0m[33m[init]: failed static init: no accel jerk detected, platform moving too much
[0m[34m[TIME]: 0.0014 seconds total (694.4 hz, 4.80 ms behind)
[0m[33m[init]: disparity is 84.818,99.068 (10.00 thresh)
[0m[33m[init]: failed static init: no accel jerk detected, platform moving too much
[0m[34m[TIME]: 0.0011 seconds total (948.8 hz, 4.00 ms behind)
[0m[33m[init]: disparity is 84.818,99.068 (10.00 thresh)
[0m[33m[init]: failed static init: no accel jerk detected, platform moving too much
[0m[34m[TIME]: 0.0020 seconds total (490.0 hz, 7.60 ms behind)
[0m[33m[init]: disparity is 84.818,99.068 (10.00 thresh)
[0m[33m[init]: failed static init: no accel jerk detected, platform moving too much
[0m[34m[TIME]: 0.0019 seconds total (523.0 hz, 7.60 ms behind)
[0m[33m[init]: disparity is 84.818,99.068 (10.00 thresh)
[0m[33m[init]: failed static init: no accel jerk detected, platform moving too much
[0m[34m[TIME]: 0.0021 seconds total (485.0 hz, 6.80 ms behind)
[0m[33m[init]: disparity is 84.818,99.068 (10.00 thresh)
[0m[33m[init]: failed static init: no accel jerk detected, platform moving too much
[0m[34m[TIME]: 0.0025 seconds total (397.5 hz, 4.00 ms behind)
[0m[33m[init]: disparity is 84.818,99.068 (10.00 thresh)
[0m[33m[init]: failed static init: no accel jerk detected, platform moving too much
[0m[34m[TIME]: 0.0018 seconds total (565.0 hz, 8.40 ms behind)
[0m[33m[init]: disparity is 84.818,99.068 (10.00 thresh)
[0m[33m[init]: failed static init: no accel jerk detected, platform moving too much
[0m[34m[TIME]: 0.0017 seconds total (596.7 hz, 8.80 ms behind)
[0m[33m[init]: disparity is 84.818,99.068 (10.00 thresh)
[0m[33m[init]: failed static init: no accel jerk detected, platform moving too much
[0m[34m[TIME]: 0.0016 seconds total (634.1 hz, 6.00 ms behind)
[0m[33m[init]: disparity is 84.818,99.068 (10.00 thresh)
[0m[33m[init]: failed static init: no accel jerk detected, platform moving too much
[0m[34m[TIME]: 0.0020 seconds total (490.7 hz, 8.80 ms behind)
[0m[33m[init]: disparity is 84.818,99.068 (10.00 thresh)
[0m[33m[init]: failed static init: no accel jerk detected, platform moving too much
[0m[34m[TIME]: 0.0015 seconds total (673.9 hz, 6.80 ms behind)
[0m[33m[init]: disparity is 84.818,99.068 (10.00 thresh)
[0m[33m[init]: failed static init: no accel jerk detected, platform moving too much
[0m[34m[TIME]: 0.0016 seconds total (606.4 hz, 8.80 ms behind)
[0m[33m[init]: disparity is 84.818,99.068 (10.00 thresh)
[0m[33m[init]: failed static init: no accel jerk detected, platform moving too much
[0m[34m[TIME]: 0.0014 seconds total (698.8 hz, 8.40 ms behind)
[0m[33m[init]: disparity is 84.818,99.068 (10.00 thresh)
[0m[33m[init]: failed static init: no accel jerk detected, platform moving too much
[0m[34m[TIME]: 0.0013 seconds total (746.8 hz, 4.80 ms behind)
[0m[33m[init]: disparity is 84.818,99.068 (10.00 thresh)
[0m[33m[init]: failed static init: no accel jerk detected, platform moving too much
[0m[34m[TIME]: 0.0014 seconds total (724.6 hz, 4.40 ms behind)
[0m[33m[init]: disparity is 84.818,99.068 (10.00 thresh)
[0m[33m[init]: failed static init: no accel jerk detected, platform moving too much
[0m[34m[TIME]: 0.0013 seconds total (789.3 hz, 5.20 ms behind)
[0m[33m[init]: disparity is 84.818,99.068 (10.00 thresh)
[0m[33m[init]: failed static init: no accel jerk detected, platform moving too much
[0m[34m[TIME]: 0.0016 seconds total (619.6 hz, 7.60 ms behind)
[0m[33m[init]: disparity is 84.818,99.068 (10.00 thresh)
[0m[33m[init]: failed static init: no accel jerk detected, platform moving too much
[0m[34m[TIME]: 0.0017 seconds total (602.8 hz, 9.20 ms behind)
[0m[33m[init]: disparity is 84.818,99.068 (10.00 thresh)
[0m[33m[init]: failed static init: no accel jerk detected, platform moving too much
[0m[34m[TIME]: 0.0017 seconds total (601.7 hz, 4.40 ms behind)
[0m[33m[init]: disparity is 84.818,99.068 (10.00 thresh)
[0m[33m[init]: failed static init: no accel jerk detected, platform moving too much
[0m[34m[TIME]: 0.0018 seconds total (561.5 hz, 7.60 ms behind)
[0m[33m[init]: disparity is 84.818,99.068 (10.00 thresh)
[0m[33m[init]: failed static init: no accel jerk detected, platform moving too much
[0m[34m[TIME]: 0.0013 seconds total (750.8 hz, 4.40 ms behind)
[0m[33m[init]: disparity is 84.818,99.068 (10.00 thresh)
[0m[33m[init]: failed static init: no accel jerk detected, platform moving too much
[0m[34m[TIME]: 0.0016 seconds total (610.9 hz, 8.00 ms behind)
[0m[33m[init]: disparity is 84.818,99.068 (10.00 thresh)
[0m[33m[init]: failed static init: no accel jerk detected, platform moving too much
[0m[34m[TIME]: 0.0019 seconds total (523.0 hz, 8.40 ms behind)
[0m[33m[init]: disparity is 84.818,99.068 (10.00 thresh)
[0m[33m[init]: failed static init: no accel jerk detected, platform moving too much
[0m[34m[TIME]: 0.0016 seconds total (638.6 hz, 8.80 ms behind)
[0m[33m[init]: disparity is 84.818,99.068 (10.00 thresh)
[0m[33m[init]: failed static init: no accel jerk detected, platform moving too much
[0m[34m[TIME]: 0.0014 seconds total (734.2 hz, 8.00 ms behind)
[0m[33m[init]: disparity is 84.818,99.068 (10.00 thresh)
[0m[33m[init]: failed static init: no accel jerk detected, platform moving too much
[0m[34m[TIME]: 0.0021 seconds total (482.9 hz, 12.00 ms behind)
[0m[33m[init]: disparity is 84.818,99.068 (10.00 thresh)
[0m[33m[init]: failed static init: no accel jerk detected, platform moving too much
[0m[34m[TIME]: 0.0018 seconds total (563.4 hz, 6.80 ms behind)
[0m[33m[init]: disparity is 84.818,99.068 (10.00 thresh)
[0m[33m[init]: failed static init: no accel jerk detected, platform moving too much
[0m[34m[TIME]: 0.0017 seconds total (580.4 hz, 9.60 ms behind)
[0m[33m[init]: disparity is 84.818,99.068 (10.00 thresh)
[0m[33m[init]: failed static init: no accel jerk detected, platform moving too much
[0m[34m[TIME]: 0.0020 seconds total (508.9 hz, 6.80 ms behind)
[0m[33m[init]: disparity is 84.818,99.068 (10.00 thresh)
[0m[33m[init]: failed static init: no accel jerk detected, platform moving too much
[0m[34m[TIME]: 0.0020 seconds total (500.5 hz, 7.20 ms behind)
[0m[33m[init]: disparity is 84.818,99.068 (10.00 thresh)
[0m[33m[init]: failed static init: no accel jerk detected, platform moving too much
[0m[34m[TIME]: 0.0019 seconds total (513.6 hz, 8.80 ms behind)
[0m[33m[init]: disparity is 84.818,99.068 (10.00 thresh)
[0m[33m[init]: failed static init: no accel jerk detected, platform moving too much
[0m[34m[TIME]: 0.0021 seconds total (467.7 hz, 8.80 ms behind)
[0m[33m[init]: disparity is 84.818,99.068 (10.00 thresh)
[0m[33m[init]: failed static init: no accel jerk detected, platform moving too much
[0m[34m[TIME]: 0.0021 seconds total (480.8 hz, 8.40 ms behind)
[0m[33m[init]: disparity is 84.818,99.068 (10.00 thresh)
[0m[33m[init]: failed static init: no accel jerk detected, platform moving too much
[0m[34m[TIME]: 0.0016 seconds total (624.6 hz, 7.20 ms behind)
[0m[33m[init]: disparity is 84.818,99.068 (10.00 thresh)
[0m[33m[init]: failed static init: no accel jerk detected, platform moving too much
[0m[34m[TIME]: 0.0021 seconds total (475.3 hz, 7.60 ms behind)
[0m[33m[init]: disparity is 84.818,99.068 (10.00 thresh)
[0m[33m[init]: failed static init: no accel jerk detected, platform moving too much
[0m[34m[TIME]: 0.0025 seconds total (405.5 hz, 8.80 ms behind)
[0m[33m[init]: disparity is 84.818,99.068 (10.00 thresh)
[0m[33m[init]: failed static init: no accel jerk detected, platform moving too much
[0m[34m[TIME]: 0.0017 seconds total (584.5 hz, 4.80 ms behind)
[0m[33m[init]: disparity is 84.818,99.068 (10.00 thresh)
[0m[33m[init]: failed static init: no accel jerk detected, platform moving too much
[0m[34m[TIME]: 0.0016 seconds total (633.3 hz, 8.80 ms behind)
[0m[33m[init]: disparity is 84.818,99.068 (10.00 thresh)
[0m[33m[init]: failed static init: no accel jerk detected, platform moving too much
[0m[34m[TIME]: 0.0016 seconds total (616.5 hz, 8.40 ms behind)
[0m[33m[init]: disparity is 84.818,99.068 (10.00 thresh)
[0m[33m[init]: failed static init: no accel jerk detected, platform moving too much
[0m[34m[TIME]: 0.0013 seconds total (758.7 hz, 8.80 ms behind)
[0m[33m[init]: disparity is 84.818,99.068 (10.00 thresh)
[0m[33m[init]: failed static init: no accel jerk detected, platform moving too much
[0m[34m[TIME]: 0.0014 seconds total (703.7 hz, 8.40 ms behind)
[0m[33m[init]: disparity is 84.818,99.068 (10.00 thresh)
[0m[33m[init]: failed static init: no accel jerk detected, platform moving too much
[0m[34m[TIME]: 0.0014 seconds total (700.8 hz, 7.60 ms behind)
[0m[33m[init]: disparity is 84.818,99.068 (10.00 thresh)
[0m[33m[init]: failed static init: no accel jerk detected, platform moving too much
[0m[34m[TIME]: 0.0019 seconds total (517.3 hz, 8.40 ms behind)
[0m[33m[init]: disparity is 84.818,99.068 (10.00 thresh)
[0m[33m[init]: failed static init: no accel jerk detected, platform moving too much
[0m[34m[TIME]: 0.0013 seconds total (794.9 hz, 5.20 ms behind)
[0m[33m[init]: disparity is 84.818,99.068 (10.00 thresh)
[0m[33m[init]: failed static init: no accel jerk detected, platform moving too much
[0m[34m[TIME]: 0.0011 seconds total (909.9 hz, 7.60 ms behind)
[0m[33m[init]: disparity is 84.818,99.068 (10.00 thresh)
[0m[33m[init]: failed static init: no accel jerk detected, platform moving too much
[0m[34m[TIME]: 0.0018 seconds total (551.6 hz, 5.20 ms behind)
[0m[33m[init]: disparity is 84.818,99.068 (10.00 thresh)
[0m[33m[init]: failed static init: no accel jerk detected, platform moving too much
[0m[34m[TIME]: 0.0014 seconds total (695.4 hz, 6.00 ms behind)
[0m[33m[init]: disparity is 84.818,99.068 (10.00 thresh)
[0m[33m[init]: failed static init: no accel jerk detected, platform moving too much
[0m[34m[TIME]: 0.0015 seconds total (668.9 hz, 9.20 ms behind)
[0m[33m[init]: disparity is 84.818,99.068 (10.00 thresh)
[0m[33m[init]: failed static init: no accel jerk detected, platform moving too much
[0m[34m[TIME]: 0.0016 seconds total (611.6 hz, 6.00 ms behind)
[0m[33m[init]: disparity is 84.818,99.068 (10.00 thresh)
[0m[33m[init]: failed static init: no accel jerk detected, platform moving too much
[0m[34m[TIME]: 0.0015 seconds total (661.4 hz, 5.60 ms behind)
[0m[33m[init]: disparity is 84.818,99.068 (10.00 thresh)
[0m[33m[init]: failed static init: no accel jerk detected, platform moving too much
[0m[34m[TIME]: 0.0017 seconds total (583.1 hz, 8.40 ms behind)
[0m[33m[init]: disparity is 84.818,99.068 (10.00 thresh)
[0m[33m[init]: failed static init: no accel jerk detected, platform moving too much
[0m[34m[TIME]: 0.0012 seconds total (841.8 hz, 4.00 ms behind)
[0m[33m[init]: disparity is 84.818,99.068 (10.00 thresh)
[0m[33m[init]: failed static init: no accel jerk detected, platform moving too much
[0m[34m[TIME]: 0.0013 seconds total (784.9 hz, 8.40 ms behind)
[0m[33m[init]: disparity is 84.818,99.068 (10.00 thresh)
[0m[33m[init]: failed static init: no accel jerk detected, platform moving too much
[0m[34m[TIME]: 0.0017 seconds total (599.5 hz, 8.80 ms behind)
[0m[33m[init]: disparity is 84.818,99.068 (10.00 thresh)
[0m[33m[init]: failed static init: no accel jerk detected, platform moving too much
[0m[34m[TIME]: 0.0013 seconds total (757.6 hz, 8.40 ms behind)
[0m[33m[init]: disparity is 84.818,99.068 (10.00 thresh)
[0m[33m[init]: failed static init: no accel jerk detected, platform moving too much
[0m[34m[TIME]: 0.0013 seconds total (788.6 hz, 10.00 ms behind)
[0m[33m[init]: disparity is 84.818,99.068 (10.00 thresh)
[0m[33m[init]: failed static init: no accel jerk detected, platform moving too much
[0m[34m[TIME]: 0.0019 seconds total (540.2 hz, 8.40 ms behind)
[0m[33m[init]: disparity is 84.818,99.068 (10.00 thresh)
[0m[33m[init]: failed static init: no accel jerk detected, platform moving too much
[0m[34m[TIME]: 0.0015 seconds total (662.3 hz, 10.00 ms behind)
[0m[33m[init]: disparity is 84.818,99.068 (10.00 thresh)
[0m[33m[init]: failed static init: no accel jerk detected, platform moving too much
[0m[34m[TIME]: 0.0011 seconds total (943.4 hz, 6.80 ms behind)
[0m[33m[init]: disparity is 84.818,99.068 (10.00 thresh)
[0m[33m[init]: failed static init: no accel jerk detected, platform moving too much
[0m[34m[TIME]: 0.0014 seconds total (701.3 hz, 7.60 ms behind)
[0m[33m[init]: disparity is 84.818,99.068 (10.00 thresh)
[0m[33m[init]: failed static init: no accel jerk detected, platform moving too much
[0m[34m[TIME]: 0.0013 seconds total (777.0 hz, 7.60 ms behind)
[0m[33m[init]: disparity is 84.818,99.068 (10.00 thresh)
[0m[33m[init]: failed static init: no accel jerk detected, platform moving too much
[0m[34m[TIME]: 0.0013 seconds total (751.3 hz, 5.20 ms behind)
[0m[33m[init]: disparity is 84.818,99.068 (10.00 thresh)
[0m[33m[init]: failed static init: no accel jerk detected, platform moving too much
[0m[34m[TIME]: 0.0012 seconds total (836.1 hz, 8.40 ms behind)
[0m[33m[init]: disparity is 84.818,99.068 (10.00 thresh)
[0m[33m[init]: failed static init: no accel jerk detected, platform moving too much
[0m[34m[TIME]: 0.0013 seconds total (793.7 hz, 7.60 ms behind)
[0m[33m[init]: disparity is 84.818,99.068 (10.00 thresh)
[0m[33m[init]: failed static init: no accel jerk detected, platform moving too much
[0m[34m[TIME]: 0.0016 seconds total (612.4 hz, 8.00 ms behind)
[0m[33m[init]: disparity is 84.818,99.068 (10.00 thresh)
[0m[33m[init]: failed static init: no accel jerk detected, platform moving too much
[0m[34m[TIME]: 0.0013 seconds total (755.3 hz, 8.00 ms behind)
[0m[33m[init]: disparity is 84.818,99.068 (10.00 thresh)
[0m[33m[init]: failed static init: no accel jerk detected, platform moving too much
[0m[34m[TIME]: 0.0013 seconds total (783.7 hz, 4.80 ms behind)
[0m[33m[init]: disparity is 84.818,99.068 (10.00 thresh)
[0m[33m[init]: failed static init: no accel jerk detected, platform moving too much
[0m[34m[TIME]: 0.0019 seconds total (530.2 hz, 11.60 ms behind)
[0m[33m[init]: disparity is 84.818,99.068 (10.00 thresh)
[0m[33m[init]: failed static init: no accel jerk detected, platform moving too much
[0m[34m[TIME]: 0.0016 seconds total (609.0 hz, 6.40 ms behind)
[0m[33m[init]: disparity is 84.818,99.068 (10.00 thresh)
[0m[33m[init]: failed static init: no accel jerk detected, platform moving too much
[0m[34m[TIME]: 0.0014 seconds total (713.8 hz, 7.60 ms behind)
[0m[33m[init]: disparity is 84.818,99.068 (10.00 thresh)
[0m[33m[init]: failed static init: no accel jerk detected, platform moving too much
[0m[34m[TIME]: 0.0011 seconds total (951.5 hz, 4.40 ms behind)
[0m[33m[init]: disparity is 84.818,99.068 (10.00 thresh)
[0m[33m[init]: failed static init: no accel jerk detected, platform moving too much
[0m[34m[TIME]: 0.0015 seconds total (676.1 hz, 7.60 ms behind)
[0m[33m[init]: disparity is 84.818,99.068 (10.00 thresh)
[0m[33m[init]: failed static init: no accel jerk detected, platform moving too much
[0m[34m[TIME]: 0.0013 seconds total (786.8 hz, 8.40 ms behind)
[0m[33m[init]: disparity is 84.818,99.068 (10.00 thresh)
[0m[33m[init]: failed static init: no accel jerk detected, platform moving too much
[0m[34m[TIME]: 0.0015 seconds total (649.8 hz, 9.60 ms behind)
[0m[33m[init]: disparity is 84.818,99.068 (10.00 thresh)
[0m[33m[init]: failed static init: no accel jerk detected, platform moving too much
[0m[34m[TIME]: 0.0015 seconds total (654.9 hz, 7.60 ms behind)
[0m[33m[init]: disparity is 84.818,99.068 (10.00 thresh)
[0m[33m[init]: failed static init: no accel jerk detected, platform moving too much
[0m[34m[TIME]: 0.0013 seconds total (788.0 hz, 5.20 ms behind)
[0m[33m[init]: disparity is 84.818,99.068 (10.00 thresh)
[0m[33m[init]: failed static init: no accel jerk detected, platform moving too much
[0m[34m[TIME]: 0.0013 seconds total (781.3 hz, 3.60 ms behind)
[0m[33m[init]: disparity is 84.818,99.068 (10.00 thresh)
[0m[33m[init]: failed static init: no accel jerk detected, platform moving too much
[0m[34m[TIME]: 0.0012 seconds total (843.2 hz, 8.00 ms behind)
[0m[33m[init]: disparity is 84.818,99.068 (10.00 thresh)
[0m[33m[init]: failed static init: no accel jerk detected, platform moving too much
[0m[34m[TIME]: 0.0014 seconds total (711.2 hz, 8.80 ms behind)
[0m[33m[init]: disparity is 84.818,99.068 (10.00 thresh)
[0m[33m[init]: failed static init: no accel jerk detected, platform moving too much
[0m[34m[TIME]: 0.0011 seconds total (914.1 hz, 4.80 ms behind)
[0m[33m[init]: disparity is 84.818,99.068 (10.00 thresh)
[0m[33m[init]: failed static init: no accel jerk detected, platform moving too much
[0m[34m[TIME]: 0.0017 seconds total (600.6 hz, 8.80 ms behind)
[0m[33m[init]: disparity is 84.818,99.068 (10.00 thresh)
[0m[33m[init]: failed static init: no accel jerk detected, platform moving too much
[0m[34m[TIME]: 0.0014 seconds total (694.0 hz, 8.80 ms behind)
[0m[33m[init]: disparity is 84.818,99.068 (10.00 thresh)
[0m[33m[init]: failed static init: no accel jerk detected, platform moving too much
[0m[34m[TIME]: 0.0013 seconds total (770.4 hz, 8.40 ms behind)
[0m[33m[init]: disparity is 84.818,99.068 (10.00 thresh)
[0m[33m[init]: failed static init: no accel jerk detected, platform moving too much
[0m[34m[TIME]: 0.0011 seconds total (898.5 hz, 5.20 ms behind)
[0m[33m[init]: disparity is 84.818,99.068 (10.00 thresh)
[0m[33m[init]: failed static init: no accel jerk detected, platform moving too much
[0m[34m[TIME]: 0.0012 seconds total (809.1 hz, 4.00 ms behind)
[0m[33m[init]: disparity is 84.818,99.068 (10.00 thresh)
[0m[33m[init]: failed static init: no accel jerk detected, platform moving too much
[0m[34m[TIME]: 0.0010 seconds total (973.7 hz, 5.60 ms behind)
[0m[33m[init]: disparity is 84.818,99.068 (10.00 thresh)
[0m[33m[init]: failed static init: no accel jerk detected, platform moving too much
[0m[34m[TIME]: 0.0017 seconds total (596.7 hz, 8.00 ms behind)
[0m[33m[init]: disparity is 84.818,99.068 (10.00 thresh)
[0m[33m[init]: failed static init: no accel jerk detected, platform moving too much
[0m[34m[TIME]: 0.0019 seconds total (531.1 hz, 9.20 ms behind)
[0m[33m[init]: disparity is 84.818,99.068 (10.00 thresh)
[0m[33m[init]: failed static init: no accel jerk detected, platform moving too much
[0m[34m[TIME]: 0.0015 seconds total (654.0 hz, 4.80 ms behind)
[0m[33m[init]: disparity is 84.818,99.068 (10.00 thresh)
[0m[33m[init]: failed static init: no accel jerk detected, platform moving too much
[0m[34m[TIME]: 0.0016 seconds total (627.7 hz, 9.60 ms behind)
[0m[33m[init]: disparity is 84.818,99.068 (10.00 thresh)
[0m[33m[init]: failed static init: no accel jerk detected, platform moving too much
[0m[34m[TIME]: 0.0011 seconds total (913.2 hz, 4.80 ms behind)
[0m[33m[init]: disparity is 84.818,99.068 (10.00 thresh)
[0m[33m[init]: failed static init: no accel jerk detected, platform moving too much
[0m[34m[TIME]: 0.0014 seconds total (719.4 hz, 7.60 ms behind)
[0m[33m[init]: disparity is 84.818,99.068 (10.00 thresh)
[0m[33m[init]: failed static init: no accel jerk detected, platform moving too much
[0m[34m[TIME]: 0.0015 seconds total (674.3 hz, 8.40 ms behind)
[0m[33m[init]: disparity is 84.818,99.068 (10.00 thresh)
[0m[33m[init]: failed static init: no accel jerk detected, platform moving too much
[0m[34m[TIME]: 0.0014 seconds total (726.2 hz, 8.80 ms behind)
[0m[33m[init]: disparity is 84.818,99.068 (10.00 thresh)
[0m[33m[init]: failed static init: no accel jerk detected, platform moving too much
[0m[34m[TIME]: 0.0014 seconds total (703.2 hz, 8.40 ms behind)
[0m[33m[init]: disparity is 84.818,99.068 (10.00 thresh)
[0m[33m[init]: failed static init: no accel jerk detected, platform moving too much
[0m[34m[TIME]: 0.0014 seconds total (692.0 hz, 8.80 ms behind)
[0m[33m[init]: disparity is 84.818,99.068 (10.00 thresh)
[0m[33m[init]: failed static init: no accel jerk detected, platform moving too much
[0m[34m[TIME]: 0.0011 seconds total (885.7 hz, 4.80 ms behind)
[0m[33m[init]: disparity is 84.818,99.068 (10.00 thresh)
[0m[33m[init]: failed static init: no accel jerk detected, platform moving too much
[0m[34m[TIME]: 0.0013 seconds total (763.9 hz, 7.60 ms behind)
[0m[33m[init]: disparity is 84.818,99.068 (10.00 thresh)
[0m[33m[init]: failed static init: no accel jerk detected, platform moving too much
[0m[34m[TIME]: 0.0018 seconds total (557.1 hz, 8.40 ms behind)
[0m[33m[init]: disparity is 84.818,99.068 (10.00 thresh)
[0m[33m[init]: failed static init: no accel jerk detected, platform moving too much
[0m[34m[TIME]: 0.0011 seconds total (919.1 hz, 5.20 ms behind)
[0m[33m[init]: disparity is 84.818,99.068 (10.00 thresh)
[0m[33m[init]: failed static init: no accel jerk detected, platform moving too much
[0m[34m[TIME]: 0.0018 seconds total (565.6 hz, 8.40 ms behind)
[0m[33m[init]: disparity is 84.818,99.068 (10.00 thresh)
[0m[33m[init]: failed static init: no accel jerk detected, platform moving too much
[0m[34m[TIME]: 0.0010 seconds total (1015.2 hz, 5.20 ms behind)
[0m[33m[init]: disparity is 84.818,99.068 (10.00 thresh)
[0m[33m[init]: failed static init: no accel jerk detected, platform moving too much
[0m[34m[TIME]: 0.0022 seconds total (446.6 hz, 6.80 ms behind)
[0m[33m[init]: disparity is 84.818,99.068 (10.00 thresh)
[0m[33m[init]: failed static init: no accel jerk detected, platform moving too much
[0m[34m[TIME]: 0.0016 seconds total (623.1 hz, 5.20 ms behind)
[0m[33m[init]: disparity is 84.818,99.068 (10.00 thresh)
[0m[33m[init]: failed static init: no accel jerk detected, platform moving too much
[0m[34m[TIME]: 0.0015 seconds total (663.6 hz, 8.40 ms behind)
[0m[33m[init]: disparity is 84.818,99.068 (10.00 thresh)
[0m[33m[init]: failed static init: no accel jerk detected, platform moving too much
[0m[34m[TIME]: 0.0017 seconds total (577.0 hz, 7.60 ms behind)
[0m[33m[init]: disparity is 84.818,99.068 (10.00 thresh)
[0m[33m[init]: failed static init: no accel jerk detected, platform moving too much
[0m[34m[TIME]: 0.0015 seconds total (649.4 hz, 8.40 ms behind)
[0m[33m[init]: disparity is 84.818,99.068 (10.00 thresh)
[0m[33m[init]: failed static init: no accel jerk detected, platform moving too much
[0m[34m[TIME]: 0.0019 seconds total (521.1 hz, 8.00 ms behind)
[0m[33m[init]: disparity is 84.818,99.068 (10.00 thresh)
[0m[33m[init]: failed static init: no accel jerk detected, platform moving too much
[0m[34m[TIME]: 0.0014 seconds total (722.5 hz, 4.40 ms behind)
[0m[33m[init]: disparity is 84.818,99.068 (10.00 thresh)
[0m[33m[init]: failed static init: no accel jerk detected, platform moving too much
[0m[34m[TIME]: 0.0016 seconds total (627.0 hz, 8.00 ms behind)
[0m[33m[init]: disparity is 84.818,99.068 (10.00 thresh)
[0m[33m[init]: failed static init: no accel jerk detected, platform moving too much
[0m[34m[TIME]: 0.0017 seconds total (585.1 hz, 8.40 ms behind)
[0m[33m[init]: disparity is 84.818,99.068 (10.00 thresh)
[0m[33m[init]: failed static init: no accel jerk detected, platform moving too much
[0m[34m[TIME]: 0.0018 seconds total (547.6 hz, 8.80 ms behind)
[0m[33m[init]: disparity is 84.818,99.068 (10.00 thresh)
[0m[33m[init]: failed static init: no accel jerk detected, platform moving too much
[0m[34m[TIME]: 0.0014 seconds total (736.9 hz, 8.40 ms behind)
[0m[33m[init]: disparity is 84.818,99.068 (10.00 thresh)
[0m[33m[init]: failed static init: no accel jerk detected, platform moving too much
[0m[34m[TIME]: 0.0018 seconds total (553.1 hz, 7.60 ms behind)
[0m[33m[init]: disparity is 84.818,99.068 (10.00 thresh)
[0m[33m[init]: failed static init: no accel jerk detected, platform moving too much
[0m[34m[TIME]: 0.0017 seconds total (576.4 hz, 8.40 ms behind)
[0m[33m[init]: disparity is 84.818,99.068 (10.00 thresh)
[0m[33m[init]: failed static init: no accel jerk detected, platform moving too much
[0m[34m[TIME]: 0.0015 seconds total (674.8 hz, 10.00 ms behind)
[0m[33m[init]: disparity is 84.818,99.068 (10.00 thresh)
[0m[33m[init]: failed static init: no accel jerk detected, platform moving too much
[0m[34m[TIME]: 0.0012 seconds total (833.3 hz, 4.80 ms behind)
[0m[33m[init]: disparity is 84.818,99.068 (10.00 thresh)
[0m[33m[init]: failed static init: no accel jerk detected, platform moving too much
[0m[34m[TIME]: 0.0014 seconds total (738.6 hz, 8.00 ms behind)
[0m[33m[init]: disparity is 84.818,99.068 (10.00 thresh)
[0m[33m[init]: failed static init: no accel jerk detected, platform moving too much
[0m[34m[TIME]: 0.0012 seconds total (803.9 hz, 4.40 ms behind)
[0m[33m[init]: disparity is 84.818,99.068 (10.00 thresh)
[0m[33m[init]: failed static init: no accel jerk detected, platform moving too much
[0m[34m[TIME]: 0.0015 seconds total (687.8 hz, 8.80 ms behind)
[0m[33m[init]: disparity is 84.818,99.068 (10.00 thresh)
[0m[33m[init]: failed static init: no accel jerk detected, platform moving too much
[0m[34m[TIME]: 0.0011 seconds total (882.6 hz, 4.80 ms behind)
[0m[33m[init]: disparity is 84.818,99.068 (10.00 thresh)
[0m[33m[init]: failed static init: no accel jerk detected, platform moving too much
[0m[34m[TIME]: 0.0013 seconds total (781.3 hz, 9.20 ms behind)
[0m[33m[init]: disparity is 84.818,99.068 (10.00 thresh)
[0m[33m[init]: failed static init: no accel jerk detected, platform moving too much
[0m[34m[TIME]: 0.0014 seconds total (735.3 hz, 6.00 ms behind)
[0m[33m[init]: disparity is 84.818,99.068 (10.00 thresh)
[0m[33m[init]: failed static init: no accel jerk detected, platform moving too much
[0m[34m[TIME]: 0.0012 seconds total (809.1 hz, 8.00 ms behind)
[0m[33m[init]: disparity is 84.818,99.068 (10.00 thresh)
[0m[33m[init]: failed static init: no accel jerk detected, platform moving too much
[0m[34m[TIME]: 0.0014 seconds total (706.7 hz, 10.00 ms behind)
[0m[33m[init]: disparity is 84.818,99.068 (10.00 thresh)
[0m[33m[init]: failed static init: no accel jerk detected, platform moving too much
[0m[34m[TIME]: 0.0010 seconds total (970.9 hz, 8.00 ms behind)
[0m[33m[init]: disparity is 84.818,99.068 (10.00 thresh)
[0m[33m[init]: failed static init: no accel jerk detected, platform moving too much
[0m[34m[TIME]: 0.0012 seconds total (814.3 hz, 7.60 ms behind)
[0m[33m[init]: disparity is 84.818,99.068 (10.00 thresh)
[0m[33m[init]: failed static init: no accel jerk detected, platform moving too much
[0m[34m[TIME]: 0.0014 seconds total (702.7 hz, 8.80 ms behind)
[0m[33m[init]: disparity is 84.818,99.068 (10.00 thresh)
[0m[33m[init]: failed static init: no accel jerk detected, platform moving too much
[0m[34m[TIME]: 0.0011 seconds total (874.1 hz, 6.80 ms behind)
[0m[33m[init]: disparity is 84.818,99.068 (10.00 thresh)
[0m[33m[init]: failed static init: no accel jerk detected, platform moving too much
[0m[34m[TIME]: 0.0013 seconds total (763.4 hz, 8.80 ms behind)
[0m[33m[init]: disparity is 84.818,99.068 (10.00 thresh)
[0m[33m[init]: failed static init: no accel jerk detected, platform moving too much
[0m[34m[TIME]: 0.0016 seconds total (630.5 hz, 6.40 ms behind)
[0m[33m[init]: disparity is 84.818,99.068 (10.00 thresh)
[0m[33m[init]: failed static init: no accel jerk detected, platform moving too much
[0m[34m[TIME]: 0.0015 seconds total (672.9 hz, 8.00 ms behind)
[0m[33m[init]: disparity is 84.818,99.068 (10.00 thresh)
[0m[33m[init]: failed static init: no accel jerk detected, platform moving too much
[0m[34m[TIME]: 0.0011 seconds total (941.6 hz, 4.40 ms behind)
[0m[33m[init]: disparity is 84.818,99.068 (10.00 thresh)
[0m[33m[init]: failed static init: no accel jerk detected, platform moving too much
[0m[34m[TIME]: 0.0012 seconds total (828.5 hz, 8.00 ms behind)
[0m[33m[init]: disparity is 84.818,99.068 (10.00 thresh)
[0m[33m[init]: failed static init: no accel jerk detected, platform moving too much
[0m[34m[TIME]: 0.0014 seconds total (725.7 hz, 8.40 ms behind)
[0m[33m[init]: disparity is 84.818,99.068 (10.00 thresh)
[0m[33m[init]: failed static init: no accel jerk detected, platform moving too much
[0m[34m[TIME]: 0.0012 seconds total (819.0 hz, 5.20 ms behind)
[0m[33m[init]: disparity is 84.818,99.068 (10.00 thresh)
[0m[33m[init]: failed static init: no accel jerk detected, platform moving too much
[0m[34m[TIME]: 0.0016 seconds total (633.7 hz, 8.80 ms behind)
[0m[33m[init]: disparity is 84.818,99.068 (10.00 thresh)
[0m[33m[init]: failed static init: no accel jerk detected, platform moving too much
[0m[34m[TIME]: 0.0012 seconds total (842.5 hz, 8.00 ms behind)
[0m[33m[init]: disparity is 84.818,99.068 (10.00 thresh)
[0m[33m[init]: failed static init: no accel jerk detected, platform moving too much
[0m[34m[TIME]: 0.0017 seconds total (603.9 hz, 4.80 ms behind)
[0m[33m[init]: disparity is 84.818,99.068 (10.00 thresh)
[0m[33m[init]: failed static init: no accel jerk detected, platform moving too much
[0m[34m[TIME]: 0.0010 seconds total (965.3 hz, 7.60 ms behind)
[0m[33m[init]: disparity is 84.818,99.068 (10.00 thresh)
[0m[33m[init]: failed static init: no accel jerk detected, platform moving too much
[0m[34m[TIME]: 0.0012 seconds total (813.0 hz, 8.40 ms behind)
[0m[33m[init]: disparity is 84.818,99.068 (10.00 thresh)
[0m[33m[init]: failed static init: no accel jerk detected, platform moving too much
[0m[34m[TIME]: 0.0011 seconds total (899.3 hz, 9.20 ms behind)
[0m[33m[init]: disparity is 84.818,99.068 (10.00 thresh)
[0m[33m[init]: failed static init: no accel jerk detected, platform moving too much
[0m[34m[TIME]: 0.0016 seconds total (632.9 hz, 8.80 ms behind)
[0m[33m[init]: disparity is 84.818,99.068 (10.00 thresh)
[0m[33m[init]: failed static init: no accel jerk detected, platform moving too much
[0m[34m[TIME]: 0.0012 seconds total (803.2 hz, 5.60 ms behind)
[0m[33m[init]: disparity is 84.818,99.068 (10.00 thresh)
[0m[33m[init]: failed static init: no accel jerk detected, platform moving too much
[0m[34m[TIME]: 0.0012 seconds total (840.3 hz, 6.80 ms behind)
[0m[33m[init]: disparity is 84.818,99.068 (10.00 thresh)
[0m[33m[init]: failed static init: no accel jerk detected, platform moving too much
[0m[34m[TIME]: 0.0012 seconds total (834.7 hz, 9.60 ms behind)
[0m[33m[init]: disparity is 84.818,99.068 (10.00 thresh)
[0m[33m[init]: failed static init: no accel jerk detected, platform moving too much
[0m[34m[TIME]: 0.0013 seconds total (783.7 hz, 7.60 ms behind)
[0m[33m[init]: disparity is 84.818,99.068 (10.00 thresh)
[0m[33m[init]: failed static init: no accel jerk detected, platform moving too much
[0m[34m[TIME]: 0.0011 seconds total (872.6 hz, 5.60 ms behind)
[0m[33m[init]: disparity is 84.818,99.068 (10.00 thresh)
[0m[33m[init]: failed static init: no accel jerk detected, platform moving too much
[0m[34m[TIME]: 0.0011 seconds total (874.9 hz, 4.80 ms behind)
[0m[33m[init]: disparity is 84.818,99.068 (10.00 thresh)
[0m[33m[init]: failed static init: no accel jerk detected, platform moving too much
[0m[34m[TIME]: 0.0012 seconds total (803.2 hz, 5.60 ms behind)
[0m[33m[init]: disparity is 84.818,99.068 (10.00 thresh)
[0m[33m[init]: failed static init: no accel jerk detected, platform moving too much
[0m[34m[TIME]: 0.0017 seconds total (578.0 hz, 8.80 ms behind)
[0m[33m[init]: disparity is 84.818,99.068 (10.00 thresh)
[0m[33m[init]: failed static init: no accel jerk detected, platform moving too much
[0m[34m[TIME]: 0.0013 seconds total (794.3 hz, 8.00 ms behind)
[0m[33m[init]: disparity is 84.818,99.068 (10.00 thresh)
[0m[33m[init]: failed static init: no accel jerk detected, platform moving too much
[0m[34m[TIME]: 0.0011 seconds total (881.8 hz, 4.00 ms behind)
[0m[33m[init]: disparity is 84.818,99.068 (10.00 thresh)
[0m[33m[init]: failed static init: no accel jerk detected, platform moving too much
[0m[34m[TIME]: 0.0015 seconds total (688.2 hz, 4.00 ms behind)
[0m[33m[init]: disparity is 84.818,99.068 (10.00 thresh)
[0m[33m[init]: failed static init: no accel jerk detected, platform moving too much
[0m[34m[TIME]: 0.0014 seconds total (714.3 hz, 7.60 ms behind)
[0m[33m[init]: disparity is 84.818,99.068 (10.00 thresh)
[0m[33m[init]: failed static init: no accel jerk detected, platform moving too much
[0m[34m[TIME]: 0.0014 seconds total (724.1 hz, 9.20 ms behind)
[0m[33m[init]: disparity is 84.818,99.068 (10.00 thresh)
[0m[33m[init]: failed static init: no accel jerk detected, platform moving too much
[0m[34m[TIME]: 0.0018 seconds total (541.4 hz, 7.60 ms behind)
[0m[33m[init]: disparity is 84.818,99.068 (10.00 thresh)
[0m[33m[init]: failed static init: no accel jerk detected, platform moving too much
[0m[34m[TIME]: 0.0012 seconds total (803.9 hz, 5.60 ms behind)
[0m[33m[init]: disparity is 84.818,99.068 (10.00 thresh)
[0m[33m[init]: failed static init: no accel jerk detected, platform moving too much
[0m[34m[TIME]: 0.0016 seconds total (627.4 hz, 8.80 ms behind)
[0m[33m[init]: disparity is 84.818,99.068 (10.00 thresh)
[0m[33m[init]: failed static init: no accel jerk detected, platform moving too much
[0m[34m[TIME]: 0.0014 seconds total (725.7 hz, 5.60 ms behind)
[0m[33m[init]: disparity is 84.818,99.068 (10.00 thresh)
[0m[33m[init]: failed static init: no accel jerk detected, platform moving too much
[0m[34m[TIME]: 0.0011 seconds total (879.5 hz, 4.80 ms behind)
[0m[33m[init]: disparity is 84.818,99.068 (10.00 thresh)
[0m[33m[init]: failed static init: no accel jerk detected, platform moving too much
[0m[34m[TIME]: 0.0011 seconds total (901.7 hz, 9.60 ms behind)
[0m[33m[init]: disparity is 84.818,99.068 (10.00 thresh)
[0m[33m[init]: failed static init: no accel jerk detected, platform moving too much
[0m[34m[TIME]: 0.0015 seconds total (681.2 hz, 6.40 ms behind)
[0m[33m[init]: disparity is 84.818,99.068 (10.00 thresh)
[0m[33m[init]: failed static init: no accel jerk detected, platform moving too much
[0m[34m[TIME]: 0.0012 seconds total (866.6 hz, 5.60 ms behind)
[0m[33m[init]: disparity is 84.818,99.068 (10.00 thresh)
[0m[33m[init]: failed static init: no accel jerk detected, platform moving too much
[0m[34m[TIME]: 0.0015 seconds total (670.7 hz, 8.80 ms behind)
[0m[33m[init]: disparity is 84.818,99.068 (10.00 thresh)
[0m[33m[init]: failed static init: no accel jerk detected, platform moving too much
[0m[34m[TIME]: 0.0013 seconds total (769.8 hz, 8.00 ms behind)
[0m[33m[init]: disparity is 84.818,99.068 (10.00 thresh)
[0m[33m[init]: failed static init: no accel jerk detected, platform moving too much
[0m[34m[TIME]: 0.0014 seconds total (710.7 hz, 10.40 ms behind)
[0m[33m[init]: disparity is 84.818,99.068 (10.00 thresh)
[0m[33m[init]: failed static init: no accel jerk detected, platform moving too much
[0m[34m[TIME]: 0.0015 seconds total (677.5 hz, 8.00 ms behind)
[0m[33m[init]: disparity is 84.818,99.068 (10.00 thresh)
[0m[33m[init]: failed static init: no accel jerk detected, platform moving too much
[0m[34m[TIME]: 0.0012 seconds total (868.1 hz, 6.40 ms behind)
[0m[33m[init]: disparity is 84.818,99.068 (10.00 thresh)
[0m[33m[init]: failed static init: no accel jerk detected, platform moving too much
[0m[34m[TIME]: 0.0015 seconds total (677.5 hz, 9.60 ms behind)
[0m[33m[init]: disparity is 84.818,99.068 (10.00 thresh)
[0m[33m[init]: failed static init: no accel jerk detected, platform moving too much
[0m[34m[TIME]: 0.0015 seconds total (677.5 hz, 8.80 ms behind)
[0m[33m[init]: disparity is 84.818,99.068 (10.00 thresh)
[0m[33m[init]: failed static init: no accel jerk detected, platform moving too much
[0m[34m[TIME]: 0.0014 seconds total (732.6 hz, 9.60 ms behind)
[0m[33m[init]: disparity is 84.818,99.068 (10.00 thresh)
[0m[33m[init]: failed static init: no accel jerk detected, platform moving too much
[0m[34m[TIME]: 0.0011 seconds total (872.6 hz, 5.60 ms behind)
[0m[33m[init]: disparity is 84.818,99.068 (10.00 thresh)
[0m[33m[init]: failed static init: no accel jerk detected, platform moving too much
[0m[34m[TIME]: 0.0012 seconds total (853.2 hz, 9.20 ms behind)
[0m[33m[init]: disparity is 84.818,99.068 (10.00 thresh)
[0m[33m[init]: failed static init: no accel jerk detected, platform moving too much
[0m[34m[TIME]: 0.0011 seconds total (892.9 hz, 4.80 ms behind)
[0m[33m[init]: disparity is 84.818,99.068 (10.00 thresh)
[0m[33m[init]: failed static init: no accel jerk detected, platform moving too much
[0m[34m[TIME]: 0.0011 seconds total (949.7 hz, 5.60 ms behind)
[0m[33m[init]: disparity is 84.818,99.068 (10.00 thresh)
[0m[33m[init]: failed static init: no accel jerk detected, platform moving too much
[0m[34m[TIME]: 0.0013 seconds total (791.1 hz, 8.80 ms behind)
[0m[33m[init]: disparity is 84.818,99.068 (10.00 thresh)
[0m[33m[init]: failed static init: no accel jerk detected, platform moving too much
[0m[34m[TIME]: 0.0013 seconds total (762.8 hz, 8.80 ms behind)
[0m[33m[init]: disparity is 84.818,99.068 (10.00 thresh)
[0m[33m[init]: failed static init: no accel jerk detected, platform moving too much
[0m[34m[TIME]: 0.0013 seconds total (741.8 hz, 8.80 ms behind)
[0m[33m[init]: disparity is 84.818,99.068 (10.00 thresh)
[0m[33m[init]: failed static init: no accel jerk detected, platform moving too much
[0m[34m[TIME]: 0.0012 seconds total (856.2 hz, 8.00 ms behind)
[0m[33m[init]: disparity is 84.818,99.068 (10.00 thresh)
[0m[33m[init]: failed static init: no accel jerk detected, platform moving too much
[0m[34m[TIME]: 0.0014 seconds total (696.9 hz, 8.40 ms behind)
[0m[33m[init]: disparity is 84.818,99.068 (10.00 thresh)
[0m[33m[init]: failed static init: no accel jerk detected, platform moving too much
[0m[34m[TIME]: 0.0014 seconds total (734.8 hz, 9.20 ms behind)
[0m[33m[init]: disparity is 84.818,99.068 (10.00 thresh)
[0m[33m[init]: failed static init: no accel jerk detected, platform moving too much
[0m[34m[TIME]: 0.0011 seconds total (919.1 hz, 4.40 ms behind)
[0m[33m[init]: disparity is 84.818,99.068 (10.00 thresh)
[0m[33m[init]: failed static init: no accel jerk detected, platform moving too much
[0m[34m[TIME]: 0.0015 seconds total (687.3 hz, 8.80 ms behind)
[0m[33m[init]: disparity is 84.818,99.068 (10.00 thresh)
[0m[33m[init]: failed static init: no accel jerk detected, platform moving too much
[0m[34m[TIME]: 0.0017 seconds total (582.8 hz, 8.80 ms behind)
[0m[33m[init]: disparity is 84.818,99.068 (10.00 thresh)
[0m[33m[init]: failed static init: no accel jerk detected, platform moving too much
[0m[34m[TIME]: 0.0013 seconds total (774.6 hz, 5.20 ms behind)
[0m[33m[init]: disparity is 84.818,99.068 (10.00 thresh)
[0m[33m[init]: failed static init: no accel jerk detected, platform moving too much
[0m[34m[TIME]: 0.0011 seconds total (883.4 hz, 4.80 ms behind)
[0m[33m[init]: disparity is 84.818,99.068 (10.00 thresh)
[0m[33m[init]: failed static init: no accel jerk detected, platform moving too much
[0m[34m[TIME]: 0.0014 seconds total (726.2 hz, 9.20 ms behind)
[0m[33m[init]: disparity is 84.818,99.068 (10.00 thresh)
[0m[33m[init]: failed static init: no accel jerk detected, platform moving too much
[0m[34m[TIME]: 0.0015 seconds total (646.0 hz, 7.60 ms behind)
[0m[33m[init]: disparity is 84.818,99.068 (10.00 thresh)
[0m[33m[init]: failed static init: no accel jerk detected, platform moving too much
[0m[34m[TIME]: 0.0014 seconds total (711.2 hz, 9.20 ms behind)
[0m[33m[init]: disparity is 84.818,99.068 (10.00 thresh)
[0m[33m[init]: failed static init: no accel jerk detected, platform moving too much
[0m[34m[TIME]: 0.0015 seconds total (685.4 hz, 8.80 ms behind)
[0m[33m[init]: disparity is 84.818,99.068 (10.00 thresh)
[0m[33m[init]: failed static init: no accel jerk detected, platform moving too much
[0m[34m[TIME]: 0.0012 seconds total (858.4 hz, 10.00 ms behind)
[0m[33m[init]: disparity is 84.818,99.068 (10.00 thresh)
[0m[33m[init]: failed static init: no accel jerk detected, platform moving too much
[0m[34m[TIME]: 0.0017 seconds total (585.1 hz, 8.80 ms behind)
[0m[33m[init]: disparity is 84.818,99.068 (10.00 thresh)
[0m[33m[init]: failed static init: no accel jerk detected, platform moving too much
[0m[34m[TIME]: 0.0015 seconds total (659.6 hz, 6.80 ms behind)
[0m[33m[init]: disparity is 84.818,99.068 (10.00 thresh)
[0m[33m[init]: failed static init: no accel jerk detected, platform moving too much
[0m[34m[TIME]: 0.0012 seconds total (847.5 hz, 4.40 ms behind)
[0m[33m[init]: disparity is 84.818,99.068 (10.00 thresh)
[0m[33m[init]: failed static init: no accel jerk detected, platform moving too much
[0m[34m[TIME]: 0.0015 seconds total (654.9 hz, 9.20 ms behind)
[0m[33m[init]: disparity is 84.818,99.068 (10.00 thresh)
[0m[33m[init]: failed static init: no accel jerk detected, platform moving too much
[0m[34m[TIME]: 0.0012 seconds total (807.8 hz, 4.80 ms behind)
[0m[33m[init]: disparity is 84.818,99.068 (10.00 thresh)
[0m[33m[init]: failed static init: no accel jerk detected, platform moving too much
[0m[34m[TIME]: 0.0012 seconds total (853.2 hz, 8.00 ms behind)
[0m[33m[init]: disparity is 84.818,99.068 (10.00 thresh)
[0m[33m[init]: failed static init: no accel jerk detected, platform moving too much
[0m[34m[TIME]: 0.0015 seconds total (668.4 hz, 4.80 ms behind)
[0m[33m[init]: disparity is 84.818,99.068 (10.00 thresh)
[0m[33m[init]: failed static init: no accel jerk detected, platform moving too much
[0m[34m[TIME]: 0.0016 seconds total (636.5 hz, 9.20 ms behind)
[0m[33m[init]: disparity is 84.818,99.068 (10.00 thresh)
[0m[33m[init]: failed static init: no accel jerk detected, platform moving too much
[0m[34m[TIME]: 0.0012 seconds total (838.9 hz, 4.80 ms behind)
[0m[33m[init]: disparity is 84.818,99.068 (10.00 thresh)
[0m[33m[init]: failed static init: no accel jerk detected, platform moving too much
[0m[34m[TIME]: 0.0014 seconds total (737.5 hz, 8.00 ms behind)
[0m[33m[init]: disparity is 84.818,99.068 (10.00 thresh)
[0m[33m[init]: failed static init: no accel jerk detected, platform moving too much
[0m[34m[TIME]: 0.0012 seconds total (866.6 hz, 8.40 ms behind)
[0m[33m[init]: disparity is 84.818,99.068 (10.00 thresh)
[0m[33m[init]: failed static init: no accel jerk detected, platform moving too much
[0m[34m[TIME]: 0.0011 seconds total (924.2 hz, 9.20 ms behind)
[0m[33m[init]: disparity is 84.818,99.068 (10.00 thresh)
[0m[33m[init]: failed static init: no accel jerk detected, platform moving too much
[0m[34m[TIME]: 0.0012 seconds total (836.8 hz, 8.80 ms behind)
[0m[33m[init]: disparity is 84.818,99.068 (10.00 thresh)
[0m[33m[init]: failed static init: no accel jerk detected, platform moving too much
[0m[34m[TIME]: 0.0020 seconds total (490.2 hz, 8.00 ms behind)
[0m[33m[init]: disparity is 84.818,99.068 (10.00 thresh)
[0m[33m[init]: failed static init: no accel jerk detected, platform moving too much
[0m[34m[TIME]: 0.0016 seconds total (622.3 hz, 7.60 ms behind)
[0m[33m[init]: disparity is 84.818,99.068 (10.00 thresh)
[0m[33m[init]: failed static init: no accel jerk detected, platform moving too much
[0m[34m[TIME]: 0.0012 seconds total (817.7 hz, 8.00 ms behind)
[0m[33m[init]: disparity is 84.818,99.068 (10.00 thresh)
[0m[33m[init]: failed static init: no accel jerk detected, platform moving too much
[0m[34m[TIME]: 0.0017 seconds total (596.3 hz, 8.80 ms behind)
[0m[33m[init]: disparity is 84.818,99.068 (10.00 thresh)
[0m[33m[init]: failed static init: no accel jerk detected, platform moving too much
[0m[34m[TIME]: 0.0013 seconds total (785.5 hz, 8.80 ms behind)
[0m[33m[init]: disparity is 84.818,99.068 (10.00 thresh)
[0m[33m[init]: failed static init: no accel jerk detected, platform moving too much
[0m[34m[TIME]: 0.0013 seconds total (761.0 hz, 4.80 ms behind)
[0m[33m[init]: disparity is 84.818,99.068 (10.00 thresh)
[0m[33m[init]: failed static init: no accel jerk detected, platform moving too much
[0m[34m[TIME]: 0.0011 seconds total (888.9 hz, 5.20 ms behind)
[0m[33m[init]: disparity is 84.818,99.068 (10.00 thresh)
[0m[33m[init]: failed static init: no accel jerk detected, platform moving too much
[0m[34m[TIME]: 0.0016 seconds total (617.7 hz, 6.80 ms behind)
[0m[33m[init]: disparity is 84.818,99.068 (10.00 thresh)
[0m[33m[init]: failed static init: no accel jerk detected, platform moving too much
[0m[34m[TIME]: 0.0014 seconds total (734.8 hz, 8.80 ms behind)
[0m[33m[init]: disparity is 84.818,99.068 (10.00 thresh)
[0m[33m[init]: failed static init: no accel jerk detected, platform moving too much
[0m[34m[TIME]: 0.0015 seconds total (678.9 hz, 6.40 ms behind)
[0m[33m[init]: disparity is 84.818,99.068 (10.00 thresh)
[0m[33m[init]: failed static init: no accel jerk detected, platform moving too much
[0m[34m[TIME]: 0.0013 seconds total (773.4 hz, 8.80 ms behind)
[0m[33m[init]: disparity is 84.818,99.068 (10.00 thresh)
[0m[33m[init]: failed static init: no accel jerk detected, platform moving too much
[0m[34m[TIME]: 0.0014 seconds total (708.7 hz, 7.60 ms behind)
[0m[33m[init]: disparity is 84.818,99.068 (10.00 thresh)
[0m[33m[init]: failed static init: no accel jerk detected, platform moving too much
[0m[34m[TIME]: 0.0011 seconds total (910.7 hz, 8.00 ms behind)
[0m[33m[init]: disparity is 84.818,99.068 (10.00 thresh)
[0m[33m[init]: failed static init: no accel jerk detected, platform moving too much
[0m[34m[TIME]: 0.0012 seconds total (862.1 hz, 4.40 ms behind)
[0m[33m[init]: disparity is 84.818,99.068 (10.00 thresh)
[0m[33m[init]: failed static init: no accel jerk detected, platform moving too much
[0m[34m[TIME]: 0.0017 seconds total (584.1 hz, 8.80 ms behind)
[0m[33m[init]: disparity is 84.818,99.068 (10.00 thresh)
[0m[33m[init]: failed static init: no accel jerk detected, platform moving too much
[0m[34m[TIME]: 0.0012 seconds total (806.5 hz, 8.00 ms behind)
[0m[33m[init]: disparity is 84.818,99.068 (10.00 thresh)
[0m[33m[init]: failed static init: no accel jerk detected, platform moving too much
[0m[34m[TIME]: 0.0013 seconds total (777.6 hz, 9.20 ms behind)
[0m[33m[init]: disparity is 84.818,99.068 (10.00 thresh)
[0m[33m[init]: failed static init: no accel jerk detected, platform moving too much
[0m[34m[TIME]: 0.0015 seconds total (677.5 hz, 8.40 ms behind)
[0m[33m[init]: disparity is 84.818,99.068 (10.00 thresh)
[0m[33m[init]: failed static init: no accel jerk detected, platform moving too much
[0m[34m[TIME]: 0.0015 seconds total (678.9 hz, 8.80 ms behind)
[0m[33m[init]: disparity is 84.818,99.068 (10.00 thresh)
[0m[33m[init]: failed static init: no accel jerk detected, platform moving too much
[0m[34m[TIME]: 0.0014 seconds total (739.1 hz, 7.60 ms behind)
[0m[33m[init]: disparity is 84.818,99.068 (10.00 thresh)
[0m[33m[init]: failed static init: no accel jerk detected, platform moving too much
[0m[34m[TIME]: 0.0014 seconds total (721.5 hz, 9.60 ms behind)
[0m[33m[init]: disparity is 84.818,99.068 (10.00 thresh)
[0m[33m[init]: failed static init: no accel jerk detected, platform moving too much
[0m[34m[TIME]: 0.0010 seconds total (1046.0 hz, 4.40 ms behind)
[0m[33m[init]: disparity is 84.818,99.068 (10.00 thresh)
[0m[33m[init]: failed static init: no accel jerk detected, platform moving too much
[0m[34m[TIME]: 0.0014 seconds total (723.6 hz, 9.60 ms behind)
[0m[33m[init]: disparity is 84.818,99.068 (10.00 thresh)
[0m[33m[init]: failed static init: no accel jerk detected, platform moving too much
[0m[34m[TIME]: 0.0015 seconds total (674.3 hz, 8.80 ms behind)
[0m[33m[init]: disparity is 84.818,99.068 (10.00 thresh)
[0m[33m[init]: failed static init: no accel jerk detected, platform moving too much
[0m[34m[TIME]: 0.0012 seconds total (865.8 hz, 5.60 ms behind)
[0m[33m[init]: disparity is 84.818,99.068 (10.00 thresh)
[0m[33m[init]: failed static init: no accel jerk detected, platform moving too much
[0m[34m[TIME]: 0.0012 seconds total (829.2 hz, 8.80 ms behind)
[0m[33m[init]: disparity is 84.818,99.068 (10.00 thresh)
[0m[33m[init]: failed static init: no accel jerk detected, platform moving too much
[0m[34m[TIME]: 0.0013 seconds total (777.0 hz, 6.80 ms behind)
[0m[33m[init]: disparity is 84.818,99.068 (10.00 thresh)
[0m[33m[init]: failed static init: no accel jerk detected, platform moving too much
[0m[34m[TIME]: 0.0012 seconds total (813.0 hz, 4.80 ms behind)
[0m[33m[init]: disparity is 84.818,99.068 (10.00 thresh)
[0m[33m[init]: failed static init: no accel jerk detected, platform moving too much
[0m[34m[TIME]: 0.0014 seconds total (725.2 hz, 8.80 ms behind)
[0m[33m[init]: disparity is 84.818,99.068 (10.00 thresh)
[0m[33m[init]: failed static init: no accel jerk detected, platform moving too much
[0m[34m[TIME]: 0.0012 seconds total (863.6 hz, 4.40 ms behind)
[0m[33m[init]: disparity is 84.818,99.068 (10.00 thresh)
[0m[33m[init]: failed static init: no accel jerk detected, platform moving too much
[0m[34m[TIME]: 0.0014 seconds total (696.4 hz, 8.00 ms behind)
[0m[33m[init]: disparity is 84.818,99.068 (10.00 thresh)
[0m[33m[init]: failed static init: no accel jerk detected, platform moving too much
[0m[34m[TIME]: 0.0014 seconds total (699.8 hz, 8.80 ms behind)
[0m[33m[init]: disparity is 84.818,99.068 (10.00 thresh)
[0m[33m[init]: failed static init: no accel jerk detected, platform moving too much
[0m[34m[TIME]: 0.0015 seconds total (678.9 hz, 7.60 ms behind)
[0m[33m[init]: disparity is 84.818,99.068 (10.00 thresh)
[0m[33m[init]: failed static init: no accel jerk detected, platform moving too much
[0m[34m[TIME]: 0.0012 seconds total (849.6 hz, 4.00 ms behind)
[0m[33m[init]: disparity is 84.818,99.068 (10.00 thresh)
[0m[33m[init]: failed static init: no accel jerk detected, platform moving too much
[0m[34m[TIME]: 0.0014 seconds total (719.9 hz, 8.80 ms behind)
[0m[33m[init]: disparity is 84.818,99.068 (10.00 thresh)
[0m[33m[init]: failed static init: no accel jerk detected, platform moving too much
[0m[34m[TIME]: 0.0013 seconds total (754.7 hz, 8.40 ms behind)
[0m[33m[init]: disparity is 84.818,99.068 (10.00 thresh)
[0m[33m[init]: failed static init: no accel jerk detected, platform moving too much
[0m[34m[TIME]: 0.0014 seconds total (727.8 hz, 9.20 ms behind)
[0m[33m[init]: disparity is 84.818,99.068 (10.00 thresh)
[0m[33m[init]: failed static init: no accel jerk detected, platform moving too much
[0m[34m[TIME]: 0.0014 seconds total (702.2 hz, 7.60 ms behind)
[0m[33m[init]: disparity is 84.818,99.068 (10.00 thresh)
[0m[33m[init]: failed static init: no accel jerk detected, platform moving too much
[0m[34m[TIME]: 0.0013 seconds total (785.5 hz, 7.60 ms behind)
[0m[33m[init]: disparity is 84.818,99.068 (10.00 thresh)
[0m[33m[init]: failed static init: no accel jerk detected, platform moving too much
[0m[34m[TIME]: 0.0015 seconds total (652.7 hz, 7.60 ms behind)
[0m[33m[init]: disparity is 84.818,99.068 (10.00 thresh)
[0m[33m[init]: failed static init: no accel jerk detected, platform moving too much
[0m[34m[TIME]: 0.0014 seconds total (711.2 hz, 9.60 ms behind)
[0m[33m[init]: disparity is 84.818,99.068 (10.00 thresh)
[0m[33m[init]: failed static init: no accel jerk detected, platform moving too much
[0m[34m[TIME]: 0.0014 seconds total (716.3 hz, 8.40 ms behind)
[0m[33m[init]: disparity is 84.818,99.068 (10.00 thresh)
[0m[33m[init]: failed static init: no accel jerk detected, platform moving too much
[0m[34m[TIME]: 0.0010 seconds total (983.3 hz, 7.60 ms behind)
[0m[33m[init]: disparity is 84.818,99.068 (10.00 thresh)
[0m[33m[init]: failed static init: no accel jerk detected, platform moving too much
[0m[34m[TIME]: 0.0015 seconds total (676.6 hz, 4.80 ms behind)
[0m[33m[init]: disparity is 84.818,99.068 (10.00 thresh)
[0m[33m[init]: failed static init: no accel jerk detected, platform moving too much
[0m[34m[TIME]: 0.0022 seconds total (461.5 hz, 9.20 ms behind)
[0m[33m[init]: disparity is 84.818,99.068 (10.00 thresh)
[0m[33m[init]: failed static init: no accel jerk detected, platform moving too much
[0m[34m[TIME]: 0.0019 seconds total (525.5 hz, 5.60 ms behind)
[0m[33m[init]: disparity is 84.818,99.068 (10.00 thresh)
[0m[33m[init]: failed static init: no accel jerk detected, platform moving too much
[0m[34m[TIME]: 0.0015 seconds total (660.5 hz, 6.80 ms behind)
[0m[33m[init]: disparity is 84.818,99.068 (10.00 thresh)
[0m[33m[init]: failed static init: no accel jerk detected, platform moving too much
[0m[34m[TIME]: 0.0017 seconds total (596.3 hz, 7.60 ms behind)
[0m[33m[init]: disparity is 84.818,99.068 (10.00 thresh)
[0m[33m[init]: failed static init: no accel jerk detected, platform moving too much
[0m[34m[TIME]: 0.0015 seconds total (666.7 hz, 5.60 ms behind)
[0m[33m[init]: disparity is 84.818,99.068 (10.00 thresh)
[0m[33m[init]: failed static init: no accel jerk detected, platform moving too much
[0m[34m[TIME]: 0.0016 seconds total (627.7 hz, 4.00 ms behind)
[0m[33m[init]: disparity is 84.818,99.068 (10.00 thresh)
[0m[33m[init]: failed static init: no accel jerk detected, platform moving too much
[0m[34m[TIME]: 0.0012 seconds total (838.2 hz, 4.00 ms behind)
[0m[33m[init]: disparity is 84.818,99.068 (10.00 thresh)
[0m[33m[init]: failed static init: no accel jerk detected, platform moving too much
[0m[34m[TIME]: 0.0011 seconds total (906.6 hz, 5.60 ms behind)
[0m[33m[init]: disparity is 84.818,99.068 (10.00 thresh)
[0m[33m[init]: failed static init: no accel jerk detected, platform moving too much
[0m[34m[TIME]: 0.0018 seconds total (557.4 hz, 4.80 ms behind)
[0m[33m[init]: disparity is 84.818,99.068 (10.00 thresh)
[0m[33m[init]: failed static init: no accel jerk detected, platform moving too much
[0m[34m[TIME]: 0.0012 seconds total (843.9 hz, 4.40 ms behind)
[0m[33m[init]: disparity is 84.818,99.068 (10.00 thresh)
[0m[33m[init]: failed static init: no accel jerk detected, platform moving too much
[0m[34m[TIME]: 0.0014 seconds total (734.8 hz, 5.60 ms behind)
[0m[33m[init]: disparity is 84.818,99.068 (10.00 thresh)
[0m[33m[init]: failed static init: no accel jerk detected, platform moving too much
[0m[34m[TIME]: 0.0018 seconds total (562.1 hz, 6.80 ms behind)
[0m[33m[init]: disparity is 84.818,99.068 (10.00 thresh)
[0m[33m[init]: failed static init: no accel jerk detected, platform moving too much
[0m[34m[TIME]: 0.0013 seconds total (772.2 hz, 5.20 ms behind)
[0m[33m[init]: disparity is 84.818,99.068 (10.00 thresh)
[0m[33m[init]: failed static init: no accel jerk detected, platform moving too much
[0m[34m[TIME]: 0.0013 seconds total (781.9 hz, 4.40 ms behind)
[0m[33m[init]: disparity is 84.818,99.068 (10.00 thresh)
[0m[33m[init]: failed static init: no accel jerk detected, platform moving too much
[0m[34m[TIME]: 0.0012 seconds total (868.1 hz, 4.00 ms behind)
[0m[33m[init]: disparity is 84.818,99.068 (10.00 thresh)
[0m[33m[init]: failed static init: no accel jerk detected, platform moving too much
[0m[34m[TIME]: 0.0012 seconds total (809.1 hz, 5.60 ms behind)
[0m[33m[init]: disparity is 84.818,99.068 (10.00 thresh)
[0m[33m[init]: failed static init: no accel jerk detected, platform moving too much
[0m[34m[TIME]: 0.0012 seconds total (801.3 hz, 4.00 ms behind)
[0m[33m[init]: disparity is 84.818,99.068 (10.00 thresh)
[0m[33m[init]: failed static init: no accel jerk detected, platform moving too much
[0m[34m[TIME]: 0.0012 seconds total (817.0 hz, 4.00 ms behind)
[0m[33m[init]: disparity is 84.818,99.068 (10.00 thresh)
[0m[33m[init]: failed static init: no accel jerk detected, platform moving too much
[0m[34m[TIME]: 0.0015 seconds total (668.0 hz, 4.80 ms behind)
[0m[33m[init]: disparity is 84.818,99.068 (10.00 thresh)
[0m[33m[init]: failed static init: no accel jerk detected, platform moving too much
[0m[34m[TIME]: 0.0012 seconds total (823.0 hz, 6.00 ms behind)
[0m[33m[init]: disparity is 84.818,99.068 (10.00 thresh)
[0m[33m[init]: failed static init: no accel jerk detected, platform moving too much
[0m[34m[TIME]: 0.0012 seconds total (854.7 hz, 6.00 ms behind)
[0m[33m[init]: disparity is 84.818,99.068 (10.00 thresh)
[0m[33m[init]: failed static init: no accel jerk detected, platform moving too much
[0m[34m[TIME]: 0.0012 seconds total (814.3 hz, 4.40 ms behind)
[0m[33m[init]: disparity is 84.818,99.068 (10.00 thresh)
[0m[33m[init]: failed static init: no accel jerk detected, platform moving too much
[0m[34m[TIME]: 0.0013 seconds total (772.8 hz, 4.80 ms behind)
[0m[33m[init]: disparity is 84.818,99.068 (10.00 thresh)
[0m[33m[init]: failed static init: no accel jerk detected, platform moving too much
[0m[34m[TIME]: 0.0014 seconds total (726.7 hz, 4.40 ms behind)
[0m[33m[init]: disparity is 84.818,99.068 (10.00 thresh)
[0m[33m[init]: failed static init: no accel jerk detected, platform moving too much
[0m[34m[TIME]: 0.0013 seconds total (762.8 hz, 4.80 ms behind)
[0m[33m[init]: disparity is 84.818,99.068 (10.00 thresh)
[0m[33m[init]: failed static init: no accel jerk detected, platform moving too much
[0m[34m[TIME]: 0.0012 seconds total (827.1 hz, 5.60 ms behind)
[0m[33m[init]: disparity is 84.818,99.068 (10.00 thresh)
[0m[33m[init]: failed static init: no accel jerk detected, platform moving too much
[0m[34m[TIME]: 0.0012 seconds total (808.4 hz, 5.60 ms behind)
[0m[33m[init]: disparity is 84.818,99.068 (10.00 thresh)
[0m[33m[init]: failed static init: no accel jerk detected, platform moving too much
[0m[34m[TIME]: 0.0014 seconds total (740.2 hz, 5.60 ms behind)
[0m[33m[init]: disparity is 84.818,99.068 (10.00 thresh)
[0m[33m[init]: failed static init: no accel jerk detected, platform moving too much
[0m[34m[TIME]: 0.0015 seconds total (681.7 hz, 5.60 ms behind)
[0m[33m[init]: disparity is 84.818,99.068 (10.00 thresh)
[0m[33m[init]: failed static init: no accel jerk detected, platform moving too much
[0m[34m[TIME]: 0.0011 seconds total (919.1 hz, 4.00 ms behind)
[0m[33m[init]: disparity is 84.818,99.068 (10.00 thresh)
[0m[33m[init]: failed static init: no accel jerk detected, platform moving too much
[0m[34m[TIME]: 0.0014 seconds total (703.2 hz, 5.20 ms behind)
[0m[33m[init]: disparity is 84.818,99.068 (10.00 thresh)
[0m[33m[init]: failed static init: no accel jerk detected, platform moving too much
[0m[34m[TIME]: 0.0013 seconds total (798.1 hz, 4.80 ms behind)
[0m[33m[init]: disparity is 84.818,99.068 (10.00 thresh)
[0m[33m[init]: failed static init: no accel jerk detected, platform moving too much
[0m[34m[TIME]: 0.0013 seconds total (753.6 hz, 4.00 ms behind)
[0m[33m[init]: disparity is 84.818,99.068 (10.00 thresh)
[0m[33m[init]: failed static init: no accel jerk detected, platform moving too much
[0m[34m[TIME]: 0.0016 seconds total (609.8 hz, 5.60 ms behind)
[0m[33m[init]: disparity is 84.818,99.068 (10.00 thresh)
[0m[33m[init]: failed static init: no accel jerk detected, platform moving too much
[0m[34m[TIME]: 0.0013 seconds total (796.8 hz, 4.00 ms behind)
[0m[33m[init]: disparity is 84.818,99.068 (10.00 thresh)
[0m[33m[init]: failed static init: no accel jerk detected, platform moving too much
[0m[34m[TIME]: 0.0012 seconds total (841.8 hz, 5.60 ms behind)
[0m[33m[init]: disparity is 84.818,99.068 (10.00 thresh)
[0m[33m[init]: failed static init: no accel jerk detected, platform moving too much
[0m[34m[TIME]: 0.0012 seconds total (868.8 hz, 4.00 ms behind)
[0m[33m[init]: disparity is 84.818,99.068 (10.00 thresh)
[0m[33m[init]: failed static init: no accel jerk detected, platform moving too much
[0m[34m[TIME]: 0.0009 seconds total (1052.6 hz, 4.00 ms behind)
[0m[33m[init]: disparity is 84.818,99.068 (10.00 thresh)
[0m[33m[init]: failed static init: no accel jerk detected, platform moving too much
[0m[34m[TIME]: 0.0013 seconds total (780.6 hz, 4.00 ms behind)
[0m[33m[init]: disparity is 84.818,99.068 (10.00 thresh)
[0m[33m[init]: failed static init: no accel jerk detected, platform moving too much
[0m[34m[TIME]: 0.0012 seconds total (817.7 hz, 4.00 ms behind)
[0m[33m[init]: disparity is 84.818,99.068 (10.00 thresh)
[0m[33m[init]: failed static init: no accel jerk detected, platform moving too much
[0m[34m[TIME]: 0.0012 seconds total (825.1 hz, 5.20 ms behind)
[0m[33m[init]: disparity is 84.818,99.068 (10.00 thresh)
[0m[33m[init]: failed static init: no accel jerk detected, platform moving too much
[0m[34m[TIME]: 0.0015 seconds total (660.1 hz, 4.00 ms behind)
[0m[33m[init]: disparity is 84.818,99.068 (10.00 thresh)
[0m[33m[init]: failed static init: no accel jerk detected, platform moving too much
[0m[34m[TIME]: 0.0011 seconds total (945.2 hz, 4.00 ms behind)
[0m[33m[init]: disparity is 84.818,99.068 (10.00 thresh)
[0m[33m[init]: failed static init: no accel jerk detected, platform moving too much
[0m[34m[TIME]: 0.0014 seconds total (709.7 hz, 4.00 ms behind)
[0m[33m[init]: disparity is 84.818,99.068 (10.00 thresh)
[0m[33m[init]: failed static init: no accel jerk detected, platform moving too much
[0m[34m[TIME]: 0.0010 seconds total (999.0 hz, 5.20 ms behind)
[0m[33m[init]: disparity is 84.818,99.068 (10.00 thresh)
[0m[33m[init]: failed static init: no accel jerk detected, platform moving too much
[0m[34m[TIME]: 0.0012 seconds total (811.7 hz, 5.60 ms behind)
[0m[33m[init]: disparity is 84.818,99.068 (10.00 thresh)
[0m[33m[init]: failed static init: no accel jerk detected, platform moving too much
[0m[34m[TIME]: 0.0012 seconds total (832.6 hz, 4.00 ms behind)
[0m[33m[init]: disparity is 84.818,99.068 (10.00 thresh)
[0m[33m[init]: failed static init: no accel jerk detected, platform moving too much
[0m[34m[TIME]: 0.0013 seconds total (784.3 hz, 5.60 ms behind)
[0m[33m[init]: disparity is 84.818,99.068 (10.00 thresh)
[0m[33m[init]: failed static init: no accel jerk detected, platform moving too much
[0m[34m[TIME]: 0.0013 seconds total (742.4 hz, 4.80 ms behind)
[0m[33m[init]: disparity is 84.818,99.068 (10.00 thresh)
[0m[33m[init]: failed static init: no accel jerk detected, platform moving too much
[0m[34m[TIME]: 0.0013 seconds total (791.8 hz, 4.00 ms behind)
[0m[33m[init]: disparity is 84.818,99.068 (10.00 thresh)
[0m[33m[init]: failed static init: no accel jerk detected, platform moving too much
[0m[34m[TIME]: 0.0013 seconds total (787.4 hz, 4.00 ms behind)
[0m[33m[init]: disparity is 84.818,99.068 (10.00 thresh)
[0m[33m[init]: failed static init: no accel jerk detected, platform moving too much
[0m[34m[TIME]: 0.0011 seconds total (888.9 hz, 3.60 ms behind)
[0m[33m[init]: disparity is 84.818,99.068 (10.00 thresh)
[0m[33m[init]: failed static init: no accel jerk detected, platform moving too much
[0m[34m[TIME]: 0.0013 seconds total (786.2 hz, 5.20 ms behind)
[0m[33m[init]: disparity is 84.818,99.068 (10.00 thresh)
[0m[33m[init]: failed static init: no accel jerk detected, platform moving too much
[0m[34m[TIME]: 0.0011 seconds total (869.6 hz, 4.00 ms behind)
[0m[33m[init]: disparity is 84.818,99.068 (10.00 thresh)
[0m[33m[init]: failed static init: no accel jerk detected, platform moving too much
[0m[34m[TIME]: 0.0013 seconds total (777.6 hz, 4.80 ms behind)
[0m[33m[init]: disparity is 84.818,99.068 (10.00 thresh)
[0m[33m[init]: failed static init: no accel jerk detected, platform moving too much
[0m[34m[TIME]: 0.0013 seconds total (789.9 hz, 5.60 ms behind)
[0m[33m[init]: disparity is 84.818,99.068 (10.00 thresh)
[0m[33m[init]: failed static init: no accel jerk detected, platform moving too much
[0m[34m[TIME]: 0.0013 seconds total (749.1 hz, 5.60 ms behind)
[0m[33m[init]: disparity is 84.818,99.068 (10.00 thresh)
[0m[33m[init]: failed static init: no accel jerk detected, platform moving too much
[0m[34m[TIME]: 0.0013 seconds total (786.8 hz, 5.60 ms behind)
[0m[33m[init]: disparity is 84.818,99.068 (10.00 thresh)
[0m[33m[init]: failed static init: no accel jerk detected, platform moving too much
[0m[34m[TIME]: 0.0012 seconds total (820.3 hz, 4.80 ms behind)
[0m[33m[init]: disparity is 84.818,99.068 (10.00 thresh)
[0m[33m[init]: failed static init: no accel jerk detected, platform moving too much
[0m[34m[TIME]: 0.0014 seconds total (732.1 hz, 4.80 ms behind)
[0m[33m[init]: disparity is 84.818,99.068 (10.00 thresh)
[0m[33m[init]: failed static init: no accel jerk detected, platform moving too much
[0m[34m[TIME]: 0.0016 seconds total (638.2 hz, 6.00 ms behind)
[0m[33m[init]: disparity is 84.818,99.068 (10.00 thresh)
[0m[33m[init]: failed static init: no accel jerk detected, platform moving too much
[0m[34m[TIME]: 0.0013 seconds total (767.5 hz, 5.60 ms behind)
[0m[33m[init]: disparity is 84.818,99.068 (10.00 thresh)
[0m[33m[init]: failed static init: no accel jerk detected, platform moving too much
[0m[34m[TIME]: 0.0014 seconds total (708.2 hz, 4.00 ms behind)
[0m[33m[init]: disparity is 84.818,99.068 (10.00 thresh)
[0m[33m[init]: failed static init: no accel jerk detected, platform moving too much
[0m[34m[TIME]: 0.0010 seconds total (984.3 hz, 6.00 ms behind)
[0m[33m[init]: disparity is 84.818,99.068 (10.00 thresh)
[0m[33m[init]: failed static init: no accel jerk detected, platform moving too much
[0m[34m[TIME]: 0.0012 seconds total (859.8 hz, 4.80 ms behind)
[0m[33m[init]: disparity is 84.818,99.068 (10.00 thresh)
[0m[33m[init]: failed static init: no accel jerk detected, platform moving too much
[0m[34m[TIME]: 0.0012 seconds total (835.4 hz, 4.40 ms behind)
[0m[33m[init]: disparity is 84.818,99.068 (10.00 thresh)
[0m[33m[init]: failed static init: no accel jerk detected, platform moving too much
[0m[34m[TIME]: 0.0014 seconds total (689.7 hz, 4.80 ms behind)
[0m[33m[init]: disparity is 84.818,99.068 (10.00 thresh)
[0m[33m[init]: failed static init: no accel jerk detected, platform moving too much
[0m[34m[TIME]: 0.0013 seconds total (751.9 hz, 4.40 ms behind)
[0m[33m[init]: disparity is 84.818,99.068 (10.00 thresh)
[0m[33m[init]: failed static init: no accel jerk detected, platform moving too much
[0m[34m[TIME]: 0.0013 seconds total (768.6 hz, 4.80 ms behind)
[0m[33m[init]: disparity is 84.818,99.068 (10.00 thresh)
[0m[33m[init]: failed static init: no accel jerk detected, platform moving too much
[0m[34m[TIME]: 0.0012 seconds total (849.6 hz, 4.40 ms behind)
[0m[33m[init]: disparity is 84.818,99.068 (10.00 thresh)
[0m[33m[init]: failed static init: no accel jerk detected, platform moving too much
[0m[34m[TIME]: 0.0013 seconds total (794.9 hz, 5.20 ms behind)
[0m[33m[init]: disparity is 84.818,99.068 (10.00 thresh)
[0m[33m[init]: failed static init: no accel jerk detected, platform moving too much
[0m[34m[TIME]: 0.0013 seconds total (742.4 hz, 5.60 ms behind)
[0m[33m[init]: disparity is 84.818,99.068 (10.00 thresh)
[0m[33m[init]: failed static init: no accel jerk detected, platform moving too much
[0m[34m[TIME]: 0.0013 seconds total (761.0 hz, 4.80 ms behind)
[0m[33m[init]: disparity is 84.818,99.068 (10.00 thresh)
[0m[33m[init]: failed static init: no accel jerk detected, platform moving too much
[0m[34m[TIME]: 0.0012 seconds total (851.8 hz, 4.80 ms behind)
[0m[33m[init]: disparity is 84.818,99.068 (10.00 thresh)
[0m[33m[init]: failed static init: no accel jerk detected, platform moving too much
[0m[34m[TIME]: 0.0011 seconds total (929.4 hz, 4.80 ms behind)
[0m[33m[init]: disparity is 84.818,99.068 (10.00 thresh)
[0m[33m[init]: failed static init: no accel jerk detected, platform moving too much
[0m[34m[TIME]: 0.0012 seconds total (844.6 hz, 5.60 ms behind)
[0m[33m[init]: disparity is 84.818,99.068 (10.00 thresh)
[0m[33m[init]: failed static init: no accel jerk detected, platform moving too much
[0m[34m[TIME]: 0.0012 seconds total (826.4 hz, 5.20 ms behind)
[0m[33m[init]: disparity is 84.818,99.068 (10.00 thresh)
[0m[33m[init]: failed static init: no accel jerk detected, platform moving too much
[0m[34m[TIME]: 0.0011 seconds total (881.8 hz, 4.00 ms behind)
[0m[33m[init]: disparity is 84.818,99.068 (10.00 thresh)
[0m[33m[init]: failed static init: no accel jerk detected, platform moving too much
[0m[34m[TIME]: 0.0011 seconds total (878.7 hz, 3.60 ms behind)
[0m[33m[init]: disparity is 84.818,99.068 (10.00 thresh)
[0m[33m[init]: failed static init: no accel jerk detected, platform moving too much
[0m[34m[TIME]: 0.0011 seconds total (889.7 hz, 4.80 ms behind)
[0m[33m[init]: disparity is 84.818,99.068 (10.00 thresh)
[0m[33m[init]: failed static init: no accel jerk detected, platform moving too much
[0m[34m[TIME]: 0.0014 seconds total (721.5 hz, 4.00 ms behind)
[0m[33m[init]: disparity is 84.818,99.068 (10.00 thresh)
[0m[33m[init]: failed static init: no accel jerk detected, platform moving too much
[0m[34m[TIME]: 0.0014 seconds total (724.6 hz, 4.00 ms behind)
[0m[33m[init]: disparity is 84.818,99.068 (10.00 thresh)
[0m[33m[init]: failed static init: no accel jerk detected, platform moving too much
[0m[34m[TIME]: 0.0012 seconds total (801.3 hz, 4.00 ms behind)
[0m[33m[init]: disparity is 84.818,99.068 (10.00 thresh)
[0m[33m[init]: failed static init: no accel jerk detected, platform moving too much
[0m[34m[TIME]: 0.0014 seconds total (721.0 hz, 5.60 ms behind)
[0m[33m[init]: disparity is 84.818,99.068 (10.00 thresh)
[0m[33m[init]: failed static init: no accel jerk detected, platform moving too much
[0m[34m[TIME]: 0.0012 seconds total (848.2 hz, 4.80 ms behind)
[0m[33m[init]: disparity is 84.818,99.068 (10.00 thresh)
[0m[33m[init]: failed static init: no accel jerk detected, platform moving too much
[0m[34m[TIME]: 0.0011 seconds total (922.5 hz, 4.80 ms behind)
[0m[33m[init]: disparity is 84.818,99.068 (10.00 thresh)
[0m[33m[init]: failed static init: no accel jerk detected, platform moving too much
[0m[34m[TIME]: 0.0011 seconds total (892.1 hz, 6.80 ms behind)
[0m[33m[init]: disparity is 84.818,99.068 (10.00 thresh)
[0m[33m[init]: failed static init: no accel jerk detected, platform moving too much
[0m[34m[TIME]: 0.0012 seconds total (822.4 hz, 4.80 ms behind)
[0m[33m[init]: disparity is 84.818,99.068 (10.00 thresh)
[0m[33m[init]: failed static init: no accel jerk detected, platform moving too much
[0m[34m[TIME]: 0.0013 seconds total (784.3 hz, 4.80 ms behind)
[0m[33m[init]: disparity is 84.818,99.068 (10.00 thresh)
[0m[33m[init]: failed static init: no accel jerk detected, platform moving too much
[0m[34m[TIME]: 0.0012 seconds total (859.1 hz, 3.60 ms behind)
[0m[33m[init]: disparity is 84.818,99.068 (10.00 thresh)
[0m[33m[init]: failed static init: no accel jerk detected, platform moving too much
[0m[34m[TIME]: 0.0013 seconds total (798.1 hz, 5.20 ms behind)
[0m[33m[init]: disparity is 84.818,99.068 (10.00 thresh)
[0m[33m[init]: failed static init: no accel jerk detected, platform moving too much
[0m[34m[TIME]: 0.0012 seconds total (866.6 hz, 5.60 ms behind)
[0m[33m[init]: disparity is 84.818,99.068 (10.00 thresh)
[0m[33m[init]: failed static init: no accel jerk detected, platform moving too much
[0m[34m[TIME]: 0.0011 seconds total (876.4 hz, 5.20 ms behind)
[0m[33m[init]: disparity is 84.818,99.068 (10.00 thresh)
[0m[33m[init]: failed static init: no accel jerk detected, platform moving too much
[0m[34m[TIME]: 0.0012 seconds total (857.6 hz, 5.60 ms behind)
[0m[33m[init]: disparity is 84.818,99.068 (10.00 thresh)
[0m[33m[init]: failed static init: no accel jerk detected, platform moving too much
[0m[34m[TIME]: 0.0010 seconds total (995.0 hz, 4.80 ms behind)
[0m[33m[init]: disparity is 84.818,99.068 (10.00 thresh)
[0m[33m[init]: failed static init: no accel jerk detected, platform moving too much
[0m[34m[TIME]: 0.0012 seconds total (846.7 hz, 4.40 ms behind)
[0m[33m[init]: disparity is 84.818,99.068 (10.00 thresh)
[0m[33m[init]: failed static init: no accel jerk detected, platform moving too much
[0m[34m[TIME]: 0.0015 seconds total (663.6 hz, 4.80 ms behind)
[0m[33m[init]: disparity is 84.818,99.068 (10.00 thresh)
[0m[33m[init]: failed static init: no accel jerk detected, platform moving too much
[0m[34m[TIME]: 0.0013 seconds total (791.1 hz, 5.60 ms behind)
[0m[33m[init]: disparity is 84.818,99.068 (10.00 thresh)
[0m[33m[init]: failed static init: no accel jerk detected, platform moving too much
[0m[34m[TIME]: 0.0012 seconds total (829.9 hz, 5.60 ms behind)
[0m[33m[init]: disparity is 84.818,99.068 (10.00 thresh)
[0m[33m[init]: failed static init: no accel jerk detected, platform moving too much
[0m[34m[TIME]: 0.0015 seconds total (654.5 hz, 4.40 ms behind)
[0m[33m[init]: disparity is 84.818,99.068 (10.00 thresh)
[0m[33m[init]: failed static init: no accel jerk detected, platform moving too much
[0m[34m[TIME]: 0.0012 seconds total (845.3 hz, 4.80 ms behind)
[0m[33m[init]: disparity is 84.818,99.068 (10.00 thresh)
[0m[33m[init]: failed static init: no accel jerk detected, platform moving too much
[0m[34m[TIME]: 0.0014 seconds total (713.3 hz, 4.40 ms behind)
[0m[33m[init]: disparity is 84.818,99.068 (10.00 thresh)
[0m[33m[init]: failed static init: no accel jerk detected, platform moving too much
[0m[34m[TIME]: 0.0011 seconds total (882.6 hz, 4.00 ms behind)
[0m[33m[init]: disparity is 84.818,99.068 (10.00 thresh)
[0m[33m[init]: failed static init: no accel jerk detected, platform moving too much
[0m[34m[TIME]: 0.0014 seconds total (740.2 hz, 5.60 ms behind)
[0m[33m[init]: disparity is 84.818,99.068 (10.00 thresh)
[0m[33m[init]: failed static init: no accel jerk detected, platform moving too much
[0m[34m[TIME]: 0.0015 seconds total (679.8 hz, 6.80 ms behind)
[0m[33m[init]: disparity is 84.818,99.068 (10.00 thresh)
[0m[33m[init]: failed static init: no accel jerk detected, platform moving too much
[0m[34m[TIME]: 0.0013 seconds total (779.4 hz, 6.40 ms behind)
[0m[33m[init]: disparity is 84.818,99.068 (10.00 thresh)
[0m[33m[init]: failed static init: no accel jerk detected, platform moving too much
[0m[34m[TIME]: 0.0012 seconds total (834.7 hz, 4.80 ms behind)
[0m[33m[init]: disparity is 84.818,99.068 (10.00 thresh)
[0m[33m[init]: failed static init: no accel jerk detected, platform moving too much
[0m[34m[TIME]: 0.0012 seconds total (836.1 hz, 5.60 ms behind)
[0m[33m[init]: disparity is 84.818,99.068 (10.00 thresh)
[0m[33m[init]: failed static init: no accel jerk detected, platform moving too much
[0m[34m[TIME]: 0.0012 seconds total (836.1 hz, 6.80 ms behind)
[0m[33m[init]: disparity is 84.818,99.068 (10.00 thresh)
[0m[33m[init]: failed static init: no accel jerk detected, platform moving too much
[0m[34m[TIME]: 0.0017 seconds total (580.7 hz, 6.00 ms behind)
[0m[33m[init]: disparity is 84.818,99.068 (10.00 thresh)
[0m[33m[init]: failed static init: no accel jerk detected, platform moving too much
[0m[34m[TIME]: 0.0012 seconds total (863.6 hz, 5.20 ms behind)
[0m[33m[init]: disparity is 84.818,99.068 (10.00 thresh)
[0m[33m[init]: failed static init: no accel jerk detected, platform moving too much
[0m[34m[TIME]: 0.0012 seconds total (857.6 hz, 3.60 ms behind)
[0m[33m[init]: disparity is 84.818,99.068 (10.00 thresh)
[0m[33m[init]: failed static init: no accel jerk detected, platform moving too much
[0m[34m[TIME]: 0.0014 seconds total (707.7 hz, 5.20 ms behind)
[0m[33m[init]: disparity is 84.818,99.068 (10.00 thresh)
[0m[33m[init]: failed static init: no accel jerk detected, platform moving too much
[0m[34m[TIME]: 0.0013 seconds total (776.4 hz, 5.60 ms behind)
[0m[33m[init]: disparity is 84.818,99.068 (10.00 thresh)
[0m[33m[init]: failed static init: no accel jerk detected, platform moving too much
[0m[34m[TIME]: 0.0013 seconds total (781.9 hz, 5.20 ms behind)
[0m[33m[init]: disparity is 84.818,99.068 (10.00 thresh)
[0m[33m[init]: failed static init: no accel jerk detected, platform moving too much
[0m[34m[TIME]: 0.0016 seconds total (620.0 hz, 6.00 ms behind)
[0m[33m[init]: disparity is 84.818,99.068 (10.00 thresh)
[0m[33m[init]: failed static init: no accel jerk detected, platform moving too much
[0m[34m[TIME]: 0.0012 seconds total (827.8 hz, 6.80 ms behind)
[0m[33m[init]: disparity is 84.818,99.068 (10.00 thresh)
[0m[33m[init]: failed static init: no accel jerk detected, platform moving too much
[0m[34m[TIME]: 0.0015 seconds total (655.7 hz, 5.60 ms behind)
[0m[33m[init]: disparity is 84.818,99.068 (10.00 thresh)
[0m[33m[init]: failed static init: no accel jerk detected, platform moving too much
[0m[34m[TIME]: 0.0015 seconds total (677.0 hz, 5.60 ms behind)
[0m[33m[init]: disparity is 84.818,99.068 (10.00 thresh)
[0m[33m[init]: failed static init: no accel jerk detected, platform moving too much
[0m[34m[TIME]: 0.0017 seconds total (599.9 hz, 5.60 ms behind)
[0m[33m[init]: disparity is 84.818,99.068 (10.00 thresh)
[0m[33m[init]: failed static init: no accel jerk detected, platform moving too much
[0m[34m[TIME]: 0.0014 seconds total (728.9 hz, 5.20 ms behind)
[0m[33m[init]: disparity is 84.818,99.068 (10.00 thresh)
[0m[33m[init]: failed static init: no accel jerk detected, platform moving too much
[0m[34m[TIME]: 0.0012 seconds total (827.1 hz, 4.80 ms behind)
[0m[33m[init]: disparity is 84.818,99.068 (10.00 thresh)
[0m[33m[init]: failed static init: no accel jerk detected, platform moving too much
[0m[34m[TIME]: 0.0012 seconds total (824.4 hz, 6.00 ms behind)
[0m[33m[init]: disparity is 84.818,99.068 (10.00 thresh)
[0m[33m[init]: failed static init: no accel jerk detected, platform moving too much
[0m[34m[TIME]: 0.0013 seconds total (752.4 hz, 6.40 ms behind)
[0m[33m[init]: disparity is 84.818,99.068 (10.00 thresh)
[0m[33m[init]: failed static init: no accel jerk detected, platform moving too much
[0m[34m[TIME]: 0.0013 seconds total (757.0 hz, 5.60 ms behind)
[0m[33m[init]: disparity is 84.818,99.068 (10.00 thresh)
[0m[33m[init]: failed static init: no accel jerk detected, platform moving too much
[0m[34m[TIME]: 0.0015 seconds total (678.0 hz, 3.60 ms behind)
[0m[33m[init]: disparity is 84.818,99.068 (10.00 thresh)
[0m[33m[init]: failed static init: no accel jerk detected, platform moving too much
[0m[34m[TIME]: 0.0014 seconds total (714.3 hz, 4.80 ms behind)
[0m[33m[init]: disparity is 84.818,99.068 (10.00 thresh)
[0m[33m[init]: failed static init: no accel jerk detected, platform moving too much
[0m[34m[TIME]: 0.0011 seconds total (902.5 hz, 4.00 ms behind)
[0m[33m[init]: disparity is 84.818,99.068 (10.00 thresh)
[0m[33m[init]: failed static init: no accel jerk detected, platform moving too much
[0m[34m[TIME]: 0.0012 seconds total (819.7 hz, 4.80 ms behind)
[0m[33m[init]: disparity is 84.818,99.068 (10.00 thresh)
[0m[33m[init]: failed static init: no accel jerk detected, platform moving too much
[0m[34m[TIME]: 0.0014 seconds total (728.3 hz, 5.60 ms behind)
[0m[33m[init]: disparity is 84.818,99.068 (10.00 thresh)
[0m[33m[init]: failed static init: no accel jerk detected, platform moving too much
[0m[34m[TIME]: 0.0013 seconds total (771.0 hz, 4.80 ms behind)
[0m[33m[init]: disparity is 84.818,99.068 (10.00 thresh)
[0m[33m[init]: failed static init: no accel jerk detected, platform moving too much
[0m[34m[TIME]: 0.0014 seconds total (695.4 hz, 4.40 ms behind)
[0m[33m[init]: disparity is 84.818,99.068 (10.00 thresh)
[0m[33m[init]: failed static init: no accel jerk detected, platform moving too much
[0m[34m[TIME]: 0.0013 seconds total (779.4 hz, 4.80 ms behind)
[0m[33m[init]: disparity is 84.818,99.068 (10.00 thresh)
[0m[33m[init]: failed static init: no accel jerk detected, platform moving too much
[0m[34m[TIME]: 0.0010 seconds total (955.1 hz, 5.60 ms behind)
[0m[33m[init]: disparity is 84.818,99.068 (10.00 thresh)
[0m[33m[init]: failed static init: no accel jerk detected, platform moving too much
[0m[34m[TIME]: 0.0015 seconds total (667.1 hz, 3.60 ms behind)
[0m[33m[init]: disparity is 84.818,99.068 (10.00 thresh)
[0m[33m[init]: failed static init: no accel jerk detected, platform moving too much
[0m[34m[TIME]: 0.0015 seconds total (668.9 hz, 6.00 ms behind)
[0m[33m[init]: disparity is 84.818,99.068 (10.00 thresh)
[0m[33m[init]: failed static init: no accel jerk detected, platform moving too much
[0m[34m[TIME]: 0.0014 seconds total (708.2 hz, 5.60 ms behind)
[0m[33m[init]: disparity is 84.818,99.068 (10.00 thresh)
[0m[33m[init]: failed static init: no accel jerk detected, platform moving too much
[0m[34m[TIME]: 0.0012 seconds total (851.8 hz, 4.80 ms behind)
[0m[33m[init]: disparity is 84.818,99.068 (10.00 thresh)
[0m[33m[init]: failed static init: no accel jerk detected, platform moving too much
[0m[34m[TIME]: 0.0012 seconds total (808.4 hz, 4.80 ms behind)
[0m[33m[init]: disparity is 84.818,99.068 (10.00 thresh)
[0m[33m[init]: failed static init: no accel jerk detected, platform moving too much
[0m[34m[TIME]: 0.0013 seconds total (796.8 hz, 4.80 ms behind)
[0m[33m[init]: disparity is 84.818,99.068 (10.00 thresh)
[0m[33m[init]: failed static init: no accel jerk detected, platform moving too much
[0m[34m[TIME]: 0.0011 seconds total (911.6 hz, 4.80 ms behind)
[0m[33m[init]: disparity is 84.818,99.068 (10.00 thresh)
[0m[33m[init]: failed static init: no accel jerk detected, platform moving too much
[0m[34m[TIME]: 0.0014 seconds total (707.2 hz, 7.60 ms behind)
[0m[33m[init]: disparity is 84.818,99.068 (10.00 thresh)
[0m[33m[init]: failed static init: no accel jerk detected, platform moving too much
[0m[34m[TIME]: 0.0014 seconds total (736.4 hz, 5.60 ms behind)
[0m[33m[init]: disparity is 84.818,99.068 (10.00 thresh)
[0m[33m[init]: failed static init: no accel jerk detected, platform moving too much
[0m[34m[TIME]: 0.0013 seconds total (754.1 hz, 5.60 ms behind)
[0m[33m[init]: disparity is 84.818,99.068 (10.00 thresh)
[0m[33m[init]: failed static init: no accel jerk detected, platform moving too much
[0m[34m[TIME]: 0.0010 seconds total (974.7 hz, 6.80 ms behind)
[0m[33m[init]: disparity is 84.818,99.068 (10.00 thresh)
[0m[33m[init]: failed static init: no accel jerk detected, platform moving too much
[0m[34m[TIME]: 0.0013 seconds total (797.4 hz, 4.00 ms behind)
[0m[33m[init]: disparity is 84.818,99.068 (10.00 thresh)
[0m[33m[init]: failed static init: no accel jerk detected, platform moving too much
[0m[34m[TIME]: 0.0013 seconds total (742.4 hz, 4.80 ms behind)
[0m[33m[init]: disparity is 84.818,99.068 (10.00 thresh)
[0m[33m[init]: failed static init: no accel jerk detected, platform moving too much
[0m[34m[TIME]: 0.0013 seconds total (759.9 hz, 5.60 ms behind)
[0m[33m[init]: disparity is 84.818,99.068 (10.00 thresh)
[0m[33m[init]: failed static init: no accel jerk detected, platform moving too much
[0m[34m[TIME]: 0.0013 seconds total (767.5 hz, 6.00 ms behind)
[0m[33m[init]: disparity is 84.818,99.068 (10.00 thresh)
[0m[33m[init]: failed static init: no accel jerk detected, platform moving too much
[0m[34m[TIME]: 0.0014 seconds total (704.7 hz, 5.60 ms behind)
[0m[33m[init]: disparity is 84.818,99.068 (10.00 thresh)
[0m[33m[init]: failed static init: no accel jerk detected, platform moving too much
[0m[34m[TIME]: 0.0013 seconds total (772.2 hz, 5.60 ms behind)
[0m[33m[init]: disparity is 84.818,99.068 (10.00 thresh)
[0m[33m[init]: failed static init: no accel jerk detected, platform moving too much
[0m[34m[TIME]: 0.0013 seconds total (745.2 hz, 5.60 ms behind)
[0m[33m[init]: disparity is 84.818,99.068 (10.00 thresh)
[0m[33m[init]: failed static init: no accel jerk detected, platform moving too much
[0m[34m[TIME]: 0.0015 seconds total (676.1 hz, 5.60 ms behind)
[0m[33m[init]: disparity is 84.818,99.068 (10.00 thresh)
[0m[33m[init]: failed static init: no accel jerk detected, platform moving too much
[0m[34m[TIME]: 0.0015 seconds total (675.7 hz, 4.40 ms behind)
[0m[33m[init]: disparity is 84.818,99.068 (10.00 thresh)
[0m[33m[init]: failed static init: no accel jerk detected, platform moving too much
[0m[34m[TIME]: 0.0013 seconds total (772.2 hz, 5.60 ms behind)
[0m[33m[init]: disparity is 84.818,99.068 (10.00 thresh)
[0m[33m[init]: failed static init: no accel jerk detected, platform moving too much
[0m[34m[TIME]: 0.0012 seconds total (831.3 hz, 4.00 ms behind)
[0m[33m[init]: disparity is 84.818,99.068 (10.00 thresh)
[0m[33m[init]: failed static init: no accel jerk detected, platform moving too much
[0m[34m[TIME]: 0.0010 seconds total (996.0 hz, 6.80 ms behind)
[0m[33m[init]: disparity is 84.818,99.068 (10.00 thresh)
[0m[33m[init]: failed static init: no accel jerk detected, platform moving too much
[0m[34m[TIME]: 0.0011 seconds total (924.2 hz, 5.60 ms behind)
[0m[33m[init]: disparity is 84.818,99.068 (10.00 thresh)
[0m[33m[init]: failed static init: no accel jerk detected, platform moving too much
[0m[34m[TIME]: 0.0014 seconds total (690.1 hz, 6.00 ms behind)
[0m[33m[init]: disparity is 84.818,99.068 (10.00 thresh)
[0m[33m[init]: failed static init: no accel jerk detected, platform moving too much
[0m[34m[TIME]: 0.0014 seconds total (725.2 hz, 4.80 ms behind)
[0m[33m[init]: disparity is 84.818,99.068 (10.00 thresh)
[0m[33m[init]: failed static init: no accel jerk detected, platform moving too much
[0m[34m[TIME]: 0.0011 seconds total (891.3 hz, 6.80 ms behind)
[0m[33m[init]: disparity is 84.818,99.068 (10.00 thresh)
[0m[33m[init]: failed static init: no accel jerk detected, platform moving too much
[0m[34m[TIME]: 0.0013 seconds total (753.6 hz, 6.00 ms behind)
[0m[33m[init]: disparity is 84.818,99.068 (10.00 thresh)
[0m[33m[init]: failed static init: no accel jerk detected, platform moving too much
[0m[34m[TIME]: 0.0010 seconds total (980.4 hz, 4.80 ms behind)
[0m[33m[init]: disparity is 84.818,99.068 (10.00 thresh)
[0m[33m[init]: failed static init: no accel jerk detected, platform moving too much
[0m[34m[TIME]: 0.0011 seconds total (893.7 hz, 6.00 ms behind)
[0m[33m[init]: disparity is 84.818,99.068 (10.00 thresh)
[0m[33m[init]: failed static init: no accel jerk detected, platform moving too much
[0m[34m[TIME]: 0.0011 seconds total (892.9 hz, 5.60 ms behind)
[0m[33m[init]: disparity is 84.818,99.068 (10.00 thresh)
[0m[33m[init]: failed static init: no accel jerk detected, platform moving too much
[0m[34m[TIME]: 0.0012 seconds total (862.1 hz, 5.60 ms behind)
[0m[33m[init]: disparity is 84.818,99.068 (10.00 thresh)
[0m[33m[init]: failed static init: no accel jerk detected, platform moving too much
[0m[34m[TIME]: 0.0012 seconds total (846.7 hz, 4.00 ms behind)
[0m[33m[init]: disparity is 84.818,99.068 (10.00 thresh)
[0m[33m[init]: failed static init: no accel jerk detected, platform moving too much
[0m[34m[TIME]: 0.0013 seconds total (771.0 hz, 4.80 ms behind)
[0m[33m[init]: disparity is 84.818,99.068 (10.00 thresh)
[0m[33m[init]: failed static init: no accel jerk detected, platform moving too much
[0m[34m[TIME]: 0.0011 seconds total (949.7 hz, 4.80 ms behind)
[0m[33m[init]: disparity is 84.818,99.068 (10.00 thresh)
[0m[33m[init]: failed static init: no accel jerk detected, platform moving too much
[0m[34m[TIME]: 0.0014 seconds total (708.2 hz, 4.40 ms behind)
[0m[33m[init]: disparity is 84.818,99.068 (10.00 thresh)
[0m[33m[init]: failed static init: no accel jerk detected, platform moving too much
[0m[34m[TIME]: 0.0011 seconds total (947.9 hz, 5.20 ms behind)
[0m[33m[init]: disparity is 84.818,99.068 (10.00 thresh)
[0m[33m[init]: failed static init: no accel jerk detected, platform moving too much
[0m[34m[TIME]: 0.0012 seconds total (807.8 hz, 4.40 ms behind)
[0m[33m[init]: disparity is 84.818,99.068 (10.00 thresh)
[0m[33m[init]: failed static init: no accel jerk detected, platform moving too much
[0m[34m[TIME]: 0.0014 seconds total (732.1 hz, 5.60 ms behind)
[0m[33m[init]: disparity is 84.818,99.068 (10.00 thresh)
[0m[33m[init]: failed static init: no accel jerk detected, platform moving too much
[0m[34m[TIME]: 0.0014 seconds total (739.1 hz, 5.60 ms behind)
[0m[33m[init]: disparity is 84.818,99.068 (10.00 thresh)
[0m[33m[init]: failed static init: no accel jerk detected, platform moving too much
[0m[34m[TIME]: 0.0012 seconds total (854.7 hz, 4.80 ms behind)
[0m[33m[init]: disparity is 84.818,99.068 (10.00 thresh)
[0m[33m[init]: failed static init: no accel jerk detected, platform moving too much
[0m[34m[TIME]: 0.0012 seconds total (859.8 hz, 4.40 ms behind)
[0m[33m[init]: disparity is 84.818,99.068 (10.00 thresh)
[0m[33m[init]: failed static init: no accel jerk detected, platform moving too much
[0m[34m[TIME]: 0.0014 seconds total (703.2 hz, 4.80 ms behind)
[0m[33m[init]: disparity is 84.818,99.068 (10.00 thresh)
[0m[33m[init]: failed static init: no accel jerk detected, platform moving too much
[0m[34m[TIME]: 0.0012 seconds total (809.7 hz, 6.00 ms behind)
[0m[33m[init]: disparity is 84.818,99.068 (10.00 thresh)
[0m[33m[init]: failed static init: no accel jerk detected, platform moving too much
[0m[34m[TIME]: 0.0014 seconds total (693.5 hz, 5.20 ms behind)
[0m[33m[init]: disparity is 84.818,99.068 (10.00 thresh)
[0m[33m[init]: failed static init: no accel jerk detected, platform moving too much
[0m[34m[TIME]: 0.0010 seconds total (992.1 hz, 4.40 ms behind)
[0m[33m[init]: disparity is 84.818,99.068 (10.00 thresh)
[0m[33m[init]: failed static init: no accel jerk detected, platform moving too much
[0m[34m[TIME]: 0.0013 seconds total (779.4 hz, 4.00 ms behind)
[0m[33m[init]: disparity is 84.818,99.068 (10.00 thresh)
[0m[33m[init]: failed static init: no accel jerk detected, platform moving too much
[0m[34m[TIME]: 0.0011 seconds total (923.4 hz, 5.60 ms behind)
[0m[33m[init]: disparity is 84.818,99.068 (10.00 thresh)
[0m[33m[init]: failed static init: no accel jerk detected, platform moving too much
[0m[34m[TIME]: 0.0015 seconds total (675.7 hz, 4.80 ms behind)
[0m[33m[init]: disparity is 84.818,99.068 (10.00 thresh)
[0m[33m[init]: failed static init: no accel jerk detected, platform moving too much
[0m[34m[TIME]: 0.0011 seconds total (930.2 hz, 5.60 ms behind)
[0m[33m[init]: disparity is 84.818,99.068 (10.00 thresh)
[0m[33m[init]: failed static init: no accel jerk detected, platform moving too much
[0m[34m[TIME]: 0.0013 seconds total (794.9 hz, 4.80 ms behind)
[0m[33m[init]: disparity is 84.818,99.068 (10.00 thresh)
[0m[33m[init]: failed static init: no accel jerk detected, platform moving too much
[0m[34m[TIME]: 0.0012 seconds total (868.8 hz, 5.60 ms behind)
[0m[33m[init]: disparity is 84.818,99.068 (10.00 thresh)
[0m[33m[init]: failed static init: no accel jerk detected, platform moving too much
[0m[34m[TIME]: 0.0011 seconds total (911.6 hz, 4.80 ms behind)
[0m[33m[init]: disparity is 84.818,99.068 (10.00 thresh)
[0m[33m[init]: failed static init: no accel jerk detected, platform moving too much
[0m[34m[TIME]: 0.0013 seconds total (772.8 hz, 5.60 ms behind)
[0m[33m[init]: disparity is 84.818,99.068 (10.00 thresh)
[0m[33m[init]: failed static init: no accel jerk detected, platform moving too much
[0m[34m[TIME]: 0.0015 seconds total (687.3 hz, 4.80 ms behind)
[0m[33m[init]: disparity is 84.818,99.068 (10.00 thresh)
[0m[33m[init]: failed static init: no accel jerk detected, platform moving too much
[0m[34m[TIME]: 0.0012 seconds total (847.5 hz, 5.60 ms behind)
[0m[33m[init]: disparity is 84.818,99.068 (10.00 thresh)
[0m[33m[init]: failed static init: no accel jerk detected, platform moving too much
[0m[34m[TIME]: 0.0011 seconds total (910.7 hz, 4.00 ms behind)
[0m[33m[init]: disparity is 84.818,99.068 (10.00 thresh)
[0m[33m[init]: failed static init: no accel jerk detected, platform moving too much
[0m[34m[TIME]: 0.0015 seconds total (670.7 hz, 4.40 ms behind)
[0m[33m[init]: disparity is 84.818,99.068 (10.00 thresh)
[0m[33m[init]: failed static init: no accel jerk detected, platform moving too much
[0m[34m[TIME]: 0.0013 seconds total (754.1 hz, 4.80 ms behind)
[0m[33m[init]: disparity is 84.818,99.068 (10.00 thresh)
[0m[33m[init]: failed static init: no accel jerk detected, platform moving too much
[0m[34m[TIME]: 0.0012 seconds total (862.8 hz, 4.40 ms behind)
[0m[33m[init]: disparity is 84.818,99.068 (10.00 thresh)
[0m[33m[init]: failed static init: no accel jerk detected, platform moving too much
[0m[34m[TIME]: 0.0010 seconds total (1044.9 hz, 4.00 ms behind)
[0m[33m[init]: disparity is 84.818,99.068 (10.00 thresh)
[0m[33m[init]: failed static init: no accel jerk detected, platform moving too much
[0m[34m[TIME]: 0.0013 seconds total (758.2 hz, 4.00 ms behind)
[0m[33m[init]: disparity is 84.818,99.068 (10.00 thresh)
[0m[33m[init]: failed static init: no accel jerk detected, platform moving too much
[0m[34m[TIME]: 0.0012 seconds total (850.3 hz, 5.20 ms behind)
[0m[33m[init]: disparity is 84.818,99.068 (10.00 thresh)
[0m[33m[init]: failed static init: no accel jerk detected, platform moving too much
[0m[34m[TIME]: 0.0014 seconds total (729.4 hz, 5.60 ms behind)
[0m[33m[init]: disparity is 84.818,99.068 (10.00 thresh)
[0m[33m[init]: failed static init: no accel jerk detected, platform moving too much
[0m[34m[TIME]: 0.0013 seconds total (742.4 hz, 4.80 ms behind)
[0m[33m[init]: disparity is 84.818,99.068 (10.00 thresh)
[0m[33m[init]: failed static init: no accel jerk detected, platform moving too much
[0m[34m[TIME]: 0.0012 seconds total (808.4 hz, 4.40 ms behind)
[0m[33m[init]: disparity is 84.818,99.068 (10.00 thresh)
[0m[33m[init]: failed static init: no accel jerk detected, platform moving too much
[0m[34m[TIME]: 0.0012 seconds total (809.1 hz, 5.20 ms behind)
[0m[33m[init]: disparity is 84.818,99.068 (10.00 thresh)
[0m[33m[init]: failed static init: no accel jerk detected, platform moving too much
[0m[34m[TIME]: 0.0011 seconds total (882.6 hz, 4.00 ms behind)
[0m[33m[init]: disparity is 84.818,99.068 (10.00 thresh)
[0m[33m[init]: failed static init: no accel jerk detected, platform moving too much
[0m[34m[TIME]: 0.0013 seconds total (774.0 hz, 4.80 ms behind)
[0m[33m[init]: disparity is 84.818,99.068 (10.00 thresh)
[0m[33m[init]: failed static init: no accel jerk detected, platform moving too much
[0m[34m[TIME]: 0.0012 seconds total (861.3 hz, 2.80 ms behind)
[0m[33m[init]: disparity is 84.818,99.068 (10.00 thresh)
[0m[33m[init]: failed static init: no accel jerk detected, platform moving too much
[0m[34m[TIME]: 0.0014 seconds total (702.7 hz, 4.00 ms behind)
[0m[33m[init]: disparity is 84.818,99.068 (10.00 thresh)
[0m[33m[init]: failed static init: no accel jerk detected, platform moving too much
[0m[34m[TIME]: 0.0012 seconds total (827.8 hz, 4.00 ms behind)
[0m[33m[init]: disparity is 84.818,99.068 (10.00 thresh)
[0m[33m[init]: failed static init: no accel jerk detected, platform moving too much
[0m[34m[TIME]: 0.0014 seconds total (694.9 hz, 4.80 ms behind)
[0m[33m[init]: disparity is 84.818,99.068 (10.00 thresh)
[0m[33m[init]: failed static init: no accel jerk detected, platform moving too much
[0m[34m[TIME]: 0.0012 seconds total (848.9 hz, 5.60 ms behind)
[0m[33m[init]: disparity is 84.818,99.068 (10.00 thresh)
[0m[33m[init]: failed static init: no accel jerk detected, platform moving too much
[0m[34m[TIME]: 0.0015 seconds total (678.0 hz, 4.80 ms behind)
[0m[33m[init]: disparity is 84.818,99.068 (10.00 thresh)
[0m[33m[init]: failed static init: no accel jerk detected, platform moving too much
[0m[34m[TIME]: 0.0013 seconds total (791.1 hz, 4.00 ms behind)
[0m[33m[init]: disparity is 84.818,99.068 (10.00 thresh)
[0m[33m[init]: failed static init: no accel jerk detected, platform moving too much
[0m[34m[TIME]: 0.0010 seconds total (1047.1 hz, 4.00 ms behind)
[0m[33m[init]: disparity is 84.818,99.068 (10.00 thresh)
[0m[33m[init]: failed static init: no accel jerk detected, platform moving too much
[0m[34m[TIME]: 0.0012 seconds total (819.7 hz, 4.40 ms behind)
[0m[33m[init]: disparity is 84.818,99.068 (10.00 thresh)
[0m[33m[init]: failed static init: no accel jerk detected, platform moving too much
[0m[34m[TIME]: 0.0012 seconds total (812.3 hz, 4.00 ms behind)
[0m[33m[init]: disparity is 84.818,99.068 (10.00 thresh)
[0m[33m[init]: failed static init: no accel jerk detected, platform moving too much
[0m[34m[TIME]: 0.0016 seconds total (629.7 hz, 4.40 ms behind)
[0m[33m[init]: disparity is 84.818,99.068 (10.00 thresh)
[0m[33m[init]: failed static init: no accel jerk detected, platform moving too much
[0m[34m[TIME]: 0.0012 seconds total (813.0 hz, 4.00 ms behind)
[0m[33m[init]: disparity is 84.818,99.068 (10.00 thresh)
[0m[33m[init]: failed static init: no accel jerk detected, platform moving too much
[0m[34m[TIME]: 0.0013 seconds total (753.0 hz, 5.60 ms behind)
[0m[33m[init]: disparity is 84.818,99.068 (10.00 thresh)
[0m[33m[init]: failed static init: no accel jerk detected, platform moving too much
[0m[34m[TIME]: 0.0012 seconds total (848.9 hz, 6.00 ms behind)
[0m[33m[init]: disparity is 84.818,99.068 (10.00 thresh)
[0m[33m[init]: failed static init: no accel jerk detected, platform moving too much
[0m[34m[TIME]: 0.0013 seconds total (754.1 hz, 5.60 ms behind)
[0m[33m[init]: disparity is 84.818,99.068 (10.00 thresh)
[0m[33m[init]: failed static init: no accel jerk detected, platform moving too much
[0m[34m[TIME]: 0.0012 seconds total (827.8 hz, 5.20 ms behind)
[0m[33m[init]: disparity is 84.818,99.068 (10.00 thresh)
[0m[33m[init]: failed static init: no accel jerk detected, platform moving too much
[0m[34m[TIME]: 0.0010 seconds total (1012.1 hz, 5.60 ms behind)
[0m[33m[init]: disparity is 84.818,99.068 (10.00 thresh)
[0m[33m[init]: failed static init: no accel jerk detected, platform moving too much
[0m[34m[TIME]: 0.0012 seconds total (829.9 hz, 5.20 ms behind)
[0m[33m[init]: disparity is 84.818,99.068 (10.00 thresh)
[0m[33m[init]: failed static init: no accel jerk detected, platform moving too much
[0m[34m[TIME]: 0.0013 seconds total (749.1 hz, 4.00 ms behind)
[0m[33m[init]: disparity is 84.818,99.068 (10.00 thresh)
[0m[33m[init]: failed static init: no accel jerk detected, platform moving too much
[0m[34m[TIME]: 0.0014 seconds total (723.6 hz, 4.80 ms behind)
[0m[33m[init]: disparity is 84.818,99.068 (10.00 thresh)
[0m[33m[init]: failed static init: no accel jerk detected, platform moving too much
[0m[34m[TIME]: 0.0016 seconds total (626.6 hz, 5.60 ms behind)
[0m[33m[init]: disparity is 84.818,99.068 (10.00 thresh)
[0m[33m[init]: failed static init: no accel jerk detected, platform moving too much
[0m[34m[TIME]: 0.0013 seconds total (757.6 hz, 5.20 ms behind)
[0m[33m[init]: disparity is 84.818,99.068 (10.00 thresh)
[0m[33m[init]: failed static init: no accel jerk detected, platform moving too much
[0m[34m[TIME]: 0.0012 seconds total (817.0 hz, 4.40 ms behind)
[0m[33m[init]: disparity is 84.818,99.068 (10.00 thresh)
[0m[33m[init]: failed static init: no accel jerk detected, platform moving too much
[0m[34m[TIME]: 0.0014 seconds total (712.3 hz, 5.20 ms behind)
[0m[33m[init]: disparity is 84.818,99.068 (10.00 thresh)
[0m[33m[init]: failed static init: no accel jerk detected, platform moving too much
[0m[34m[TIME]: 0.0014 seconds total (739.1 hz, 5.60 ms behind)
[0m[33m[init]: disparity is 84.818,99.068 (10.00 thresh)
[0m[33m[init]: failed static init: no accel jerk detected, platform moving too much
[0m[34m[TIME]: 0.0012 seconds total (818.3 hz, 4.80 ms behind)
[0m[33m[init]: disparity is 84.818,99.068 (10.00 thresh)
[0m[33m[init]: failed static init: no accel jerk detected, platform moving too much
[0m[34m[TIME]: 0.0015 seconds total (656.2 hz, 4.00 ms behind)
[0m[33m[init]: disparity is 84.818,99.068 (10.00 thresh)
[0m[33m[init]: failed static init: no accel jerk detected, platform moving too much
[0m[34m[TIME]: 0.0013 seconds total (785.5 hz, 5.20 ms behind)
[0m[33m[init]: disparity is 84.818,99.068 (10.00 thresh)
[0m[33m[init]: failed static init: no accel jerk detected, platform moving too much
[0m[34m[TIME]: 0.0014 seconds total (709.7 hz, 5.60 ms behind)
[0m[33m[init]: disparity is 84.818,99.068 (10.00 thresh)
[0m[33m[init]: failed static init: no accel jerk detected, platform moving too much
[0m[34m[TIME]: 0.0012 seconds total (815.7 hz, 4.00 ms behind)
[0m[33m[init]: disparity is 84.818,99.068 (10.00 thresh)
[0m[33m[init]: failed static init: no accel jerk detected, platform moving too much
[0m[34m[TIME]: 0.0014 seconds total (726.7 hz, 5.60 ms behind)
[0m[33m[init]: disparity is 84.818,99.068 (10.00 thresh)
[0m[33m[init]: failed static init: no accel jerk detected, platform moving too much
[0m[34m[TIME]: 0.0016 seconds total (622.7 hz, 4.80 ms behind)
[0m[33m[init]: disparity is 84.818,99.068 (10.00 thresh)
[0m[33m[init]: failed static init: no accel jerk detected, platform moving too much
[0m[34m[TIME]: 0.0011 seconds total (950.6 hz, 4.40 ms behind)
[0m[33m[init]: disparity is 84.818,99.068 (10.00 thresh)
[0m[33m[init]: failed static init: no accel jerk detected, platform moving too much
[0m[34m[TIME]: 0.0014 seconds total (738.6 hz, 3.20 ms behind)
[0m[33m[init]: disparity is 84.818,99.068 (10.00 thresh)
[0m[33m[init]: failed static init: no accel jerk detected, platform moving too much
[0m[34m[TIME]: 0.0010 seconds total (983.3 hz, 4.80 ms behind)
[0m[33m[init]: disparity is 84.818,99.068 (10.00 thresh)
[0m[33m[init]: failed static init: no accel jerk detected, platform moving too much
[0m[34m[TIME]: 0.0013 seconds total (747.4 hz, 5.60 ms behind)
[0m[33m[init]: disparity is 84.818,99.068 (10.00 thresh)
[0m[33m[init]: failed static init: no accel jerk detected, platform moving too much
[0m[34m[TIME]: 0.0014 seconds total (733.7 hz, 4.80 ms behind)
[0m[33m[init]: disparity is 84.818,99.068 (10.00 thresh)
[0m[33m[init]: failed static init: no accel jerk detected, platform moving too much
[0m[34m[TIME]: 0.0012 seconds total (804.5 hz, 5.60 ms behind)
[0m[33m[init]: disparity is 84.818,99.068 (10.00 thresh)
[0m[33m[init]: failed static init: no accel jerk detected, platform moving too much
[0m[34m[TIME]: 0.0013 seconds total (794.9 hz, 3.60 ms behind)
[0m[33m[init]: disparity is 84.818,99.068 (10.00 thresh)
[0m[33m[init]: failed static init: no accel jerk detected, platform moving too much
[0m[34m[TIME]: 0.0014 seconds total (696.9 hz, 5.60 ms behind)
[0m[33m[init]: disparity is 84.818,99.068 (10.00 thresh)
[0m[33m[init]: failed static init: no accel jerk detected, platform moving too much
[0m[34m[TIME]: 0.0013 seconds total (783.1 hz, 4.40 ms behind)
[0m[33m[init]: disparity is 84.818,99.068 (10.00 thresh)
[0m[33m[init]: failed static init: no accel jerk detected, platform moving too much
[0m[34m[TIME]: 0.0014 seconds total (714.3 hz, 5.20 ms behind)
[0m[33m[init]: disparity is 84.818,99.068 (10.00 thresh)
[0m[33m[init]: failed static init: no accel jerk detected, platform moving too much
[0m[34m[TIME]: 0.0012 seconds total (852.5 hz, 5.60 ms behind)
[0m[33m[init]: disparity is 84.818,99.068 (10.00 thresh)
[0m[33m[init]: failed static init: no accel jerk detected, platform moving too much
[0m[34m[TIME]: 0.0013 seconds total (780.0 hz, 4.80 ms behind)
[0m[33m[init]: disparity is 84.818,99.068 (10.00 thresh)
[0m[33m[init]: failed static init: no accel jerk detected, platform moving too much
[0m[34m[TIME]: 0.0018 seconds total (548.8 hz, 4.80 ms behind)
[0m[33m[init]: disparity is 84.818,99.068 (10.00 thresh)
[0m[33m[init]: failed static init: no accel jerk detected, platform moving too much
[0m[34m[TIME]: 0.0012 seconds total (820.3 hz, 4.80 ms behind)
[0m[33m[init]: disparity is 84.818,99.068 (10.00 thresh)
[0m[33m[init]: failed static init: no accel jerk detected, platform moving too much
[0m[34m[TIME]: 0.0012 seconds total (808.4 hz, 4.40 ms behind)
[0m[33m[init]: disparity is 84.818,99.068 (10.00 thresh)
[0m[33m[init]: failed static init: no accel jerk detected, platform moving too much
[0m[34m[TIME]: 0.0015 seconds total (685.4 hz, 4.00 ms behind)
[0m[33m[init]: disparity is 84.818,99.068 (10.00 thresh)
[0m[33m[init]: failed static init: no accel jerk detected, platform moving too much
[0m[34m[TIME]: 0.0011 seconds total (891.3 hz, 2.80 ms behind)
[0m[33m[init]: disparity is 84.818,99.068 (10.00 thresh)
[0m[33m[init]: failed static init: no accel jerk detected, platform moving too much
[0m[34m[TIME]: 0.0014 seconds total (703.7 hz, 5.20 ms behind)
[0m[33m[init]: disparity is 84.818,99.068 (10.00 thresh)
[0m[33m[init]: failed static init: no accel jerk detected, platform moving too much
[0m[34m[TIME]: 0.0011 seconds total (917.4 hz, 5.60 ms behind)
[0m[33m[init]: disparity is 84.818,99.068 (10.00 thresh)
[0m[33m[init]: failed static init: no accel jerk detected, platform moving too much
[0m[34m[TIME]: 0.0013 seconds total (753.6 hz, 5.20 ms behind)
[0m[33m[init]: disparity is 84.818,99.068 (10.00 thresh)
[0m[33m[init]: failed static init: no accel jerk detected, platform moving too much
[0m[34m[TIME]: 0.0014 seconds total (699.3 hz, 4.80 ms behind)
[0m[33m[init]: disparity is 84.818,99.068 (10.00 thresh)
[0m[33m[init]: failed static init: no accel jerk detected, platform moving too much
[0m[34m[TIME]: 0.0012 seconds total (804.5 hz, 4.80 ms behind)
[0m[33m[init]: disparity is 84.818,99.068 (10.00 thresh)
[0m[33m[init]: failed static init: no accel jerk detected, platform moving too much
[0m[34m[TIME]: 0.0015 seconds total (656.2 hz, 4.80 ms behind)
[0m[33m[init]: disparity is 84.818,99.068 (10.00 thresh)
[0m[33m[init]: failed static init: no accel jerk detected, platform moving too much
[0m[34m[TIME]: 0.0012 seconds total (862.1 hz, 4.80 ms behind)
[0m[33m[init]: disparity is 84.818,99.068 (10.00 thresh)
[0m[33m[init]: failed static init: no accel jerk detected, platform moving too much
[0m[34m[TIME]: 0.0014 seconds total (705.2 hz, 5.60 ms behind)
[0m[33m[init]: disparity is 84.818,99.068 (10.00 thresh)
[0m[33m[init]: failed static init: no accel jerk detected, platform moving too much
[0m[34m[TIME]: 0.0011 seconds total (926.8 hz, 5.60 ms behind)
[0m[33m[init]: disparity is 84.818,99.068 (10.00 thresh)
[0m[33m[init]: failed static init: no accel jerk detected, platform moving too much
[0m[34m[TIME]: 0.0012 seconds total (819.7 hz, 6.80 ms behind)
[0m[33m[init]: disparity is 84.818,99.068 (10.00 thresh)
[0m[33m[init]: failed static init: no accel jerk detected, platform moving too much
[0m[34m[TIME]: 0.0011 seconds total (883.4 hz, 5.60 ms behind)
[0m[33m[init]: disparity is 84.818,99.068 (10.00 thresh)
[0m[33m[init]: failed static init: no accel jerk detected, platform moving too much
[0m[34m[TIME]: 0.0015 seconds total (651.0 hz, 4.40 ms behind)
[0m[33m[init]: disparity is 84.818,99.068 (10.00 thresh)
[0m[33m[init]: failed static init: no accel jerk detected, platform moving too much
[0m[34m[TIME]: 0.0014 seconds total (710.2 hz, 4.80 ms behind)
[0m[33m[init]: disparity is 84.818,99.068 (10.00 thresh)
[0m[33m[init]: failed static init: no accel jerk detected, platform moving too much
[0m[34m[TIME]: 0.0012 seconds total (815.0 hz, 4.40 ms behind)
[0m[33m[init]: disparity is 84.818,99.068 (10.00 thresh)
[0m[33m[init]: failed static init: no accel jerk detected, platform moving too much
[0m[34m[TIME]: 0.0013 seconds total (789.9 hz, 4.80 ms behind)
[0m[33m[init]: disparity is 84.818,99.068 (10.00 thresh)
[0m[33m[init]: failed static init: no accel jerk detected, platform moving too much
[0m[34m[TIME]: 0.0012 seconds total (844.6 hz, 5.60 ms behind)
[0m[33m[init]: disparity is 84.818,99.068 (10.00 thresh)
[0m[33m[init]: failed static init: no accel jerk detected, platform moving too much
[0m[34m[TIME]: 0.0015 seconds total (681.7 hz, 4.80 ms behind)
[0m[33m[init]: disparity is 84.818,99.068 (10.00 thresh)
[0m[33m[init]: failed static init: no accel jerk detected, platform moving too much
[0m[34m[TIME]: 0.0012 seconds total (820.3 hz, 4.80 ms behind)
[0m[33m[init]: disparity is 84.818,99.068 (10.00 thresh)
[0m[33m[init]: failed static init: no accel jerk detected, platform moving too much
[0m[34m[TIME]: 0.0012 seconds total (866.6 hz, 4.00 ms behind)
[0m[33m[init]: disparity is 84.818,99.068 (10.00 thresh)
[0m[33m[init]: failed static init: no accel jerk detected, platform moving too much
[0m[34m[TIME]: 0.0012 seconds total (831.3 hz, 4.40 ms behind)
[0m[33m[init]: disparity is 84.818,99.068 (10.00 thresh)
[0m[33m[init]: failed static init: no accel jerk detected, platform moving too much
[0m[34m[TIME]: 0.0012 seconds total (800.6 hz, 5.20 ms behind)
[0m[33m[init]: disparity is 84.818,99.068 (10.00 thresh)
[0m[33m[init]: failed static init: no accel jerk detected, platform moving too much
[0m[34m[TIME]: 0.0011 seconds total (914.1 hz, 4.40 ms behind)
[0m[33m[init]: disparity is 84.818,99.068 (10.00 thresh)
[0m[33m[init]: failed static init: no accel jerk detected, platform moving too much
[0m[34m[TIME]: 0.0016 seconds total (633.3 hz, 5.20 ms behind)
[0m[33m[init]: disparity is 84.818,99.068 (10.00 thresh)
[0m[33m[init]: failed static init: no accel jerk detected, platform moving too much
[0m[34m[TIME]: 0.0015 seconds total (680.7 hz, 5.60 ms behind)
[0m[33m[init]: disparity is 84.818,99.068 (10.00 thresh)
[0m[33m[init]: failed static init: no accel jerk detected, platform moving too much
[0m[34m[TIME]: 0.0015 seconds total (654.0 hz, 6.80 ms behind)
[0m[33m[init]: disparity is 84.818,99.068 (10.00 thresh)
[0m[33m[init]: failed static init: no accel jerk detected, platform moving too much
[0m[34m[TIME]: 0.0012 seconds total (836.1 hz, 6.00 ms behind)
[0m[33m[init]: disparity is 84.818,99.068 (10.00 thresh)
[0m[33m[init]: failed static init: no accel jerk detected, platform moving too much
[0m[34m[TIME]: 0.0013 seconds total (747.9 hz, 6.00 ms behind)
[0m[33m[init]: disparity is 84.818,99.068 (10.00 thresh)
[0m[33m[init]: failed static init: no accel jerk detected, platform moving too much
[0m[34m[TIME]: 0.0015 seconds total (647.7 hz, 6.40 ms behind)
[0m[33m[init]: disparity is 84.818,99.068 (10.00 thresh)
[0m[33m[init]: failed static init: no accel jerk detected, platform moving too much
[0m[34m[TIME]: 0.0012 seconds total (817.0 hz, 6.00 ms behind)
[0m[33m[init]: disparity is 84.818,99.068 (10.00 thresh)
[0m[33m[init]: failed static init: no accel jerk detected, platform moving too much
[0m[34m[TIME]: 0.0012 seconds total (839.6 hz, 4.80 ms behind)
[0m[33m[init]: disparity is 84.818,99.068 (10.00 thresh)
[0m[33m[init]: failed static init: no accel jerk detected, platform moving too much
[0m[34m[TIME]: 0.0013 seconds total (768.0 hz, 4.80 ms behind)
[0m[33m[init]: disparity is 84.818,99.068 (10.00 thresh)
[0m[33m[init]: failed static init: no accel jerk detected, platform moving too much
[0m[34m[TIME]: 0.0013 seconds total (778.2 hz, 4.80 ms behind)
[0m[33m[init]: disparity is 84.818,99.068 (10.00 thresh)
[0m[33m[init]: failed static init: no accel jerk detected, platform moving too much
[0m[34m[TIME]: 0.0011 seconds total (930.2 hz, 4.80 ms behind)
[0m[33m[init]: disparity is 84.818,99.068 (10.00 thresh)
[0m[33m[init]: failed static init: no accel jerk detected, platform moving too much
[0m[34m[TIME]: 0.0012 seconds total (814.3 hz, 4.00 ms behind)
[0m[33m[init]: disparity is 84.818,99.068 (10.00 thresh)
[0m[33m[init]: failed static init: no accel jerk detected, platform moving too much
[0m[34m[TIME]: 0.0013 seconds total (786.2 hz, 4.00 ms behind)
[0m[33m[init]: disparity is 84.818,99.068 (10.00 thresh)
[0m[33m[init]: failed static init: no accel jerk detected, platform moving too much
[0m[34m[TIME]: 0.0013 seconds total (776.4 hz, 4.00 ms behind)
[0m[33m[init]: disparity is 84.818,99.068 (10.00 thresh)
[0m[33m[init]: failed static init: no accel jerk detected, platform moving too much
[0m[34m[TIME]: 0.0014 seconds total (732.6 hz, 4.80 ms behind)
[0m[33m[init]: disparity is 84.818,99.068 (10.00 thresh)
[0m[33m[init]: failed static init: no accel jerk detected, platform moving too much
[0m[34m[TIME]: 0.0012 seconds total (801.3 hz, 6.00 ms behind)
[0m[33m[init]: disparity is 84.818,99.068 (10.00 thresh)
[0m[33m[init]: failed static init: no accel jerk detected, platform moving too much
[0m[34m[TIME]: 0.0015 seconds total (686.3 hz, 5.60 ms behind)
[0m[33m[init]: disparity is 84.818,99.068 (10.00 thresh)
[0m[33m[init]: failed static init: no accel jerk detected, platform moving too much
[0m[34m[TIME]: 0.0015 seconds total (678.4 hz, 4.00 ms behind)
[0m[33m[init]: disparity is 84.818,99.068 (10.00 thresh)
[0m[33m[init]: failed static init: no accel jerk detected, platform moving too much
[0m[34m[TIME]: 0.0012 seconds total (816.3 hz, 4.80 ms behind)
[0m[33m[init]: disparity is 84.818,99.068 (10.00 thresh)
[0m[33m[init]: failed static init: no accel jerk detected, platform moving too much
[0m[34m[TIME]: 0.0013 seconds total (775.2 hz, 4.40 ms behind)
[0m[33m[init]: disparity is 84.818,99.068 (10.00 thresh)
[0m[33m[init]: failed static init: no accel jerk detected, platform moving too much
[0m[34m[TIME]: 0.0012 seconds total (815.7 hz, 4.00 ms behind)
[0m[33m[init]: disparity is 84.818,99.068 (10.00 thresh)
[0m[33m[init]: failed static init: no accel jerk detected, platform moving too much
[0m[34m[TIME]: 0.0014 seconds total (696.9 hz, 5.60 ms behind)
[0m[33m[init]: disparity is 84.818,99.068 (10.00 thresh)
[0m[33m[init]: failed static init: no accel jerk detected, platform moving too much
[0m[34m[TIME]: 0.0014 seconds total (703.2 hz, 4.80 ms behind)
[0m[33m[init]: disparity is 84.818,99.068 (10.00 thresh)
[0m[33m[init]: failed static init: no accel jerk detected, platform moving too much
[0m[34m[TIME]: 0.0013 seconds total (783.7 hz, 4.40 ms behind)
[0m[33m[init]: disparity is 84.818,99.068 (10.00 thresh)
[0m[33m[init]: failed static init: no accel jerk detected, platform moving too much
[0m[34m[TIME]: 0.0011 seconds total (942.5 hz, 4.80 ms behind)
[0m[33m[init]: disparity is 84.818,99.068 (10.00 thresh)
[0m[33m[init]: failed static init: no accel jerk detected, platform moving too much
[0m[34m[TIME]: 0.0015 seconds total (668.4 hz, 6.00 ms behind)
[0m[33m[init]: disparity is 84.818,99.068 (10.00 thresh)
[0m[33m[init]: failed static init: no accel jerk detected, platform moving too much
[0m[34m[TIME]: 0.0012 seconds total (813.0 hz, 4.80 ms behind)
[0m[33m[init]: disparity is 84.818,99.068 (10.00 thresh)
[0m[33m[init]: failed static init: no accel jerk detected, platform moving too much
[0m[34m[TIME]: 0.0013 seconds total (780.0 hz, 4.80 ms behind)
[0m[33m[init]: disparity is 84.818,99.068 (10.00 thresh)
[0m[33m[init]: failed static init: no accel jerk detected, platform moving too much
[0m[34m[TIME]: 0.0012 seconds total (841.0 hz, 5.20 ms behind)
[0m[33m[init]: disparity is 84.818,99.068 (10.00 thresh)
[0m[33m[init]: failed static init: no accel jerk detected, platform moving too much
[0m[34m[TIME]: 0.0012 seconds total (809.1 hz, 5.60 ms behind)
[0m[33m[init]: disparity is 84.818,99.068 (10.00 thresh)
[0m[33m[init]: failed static init: no accel jerk detected, platform moving too much
[0m[34m[TIME]: 0.0011 seconds total (927.6 hz, 6.00 ms behind)
[0m[33m[init]: disparity is 84.818,99.068 (10.00 thresh)
[0m[33m[init]: failed static init: no accel jerk detected, platform moving too much
[0m[34m[TIME]: 0.0014 seconds total (716.3 hz, 5.60 ms behind)
[0m[33m[init]: disparity is 84.818,99.068 (10.00 thresh)
[0m[33m[init]: failed static init: no accel jerk detected, platform moving too much
[0m[34m[TIME]: 0.0014 seconds total (694.9 hz, 5.60 ms behind)
[0m[33m[init]: disparity is 84.818,99.068 (10.00 thresh)
[0m[33m[init]: failed static init: no accel jerk detected, platform moving too much
[0m[34m[TIME]: 0.0010 seconds total (976.6 hz, 5.60 ms behind)
[0m[33m[init]: disparity is 84.818,99.068 (10.00 thresh)
[0m[33m[init]: failed static init: no accel jerk detected, platform moving too much
[0m[34m[TIME]: 0.0013 seconds total (777.0 hz, 6.00 ms behind)
[0m[33m[init]: disparity is 84.818,99.068 (10.00 thresh)
[0m[33m[init]: failed static init: no accel jerk detected, platform moving too much
[0m[34m[TIME]: 0.0012 seconds total (836.8 hz, 5.60 ms behind)
[0m[33m[init]: disparity is 84.818,99.068 (10.00 thresh)
[0m[33m[init]: failed static init: no accel jerk detected, platform moving too much
[0m[34m[TIME]: 0.0013 seconds total (791.1 hz, 6.00 ms behind)
[0m[33m[init]: disparity is 84.818,99.068 (10.00 thresh)
[0m[33m[init]: failed static init: no accel jerk detected, platform moving too much
[0m[34m[TIME]: 0.0011 seconds total (928.5 hz, 5.60 ms behind)
[0m[33m[init]: disparity is 84.818,99.068 (10.00 thresh)
[0m[33m[init]: failed static init: no accel jerk detected, platform moving too much
[0m[34m[TIME]: 0.0012 seconds total (830.6 hz, 5.20 ms behind)
[0m[33m[init]: disparity is 84.818,99.068 (10.00 thresh)
[0m[33m[init]: failed static init: no accel jerk detected, platform moving too much
[0m[34m[TIME]: 0.0013 seconds total (783.7 hz, 6.00 ms behind)
[0m[33m[init]: disparity is 84.818,99.068 (10.00 thresh)
[0m[33m[init]: failed static init: no accel jerk detected, platform moving too much
[0m[34m[TIME]: 0.0013 seconds total (787.4 hz, 6.00 ms behind)
[0m[33m[init]: disparity is 84.818,99.068 (10.00 thresh)
[0m[33m[init]: failed static init: no accel jerk detected, platform moving too much
[0m[34m[TIME]: 0.0011 seconds total (905.0 hz, 5.60 ms behind)
[0m[33m[init]: disparity is 84.818,99.068 (10.00 thresh)
[0m[33m[init]: failed static init: no accel jerk detected, platform moving too much
[0m[34m[TIME]: 0.0013 seconds total (790.5 hz, 6.00 ms behind)
[0m[33m[init]: disparity is 84.818,99.068 (10.00 thresh)
[0m[33m[init]: failed static init: no accel jerk detected, platform moving too much
[0m[34m[TIME]: 0.0012 seconds total (813.7 hz, 5.60 ms behind)
[0m[33m[init]: disparity is 84.818,99.068 (10.00 thresh)
[0m[33m[init]: failed static init: no accel jerk detected, platform moving too much
[0m[34m[TIME]: 0.0018 seconds total (550.7 hz, 6.00 ms behind)
[0m[33m[init]: disparity is 84.818,99.068 (10.00 thresh)
[0m[33m[init]: failed static init: no accel jerk detected, platform moving too much
[0m[34m[TIME]: 0.0016 seconds total (639.0 hz, 6.00 ms behind)
[0m[33m[init]: disparity is 84.818,99.068 (10.00 thresh)
[0m[33m[init]: failed static init: no accel jerk detected, platform moving too much
[0m[34m[TIME]: 0.0011 seconds total (900.9 hz, 5.60 ms behind)
[0m[33m[init]: disparity is 84.818,99.068 (10.00 thresh)
[0m[33m[init]: failed static init: no accel jerk detected, platform moving too much
[0m[34m[TIME]: 0.0013 seconds total (747.9 hz, 6.40 ms behind)
[0m[33m[init]: disparity is 84.818,99.068 (10.00 thresh)
[0m[33m[init]: failed static init: no accel jerk detected, platform moving too much
[0m[34m[TIME]: 0.0013 seconds total (783.7 hz, 5.20 ms behind)
[0m[33m[init]: disparity is 84.818,99.068 (10.00 thresh)
[0m[33m[init]: failed static init: no accel jerk detected, platform moving too much
[0m[34m[TIME]: 0.0016 seconds total (636.5 hz, 6.00 ms behind)
[0m[33m[init]: disparity is 84.818,99.068 (10.00 thresh)
[0m[33m[init]: failed static init: no accel jerk detected, platform moving too much
[0m[34m[TIME]: 0.0012 seconds total (829.9 hz, 5.20 ms behind)
[0m[33m[init]: disparity is 84.818,99.068 (10.00 thresh)
[0m[33m[init]: failed static init: no accel jerk detected, platform moving too much
[0m[34m[TIME]: 0.0015 seconds total (674.8 hz, 5.60 ms behind)
[0m[33m[init]: disparity is 84.818,99.068 (10.00 thresh)
[0m[33m[init]: failed static init: no accel jerk detected, platform moving too much
[0m[34m[TIME]: 0.0011 seconds total (904.2 hz, 4.80 ms behind)
[0m[33m[init]: disparity is 84.818,99.068 (10.00 thresh)
[0m[33m[init]: failed static init: no accel jerk detected, platform moving too much
[0m[34m[TIME]: 0.0011 seconds total (892.1 hz, 4.80 ms behind)
[0m[33m[init]: disparity is 84.818,99.068 (10.00 thresh)
[0m[33m[init]: failed static init: no accel jerk detected, platform moving too much
[0m[34m[TIME]: 0.0011 seconds total (871.1 hz, 5.20 ms behind)
[0m[33m[init]: disparity is 84.818,99.068 (10.00 thresh)
[0m[33m[init]: failed static init: no accel jerk detected, platform moving too much
[0m[34m[TIME]: 0.0012 seconds total (807.1 hz, 5.60 ms behind)
[0m[33m[init]: disparity is 84.818,99.068 (10.00 thresh)
[0m[33m[init]: failed static init: no accel jerk detected, platform moving too much
[0m[34m[TIME]: 0.0014 seconds total (695.9 hz, 6.00 ms behind)
[0m[33m[init]: disparity is 84.818,99.068 (10.00 thresh)
[0m[33m[init]: failed static init: no accel jerk detected, platform moving too much
[0m[34m[TIME]: 0.0014 seconds total (698.3 hz, 5.60 ms behind)
[0m[33m[init]: disparity is 84.818,99.068 (10.00 thresh)
[0m[33m[init]: failed static init: no accel jerk detected, platform moving too much
[0m[34m[TIME]: 0.0018 seconds total (553.4 hz, 4.80 ms behind)
[0m[33m[init]: disparity is 84.818,99.068 (10.00 thresh)
[0m[33m[init]: failed static init: no accel jerk detected, platform moving too much
[0m[34m[TIME]: 0.0017 seconds total (575.0 hz, 5.60 ms behind)
[0m[33m[init]: disparity is 84.818,99.068 (10.00 thresh)
[0m[33m[init]: failed static init: no accel jerk detected, platform moving too much
[0m[34m[TIME]: 0.0011 seconds total (943.4 hz, 5.60 ms behind)
[0m[33m[init]: disparity is 84.818,99.068 (10.00 thresh)
[0m[33m[init]: failed static init: no accel jerk detected, platform moving too much
[0m[34m[TIME]: 0.0012 seconds total (827.1 hz, 5.60 ms behind)
[0m[33m[init]: disparity is 84.818,99.068 (10.00 thresh)
[0m[33m[init]: failed static init: no accel jerk detected, platform moving too much
[0m[34m[TIME]: 0.0012 seconds total (843.2 hz, 4.80 ms behind)
[0m[33m[init]: disparity is 84.818,99.068 (10.00 thresh)
[0m[33m[init]: failed static init: no accel jerk detected, platform moving too much
[0m[34m[TIME]: 0.0013 seconds total (768.6 hz, 4.40 ms behind)
[0m[33m[init]: disparity is 84.818,99.068 (10.00 thresh)
[0m[33m[init]: failed static init: no accel jerk detected, platform moving too much
[0m[34m[TIME]: 0.0013 seconds total (799.4 hz, 4.80 ms behind)
[0m[33m[init]: disparity is 84.818,99.068 (10.00 thresh)
[0m[33m[init]: failed static init: no accel jerk detected, platform moving too much
[0m[34m[TIME]: 0.0012 seconds total (828.5 hz, 4.40 ms behind)
[0m[33m[init]: disparity is 84.818,99.068 (10.00 thresh)
[0m[33m[init]: failed static init: no accel jerk detected, platform moving too much
[0m[34m[TIME]: 0.0013 seconds total (783.7 hz, 5.60 ms behind)
[0m[33m[init]: disparity is 84.818,99.068 (10.00 thresh)
[0m[33m[init]: failed static init: no accel jerk detected, platform moving too much
[0m[34m[TIME]: 0.0012 seconds total (823.7 hz, 4.40 ms behind)
[0m[33m[init]: disparity is 84.818,99.068 (10.00 thresh)
[0m[33m[init]: failed static init: no accel jerk detected, platform moving too much
[0m[34m[TIME]: 0.0011 seconds total (902.5 hz, 6.00 ms behind)
[0m[33m[init]: disparity is 84.818,99.068 (10.00 thresh)
[0m[33m[init]: failed static init: no accel jerk detected, platform moving too much
[0m[34m[TIME]: 0.0015 seconds total (672.9 hz, 6.40 ms behind)
[0m[33m[init]: disparity is 84.818,99.068 (10.00 thresh)
[0m[33m[init]: failed static init: no accel jerk detected, platform moving too much
[0m[34m[TIME]: 0.0012 seconds total (802.6 hz, 6.80 ms behind)
[0m[33m[init]: disparity is 84.818,99.068 (10.00 thresh)
[0m[33m[init]: failed static init: no accel jerk detected, platform moving too much
[0m[34m[TIME]: 0.0013 seconds total (784.9 hz, 5.60 ms behind)
[0m[33m[init]: disparity is 84.818,99.068 (10.00 thresh)
[0m[33m[init]: failed static init: no accel jerk detected, platform moving too much
[0m[34m[TIME]: 0.0014 seconds total (719.9 hz, 5.60 ms behind)
[0m[33m[init]: disparity is 84.818,99.068 (10.00 thresh)
[0m[33m[init]: failed static init: no accel jerk detected, platform moving too much
[0m[34m[TIME]: 0.0016 seconds total (620.3 hz, 5.60 ms behind)
[0m[33m[init]: disparity is 84.818,99.068 (10.00 thresh)
[0m[33m[init]: failed static init: no accel jerk detected, platform moving too much
[0m[34m[TIME]: 0.0011 seconds total (870.3 hz, 6.00 ms behind)
[0m[33m[init]: disparity is 84.818,99.068 (10.00 thresh)
[0m[33m[init]: failed static init: no accel jerk detected, platform moving too much
[0m[34m[TIME]: 0.0013 seconds total (742.9 hz, 6.40 ms behind)
[0m[33m[init]: disparity is 84.818,99.068 (10.00 thresh)
[0m[33m[init]: failed static init: no accel jerk detected, platform moving too much
[0m[34m[TIME]: 0.0011 seconds total (936.3 hz, 5.60 ms behind)
[0m[33m[init]: disparity is 84.818,99.068 (10.00 thresh)
[0m[33m[init]: failed static init: no accel jerk detected, platform moving too much
[0m[34m[TIME]: 0.0014 seconds total (700.8 hz, 4.80 ms behind)
[0m[33m[init]: disparity is 84.818,99.068 (10.00 thresh)
[0m[33m[init]: failed static init: no accel jerk detected, platform moving too much
[0m[34m[TIME]: 0.0013 seconds total (791.1 hz, 6.80 ms behind)
[0m[33m[init]: disparity is 84.818,99.068 (10.00 thresh)
[0m[33m[init]: failed static init: no accel jerk detected, platform moving too much
[0m[34m[TIME]: 0.0015 seconds total (679.8 hz, 5.60 ms behind)
[0m[33m[init]: disparity is 84.818,99.068 (10.00 thresh)
[0m[33m[init]: failed static init: no accel jerk detected, platform moving too much
[0m[34m[TIME]: 0.0012 seconds total (806.5 hz, 5.60 ms behind)
[0m[33m[init]: disparity is 84.818,99.068 (10.00 thresh)
[0m[33m[init]: failed static init: no accel jerk detected, platform moving too much
[0m[34m[TIME]: 0.0012 seconds total (862.1 hz, 4.40 ms behind)
[0m[33m[init]: disparity is 84.818,99.068 (10.00 thresh)
[0m[33m[init]: failed static init: no accel jerk detected, platform moving too much
[0m[34m[TIME]: 0.0014 seconds total (733.1 hz, 6.80 ms behind)
[0m[33m[init]: disparity is 84.818,99.068 (10.00 thresh)
[0m[33m[init]: failed static init: no accel jerk detected, platform moving too much
[0m[34m[TIME]: 0.0012 seconds total (808.4 hz, 6.80 ms behind)
[0m[33m[init]: disparity is 84.818,99.068 (10.00 thresh)
[0m[33m[init]: failed static init: no accel jerk detected, platform moving too much
[0m[34m[TIME]: 0.0016 seconds total (638.2 hz, 7.20 ms behind)
[0m[33m[init]: disparity is 84.818,99.068 (10.00 thresh)
[0m[33m[init]: failed static init: no accel jerk detected, platform moving too much
[0m[34m[TIME]: 0.0013 seconds total (797.4 hz, 6.00 ms behind)
[0m[33m[init]: disparity is 84.818,99.068 (10.00 thresh)
[0m[33m[init]: failed static init: no accel jerk detected, platform moving too much
[0m[34m[TIME]: 0.0012 seconds total (802.6 hz, 6.80 ms behind)
[0m[33m[init]: disparity is 84.818,99.068 (10.00 thresh)
[0m[33m[init]: failed static init: no accel jerk detected, platform moving too much
[0m[34m[TIME]: 0.0013 seconds total (760.5 hz, 6.00 ms behind)
[0m[33m[init]: disparity is 84.818,99.068 (10.00 thresh)
[0m[33m[init]: failed static init: no accel jerk detected, platform moving too much
[0m[34m[TIME]: 0.0013 seconds total (757.0 hz, 4.80 ms behind)
[0m[33m[init]: disparity is 84.818,99.068 (10.00 thresh)
[0m[33m[init]: failed static init: no accel jerk detected, platform moving too much
[0m[34m[TIME]: 0.0012 seconds total (805.2 hz, 6.80 ms behind)
[0m[33m[init]: disparity is 84.818,99.068 (10.00 thresh)
[0m[33m[init]: failed static init: no accel jerk detected, platform moving too much
[0m[34m[TIME]: 0.0011 seconds total (950.6 hz, 6.00 ms behind)
[0m[33m[init]: disparity is 84.818,99.068 (10.00 thresh)
[0m[33m[init]: failed static init: no accel jerk detected, platform moving too much
[0m[34m[TIME]: 0.0013 seconds total (774.6 hz, 5.60 ms behind)
[0m[33m[init]: disparity is 84.818,99.068 (10.00 thresh)
[0m[33m[init]: failed static init: no accel jerk detected, platform moving too much
[0m[34m[TIME]: 0.0014 seconds total (728.9 hz, 6.00 ms behind)
[0m[33m[init]: disparity is 84.818,99.068 (10.00 thresh)
[0m[33m[init]: failed static init: no accel jerk detected, platform moving too much
[0m[34m[TIME]: 0.0012 seconds total (836.1 hz, 5.60 ms behind)
[0m[33m[init]: disparity is 84.818,99.068 (10.00 thresh)
[0m[33m[init]: failed static init: no accel jerk detected, platform moving too much
[0m[34m[TIME]: 0.0013 seconds total (786.8 hz, 5.60 ms behind)
[0m[33m[init]: disparity is 84.818,99.068 (10.00 thresh)
[0m[33m[init]: failed static init: no accel jerk detected, platform moving too much
[0m[34m[TIME]: 0.0012 seconds total (833.3 hz, 6.00 ms behind)
[0m[33m[init]: disparity is 84.818,99.068 (10.00 thresh)
[0m[33m[init]: failed static init: no accel jerk detected, platform moving too much
[0m[34m[TIME]: 0.0012 seconds total (811.0 hz, 6.80 ms behind)
[0m[33m[init]: disparity is 84.818,99.068 (10.00 thresh)
[0m[33m[init]: failed static init: no accel jerk detected, platform moving too much
[0m[34m[TIME]: 0.0011 seconds total (871.1 hz, 5.60 ms behind)
[0m[33m[init]: disparity is 84.818,99.068 (10.00 thresh)
[0m[33m[init]: failed static init: no accel jerk detected, platform moving too much
[0m[34m[TIME]: 0.0012 seconds total (835.4 hz, 6.00 ms behind)
[0m[33m[init]: disparity is 84.818,99.068 (10.00 thresh)
[0m[33m[init]: failed static init: no accel jerk detected, platform moving too much
[0m[34m[TIME]: 0.0013 seconds total (789.3 hz, 6.00 ms behind)
[0m[33m[init]: disparity is 84.818,99.068 (10.00 thresh)
[0m[33m[init]: failed static init: no accel jerk detected, platform moving too much
[0m[34m[TIME]: 0.0012 seconds total (803.2 hz, 5.20 ms behind)
[0m[33m[init]: disparity is 84.818,99.068 (10.00 thresh)
[0m[33m[init]: failed static init: no accel jerk detected, platform moving too much
[0m[34m[TIME]: 0.0012 seconds total (815.7 hz, 6.40 ms behind)
[0m[33m[init]: disparity is 84.818,99.068 (10.00 thresh)
[0m[33m[init]: failed static init: no accel jerk detected, platform moving too much
[0m[34m[TIME]: 0.0012 seconds total (857.6 hz, 6.00 ms behind)
[0m[33m[init]: disparity is 84.818,99.068 (10.00 thresh)
[0m[33m[init]: failed static init: no accel jerk detected, platform moving too much
[0m[34m[TIME]: 0.0013 seconds total (790.5 hz, 6.00 ms behind)
[0m[33m[init]: disparity is 84.818,99.068 (10.00 thresh)
[0m[33m[init]: failed static init: no accel jerk detected, platform moving too much
[0m[34m[TIME]: 0.0013 seconds total (786.2 hz, 6.80 ms behind)
[0m[33m[init]: disparity is 84.818,99.068 (10.00 thresh)
[0m[33m[init]: failed static init: no accel jerk detected, platform moving too much
[0m[34m[TIME]: 0.0012 seconds total (815.7 hz, 6.00 ms behind)
[0m[33m[init]: disparity is 84.818,99.068 (10.00 thresh)
[0m[33m[init]: failed static init: no accel jerk detected, platform moving too much
[0m[34m[TIME]: 0.0013 seconds total (754.1 hz, 5.60 ms behind)
[0m[33m[init]: disparity is 84.818,99.068 (10.00 thresh)
[0m[33m[init]: failed static init: no accel jerk detected, platform moving too much
[0m[34m[TIME]: 0.0012 seconds total (810.4 hz, 5.60 ms behind)
[0m[33m[init]: disparity is 84.818,99.068 (10.00 thresh)
[0m[33m[init]: failed static init: no accel jerk detected, platform moving too much
[0m[34m[TIME]: 0.0012 seconds total (814.3 hz, 5.60 ms behind)
[0m[33m[init]: disparity is 84.818,99.068 (10.00 thresh)
[0m[33m[init]: failed static init: no accel jerk detected, platform moving too much
[0m[34m[TIME]: 0.0013 seconds total (789.3 hz, 7.60 ms behind)
[0m[33m[init]: disparity is 84.818,99.068 (10.00 thresh)
[0m[33m[init]: failed static init: no accel jerk detected, platform moving too much
[0m[34m[TIME]: 0.0010 seconds total (954.2 hz, 8.00 ms behind)
[0m[33m[init]: disparity is 84.818,99.068 (10.00 thresh)
[0m[33m[init]: failed static init: no accel jerk detected, platform moving too much
[0m[34m[TIME]: 0.0012 seconds total (854.0 hz, 7.60 ms behind)
[0m[33m[init]: disparity is 84.818,99.068 (10.00 thresh)
[0m[33m[init]: failed static init: no accel jerk detected, platform moving too much
[0m[34m[TIME]: 0.0012 seconds total (803.2 hz, 6.80 ms behind)
[0m[33m[init]: disparity is 84.818,99.068 (10.00 thresh)
[0m[33m[init]: failed static init: no accel jerk detected, platform moving too much
[0m[34m[TIME]: 0.0017 seconds total (582.4 hz, 6.00 ms behind)
[0m[33m[init]: disparity is 84.818,99.068 (10.00 thresh)
[0m[33m[init]: failed static init: no accel jerk detected, platform moving too much
[0m[34m[TIME]: 0.0012 seconds total (811.0 hz, 7.60 ms behind)
[0m[33m[init]: disparity is 84.818,99.068 (10.00 thresh)
[0m[33m[init]: failed static init: no accel jerk detected, platform moving too much
[0m[34m[TIME]: 0.0014 seconds total (701.8 hz, 6.40 ms behind)
[0m[33m[init]: disparity is 84.818,99.068 (10.00 thresh)
[0m[33m[init]: failed static init: no accel jerk detected, platform moving too much
[0m[34m[TIME]: 0.0011 seconds total (878.7 hz, 7.60 ms behind)
[0m[33m[init]: disparity is 84.818,99.068 (10.00 thresh)
[0m[33m[init]: failed static init: no accel jerk detected, platform moving too much
[0m[34m[TIME]: 0.0012 seconds total (823.0 hz, 5.60 ms behind)
[0m[33m[init]: disparity is 84.818,99.068 (10.00 thresh)
[0m[33m[init]: failed static init: no accel jerk detected, platform moving too much
[0m[34m[TIME]: 0.0017 seconds total (572.1 hz, 4.80 ms behind)
[0m[33m[init]: disparity is 84.818,99.068 (10.00 thresh)
[0m[33m[init]: failed static init: no accel jerk detected, platform moving too much
[0m[34m[TIME]: 0.0013 seconds total (774.0 hz, 5.60 ms behind)
[0m[33m[init]: disparity is 84.818,99.068 (10.00 thresh)
[0m[33m[init]: failed static init: no accel jerk detected, platform moving too much
[0m[34m[TIME]: 0.0015 seconds total (661.8 hz, 6.00 ms behind)
[0m[33m[init]: disparity is 84.818,99.068 (10.00 thresh)
[0m[33m[init]: failed static init: no accel jerk detected, platform moving too much
[0m[34m[TIME]: 0.0013 seconds total (755.3 hz, 4.80 ms behind)
[0m[33m[init]: disparity is 84.818,99.068 (10.00 thresh)
[0m[33m[init]: failed static init: no accel jerk detected, platform moving too much
[0m[34m[TIME]: 0.0013 seconds total (742.9 hz, 5.60 ms behind)
[0m[33m[init]: disparity is 84.818,99.068 (10.00 thresh)
[0m[33m[init]: failed static init: no accel jerk detected, platform moving too much
[0m[34m[TIME]: 0.0013 seconds total (785.5 hz, 6.00 ms behind)
[0m[33m[init]: disparity is 84.818,99.068 (10.00 thresh)
[0m[33m[init]: failed static init: no accel jerk detected, platform moving too much
[0m[34m[TIME]: 0.0012 seconds total (844.6 hz, 5.20 ms behind)
[0m[33m[init]: disparity is 84.818,99.068 (10.00 thresh)
[0m[33m[init]: failed static init: no accel jerk detected, platform moving too much
[0m[34m[TIME]: 0.0013 seconds total (798.7 hz, 5.60 ms behind)
[0m[33m[init]: disparity is 84.818,99.068 (10.00 thresh)
[0m[33m[init]: failed static init: no accel jerk detected, platform moving too much
[0m[34m[TIME]: 0.0015 seconds total (676.1 hz, 5.60 ms behind)
[0m[33m[init]: disparity is 84.818,99.068 (10.00 thresh)
[0m[33m[init]: failed static init: no accel jerk detected, platform moving too much
[0m[34m[TIME]: 0.0014 seconds total (713.8 hz, 6.80 ms behind)
[0m[33m[init]: disparity is 84.818,99.068 (10.00 thresh)
[0m[33m[init]: failed static init: no accel jerk detected, platform moving too much
[0m[34m[TIME]: 0.0014 seconds total (690.6 hz, 7.20 ms behind)
[0m[33m[init]: disparity is 84.818,99.068 (10.00 thresh)
[0m[33m[init]: failed static init: no accel jerk detected, platform moving too much
[0m[34m[TIME]: 0.0010 seconds total (1003.0 hz, 6.40 ms behind)
[0m[33m[init]: disparity is 84.818,99.068 (10.00 thresh)
[0m[33m[init]: failed static init: no accel jerk detected, platform moving too much
[0m[34m[TIME]: 0.0015 seconds total (678.0 hz, 6.80 ms behind)
[0m[33m[init]: disparity is 84.818,99.068 (10.00 thresh)
[0m[33m[init]: failed static init: no accel jerk detected, platform moving too much
[0m[34m[TIME]: 0.0013 seconds total (742.9 hz, 6.40 ms behind)
[0m[33m[init]: disparity is 84.818,99.068 (10.00 thresh)
[0m[33m[init]: failed static init: no accel jerk detected, platform moving too much
[0m[34m[TIME]: 0.0013 seconds total (797.4 hz, 6.80 ms behind)
[0m[33m[init]: disparity is 84.818,99.068 (10.00 thresh)
[0m[33m[init]: failed static init: no accel jerk detected, platform moving too much
[0m[34m[TIME]: 0.0012 seconds total (857.6 hz, 6.40 ms behind)
[0m[33m[init]: disparity is 84.818,99.068 (10.00 thresh)
[0m[33m[init]: failed static init: no accel jerk detected, platform moving too much
[0m[34m[TIME]: 0.0016 seconds total (622.7 hz, 6.80 ms behind)
[0m[33m[init]: disparity is 84.818,99.068 (10.00 thresh)
[0m[33m[init]: failed static init: no accel jerk detected, platform moving too much
[0m[34m[TIME]: 0.0013 seconds total (745.2 hz, 6.80 ms behind)
[0m[33m[init]: disparity is 84.818,99.068 (10.00 thresh)
[0m[33m[init]: failed static init: no accel jerk detected, platform moving too much
[0m[34m[TIME]: 0.0014 seconds total (697.4 hz, 6.80 ms behind)
[0m[33m[init]: disparity is 84.818,99.068 (10.00 thresh)
[0m[33m[init]: failed static init: no accel jerk detected, platform moving too much
[0m[34m[TIME]: 0.0010 seconds total (1005.0 hz, 5.60 ms behind)
[0m[33m[init]: disparity is 84.818,99.068 (10.00 thresh)
[0m[33m[init]: failed static init: no accel jerk detected, platform moving too much
[0m[34m[TIME]: 0.0015 seconds total (686.3 hz, 6.80 ms behind)
[0m[33m[init]: disparity is 84.818,99.068 (10.00 thresh)
[0m[33m[init]: failed static init: no accel jerk detected, platform moving too much
[0m[34m[TIME]: 0.0018 seconds total (561.8 hz, 6.80 ms behind)
[0m[33m[init]: disparity is 84.818,99.068 (10.00 thresh)
[0m[33m[init]: failed static init: no accel jerk detected, platform moving too much
[0m[34m[TIME]: 0.0013 seconds total (791.1 hz, 4.80 ms behind)
[0m[33m[init]: disparity is 84.818,99.068 (10.00 thresh)
[0m[33m[init]: failed static init: no accel jerk detected, platform moving too much
[0m[34m[TIME]: 0.0015 seconds total (676.1 hz, 4.80 ms behind)
[0m[33m[init]: disparity is 84.818,99.068 (10.00 thresh)
[0m[33m[init]: failed static init: no accel jerk detected, platform moving too much
[0m[34m[TIME]: 0.0012 seconds total (854.0 hz, 5.20 ms behind)
[0m[33m[init]: disparity is 84.818,99.068 (10.00 thresh)
[0m[33m[init]: failed static init: no accel jerk detected, platform moving too much
[0m[34m[TIME]: 0.0012 seconds total (811.7 hz, 3.60 ms behind)
[0m[33m[init]: disparity is 84.818,99.068 (10.00 thresh)
[0m[33m[init]: failed static init: no accel jerk detected, platform moving too much
[0m[34m[TIME]: 0.0010 seconds total (975.6 hz, 4.80 ms behind)
[0m[33m[init]: disparity is 84.818,99.068 (10.00 thresh)
[0m[33m[init]: failed static init: no accel jerk detected, platform moving too much
[0m[34m[TIME]: 0.0013 seconds total (791.8 hz, 6.40 ms behind)
[0m[33m[init]: disparity is 84.818,99.068 (10.00 thresh)
[0m[33m[init]: failed static init: no accel jerk detected, platform moving too much
[0m[34m[TIME]: 0.0014 seconds total (720.5 hz, 6.80 ms behind)
[0m[33m[init]: disparity is 84.818,99.068 (10.00 thresh)
[0m[33m[init]: failed static init: no accel jerk detected, platform moving too much
[0m[34m[TIME]: 0.0012 seconds total (861.3 hz, 5.60 ms behind)
[0m[33m[init]: disparity is 84.818,99.068 (10.00 thresh)
[0m[33m[init]: failed static init: no accel jerk detected, platform moving too much
[0m[34m[TIME]: 0.0013 seconds total (762.2 hz, 6.80 ms behind)
[0m[33m[init]: disparity is 84.818,99.068 (10.00 thresh)
[0m[33m[init]: failed static init: no accel jerk detected, platform moving too much
[0m[34m[TIME]: 0.0012 seconds total (823.0 hz, 5.60 ms behind)
[0m[33m[init]: disparity is 84.818,99.068 (10.00 thresh)
[0m[33m[init]: failed static init: no accel jerk detected, platform moving too much
[0m[34m[TIME]: 0.0020 seconds total (498.5 hz, 6.80 ms behind)
[0m[33m[init]: disparity is 84.818,99.068 (10.00 thresh)
[0m[33m[init]: failed static init: no accel jerk detected, platform moving too much
[0m[34m[TIME]: 0.0010 seconds total (984.3 hz, 4.00 ms behind)
[0m[33m[init]: disparity is 84.818,99.068 (10.00 thresh)
[0m[33m[init]: failed static init: no accel jerk detected, platform moving too much
[0m[34m[TIME]: 0.0013 seconds total (788.0 hz, 6.00 ms behind)
[0m[33m[init]: disparity is 84.818,99.068 (10.00 thresh)
[0m[33m[init]: failed static init: no accel jerk detected, platform moving too much
[0m[34m[TIME]: 0.0017 seconds total (588.2 hz, 6.00 ms behind)
[0m[33m[init]: disparity is 84.818,99.068 (10.00 thresh)
[0m[33m[init]: failed static init: no accel jerk detected, platform moving too much
[0m[34m[TIME]: 0.0015 seconds total (689.2 hz, 6.80 ms behind)
[0m[33m[init]: disparity is 84.818,99.068 (10.00 thresh)
[0m[33m[init]: failed static init: no accel jerk detected, platform moving too much
[0m[34m[TIME]: 0.0015 seconds total (667.1 hz, 5.60 ms behind)
[0m[33m[init]: disparity is 84.818,99.068 (10.00 thresh)
[0m[33m[init]: failed static init: no accel jerk detected, platform moving too much
[0m[34m[TIME]: 0.0017 seconds total (576.7 hz, 6.80 ms behind)
[0m[33m[init]: disparity is 84.818,99.068 (10.00 thresh)
[0m[33m[init]: failed static init: no accel jerk detected, platform moving too much
[0m[34m[TIME]: 0.0012 seconds total (815.7 hz, 6.40 ms behind)
[0m[33m[init]: disparity is 84.818,99.068 (10.00 thresh)
[0m[33m[init]: failed static init: no accel jerk detected, platform moving too much
[0m[34m[TIME]: 0.0012 seconds total (868.1 hz, 6.00 ms behind)
[0m[33m[init]: disparity is 84.818,99.068 (10.00 thresh)
[0m[33m[init]: failed static init: no accel jerk detected, platform moving too much
[0m[34m[TIME]: 0.0013 seconds total (781.3 hz, 6.40 ms behind)
[0m[33m[init]: disparity is 84.818,99.068 (10.00 thresh)
[0m[33m[init]: failed static init: no accel jerk detected, platform moving too much
[0m[34m[TIME]: 0.0014 seconds total (698.8 hz, 6.80 ms behind)
[0m[33m[init]: disparity is 84.818,99.068 (10.00 thresh)
[0m[33m[init]: failed static init: no accel jerk detected, platform moving too much
[0m[34m[TIME]: 0.0019 seconds total (517.3 hz, 5.60 ms behind)
[0m[33m[init]: disparity is 84.818,99.068 (10.00 thresh)
[0m[33m[init]: failed static init: no accel jerk detected, platform moving too much
[0m[34m[TIME]: 0.0011 seconds total (877.2 hz, 6.00 ms behind)
[0m[33m[init]: disparity is 84.818,99.068 (10.00 thresh)
[0m[33m[init]: failed static init: no accel jerk detected, platform moving too much
[0m[34m[TIME]: 0.0013 seconds total (793.0 hz, 6.00 ms behind)
[0m[33m[init]: disparity is 84.818,99.068 (10.00 thresh)
[0m[33m[init]: failed static init: no accel jerk detected, platform moving too much
[0m[34m[TIME]: 0.0011 seconds total (904.2 hz, 5.60 ms behind)
[0m[33m[init]: disparity is 84.818,99.068 (10.00 thresh)
[0m[33m[init]: failed static init: no accel jerk detected, platform moving too much
[0m[34m[TIME]: 0.0011 seconds total (939.0 hz, 5.60 ms behind)
[0m[33m[init]: disparity is 84.818,99.068 (10.00 thresh)
[0m[33m[init]: failed static init: no accel jerk detected, platform moving too much
[0m[34m[TIME]: 0.0014 seconds total (709.7 hz, 5.60 ms behind)
[0m[33m[init]: disparity is 84.818,99.068 (10.00 thresh)
[0m[33m[init]: failed static init: no accel jerk detected, platform moving too much
[0m[34m[TIME]: 0.0013 seconds total (744.6 hz, 4.80 ms behind)
[0m[33m[init]: disparity is 84.818,99.068 (10.00 thresh)
[0m[33m[init]: failed static init: no accel jerk detected, platform moving too much
[0m[34m[TIME]: 0.0015 seconds total (687.3 hz, 6.80 ms behind)
[0m[33m[init]: disparity is 84.818,99.068 (10.00 thresh)
[0m[33m[init]: failed static init: no accel jerk detected, platform moving too much
[0m[34m[TIME]: 0.0013 seconds total (772.8 hz, 6.80 ms behind)
[0m[33m[init]: disparity is 84.818,99.068 (10.00 thresh)
[0m[33m[init]: failed static init: no accel jerk detected, platform moving too much
[0m[34m[TIME]: 0.0012 seconds total (809.1 hz, 4.80 ms behind)
[0m[33m[init]: disparity is 84.818,99.068 (10.00 thresh)
[0m[33m[init]: failed static init: no accel jerk detected, platform moving too much
[0m[34m[TIME]: 0.0011 seconds total (930.2 hz, 4.00 ms behind)
[0m[33m[init]: disparity is 84.818,99.068 (10.00 thresh)
[0m[33m[init]: failed static init: no accel jerk detected, platform moving too much
[0m[34m[TIME]: 0.0013 seconds total (798.7 hz, 5.20 ms behind)
[0m[33m[init]: disparity is 84.818,99.068 (10.00 thresh)
[0m[33m[init]: failed static init: no accel jerk detected, platform moving too much
[0m[34m[TIME]: 0.0011 seconds total (874.1 hz, 4.00 ms behind)
[0m[33m[init]: disparity is 84.818,99.068 (10.00 thresh)
[0m[33m[init]: failed static init: no accel jerk detected, platform moving too much
[0m[34m[TIME]: 0.0012 seconds total (803.2 hz, 5.60 ms behind)
[0m[33m[init]: disparity is 84.818,99.068 (10.00 thresh)
[0m[33m[init]: failed static init: no accel jerk detected, platform moving too much
[0m[34m[TIME]: 0.0010 seconds total (984.3 hz, 5.60 ms behind)
[0m[33m[init]: disparity is 84.818,99.068 (10.00 thresh)
[0m[33m[init]: failed static init: no accel jerk detected, platform moving too much
[0m[34m[TIME]: 0.0010 seconds total (970.9 hz, 5.20 ms behind)
[0m[33m[init]: disparity is 84.818,99.068 (10.00 thresh)
[0m[33m[init]: failed static init: no accel jerk detected, platform moving too much
[0m[34m[TIME]: 0.0013 seconds total (788.6 hz, 4.00 ms behind)
[0m[33m[init]: disparity is 84.818,99.068 (10.00 thresh)
[0m[33m[init]: failed static init: no accel jerk detected, platform moving too much
[0m[34m[TIME]: 0.0013 seconds total (791.1 hz, 4.00 ms behind)
[0m[33m[init]: disparity is 84.818,99.068 (10.00 thresh)
[0m[33m[init]: failed static init: no accel jerk detected, platform moving too much
[0m[34m[TIME]: 0.0014 seconds total (727.8 hz, 5.60 ms behind)
[0m[33m[init]: disparity is 84.818,99.068 (10.00 thresh)
[0m[33m[init]: failed static init: no accel jerk detected, platform moving too much
[0m[34m[TIME]: 0.0012 seconds total (827.8 hz, 4.80 ms behind)
[0m[33m[init]: disparity is 84.818,99.068 (10.00 thresh)
[0m[33m[init]: failed static init: no accel jerk detected, platform moving too much
[0m[34m[TIME]: 0.0013 seconds total (778.2 hz, 5.60 ms behind)
[0m[33m[init]: disparity is 84.818,99.068 (10.00 thresh)
[0m[33m[init]: failed static init: no accel jerk detected, platform moving too much
[0m[34m[TIME]: 0.0015 seconds total (686.8 hz, 6.00 ms behind)
[0m[33m[init]: disparity is 84.818,99.068 (10.00 thresh)
[0m[33m[init]: failed static init: no accel jerk detected, platform moving too much
[0m[34m[TIME]: 0.0012 seconds total (859.1 hz, 6.40 ms behind)
[0m[33m[init]: disparity is 84.818,99.068 (10.00 thresh)
[0m[33m[init]: failed static init: no accel jerk detected, platform moving too much
[0m[34m[TIME]: 0.0012 seconds total (807.8 hz, 5.20 ms behind)
[0m[33m[init]: disparity is 84.818,99.068 (10.00 thresh)
[0m[33m[init]: failed static init: no accel jerk detected, platform moving too much
[0m[34m[TIME]: 0.0013 seconds total (744.0 hz, 4.80 ms behind)
[0m[33m[init]: disparity is 84.818,99.068 (10.00 thresh)
[0m[33m[init]: failed static init: no accel jerk detected, platform moving too much
[0m[34m[TIME]: 0.0012 seconds total (831.3 hz, 3.20 ms behind)
[0m[33m[init]: disparity is 84.818,99.068 (10.00 thresh)
[0m[33m[init]: failed static init: no accel jerk detected, platform moving too much
[0m[34m[TIME]: 0.0011 seconds total (888.9 hz, 4.40 ms behind)
[0m[33m[init]: disparity is 84.818,99.068 (10.00 thresh)
[0m[33m[init]: failed static init: no accel jerk detected, platform moving too much
[0m[34m[TIME]: 0.0014 seconds total (714.8 hz, 6.80 ms behind)
[0m[33m[init]: disparity is 84.818,99.068 (10.00 thresh)
[0m[33m[init]: failed static init: no accel jerk detected, platform moving too much
[0m[34m[TIME]: 0.0012 seconds total (830.6 hz, 5.60 ms behind)
[0m[33m[init]: disparity is 84.818,99.068 (10.00 thresh)
[0m[33m[init]: failed static init: no accel jerk detected, platform moving too much
[0m[34m[TIME]: 0.0011 seconds total (872.6 hz, 5.20 ms behind)
[0m[33m[init]: disparity is 84.818,99.068 (10.00 thresh)
[0m[33m[init]: failed static init: no accel jerk detected, platform moving too much
[0m[34m[TIME]: 0.0012 seconds total (818.3 hz, 6.00 ms behind)
[0m[33m[init]: disparity is 84.818,99.068 (10.00 thresh)
[0m[33m[init]: failed static init: no accel jerk detected, platform moving too much
[0m[34m[TIME]: 0.0012 seconds total (828.5 hz, 4.80 ms behind)
[0m[33m[init]: disparity is 84.818,99.068 (10.00 thresh)
[0m[33m[init]: failed static init: no accel jerk detected, platform moving too much
[0m[34m[TIME]: 0.0016 seconds total (644.7 hz, 5.60 ms behind)
[0m[33m[init]: disparity is 84.818,99.068 (10.00 thresh)
[0m[33m[init]: failed static init: no accel jerk detected, platform moving too much
[0m[34m[TIME]: 0.0011 seconds total (888.1 hz, 5.20 ms behind)
[0m[33m[init]: disparity is 84.818,99.068 (10.00 thresh)
[0m[33m[init]: failed static init: no accel jerk detected, platform moving too much
[0m[34m[TIME]: 0.0012 seconds total (803.2 hz, 6.00 ms behind)
[0m[33m[init]: disparity is 84.818,99.068 (10.00 thresh)
[0m[33m[init]: failed static init: no accel jerk detected, platform moving too much
[0m[34m[TIME]: 0.0011 seconds total (877.2 hz, 3.60 ms behind)
[0m[33m[init]: disparity is 84.818,99.068 (10.00 thresh)
[0m[33m[init]: failed static init: no accel jerk detected, platform moving too much
[0m[34m[TIME]: 0.0012 seconds total (846.7 hz, 5.60 ms behind)
[0m[33m[init]: disparity is 84.818,99.068 (10.00 thresh)
[0m[33m[init]: failed static init: no accel jerk detected, platform moving too much
[0m[34m[TIME]: 0.0011 seconds total (927.6 hz, 5.20 ms behind)
[0m[33m[init]: disparity is 84.818,99.068 (10.00 thresh)
[0m[33m[init]: failed static init: no accel jerk detected, platform moving too much
[0m[34m[TIME]: 0.0011 seconds total (920.8 hz, 6.40 ms behind)
[0m[33m[init]: disparity is 84.818,99.068 (10.00 thresh)
[0m[33m[init]: failed static init: no accel jerk detected, platform moving too much
[0m[34m[TIME]: 0.0012 seconds total (819.0 hz, 5.20 ms behind)
[0m[33m[init]: disparity is 84.818,99.068 (10.00 thresh)
[0m[33m[init]: failed static init: no accel jerk detected, platform moving too much
[0m[34m[TIME]: 0.0012 seconds total (845.3 hz, 6.00 ms behind)
[0m[33m[init]: disparity is 84.818,99.068 (10.00 thresh)
[0m[33m[init]: failed static init: no accel jerk detected, platform moving too much
[0m[34m[TIME]: 0.0013 seconds total (753.6 hz, 5.20 ms behind)
[0m[33m[init]: disparity is 84.818,99.068 (10.00 thresh)
[0m[33m[init]: failed static init: no accel jerk detected, platform moving too much
[0m[34m[TIME]: 0.0013 seconds total (766.3 hz, 6.00 ms behind)
[0m[33m[init]: disparity is 84.818,99.068 (10.00 thresh)
[0m[33m[init]: failed static init: no accel jerk detected, platform moving too much
[0m[34m[TIME]: 0.0016 seconds total (620.0 hz, 3.60 ms behind)
[0m[33m[init]: disparity is 84.818,99.068 (10.00 thresh)
[0m[33m[init]: failed static init: no accel jerk detected, platform moving too much
[0m[34m[TIME]: 0.0013 seconds total (748.5 hz, 6.00 ms behind)
[0m[33m[init]: disparity is 84.818,99.068 (10.00 thresh)
[0m[33m[init]: failed static init: no accel jerk detected, platform moving too much
[0m[34m[TIME]: 0.0013 seconds total (797.4 hz, 4.80 ms behind)
[0m[33m[init]: disparity is 84.818,99.068 (10.00 thresh)
[0m[33m[init]: failed static init: no accel jerk detected, platform moving too much
[0m[34m[TIME]: 0.0013 seconds total (752.4 hz, 6.00 ms behind)
[0m[33m[init]: disparity is 84.818,99.068 (10.00 thresh)
[0m[33m[init]: failed static init: no accel jerk detected, platform moving too much
[0m[34m[TIME]: 0.0012 seconds total (815.7 hz, 5.60 ms behind)
[0m[33m[init]: disparity is 84.818,99.068 (10.00 thresh)
[0m[33m[init]: failed static init: no accel jerk detected, platform moving too much
[0m[34m[TIME]: 0.0015 seconds total (673.4 hz, 6.40 ms behind)
[0m[33m[init]: disparity is 84.818,99.068 (10.00 thresh)
[0m[33m[init]: failed static init: no accel jerk detected, platform moving too much
[0m[34m[TIME]: 0.0016 seconds total (630.1 hz, 7.60 ms behind)
[0m[33m[init]: disparity is 84.818,99.068 (10.00 thresh)
[0m[33m[init]: failed static init: no accel jerk detected, platform moving too much
[0m[34m[TIME]: 0.0013 seconds total (762.2 hz, 5.60 ms behind)
[0m[33m[init]: disparity is 84.818,99.068 (10.00 thresh)
[0m[33m[init]: failed static init: no accel jerk detected, platform moving too much
[0m[34m[TIME]: 0.0011 seconds total (904.2 hz, 4.80 ms behind)
[0m[33m[init]: disparity is 84.818,99.068 (10.00 thresh)
[0m[33m[init]: failed static init: no accel jerk detected, platform moving too much
[0m[34m[TIME]: 0.0016 seconds total (632.5 hz, 5.60 ms behind)
[0m[33m[init]: disparity is 84.818,99.068 (10.00 thresh)
[0m[33m[init]: failed static init: no accel jerk detected, platform moving too much
[0m[34m[TIME]: 0.0011 seconds total (869.6 hz, 6.80 ms behind)
[0m[33m[init]: disparity is 84.818,99.068 (10.00 thresh)
[0m[33m[init]: failed static init: no accel jerk detected, platform moving too much
[0m[34m[TIME]: 0.0013 seconds total (772.2 hz, 5.60 ms behind)
[0m[33m[init]: disparity is 84.818,99.068 (10.00 thresh)
[0m[33m[init]: failed static init: no accel jerk detected, platform moving too much
[0m[34m[TIME]: 0.0018 seconds total (560.5 hz, 6.80 ms behind)
[0m[33m[init]: disparity is 84.818,99.068 (10.00 thresh)
[0m[33m[init]: failed static init: no accel jerk detected, platform moving too much
[0m[34m[TIME]: 0.0016 seconds total (625.8 hz, 6.40 ms behind)
[0m[33m[init]: disparity is 84.818,99.068 (10.00 thresh)
[0m[33m[init]: failed static init: no accel jerk detected, platform moving too much
[0m[34m[TIME]: 0.0012 seconds total (813.0 hz, 8.00 ms behind)
[0m[33m[init]: disparity is 84.818,99.068 (10.00 thresh)
[0m[33m[init]: failed static init: no accel jerk detected, platform moving too much
[0m[34m[TIME]: 0.0011 seconds total (920.8 hz, 6.00 ms behind)
[0m[33m[init]: disparity is 84.818,99.068 (10.00 thresh)
[0m[33m[init]: failed static init: no accel jerk detected, platform moving too much
[0m[34m[TIME]: 0.0021 seconds total (473.9 hz, 6.80 ms behind)
[0m[33m[init]: disparity is 84.818,99.068 (10.00 thresh)
[0m[33m[init]: failed static init: no accel jerk detected, platform moving too much
[0m[34m[TIME]: 0.0013 seconds total (792.4 hz, 5.60 ms behind)
[0m[33m[init]: disparity is 84.818,99.068 (10.00 thresh)
[0m[33m[init]: failed static init: no accel jerk detected, platform moving too much
[0m[34m[TIME]: 0.0011 seconds total (918.3 hz, 5.20 ms behind)
[0m[33m[init]: disparity is 84.818,99.068 (10.00 thresh)
[0m[33m[init]: failed static init: no accel jerk detected, platform moving too much
[0m[34m[TIME]: 0.0012 seconds total (858.4 hz, 5.60 ms behind)
[0m[33m[init]: disparity is 84.818,99.068 (10.00 thresh)
[0m[33m[init]: failed static init: no accel jerk detected, platform moving too much
[0m[34m[TIME]: 0.0013 seconds total (758.2 hz, 5.60 ms behind)
[0m[33m[init]: disparity is 84.818,99.068 (10.00 thresh)
[0m[33m[init]: failed static init: no accel jerk detected, platform moving too much
[0m[34m[TIME]: 0.0015 seconds total (684.5 hz, 4.40 ms behind)
[0m[33m[init]: disparity is 84.818,99.068 (10.00 thresh)
[0m[33m[init]: failed static init: no accel jerk detected, platform moving too much
[0m[34m[TIME]: 0.0012 seconds total (802.6 hz, 6.80 ms behind)
[0m[33m[init]: disparity is 84.818,99.068 (10.00 thresh)
[0m[33m[init]: failed static init: no accel jerk detected, platform moving too much
[0m[34m[TIME]: 0.0011 seconds total (902.5 hz, 5.60 ms behind)
[0m[33m[init]: disparity is 84.818,99.068 (10.00 thresh)
[0m[33m[init]: failed static init: no accel jerk detected, platform moving too much
[0m[34m[TIME]: 0.0012 seconds total (863.6 hz, 6.80 ms behind)
[0m[33m[init]: disparity is 84.818,99.068 (10.00 thresh)
[0m[33m[init]: failed static init: no accel jerk detected, platform moving too much
[0m[34m[TIME]: 0.0015 seconds total (665.3 hz, 5.60 ms behind)
[0m[33m[init]: disparity is 84.818,99.068 (10.00 thresh)
[0m[33m[init]: failed static init: no accel jerk detected, platform moving too much
[0m[34m[TIME]: 0.0011 seconds total (925.9 hz, 4.80 ms behind)
[0m[33m[init]: disparity is 84.818,99.068 (10.00 thresh)
[0m[33m[init]: failed static init: no accel jerk detected, platform moving too much
[0m[34m[TIME]: 0.0012 seconds total (821.7 hz, 4.80 ms behind)
[0m[33m[init]: disparity is 84.818,99.068 (10.00 thresh)
[0m[33m[init]: failed static init: no accel jerk detected, platform moving too much
[0m[34m[TIME]: 0.0011 seconds total (922.5 hz, 4.80 ms behind)
[0m[33m[init]: disparity is 84.818,99.068 (10.00 thresh)
[0m[33m[init]: failed static init: no accel jerk detected, platform moving too much
[0m[34m[TIME]: 0.0013 seconds total (755.3 hz, 6.00 ms behind)
[0m[33m[init]: disparity is 84.818,99.068 (10.00 thresh)
[0m[33m[init]: failed static init: no accel jerk detected, platform moving too much
[0m[34m[TIME]: 0.0012 seconds total (846.7 hz, 6.00 ms behind)
[0m[33m[init]: disparity is 84.818,99.068 (10.00 thresh)
[0m[33m[init]: failed static init: no accel jerk detected, platform moving too much
[0m[34m[TIME]: 0.0012 seconds total (833.3 hz, 4.40 ms behind)
[0m[33m[init]: disparity is 84.818,99.068 (10.00 thresh)
[0m[33m[init]: failed static init: no accel jerk detected, platform moving too much
[0m[34m[TIME]: 0.0013 seconds total (800.0 hz, 5.60 ms behind)
[0m[33m[init]: disparity is 84.818,99.068 (10.00 thresh)
[0m[33m[init]: failed static init: no accel jerk detected, platform moving too much
[0m[34m[TIME]: 0.0013 seconds total (747.4 hz, 5.60 ms behind)
[0m[33m[init]: disparity is 84.818,99.068 (10.00 thresh)
[0m[33m[init]: failed static init: no accel jerk detected, platform moving too much
[0m[34m[TIME]: 0.0012 seconds total (843.2 hz, 6.00 ms behind)
[0m[33m[init]: disparity is 84.818,99.068 (10.00 thresh)
[0m[33m[init]: failed static init: no accel jerk detected, platform moving too much
[0m[34m[TIME]: 0.0012 seconds total (817.0 hz, 4.40 ms behind)
[0m[33m[init]: disparity is 84.818,99.068 (10.00 thresh)
[0m[33m[init]: failed static init: no accel jerk detected, platform moving too much
[0m[34m[TIME]: 0.0015 seconds total (656.2 hz, 5.60 ms behind)
[0m[33m[init]: disparity is 84.818,99.068 (10.00 thresh)
[0m[33m[init]: failed static init: no accel jerk detected, platform moving too much
[0m[34m[TIME]: 0.0013 seconds total (797.4 hz, 5.60 ms behind)
[0m[33m[init]: disparity is 84.818,99.068 (10.00 thresh)
[0m[33m[init]: failed static init: no accel jerk detected, platform moving too much
[0m[34m[TIME]: 0.0011 seconds total (924.2 hz, 3.20 ms behind)
[0m[33m[init]: disparity is 84.818,99.068 (10.00 thresh)
[0m[33m[init]: failed static init: no accel jerk detected, platform moving too much
[0m[34m[TIME]: 0.0014 seconds total (710.7 hz, 6.00 ms behind)
[0m[33m[init]: disparity is 84.818,99.068 (10.00 thresh)
[0m[33m[init]: failed static init: no accel jerk detected, platform moving too much
[0m[34m[TIME]: 0.0013 seconds total (797.4 hz, 5.20 ms behind)
[0m[33m[init]: disparity is 84.818,99.068 (10.00 thresh)
[0m[33m[init]: failed static init: no accel jerk detected, platform moving too much
[0m[34m[TIME]: 0.0012 seconds total (844.6 hz, 5.60 ms behind)
[0m[33m[init]: disparity is 84.818,99.068 (10.00 thresh)
[0m[33m[init]: failed static init: no accel jerk detected, platform moving too much
[0m[34m[TIME]: 0.0012 seconds total (860.6 hz, 4.80 ms behind)
[0m[33m[init]: disparity is 84.818,99.068 (10.00 thresh)
[0m[33m[init]: failed static init: no accel jerk detected, platform moving too much
[0m[34m[TIME]: 0.0013 seconds total (777.6 hz, 5.60 ms behind)
[0m[33m[init]: disparity is 84.818,99.068 (10.00 thresh)
[0m[33m[init]: failed static init: no accel jerk detected, platform moving too much
[0m[34m[TIME]: 0.0012 seconds total (816.3 hz, 6.80 ms behind)
[0m[33m[init]: disparity is 84.818,99.068 (10.00 thresh)
[0m[33m[init]: failed static init: no accel jerk detected, platform moving too much
[0m[34m[TIME]: 0.0012 seconds total (848.2 hz, 4.80 ms behind)
[0m[33m[init]: disparity is 84.818,99.068 (10.00 thresh)
[0m[33m[init]: failed static init: no accel jerk detected, platform moving too much
[0m[34m[TIME]: 0.0015 seconds total (681.2 hz, 5.60 ms behind)
[0m[33m[init]: disparity is 84.818,99.068 (10.00 thresh)
[0m[33m[init]: failed static init: no accel jerk detected, platform moving too much
[0m[34m[TIME]: 0.0010 seconds total (984.3 hz, 5.60 ms behind)
[0m[33m[init]: disparity is 84.818,99.068 (10.00 thresh)
[0m[33m[init]: failed static init: no accel jerk detected, platform moving too much
[0m[34m[TIME]: 0.0014 seconds total (705.7 hz, 3.20 ms behind)
[0m[33m[init]: disparity is 84.818,99.068 (10.00 thresh)
[0m[33m[init]: failed static init: no accel jerk detected, platform moving too much
[0m[34m[TIME]: 0.0017 seconds total (593.8 hz, 6.40 ms behind)
[0m[33m[init]: disparity is 84.818,99.068 (10.00 thresh)
[0m[33m[init]: failed static init: no accel jerk detected, platform moving too much
[0m[34m[TIME]: 0.0017 seconds total (579.4 hz, 6.00 ms behind)
[0m[33m[init]: disparity is 84.818,99.068 (10.00 thresh)
[0m[33m[init]: failed static init: no accel jerk detected, platform moving too much
[0m[34m[TIME]: 0.0014 seconds total (730.5 hz, 6.00 ms behind)
[0m[33m[init]: disparity is 84.818,99.068 (10.00 thresh)
[0m[33m[init]: failed static init: no accel jerk detected, platform moving too much
[0m[34m[TIME]: 0.0011 seconds total (873.4 hz, 5.20 ms behind)
[0m[33m[init]: disparity is 84.818,99.068 (10.00 thresh)
[0m[33m[init]: failed static init: no accel jerk detected, platform moving too much
[0m[34m[TIME]: 0.0012 seconds total (807.8 hz, 5.60 ms behind)
[0m[33m[init]: disparity is 84.818,99.068 (10.00 thresh)
[0m[33m[init]: failed static init: no accel jerk detected, platform moving too much
[0m[34m[TIME]: 0.0014 seconds total (690.1 hz, 6.80 ms behind)
[0m[33m[init]: disparity is 84.818,99.068 (10.00 thresh)
[0m[33m[init]: failed static init: no accel jerk detected, platform moving too much
[0m[34m[TIME]: 0.0011 seconds total (938.1 hz, 5.60 ms behind)
[0m[33m[init]: disparity is 84.818,99.068 (10.00 thresh)
[0m[33m[init]: failed static init: no accel jerk detected, platform moving too much
[0m[34m[TIME]: 0.0011 seconds total (889.7 hz, 5.20 ms behind)
[0m[33m[init]: disparity is 84.818,99.068 (10.00 thresh)
[0m[33m[init]: failed static init: no accel jerk detected, platform moving too much
[0m[34m[TIME]: 0.0012 seconds total (841.8 hz, 5.60 ms behind)
[0m[33m[init]: disparity is 84.818,99.068 (10.00 thresh)
[0m[33m[init]: failed static init: no accel jerk detected, platform moving too much
[0m[34m[TIME]: 0.0012 seconds total (857.6 hz, 7.20 ms behind)
[0m[33m[init]: disparity is 84.818,99.068 (10.00 thresh)
[0m[33m[init]: failed static init: no accel jerk detected, platform moving too much
[0m[34m[TIME]: 0.0012 seconds total (816.3 hz, 7.60 ms behind)
[0m[33m[init]: disparity is 84.818,99.068 (10.00 thresh)
[0m[33m[init]: failed static init: no accel jerk detected, platform moving too much
[0m[34m[TIME]: 0.0012 seconds total (807.1 hz, 7.60 ms behind)
[0m[33m[init]: disparity is 84.818,99.068 (10.00 thresh)
[0m[33m[init]: failed static init: no accel jerk detected, platform moving too much
[0m[34m[TIME]: 0.0013 seconds total (785.5 hz, 7.60 ms behind)
[0m[33m[init]: disparity is 84.818,99.068 (10.00 thresh)
[0m[33m[init]: failed static init: no accel jerk detected, platform moving too much
[0m[34m[TIME]: 0.0014 seconds total (728.3 hz, 6.00 ms behind)
[0m[33m[init]: disparity is 84.818,99.068 (10.00 thresh)
[0m[33m[init]: failed static init: no accel jerk detected, platform moving too much
[0m[34m[TIME]: 0.0015 seconds total (669.8 hz, 6.40 ms behind)
[0m[33m[init]: disparity is 84.818,99.068 (10.00 thresh)
[0m[33m[init]: failed static init: no accel jerk detected, platform moving too much
[0m[34m[TIME]: 0.0012 seconds total (847.5 hz, 7.20 ms behind)
[0m[33m[init]: disparity is 84.818,99.068 (10.00 thresh)
[0m[33m[init]: failed static init: no accel jerk detected, platform moving too much
[0m[34m[TIME]: 0.0013 seconds total (781.9 hz, 6.40 ms behind)
[0m[33m[init]: disparity is 84.818,99.068 (10.00 thresh)
[0m[33m[init]: failed static init: no accel jerk detected, platform moving too much
[0m[34m[TIME]: 0.0015 seconds total (668.0 hz, 6.80 ms behind)
[0m[33m[init]: disparity is 84.818,99.068 (10.00 thresh)
[0m[33m[init]: failed static init: no accel jerk detected, platform moving too much
[0m[34m[TIME]: 0.0012 seconds total (837.5 hz, 8.00 ms behind)
[0m[33m[init]: disparity is 84.818,99.068 (10.00 thresh)
[0m[33m[init]: failed static init: no accel jerk detected, platform moving too much
[0m[34m[TIME]: 0.0014 seconds total (732.1 hz, 7.20 ms behind)
[0m[33m[init]: disparity is 84.818,99.068 (10.00 thresh)
[0m[33m[init]: failed static init: no accel jerk detected, platform moving too much
[0m[34m[TIME]: 0.0011 seconds total (885.7 hz, 7.60 ms behind)
[0m[33m[init]: disparity is 84.818,99.068 (10.00 thresh)
[0m[33m[init]: failed static init: no accel jerk detected, platform moving too much
[0m[34m[TIME]: 0.0013 seconds total (776.4 hz, 7.60 ms behind)
[0m[33m[init]: disparity is 84.818,99.068 (10.00 thresh)
[0m[33m[init]: failed static init: no accel jerk detected, platform moving too much
[0m[34m[TIME]: 0.0011 seconds total (895.3 hz, 6.00 ms behind)
[0m[33m[init]: disparity is 84.818,99.068 (10.00 thresh)
[0m[33m[init]: failed static init: no accel jerk detected, platform moving too much
[0m[34m[TIME]: 0.0016 seconds total (611.6 hz, 6.00 ms behind)
[0m[33m[init]: disparity is 84.818,99.068 (10.00 thresh)
[0m[33m[init]: failed static init: no accel jerk detected, platform moving too much
[0m[34m[TIME]: 0.0013 seconds total (754.7 hz, 6.40 ms behind)
[0m[33m[init]: disparity is 84.818,99.068 (10.00 thresh)
[0m[33m[init]: failed static init: no accel jerk detected, platform moving too much
[0m[34m[TIME]: 0.0012 seconds total (832.6 hz, 6.80 ms behind)
[0m[33m[init]: disparity is 84.818,99.068 (10.00 thresh)
[0m[33m[init]: failed static init: no accel jerk detected, platform moving too much
[0m[34m[TIME]: 0.0013 seconds total (760.5 hz, 6.40 ms behind)
[0m[33m[init]: disparity is 84.818,99.068 (10.00 thresh)
[0m[33m[init]: failed static init: no accel jerk detected, platform moving too much
[0m[34m[TIME]: 0.0012 seconds total (846.7 hz, 5.60 ms behind)
[0m[33m[init]: disparity is 84.818,99.068 (10.00 thresh)
[0m[33m[init]: failed static init: no accel jerk detected, platform moving too much
[0m[34m[TIME]: 0.0011 seconds total (874.1 hz, 4.80 ms behind)
[0m[33m[init]: disparity is 84.818,99.068 (10.00 thresh)
[0m[33m[init]: failed static init: no accel jerk detected, platform moving too much
[0m[34m[TIME]: 0.0012 seconds total (838.2 hz, 6.00 ms behind)
[0m[33m[init]: disparity is 84.818,99.068 (10.00 thresh)
[0m[33m[init]: failed static init: no accel jerk detected, platform moving too much
[0m[34m[TIME]: 0.0010 seconds total (1011.1 hz, 4.80 ms behind)
[0m[33m[init]: disparity is 84.818,99.068 (10.00 thresh)
[0m[33m[init]: failed static init: no accel jerk detected, platform moving too much
[0m[34m[TIME]: 0.0012 seconds total (824.4 hz, 6.00 ms behind)
[0m[33m[init]: disparity is 84.818,99.068 (10.00 thresh)
[0m[33m[init]: failed static init: no accel jerk detected, platform moving too much
[0m[34m[TIME]: 0.0012 seconds total (817.0 hz, 6.40 ms behind)
[0m[33m[init]: disparity is 84.818,99.068 (10.00 thresh)
[0m[33m[init]: failed static init: no accel jerk detected, platform moving too much
[0m[34m[TIME]: 0.0014 seconds total (698.3 hz, 6.80 ms behind)
[0m[33m[init]: disparity is 84.818,99.068 (10.00 thresh)
[0m[33m[init]: failed static init: no accel jerk detected, platform moving too much
[0m[34m[TIME]: 0.0015 seconds total (674.8 hz, 7.60 ms behind)
[0m[33m[init]: disparity is 84.818,99.068 (10.00 thresh)
[0m[33m[init]: failed static init: no accel jerk detected, platform moving too much
[0m[34m[TIME]: 0.0013 seconds total (770.4 hz, 8.00 ms behind)
[0m[33m[init]: disparity is 84.818,99.068 (10.00 thresh)
[0m[33m[init]: failed static init: no accel jerk detected, platform moving too much
[0m[34m[TIME]: 0.0010 seconds total (981.4 hz, 7.60 ms behind)
[0m[33m[init]: disparity is 84.818,99.068 (10.00 thresh)
[0m[33m[init]: failed static init: no accel jerk detected, platform moving too much
[0m[34m[TIME]: 0.0015 seconds total (645.6 hz, 8.00 ms behind)
[0m[33m[init]: disparity is 84.818,99.068 (10.00 thresh)
[0m[33m[init]: failed static init: no accel jerk detected, platform moving too much
[0m[34m[TIME]: 0.0013 seconds total (762.2 hz, 7.60 ms behind)
[0m[33m[init]: disparity is 84.818,99.068 (10.00 thresh)
[0m[33m[init]: failed static init: no accel jerk detected, platform moving too much
[0m[34m[TIME]: 0.0014 seconds total (696.4 hz, 7.60 ms behind)
[0m[33m[init]: disparity is 84.818,99.068 (10.00 thresh)
[0m[33m[init]: failed static init: no accel jerk detected, platform moving too much
[0m[34m[TIME]: 0.0012 seconds total (809.1 hz, 7.60 ms behind)
[0m[33m[init]: disparity is 84.818,99.068 (10.00 thresh)
[0m[33m[init]: failed static init: no accel jerk detected, platform moving too much
[0m[34m[TIME]: 0.0014 seconds total (729.9 hz, 5.60 ms behind)
[0m[33m[init]: disparity is 84.818,99.068 (10.00 thresh)
[0m[33m[init]: failed static init: no accel jerk detected, platform moving too much
[0m[34m[TIME]: 0.0013 seconds total (798.1 hz, 6.80 ms behind)
[0m[33m[init]: disparity is 84.818,99.068 (10.00 thresh)
[0m[33m[init]: failed static init: no accel jerk detected, platform moving too much
[0m[34m[TIME]: 0.0013 seconds total (758.7 hz, 7.20 ms behind)
[0m[33m[init]: disparity is 84.818,99.068 (10.00 thresh)
[0m[33m[init]: failed static init: no accel jerk detected, platform moving too much
[0m[34m[TIME]: 0.0012 seconds total (868.8 hz, 7.60 ms behind)
[0m[33m[init]: disparity is 84.818,99.068 (10.00 thresh)
[0m[33m[init]: failed static init: no accel jerk detected, platform moving too much
[0m[34m[TIME]: 0.0013 seconds total (740.7 hz, 6.80 ms behind)
[0m[33m[init]: disparity is 84.818,99.068 (10.00 thresh)
[0m[33m[init]: failed static init: no accel jerk detected, platform moving too much
[0m[34m[TIME]: 0.0015 seconds total (666.7 hz, 5.60 ms behind)
[0m[33m[init]: disparity is 84.818,99.068 (10.00 thresh)
[0m[33m[init]: failed static init: no accel jerk detected, platform moving too much
[0m[34m[TIME]: 0.0012 seconds total (809.7 hz, 5.60 ms behind)
[0m[33m[init]: disparity is 84.818,99.068 (10.00 thresh)
[0m[33m[init]: failed static init: no accel jerk detected, platform moving too much
[0m[34m[TIME]: 0.0013 seconds total (753.6 hz, 4.80 ms behind)
[0m[33m[init]: disparity is 84.818,99.068 (10.00 thresh)
[0m[33m[init]: failed static init: no accel jerk detected, platform moving too much
[0m[34m[TIME]: 0.0013 seconds total (784.3 hz, 6.00 ms behind)
[0m[33m[init]: disparity is 84.818,99.068 (10.00 thresh)
[0m[33m[init]: failed static init: no accel jerk detected, platform moving too much
[0m[34m[TIME]: 0.0014 seconds total (701.3 hz, 5.60 ms behind)
[0m[33m[init]: disparity is 84.818,99.068 (10.00 thresh)
[0m[33m[init]: failed static init: no accel jerk detected, platform moving too much
[0m[34m[TIME]: 0.0015 seconds total (664.5 hz, 5.60 ms behind)
[0m[33m[init]: disparity is 84.818,99.068 (10.00 thresh)
[0m[33m[init]: failed static init: no accel jerk detected, platform moving too much
[0m[34m[TIME]: 0.0014 seconds total (738.0 hz, 4.40 ms behind)
[0m[33m[init]: disparity is 84.818,99.068 (10.00 thresh)
[0m[33m[init]: failed static init: no accel jerk detected, platform moving too much
[0m[34m[TIME]: 0.0013 seconds total (753.6 hz, 7.60 ms behind)
[0m[33m[init]: disparity is 84.818,99.068 (10.00 thresh)
[0m[33m[init]: failed static init: no accel jerk detected, platform moving too much
[0m[34m[TIME]: 0.0011 seconds total (925.9 hz, 6.40 ms behind)
[0m[33m[init]: disparity is 84.818,99.068 (10.00 thresh)
[0m[33m[init]: failed static init: no accel jerk detected, platform moving too much
[0m[34m[TIME]: 0.0013 seconds total (780.6 hz, 5.20 ms behind)
[0m[33m[init]: disparity is 84.818,99.068 (10.00 thresh)
[0m[33m[init]: failed static init: no accel jerk detected, platform moving too much
[0m[34m[TIME]: 0.0010 seconds total (954.2 hz, 4.80 ms behind)
[0m[33m[init]: disparity is 84.818,99.068 (10.00 thresh)
[0m[33m[init]: failed static init: no accel jerk detected, platform moving too much
[0m[34m[TIME]: 0.0012 seconds total (851.8 hz, 4.80 ms behind)
[0m[33m[init]: disparity is 84.818,99.068 (10.00 thresh)
[0m[33m[init]: failed static init: no accel jerk detected, platform moving too much
[0m[34m[TIME]: 0.0013 seconds total (777.0 hz, 6.40 ms behind)
[0m[33m[init]: disparity is 84.818,99.068 (10.00 thresh)
[0m[33m[init]: failed static init: no accel jerk detected, platform moving too much
[0m[34m[TIME]: 0.0011 seconds total (914.1 hz, 4.80 ms behind)
[0m[33m[init]: disparity is 84.818,99.068 (10.00 thresh)
[0m[33m[init]: failed static init: no accel jerk detected, platform moving too much
[0m[34m[TIME]: 0.0014 seconds total (728.3 hz, 6.40 ms behind)
[0m[33m[init]: disparity is 84.818,99.068 (10.00 thresh)
[0m[33m[init]: failed static init: no accel jerk detected, platform moving too much
[0m[34m[TIME]: 0.0014 seconds total (729.4 hz, 6.00 ms behind)
[0m[33m[init]: disparity is 84.818,99.068 (10.00 thresh)
[0m[33m[init]: failed static init: no accel jerk detected, platform moving too much
[0m[34m[TIME]: 0.0011 seconds total (869.6 hz, 6.00 ms behind)
[0m[33m[init]: disparity is 84.818,99.068 (10.00 thresh)
[0m[33m[init]: failed static init: no accel jerk detected, platform moving too much
[0m[34m[TIME]: 0.0011 seconds total (888.9 hz, 6.00 ms behind)
[0m[33m[init]: disparity is 84.818,99.068 (10.00 thresh)
[0m[33m[init]: failed static init: no accel jerk detected, platform moving too much
[0m[34m[TIME]: 0.0014 seconds total (731.0 hz, 5.60 ms behind)
[0m[33m[init]: disparity is 84.818,99.068 (10.00 thresh)
[0m[33m[init]: failed static init: no accel jerk detected, platform moving too much
[0m[34m[TIME]: 0.0013 seconds total (791.1 hz, 6.80 ms behind)
[0m[33m[init]: disparity is 84.818,99.068 (10.00 thresh)
[0m[33m[init]: failed static init: no accel jerk detected, platform moving too much
[0m[34m[TIME]: 0.0013 seconds total (774.6 hz, 6.00 ms behind)
[0m[33m[init]: disparity is 84.818,99.068 (10.00 thresh)
[0m[33m[init]: failed static init: no accel jerk detected, platform moving too much
[0m[34m[TIME]: 0.0012 seconds total (824.4 hz, 5.20 ms behind)
[0m[33m[init]: disparity is 84.818,99.068 (10.00 thresh)
[0m[33m[init]: failed static init: no accel jerk detected, platform moving too much
[0m[34m[TIME]: 0.0012 seconds total (833.3 hz, 6.40 ms behind)
[0m[33m[init]: disparity is 84.818,99.068 (10.00 thresh)
[0m[33m[init]: failed static init: no accel jerk detected, platform moving too much
[0m[34m[TIME]: 0.0011 seconds total (890.5 hz, 5.20 ms behind)
[0m[33m[init]: disparity is 84.818,99.068 (10.00 thresh)
[0m[33m[init]: failed static init: no accel jerk detected, platform moving too much
[0m[34m[TIME]: 0.0012 seconds total (862.1 hz, 6.00 ms behind)
[0m[33m[init]: disparity is 84.818,99.068 (10.00 thresh)
[0m[33m[init]: failed static init: no accel jerk detected, platform moving too much
[0m[34m[TIME]: 0.0012 seconds total (865.1 hz, 4.80 ms behind)
[0m[33m[init]: disparity is 84.818,99.068 (10.00 thresh)
[0m[33m[init]: failed static init: no accel jerk detected, platform moving too much
[0m[34m[TIME]: 0.0014 seconds total (734.8 hz, 6.40 ms behind)
[0m[33m[init]: disparity is 84.818,99.068 (10.00 thresh)
[0m[33m[init]: failed static init: no accel jerk detected, platform moving too much
[0m[34m[TIME]: 0.0013 seconds total (759.9 hz, 6.00 ms behind)
[0m[33m[init]: disparity is 84.818,99.068 (10.00 thresh)
[0m[33m[init]: failed static init: no accel jerk detected, platform moving too much
[0m[34m[TIME]: 0.0011 seconds total (901.7 hz, 6.00 ms behind)
[0m[33m[init]: disparity is 84.818,99.068 (10.00 thresh)
[0m[33m[init]: failed static init: no accel jerk detected, platform moving too much
[0m[34m[TIME]: 0.0012 seconds total (819.0 hz, 6.00 ms behind)
[0m[33m[init]: disparity is 84.818,99.068 (10.00 thresh)
[0m[33m[init]: failed static init: no accel jerk detected, platform moving too much
[0m[34m[TIME]: 0.0010 seconds total (1006.0 hz, 6.00 ms behind)
[0m[33m[init]: disparity is 84.818,99.068 (10.00 thresh)
[0m[33m[init]: failed static init: no accel jerk detected, platform moving too much
[0m[34m[TIME]: 0.0012 seconds total (846.7 hz, 4.80 ms behind)
[0m[33m[init]: disparity is 84.818,99.068 (10.00 thresh)
[0m[33m[init]: failed static init: no accel jerk detected, platform moving too much
[0m[34m[TIME]: 0.0011 seconds total (877.2 hz, 6.00 ms behind)
[0m[33m[init]: disparity is 84.818,99.068 (10.00 thresh)
[0m[33m[init]: failed static init: no accel jerk detected, platform moving too much
[0m[34m[TIME]: 0.0014 seconds total (720.5 hz, 6.00 ms behind)
[0m[33m[init]: disparity is 84.818,99.068 (10.00 thresh)
[0m[33m[init]: failed static init: no accel jerk detected, platform moving too much
[0m[34m[TIME]: 0.0014 seconds total (703.2 hz, 6.40 ms behind)
[0m[33m[init]: disparity is 84.818,99.068 (10.00 thresh)
[0m[33m[init]: failed static init: no accel jerk detected, platform moving too much
[0m[34m[TIME]: 0.0013 seconds total (783.1 hz, 6.80 ms behind)
[0m[33m[init]: disparity is 84.818,99.068 (10.00 thresh)
[0m[33m[init]: failed static init: no accel jerk detected, platform moving too much
[0m[34m[TIME]: 0.0012 seconds total (852.5 hz, 5.60 ms behind)
[0m[33m[init]: disparity is 84.818,99.068 (10.00 thresh)
[0m[33m[init]: failed static init: no accel jerk detected, platform moving too much
[0m[34m[TIME]: 0.0018 seconds total (559.9 hz, 5.60 ms behind)
[0m[33m[init]: disparity is 84.818,99.068 (10.00 thresh)
[0m[33m[init]: failed static init: no accel jerk detected, platform moving too much
[0m[34m[TIME]: 0.0011 seconds total (951.5 hz, 6.40 ms behind)
[0m[33m[init]: disparity is 84.818,99.068 (10.00 thresh)
[0m[33m[init]: failed static init: no accel jerk detected, platform moving too much
[0m[34m[TIME]: 0.0014 seconds total (728.3 hz, 6.80 ms behind)
[0m[33m[init]: disparity is 84.818,99.068 (10.00 thresh)
[0m[33m[init]: failed static init: no accel jerk detected, platform moving too much
[0m[34m[TIME]: 0.0011 seconds total (935.5 hz, 5.60 ms behind)
[0m[33m[init]: disparity is 84.818,99.068 (10.00 thresh)
[0m[33m[init]: failed static init: no accel jerk detected, platform moving too much
[0m[34m[TIME]: 0.0011 seconds total (904.2 hz, 6.80 ms behind)
[0m[33m[init]: disparity is 84.818,99.068 (10.00 thresh)
[0m[33m[init]: failed static init: no accel jerk detected, platform moving too much
[0m[34m[TIME]: 0.0011 seconds total (931.1 hz, 6.00 ms behind)
[0m[33m[init]: disparity is 84.818,99.068 (10.00 thresh)
[0m[33m[init]: failed static init: no accel jerk detected, platform moving too much
[0m[34m[TIME]: 0.0012 seconds total (836.1 hz, 5.20 ms behind)
[0m[33m[init]: disparity is 84.818,99.068 (10.00 thresh)
[0m[33m[init]: failed static init: no accel jerk detected, platform moving too much
[0m[34m[TIME]: 0.0013 seconds total (757.6 hz, 6.40 ms behind)
[0m[33m[init]: disparity is 84.818,99.068 (10.00 thresh)
[0m[33m[init]: failed static init: no accel jerk detected, platform moving too much
[0m[34m[TIME]: 0.0013 seconds total (791.1 hz, 6.80 ms behind)
[0m[33m[init]: disparity is 84.818,99.068 (10.00 thresh)
[0m[33m[init]: failed static init: no accel jerk detected, platform moving too much
[0m[34m[TIME]: 0.0013 seconds total (766.3 hz, 5.60 ms behind)
[0m[33m[init]: disparity is 84.818,99.068 (10.00 thresh)
[0m[33m[init]: failed static init: no accel jerk detected, platform moving too much
[0m[34m[TIME]: 0.0011 seconds total (936.3 hz, 6.80 ms behind)
[0m[33m[init]: disparity is 84.818,99.068 (10.00 thresh)
[0m[33m[init]: failed static init: no accel jerk detected, platform moving too much
[0m[34m[TIME]: 0.0011 seconds total (932.0 hz, 5.60 ms behind)
[0m[33m[init]: disparity is 84.818,99.068 (10.00 thresh)
[0m[33m[init]: failed static init: no accel jerk detected, platform moving too much
[0m[34m[TIME]: 0.0013 seconds total (800.0 hz, 5.60 ms behind)
[0m[33m[init]: disparity is 84.818,99.068 (10.00 thresh)
[0m[33m[init]: failed static init: no accel jerk detected, platform moving too much
[0m[34m[TIME]: 0.0012 seconds total (824.4 hz, 6.40 ms behind)
[0m[33m[init]: disparity is 84.818,99.068 (10.00 thresh)
[0m[33m[init]: failed static init: no accel jerk detected, platform moving too much
[0m[34m[TIME]: 0.0013 seconds total (765.7 hz, 6.00 ms behind)
[0m[33m[init]: disparity is 84.818,99.068 (10.00 thresh)
[0m[33m[init]: failed static init: no accel jerk detected, platform moving too much
[0m[34m[TIME]: 0.0013 seconds total (787.4 hz, 3.60 ms behind)
[0m[33m[init]: disparity is 84.818,99.068 (10.00 thresh)
[0m[33m[init]: failed static init: no accel jerk detected, platform moving too much
[0m[34m[TIME]: 0.0013 seconds total (763.4 hz, 4.80 ms behind)
[0m[33m[init]: disparity is 84.818,99.068 (10.00 thresh)
[0m[33m[init]: failed static init: no accel jerk detected, platform moving too much
[0m[34m[TIME]: 0.0011 seconds total (881.1 hz, 6.40 ms behind)
[0m[33m[init]: disparity is 84.818,99.068 (10.00 thresh)
[0m[33m[init]: failed static init: no accel jerk detected, platform moving too much
[0m[34m[TIME]: 0.0013 seconds total (783.7 hz, 6.80 ms behind)
[0m[33m[init]: disparity is 84.818,99.068 (10.00 thresh)
[0m[33m[init]: failed static init: no accel jerk detected, platform moving too much
[0m[34m[TIME]: 0.0011 seconds total (874.1 hz, 5.60 ms behind)
[0m[33m[init]: disparity is 84.818,99.068 (10.00 thresh)
[0m[33m[init]: failed static init: no accel jerk detected, platform moving too much
[0m[34m[TIME]: 0.0013 seconds total (777.6 hz, 5.20 ms behind)
[0m[33m[init]: disparity is 84.818,99.068 (10.00 thresh)
[0m[33m[init]: failed static init: no accel jerk detected, platform moving too much
[0m[34m[TIME]: 0.0015 seconds total (648.5 hz, 6.00 ms behind)
[0m[33m[init]: disparity is 84.818,99.068 (10.00 thresh)
[0m[33m[init]: failed static init: no accel jerk detected, platform moving too much
[0m[34m[TIME]: 0.0016 seconds total (611.2 hz, 4.80 ms behind)
[0m[33m[init]: disparity is 84.818,99.068 (10.00 thresh)
[0m[33m[init]: failed static init: no accel jerk detected, platform moving too much
[0m[34m[TIME]: 0.0012 seconds total (823.7 hz, 6.00 ms behind)
[0m[33m[init]: disparity is 84.818,99.068 (10.00 thresh)
[0m[33m[init]: failed static init: no accel jerk detected, platform moving too much
[0m[34m[TIME]: 0.0013 seconds total (796.2 hz, 4.80 ms behind)
[0m[33m[init]: disparity is 84.818,99.068 (10.00 thresh)
[0m[33m[init]: failed static init: no accel jerk detected, platform moving too much
[0m[34m[TIME]: 0.0010 seconds total (985.2 hz, 5.60 ms behind)
[0m[33m[init]: disparity is 84.818,99.068 (10.00 thresh)
[0m[33m[init]: failed static init: no accel jerk detected, platform moving too much
[0m[34m[TIME]: 0.0012 seconds total (809.1 hz, 6.00 ms behind)
[0m[33m[init]: disparity is 84.818,99.068 (10.00 thresh)
[0m[33m[init]: failed static init: no accel jerk detected, platform moving too much
[0m[34m[TIME]: 0.0013 seconds total (794.9 hz, 4.40 ms behind)
[0m[33m[init]: disparity is 84.818,99.068 (10.00 thresh)
[0m[33m[init]: failed static init: no accel jerk detected, platform moving too much
[0m[34m[TIME]: 0.0015 seconds total (675.7 hz, 3.20 ms behind)
[0m[33m[init]: disparity is 84.818,99.068 (10.00 thresh)
[0m[33m[init]: failed static init: no accel jerk detected, platform moving too much
[0m[34m[TIME]: 0.0015 seconds total (652.7 hz, 5.60 ms behind)
[0m[33m[init]: disparity is 84.818,99.068 (10.00 thresh)
[0m[33m[init]: failed static init: no accel jerk detected, platform moving too much
[0m[34m[TIME]: 0.0013 seconds total (770.4 hz, 6.00 ms behind)
[0m[33m[init]: disparity is 84.818,99.068 (10.00 thresh)
[0m[33m[init]: failed static init: no accel jerk detected, platform moving too much
[0m[34m[TIME]: 0.0016 seconds total (634.9 hz, 6.00 ms behind)
[0m[33m[init]: disparity is 84.818,99.068 (10.00 thresh)
[0m[33m[init]: failed static init: no accel jerk detected, platform moving too much
[0m[34m[TIME]: 0.0017 seconds total (594.2 hz, 6.80 ms behind)
[0m[33m[init]: disparity is 84.818,99.068 (10.00 thresh)
[0m[33m[init]: failed static init: no accel jerk detected, platform moving too much
[0m[34m[TIME]: 0.0014 seconds total (715.8 hz, 6.00 ms behind)
[0m[33m[init]: disparity is 84.818,99.068 (10.00 thresh)
[0m[33m[init]: failed static init: no accel jerk detected, platform moving too much
[0m[34m[TIME]: 0.0013 seconds total (798.7 hz, 6.80 ms behind)
[0m[33m[init]: disparity is 84.818,99.068 (10.00 thresh)
[0m[33m[init]: failed static init: no accel jerk detected, platform moving too much
[0m[34m[TIME]: 0.0012 seconds total (825.8 hz, 6.80 ms behind)
[0m[33m[init]: disparity is 84.818,99.068 (10.00 thresh)
[0m[33m[init]: failed static init: no accel jerk detected, platform moving too much
[0m[34m[TIME]: 0.0014 seconds total (699.8 hz, 6.80 ms behind)
[0m[33m[init]: disparity is 84.818,99.068 (10.00 thresh)
[0m[33m[init]: failed static init: no accel jerk detected, platform moving too much
[0m[34m[TIME]: 0.0010 seconds total (1013.2 hz, 7.60 ms behind)
[0m[33m[init]: disparity is 84.818,99.068 (10.00 thresh)
[0m[33m[init]: failed static init: no accel jerk detected, platform moving too much
[0m[34m[TIME]: 0.0012 seconds total (808.4 hz, 6.80 ms behind)
[0m[33m[init]: disparity is 84.818,99.068 (10.00 thresh)
[0m[33m[init]: failed static init: no accel jerk detected, platform moving too much
[0m[34m[TIME]: 0.0011 seconds total (916.6 hz, 6.80 ms behind)
[0m[33m[init]: disparity is 84.818,99.068 (10.00 thresh)
[0m[33m[init]: failed static init: no accel jerk detected, platform moving too much
[0m[34m[TIME]: 0.0015 seconds total (659.2 hz, 5.20 ms behind)
[0m[33m[init]: disparity is 84.818,99.068 (10.00 thresh)
[0m[33m[init]: failed static init: no accel jerk detected, platform moving too much
[0m[34m[TIME]: 0.0012 seconds total (851.8 hz, 5.60 ms behind)
[0m[33m[init]: disparity is 84.818,99.068 (10.00 thresh)
[0m[33m[init]: failed static init: no accel jerk detected, platform moving too much
[0m[34m[TIME]: 0.0014 seconds total (694.4 hz, 6.80 ms behind)
[0m[33m[init]: disparity is 84.818,99.068 (10.00 thresh)
[0m[33m[init]: failed static init: no accel jerk detected, platform moving too much
[0m[34m[TIME]: 0.0013 seconds total (771.6 hz, 6.40 ms behind)
[0m[33m[init]: disparity is 84.818,99.068 (10.00 thresh)
[0m[33m[init]: failed static init: no accel jerk detected, platform moving too much
[0m[34m[TIME]: 0.0014 seconds total (693.0 hz, 5.20 ms behind)
[0m[33m[init]: disparity is 84.818,99.068 (10.00 thresh)
[0m[33m[init]: failed static init: no accel jerk detected, platform moving too much
[0m[34m[TIME]: 0.0013 seconds total (778.2 hz, 6.00 ms behind)
[0m[33m[init]: disparity is 84.818,99.068 (10.00 thresh)
[0m[33m[init]: failed static init: no accel jerk detected, platform moving too much
[0m[34m[TIME]: 0.0012 seconds total (818.3 hz, 6.00 ms behind)
[0m[33m[init]: disparity is 84.818,99.068 (10.00 thresh)
[0m[33m[init]: failed static init: no accel jerk detected, platform moving too much
[0m[34m[TIME]: 0.0012 seconds total (817.0 hz, 5.60 ms behind)
[0m[33m[init]: disparity is 84.818,99.068 (10.00 thresh)
[0m[33m[init]: failed static init: no accel jerk detected, platform moving too much
[0m[34m[TIME]: 0.0011 seconds total (871.8 hz, 5.20 ms behind)
[0m[33m[init]: disparity is 84.818,99.068 (10.00 thresh)
[0m[33m[init]: failed static init: no accel jerk detected, platform moving too much
[0m[34m[TIME]: 0.0012 seconds total (805.2 hz, 6.40 ms behind)
[0m[33m[init]: disparity is 84.818,99.068 (10.00 thresh)
[0m[33m[init]: failed static init: no accel jerk detected, platform moving too much
[0m[34m[TIME]: 0.0012 seconds total (836.8 hz, 6.80 ms behind)
[0m[33m[init]: disparity is 84.818,99.068 (10.00 thresh)
[0m[33m[init]: failed static init: no accel jerk detected, platform moving too much
[0m[34m[TIME]: 0.0013 seconds total (760.5 hz, 6.00 ms behind)
[0m[33m[init]: disparity is 84.818,99.068 (10.00 thresh)
[0m[33m[init]: failed static init: no accel jerk detected, platform moving too much
[0m[34m[TIME]: 0.0017 seconds total (582.4 hz, 6.00 ms behind)
[0m[33m[init]: disparity is 84.818,99.068 (10.00 thresh)
[0m[33m[init]: failed static init: no accel jerk detected, platform moving too much
[0m[34m[TIME]: 0.0011 seconds total (892.1 hz, 4.80 ms behind)
[0m[33m[init]: disparity is 84.818,99.068 (10.00 thresh)
[0m[33m[init]: failed static init: no accel jerk detected, platform moving too much
[0m[34m[TIME]: 0.0013 seconds total (741.3 hz, 5.60 ms behind)
[0m[33m[init]: disparity is 84.818,99.068 (10.00 thresh)
[0m[33m[init]: failed static init: no accel jerk detected, platform moving too much
[0m[34m[TIME]: 0.0014 seconds total (700.8 hz, 5.60 ms behind)
[0m[33m[init]: disparity is 84.818,99.068 (10.00 thresh)
[0m[33m[init]: failed static init: no accel jerk detected, platform moving too much
[0m[34m[TIME]: 0.0017 seconds total (595.6 hz, 5.60 ms behind)
[0m[33m[init]: disparity is 84.818,99.068 (10.00 thresh)
[0m[33m[init]: failed static init: no accel jerk detected, platform moving too much
[0m[34m[TIME]: 0.0013 seconds total (746.8 hz, 4.80 ms behind)
[0m[33m[init]: disparity is 84.818,99.068 (10.00 thresh)
[0m[33m[init]: failed static init: no accel jerk detected, platform moving too much
[0m[34m[TIME]: 0.0012 seconds total (855.4 hz, 6.00 ms behind)
[0m[33m[init]: disparity is 84.818,99.068 (10.00 thresh)
[0m[33m[init]: failed static init: no accel jerk detected, platform moving too much
[0m[34m[TIME]: 0.0012 seconds total (827.1 hz, 6.00 ms behind)
[0m[33m[init]: disparity is 84.818,99.068 (10.00 thresh)
[0m[33m[init]: failed static init: no accel jerk detected, platform moving too much
[0m[34m[TIME]: 0.0012 seconds total (836.1 hz, 5.60 ms behind)
[0m[33m[init]: disparity is 84.818,99.068 (10.00 thresh)
[0m[33m[init]: failed static init: no accel jerk detected, platform moving too much
[0m[34m[TIME]: 0.0015 seconds total (686.8 hz, 5.60 ms behind)
[0m[33m[init]: disparity is 84.818,99.068 (10.00 thresh)
[0m[33m[init]: failed static init: no accel jerk detected, platform moving too much
[0m[34m[TIME]: 0.0012 seconds total (823.0 hz, 6.00 ms behind)
[0m[33m[init]: disparity is 84.818,99.068 (10.00 thresh)
[0m[33m[init]: failed static init: no accel jerk detected, platform moving too much
[0m[34m[TIME]: 0.0010 seconds total (1034.1 hz, 5.60 ms behind)
[0m[33m[init]: disparity is 84.818,99.068 (10.00 thresh)
[0m[33m[init]: failed static init: no accel jerk detected, platform moving too much
[0m[34m[TIME]: 0.0012 seconds total (834.0 hz, 4.80 ms behind)
[0m[33m[init]: disparity is 84.818,99.068 (10.00 thresh)
[0m[33m[init]: failed static init: no accel jerk detected, platform moving too much
[0m[34m[TIME]: 0.0011 seconds total (874.1 hz, 4.40 ms behind)
[0m[33m[init]: disparity is 84.818,99.068 (10.00 thresh)
[0m[33m[init]: failed static init: no accel jerk detected, platform moving too much
[0m[34m[TIME]: 0.0011 seconds total (907.4 hz, 4.80 ms behind)
[0m[33m[init]: disparity is 84.818,99.068 (10.00 thresh)
[0m[33m[init]: failed static init: no accel jerk detected, platform moving too much
[0m[34m[TIME]: 0.0014 seconds total (699.8 hz, 4.80 ms behind)
[0m[33m[init]: disparity is 84.818,99.068 (10.00 thresh)
[0m[33m[init]: failed static init: no accel jerk detected, platform moving too much
[0m[34m[TIME]: 0.0012 seconds total (803.2 hz, 5.60 ms behind)
[0m[33m[init]: disparity is 84.818,99.068 (10.00 thresh)
[0m[33m[init]: failed static init: no accel jerk detected, platform moving too much
[0m[34m[TIME]: 0.0009 seconds total (1054.9 hz, 4.80 ms behind)
[0m[33m[init]: disparity is 84.818,99.068 (10.00 thresh)
[0m[33m[init]: failed static init: no accel jerk detected, platform moving too much
[0m[34m[TIME]: 0.0014 seconds total (691.1 hz, 6.00 ms behind)
[0m[33m[init]: disparity is 84.818,99.068 (10.00 thresh)
[0m[33m[init]: failed static init: no accel jerk detected, platform moving too much
[0m[34m[TIME]: 0.0012 seconds total (847.5 hz, 6.00 ms behind)
[0m[33m[init]: disparity is 84.818,99.068 (10.00 thresh)
[0m[33m[init]: failed static init: no accel jerk detected, platform moving too much
[0m[34m[TIME]: 0.0011 seconds total (916.6 hz, 5.60 ms behind)
[0m[33m[init]: disparity is 84.818,99.068 (10.00 thresh)
[0m[33m[init]: failed static init: no accel jerk detected, platform moving too much
[0m[34m[TIME]: 0.0012 seconds total (839.6 hz, 6.00 ms behind)
[0m[33m[init]: disparity is 84.818,99.068 (10.00 thresh)
[0m[33m[init]: failed static init: no accel jerk detected, platform moving too much
[0m[34m[TIME]: 0.0020 seconds total (512.6 hz, 5.60 ms behind)
[0m[33m[init]: disparity is 84.818,99.068 (10.00 thresh)
[0m[33m[init]: failed static init: no accel jerk detected, platform moving too much
[0m[34m[TIME]: 0.0013 seconds total (776.4 hz, 6.40 ms behind)
[0m[33m[init]: disparity is 84.818,99.068 (10.00 thresh)
[0m[33m[init]: failed static init: no accel jerk detected, platform moving too much
[0m[34m[TIME]: 0.0013 seconds total (746.3 hz, 5.60 ms behind)
[0m[33m[init]: disparity is 84.818,99.068 (10.00 thresh)
[0m[33m[init]: failed static init: no accel jerk detected, platform moving too much
[0m[34m[TIME]: 0.0012 seconds total (834.7 hz, 5.60 ms behind)
[0m[33m[init]: disparity is 84.818,99.068 (10.00 thresh)
[0m[33m[init]: failed static init: no accel jerk detected, platform moving too much
[0m[34m[TIME]: 0.0013 seconds total (780.0 hz, 4.80 ms behind)
[0m[33m[init]: disparity is 84.818,99.068 (10.00 thresh)
[0m[33m[init]: failed static init: no accel jerk detected, platform moving too much
[0m[34m[TIME]: 0.0012 seconds total (841.0 hz, 4.00 ms behind)
[0m[33m[init]: disparity is 84.818,99.068 (10.00 thresh)
[0m[33m[init]: failed static init: no accel jerk detected, platform moving too much
[0m[34m[TIME]: 0.0011 seconds total (901.7 hz, 3.60 ms behind)
[0m[33m[init]: disparity is 84.818,99.068 (10.00 thresh)
[0m[33m[init]: failed static init: no accel jerk detected, platform moving too much
[0m[34m[TIME]: 0.0015 seconds total (654.5 hz, 6.00 ms behind)
[0m[33m[init]: disparity is 84.818,99.068 (10.00 thresh)
[0m[33m[init]: failed static init: no accel jerk detected, platform moving too much
[0m[34m[TIME]: 0.0013 seconds total (769.8 hz, 4.80 ms behind)
[0m[33m[init]: disparity is 84.818,99.068 (10.00 thresh)
[0m[33m[init]: failed static init: no accel jerk detected, platform moving too much
[0m[34m[TIME]: 0.0014 seconds total (697.4 hz, 6.40 ms behind)
[0m[33m[init]: disparity is 84.818,99.068 (10.00 thresh)
[0m[33m[init]: failed static init: no accel jerk detected, platform moving too much
[0m[34m[TIME]: 0.0014 seconds total (729.4 hz, 6.00 ms behind)
[0m[33m[init]: disparity is 84.818,99.068 (10.00 thresh)
[0m[33m[init]: failed static init: no accel jerk detected, platform moving too much
[0m[34m[TIME]: 0.0012 seconds total (839.6 hz, 5.60 ms behind)
[0m[33m[init]: disparity is 84.818,99.068 (10.00 thresh)
[0m[33m[init]: failed static init: no accel jerk detected, platform moving too much
[0m[34m[TIME]: 0.0012 seconds total (803.2 hz, 6.80 ms behind)
[0m[33m[init]: disparity is 84.818,99.068 (10.00 thresh)
[0m[33m[init]: failed static init: no accel jerk detected, platform moving too much
[0m[34m[TIME]: 0.0014 seconds total (711.7 hz, 6.40 ms behind)
[0m[33m[init]: disparity is 84.818,99.068 (10.00 thresh)
[0m[33m[init]: failed static init: no accel jerk detected, platform moving too much
[0m[34m[TIME]: 0.0013 seconds total (779.4 hz, 5.60 ms behind)
[0m[33m[init]: disparity is 84.818,99.068 (10.00 thresh)
[0m[33m[init]: failed static init: no accel jerk detected, platform moving too much
[0m[34m[TIME]: 0.0014 seconds total (711.2 hz, 5.60 ms behind)
[0m[33m[init]: disparity is 84.818,99.068 (10.00 thresh)
[0m[33m[init]: failed static init: no accel jerk detected, platform moving too much
[0m[34m[TIME]: 0.0015 seconds total (652.3 hz, 4.00 ms behind)
[0m[33m[init]: disparity is 84.818,99.068 (10.00 thresh)
[0m[33m[init]: failed static init: no accel jerk detected, platform moving too much
[0m[34m[TIME]: 0.0013 seconds total (794.9 hz, 4.80 ms behind)
[0m[33m[init]: disparity is 84.818,99.068 (10.00 thresh)
[0m[33m[init]: failed static init: no accel jerk detected, platform moving too much
[0m[34m[TIME]: 0.0012 seconds total (831.3 hz, 6.00 ms behind)
[0m[33m[init]: disparity is 84.818,99.068 (10.00 thresh)
[0m[33m[init]: failed static init: no accel jerk detected, platform moving too much
[0m[34m[TIME]: 0.0013 seconds total (740.7 hz, 5.60 ms behind)
[0m[33m[init]: disparity is 84.818,99.068 (10.00 thresh)
[0m[33m[init]: failed static init: no accel jerk detected, platform moving too much
[0m[34m[TIME]: 0.0012 seconds total (811.0 hz, 5.20 ms behind)
[0m[33m[init]: disparity is 84.818,99.068 (10.00 thresh)
[0m[33m[init]: failed static init: no accel jerk detected, platform moving too much
[0m[34m[TIME]: 0.0013 seconds total (759.3 hz, 7.60 ms behind)
[0m[33m[init]: disparity is 84.818,99.068 (10.00 thresh)
[0m[33m[init]: failed static init: no accel jerk detected, platform moving too much
[0m[34m[TIME]: 0.0013 seconds total (761.6 hz, 6.80 ms behind)
[0m[33m[init]: disparity is 84.818,99.068 (10.00 thresh)
[0m[33m[init]: failed static init: no accel jerk detected, platform moving too much
[0m[34m[TIME]: 0.0013 seconds total (760.5 hz, 6.40 ms behind)
[0m[33m[init]: disparity is 84.818,99.068 (10.00 thresh)
[0m[33m[init]: failed static init: no accel jerk detected, platform moving too much
[0m[34m[TIME]: 0.0011 seconds total (926.8 hz, 6.80 ms behind)
[0m[33m[init]: disparity is 84.818,99.068 (10.00 thresh)
[0m[33m[init]: failed static init: no accel jerk detected, platform moving too much
[0m[34m[TIME]: 0.0011 seconds total (893.7 hz, 5.60 ms behind)
[0m[33m[init]: disparity is 84.818,99.068 (10.00 thresh)
[0m[33m[init]: failed static init: no accel jerk detected, platform moving too much
[0m[34m[TIME]: 0.0013 seconds total (778.2 hz, 5.60 ms behind)
[0m[33m[init]: disparity is 84.818,99.068 (10.00 thresh)
[0m[33m[init]: failed static init: no accel jerk detected, platform moving too much
[0m[34m[TIME]: 0.0015 seconds total (660.5 hz, 6.80 ms behind)
[0m[33m[init]: disparity is 84.818,99.068 (10.00 thresh)
[0m[33m[init]: failed static init: no accel jerk detected, platform moving too much
[0m[34m[TIME]: 0.0011 seconds total (870.3 hz, 5.20 ms behind)
[0m[33m[init]: disparity is 84.818,99.068 (10.00 thresh)
[0m[33m[init]: failed static init: no accel jerk detected, platform moving too much
[0m[34m[TIME]: 0.0014 seconds total (695.4 hz, 6.40 ms behind)
[0m[33m[init]: disparity is 84.818,99.068 (10.00 thresh)
[0m[33m[init]: failed static init: no accel jerk detected, platform moving too much
[0m[34m[TIME]: 0.0014 seconds total (737.5 hz, 6.80 ms behind)
[0m[33m[init]: disparity is 84.818,99.068 (10.00 thresh)
[0m[33m[init]: failed static init: no accel jerk detected, platform moving too much
[0m[34m[TIME]: 0.0012 seconds total (819.0 hz, 6.40 ms behind)
[0m[33m[init]: disparity is 84.818,99.068 (10.00 thresh)
[0m[33m[init]: failed static init: no accel jerk detected, platform moving too much
[0m[34m[TIME]: 0.0016 seconds total (631.7 hz, 4.80 ms behind)
[0m[33m[init]: disparity is 84.818,99.068 (10.00 thresh)
[0m[33m[init]: failed static init: no accel jerk detected, platform moving too much
[0m[34m[TIME]: 0.0016 seconds total (634.9 hz, 6.40 ms behind)
[0m[33m[init]: disparity is 84.818,99.068 (10.00 thresh)
[0m[33m[init]: failed static init: no accel jerk detected, platform moving too much
[0m[34m[TIME]: 0.0011 seconds total (871.1 hz, 5.20 ms behind)
[0m[33m[init]: disparity is 84.818,99.068 (10.00 thresh)
[0m[33m[init]: failed static init: no accel jerk detected, platform moving too much
[0m[34m[TIME]: 0.0013 seconds total (763.4 hz, 6.40 ms behind)
[0m[33m[init]: disparity is 84.818,99.068 (10.00 thresh)
[0m[33m[init]: failed static init: no accel jerk detected, platform moving too much
[0m[34m[TIME]: 0.0014 seconds total (716.8 hz, 7.60 ms behind)
[0m[33m[init]: disparity is 84.818,99.068 (10.00 thresh)
[0m[33m[init]: failed static init: no accel jerk detected, platform moving too much
[0m[34m[TIME]: 0.0011 seconds total (943.4 hz, 6.80 ms behind)
[0m[33m[init]: disparity is 84.818,99.068 (10.00 thresh)
[0m[33m[init]: failed static init: no accel jerk detected, platform moving too much
[0m[34m[TIME]: 0.0012 seconds total (836.8 hz, 6.00 ms behind)
[0m[33m[init]: disparity is 84.818,99.068 (10.00 thresh)
[0m[33m[init]: failed static init: no accel jerk detected, platform moving too much
[0m[34m[TIME]: 0.0012 seconds total (849.6 hz, 5.60 ms behind)
[0m[33m[init]: disparity is 84.818,99.068 (10.00 thresh)
[0m[33m[init]: failed static init: no accel jerk detected, platform moving too much
[0m[34m[TIME]: 0.0013 seconds total (756.4 hz, 6.80 ms behind)
[0m[33m[init]: disparity is 84.818,99.068 (10.00 thresh)
[0m[33m[init]: failed static init: no accel jerk detected, platform moving too much
[0m[34m[TIME]: 0.0012 seconds total (827.8 hz, 6.00 ms behind)
[0m[33m[init]: disparity is 84.818,99.068 (10.00 thresh)
[0m[33m[init]: failed static init: no accel jerk detected, platform moving too much
[0m[34m[TIME]: 0.0013 seconds total (786.8 hz, 5.20 ms behind)
[0m[33m[init]: disparity is 84.818,99.068 (10.00 thresh)
[0m[33m[init]: failed static init: no accel jerk detected, platform moving too much
[0m[34m[TIME]: 0.0015 seconds total (681.7 hz, 6.40 ms behind)
[0m[33m[init]: disparity is 84.818,99.068 (10.00 thresh)
[0m[33m[init]: failed static init: no accel jerk detected, platform moving too much
[0m[34m[TIME]: 0.0015 seconds total (677.0 hz, 6.80 ms behind)
[0m[33m[init]: disparity is 84.818,99.068 (10.00 thresh)
[0m[33m[init]: failed static init: no accel jerk detected, platform moving too much
[0m[34m[TIME]: 0.0010 seconds total (1006.0 hz, 5.60 ms behind)
[0m[33m[init]: disparity is 84.818,99.068 (10.00 thresh)
[0m[33m[init]: failed static init: no accel jerk detected, platform moving too much
[0m[34m[TIME]: 0.0013 seconds total (789.9 hz, 5.20 ms behind)
[0m[33m[init]: disparity is 84.818,99.068 (10.00 thresh)
[0m[33m[init]: failed static init: no accel jerk detected, platform moving too much
[0m[34m[TIME]: 0.0010 seconds total (1044.9 hz, 6.00 ms behind)
[0m[33m[init]: disparity is 84.818,99.068 (10.00 thresh)
[0m[33m[init]: failed static init: no accel jerk detected, platform moving too much
[0m[34m[TIME]: 0.0015 seconds total (686.3 hz, 5.60 ms behind)
[0m[33m[init]: disparity is 84.818,99.068 (10.00 thresh)
[0m[33m[init]: failed static init: no accel jerk detected, platform moving too much
[0m[34m[TIME]: 0.0012 seconds total (819.7 hz, 6.40 ms behind)
[0m[33m[init]: disparity is 84.818,99.068 (10.00 thresh)
[0m[33m[init]: failed static init: no accel jerk detected, platform moving too much
[0m[34m[TIME]: 0.0016 seconds total (627.7 hz, 5.20 ms behind)
[0m[33m[init]: disparity is 84.818,99.068 (10.00 thresh)
[0m[33m[init]: failed static init: no accel jerk detected, platform moving too much
[0m[34m[TIME]: 0.0014 seconds total (735.8 hz, 6.40 ms behind)
[0m[33m[init]: disparity is 84.818,99.068 (10.00 thresh)
[0m[33m[init]: failed static init: no accel jerk detected, platform moving too much
[0m[34m[TIME]: 0.0015 seconds total (654.0 hz, 5.60 ms behind)
[0m[33m[init]: disparity is 84.818,99.068 (10.00 thresh)
[0m[33m[init]: failed static init: no accel jerk detected, platform moving too much
[0m[34m[TIME]: 0.0014 seconds total (726.2 hz, 5.60 ms behind)
[0m[33m[init]: disparity is 84.818,99.068 (10.00 thresh)
[0m[33m[init]: failed static init: no accel jerk detected, platform moving too much
[0m[34m[TIME]: 0.0011 seconds total (949.7 hz, 5.20 ms behind)
[0m[33m[init]: disparity is 84.818,99.068 (10.00 thresh)
[0m[33m[init]: failed static init: no accel jerk detected, platform moving too much
[0m[34m[TIME]: 0.0013 seconds total (798.1 hz, 6.40 ms behind)
[0m[33m[init]: disparity is 84.818,99.068 (10.00 thresh)
[0m[33m[init]: failed static init: no accel jerk detected, platform moving too much
[0m[34m[TIME]: 0.0017 seconds total (586.5 hz, 6.80 ms behind)
[0m[33m[init]: disparity is 84.818,99.068 (10.00 thresh)
[0m[33m[init]: failed static init: no accel jerk detected, platform moving too much
[0m[34m[TIME]: 0.0012 seconds total (859.8 hz, 5.60 ms behind)
[0m[33m[init]: disparity is 84.818,99.068 (10.00 thresh)
[0m[33m[init]: failed static init: no accel jerk detected, platform moving too much
[0m[34m[TIME]: 0.0015 seconds total (659.6 hz, 5.60 ms behind)
[0m[33m[init]: disparity is 84.818,99.068 (10.00 thresh)
[0m[33m[init]: failed static init: no accel jerk detected, platform moving too much
[0m[34m[TIME]: 0.0012 seconds total (858.4 hz, 5.60 ms behind)
[0m[33m[init]: disparity is 84.818,99.068 (10.00 thresh)
[0m[33m[init]: failed static init: no accel jerk detected, platform moving too much
[0m[34m[TIME]: 0.0017 seconds total (602.0 hz, 6.80 ms behind)
[0m[33m[init]: disparity is 84.818,99.068 (10.00 thresh)
[0m[33m[init]: failed static init: no accel jerk detected, platform moving too much
[0m[34m[TIME]: 0.0016 seconds total (626.2 hz, 6.40 ms behind)
[0m[33m[init]: disparity is 84.818,99.068 (10.00 thresh)
[0m[33m[init]: failed static init: no accel jerk detected, platform moving too much
[0m[34m[TIME]: 0.0013 seconds total (797.4 hz, 6.80 ms behind)
[0m[33m[init]: disparity is 84.818,99.068 (10.00 thresh)
[0m[33m[init]: failed static init: no accel jerk detected, platform moving too much
[0m[34m[TIME]: 0.0012 seconds total (825.8 hz, 6.40 ms behind)
[0m[33m[init]: disparity is 84.818,99.068 (10.00 thresh)
[0m[33m[init]: failed static init: no accel jerk detected, platform moving too much
[0m[34m[TIME]: 0.0013 seconds total (774.6 hz, 6.80 ms behind)
[0m[33m[init]: disparity is 84.818,99.068 (10.00 thresh)
[0m[33m[init]: failed static init: no accel jerk detected, platform moving too much
[0m[34m[TIME]: 0.0013 seconds total (758.2 hz, 5.60 ms behind)
[0m[33m[init]: disparity is 84.818,99.068 (10.00 thresh)
[0m[33m[init]: failed static init: no accel jerk detected, platform moving too much
[0m[34m[TIME]: 0.0012 seconds total (836.8 hz, 5.60 ms behind)
[0m[33m[init]: disparity is 84.818,99.068 (10.00 thresh)
[0m[33m[init]: failed static init: no accel jerk detected, platform moving too much
[0m[34m[TIME]: 0.0013 seconds total (778.8 hz, 7.60 ms behind)
[0m[33m[init]: disparity is 84.818,99.068 (10.00 thresh)
[0m[33m[init]: failed static init: no accel jerk detected, platform moving too much
[0m[34m[TIME]: 0.0015 seconds total (646.8 hz, 5.60 ms behind)
[0m[33m[init]: disparity is 84.818,99.068 (10.00 thresh)
[0m[33m[init]: failed static init: no accel jerk detected, platform moving too much
[0m[34m[TIME]: 0.0012 seconds total (836.8 hz, 6.80 ms behind)
[0m[33m[init]: disparity is 84.818,99.068 (10.00 thresh)
[0m[33m[init]: failed static init: no accel jerk detected, platform moving too much
[0m[34m[TIME]: 0.0014 seconds total (714.8 hz, 7.20 ms behind)
[0m[33m[init]: disparity is 84.818,99.068 (10.00 thresh)
[0m[33m[init]: failed static init: no accel jerk detected, platform moving too much
[0m[34m[TIME]: 0.0012 seconds total (803.9 hz, 6.40 ms behind)
[0m[33m[init]: disparity is 84.818,99.068 (10.00 thresh)
[0m[33m[init]: failed static init: no accel jerk detected, platform moving too much
[0m[34m[TIME]: 0.0013 seconds total (756.4 hz, 5.60 ms behind)
[0m[33m[init]: disparity is 84.818,99.068 (10.00 thresh)
[0m[33m[init]: failed static init: no accel jerk detected, platform moving too much
[0m[34m[TIME]: 0.0013 seconds total (759.9 hz, 7.60 ms behind)
[0m[33m[init]: disparity is 84.818,99.068 (10.00 thresh)
[0m[33m[init]: failed static init: no accel jerk detected, platform moving too much
[0m[34m[TIME]: 0.0012 seconds total (840.3 hz, 5.60 ms behind)
[0m[33m[init]: disparity is 84.818,99.068 (10.00 thresh)
[0m[33m[init]: failed static init: no accel jerk detected, platform moving too much
[0m[34m[TIME]: 0.0012 seconds total (857.6 hz, 6.40 ms behind)
[0m[33m[init]: disparity is 84.818,99.068 (10.00 thresh)
[0m[33m[init]: failed static init: no accel jerk detected, platform moving too much
[0m[34m[TIME]: 0.0012 seconds total (805.8 hz, 6.80 ms behind)
[0m[33m[init]: disparity is 84.818,99.068 (10.00 thresh)
[0m[33m[init]: failed static init: no accel jerk detected, platform moving too much
[0m[34m[TIME]: 0.0015 seconds total (676.1 hz, 6.40 ms behind)
[0m[33m[init]: disparity is 84.818,99.068 (10.00 thresh)
[0m[33m[init]: failed static init: no accel jerk detected, platform moving too much
[0m[34m[TIME]: 0.0011 seconds total (887.3 hz, 4.80 ms behind)
[0m[33m[init]: disparity is 84.818,99.068 (10.00 thresh)
[0m[33m[init]: failed static init: no accel jerk detected, platform moving too much
[0m[34m[TIME]: 0.0011 seconds total (950.6 hz, 5.60 ms behind)
[0m[33m[init]: disparity is 84.818,99.068 (10.00 thresh)
[0m[33m[init]: failed static init: no accel jerk detected, platform moving too much
[0m[34m[TIME]: 0.0019 seconds total (539.4 hz, 4.80 ms behind)
[0m[33m[init]: disparity is 84.818,99.068 (10.00 thresh)
[0m[33m[init]: failed static init: no accel jerk detected, platform moving too much
[0m[34m[TIME]: 0.0013 seconds total (764.5 hz, 5.60 ms behind)
[0m[33m[init]: disparity is 84.818,99.068 (10.00 thresh)
[0m[33m[init]: failed static init: no accel jerk detected, platform moving too much
[0m[34m[TIME]: 0.0012 seconds total (862.8 hz, 5.20 ms behind)
[0m[33m[init]: disparity is 84.818,99.068 (10.00 thresh)
[0m[33m[init]: failed static init: no accel jerk detected, platform moving too much
[0m[34m[TIME]: 0.0011 seconds total (895.3 hz, 6.40 ms behind)
[0m[33m[init]: disparity is 84.818,99.068 (10.00 thresh)
[0m[33m[init]: failed static init: no accel jerk detected, platform moving too much
[0m[34m[TIME]: 0.0012 seconds total (813.7 hz, 5.60 ms behind)
[0m[33m[init]: disparity is 84.818,99.068 (10.00 thresh)
[0m[33m[init]: failed static init: no accel jerk detected, platform moving too much
[0m[34m[TIME]: 0.0011 seconds total (920.8 hz, 5.60 ms behind)
[0m[33m[init]: disparity is 84.818,99.068 (10.00 thresh)
[0m[33m[init]: failed static init: no accel jerk detected, platform moving too much
[0m[34m[TIME]: 0.0013 seconds total (772.8 hz, 4.80 ms behind)
[0m[33m[init]: disparity is 84.818,99.068 (10.00 thresh)
[0m[33m[init]: failed static init: no accel jerk detected, platform moving too much
[0m[34m[TIME]: 0.0013 seconds total (798.1 hz, 4.80 ms behind)
[0m[33m[init]: disparity is 84.818,99.068 (10.00 thresh)
[0m[33m[init]: failed static init: no accel jerk detected, platform moving too much
[0m[34m[TIME]: 0.0011 seconds total (884.2 hz, 5.20 ms behind)
[0m[33m[init]: disparity is 84.818,99.068 (10.00 thresh)
[0m[33m[init]: failed static init: no accel jerk detected, platform moving too much
[0m[34m[TIME]: 0.0012 seconds total (801.9 hz, 5.60 ms behind)
[0m[33m[init]: disparity is 84.818,99.068 (10.00 thresh)
[0m[33m[init]: failed static init: no accel jerk detected, platform moving too much
[0m[34m[TIME]: 0.0012 seconds total (866.6 hz, 5.20 ms behind)
[0m[33m[init]: disparity is 84.818,99.068 (10.00 thresh)
[0m[33m[init]: failed static init: no accel jerk detected, platform moving too much
[0m[34m[TIME]: 0.0013 seconds total (761.6 hz, 5.60 ms behind)
[0m[33m[init]: disparity is 84.818,99.068 (10.00 thresh)
[0m[33m[init]: failed static init: no accel jerk detected, platform moving too much
[0m[34m[TIME]: 0.0012 seconds total (811.7 hz, 6.80 ms behind)
[0m[33m[init]: disparity is 84.818,99.068 (10.00 thresh)
[0m[33m[init]: failed static init: no accel jerk detected, platform moving too much
[0m[34m[TIME]: 0.0013 seconds total (795.5 hz, 7.60 ms behind)
[0m[33m[init]: disparity is 84.818,99.068 (10.00 thresh)
[0m[33m[init]: failed static init: no accel jerk detected, platform moving too much
[0m[34m[TIME]: 0.0014 seconds total (728.9 hz, 6.00 ms behind)
[0m[33m[init]: disparity is 84.818,99.068 (10.00 thresh)
[0m[33m[init]: failed static init: no accel jerk detected, platform moving too much
[0m[34m[TIME]: 0.0014 seconds total (693.5 hz, 6.00 ms behind)
[0m[33m[init]: disparity is 84.818,99.068 (10.00 thresh)
[0m[33m[init]: failed static init: no accel jerk detected, platform moving too much
[0m[34m[TIME]: 0.0011 seconds total (889.7 hz, 6.80 ms behind)
[0m[33m[init]: disparity is 84.818,99.068 (10.00 thresh)
[0m[33m[init]: failed static init: no accel jerk detected, platform moving too much
[0m[34m[TIME]: 0.0012 seconds total (816.3 hz, 6.40 ms behind)
[0m[33m[init]: disparity is 84.818,99.068 (10.00 thresh)
[0m[33m[init]: failed static init: no accel jerk detected, platform moving too much
[0m[34m[TIME]: 0.0014 seconds total (736.9 hz, 6.80 ms behind)
[0m[33m[init]: disparity is 84.818,99.068 (10.00 thresh)
[0m[33m[init]: failed static init: no accel jerk detected, platform moving too much
[0m[34m[TIME]: 0.0012 seconds total (805.8 hz, 4.80 ms behind)
[0m[33m[init]: disparity is 84.818,99.068 (10.00 thresh)
[0m[33m[init]: failed static init: no accel jerk detected, platform moving too much
[0m[34m[TIME]: 0.0012 seconds total (842.5 hz, 5.20 ms behind)
[0m[33m[init]: disparity is 84.818,99.068 (10.00 thresh)
[0m[33m[init]: failed static init: no accel jerk detected, platform moving too much
[0m[34m[TIME]: 0.0012 seconds total (867.3 hz, 4.80 ms behind)
[0m[33m[init]: disparity is 84.818,99.068 (10.00 thresh)
[0m[33m[init]: failed static init: no accel jerk detected, platform moving too much
[0m[34m[TIME]: 0.0013 seconds total (763.9 hz, 6.00 ms behind)
[0m[33m[init]: disparity is 84.818,99.068 (10.00 thresh)
[0m[33m[init]: failed static init: no accel jerk detected, platform moving too much
[0m[34m[TIME]: 0.0016 seconds total (625.8 hz, 6.00 ms behind)
[0m[33m[init]: disparity is 84.818,99.068 (10.00 thresh)
[0m[33m[init]: failed static init: no accel jerk detected, platform moving too much
[0m[34m[TIME]: 0.0014 seconds total (738.0 hz, 4.80 ms behind)
[0m[33m[init]: disparity is 84.818,99.068 (10.00 thresh)
[0m[33m[init]: failed static init: no accel jerk detected, platform moving too much
[0m[34m[TIME]: 0.0013 seconds total (777.6 hz, 5.60 ms behind)
[0m[33m[init]: disparity is 84.818,99.068 (10.00 thresh)
[0m[33m[init]: failed static init: no accel jerk detected, platform moving too much
[0m[34m[TIME]: 0.0016 seconds total (636.5 hz, 6.00 ms behind)
[0m[33m[init]: disparity is 84.818,99.068 (10.00 thresh)
[0m[33m[init]: failed static init: no accel jerk detected, platform moving too much
[0m[34m[TIME]: 0.0014 seconds total (721.0 hz, 5.60 ms behind)
[0m[33m[init]: disparity is 84.818,99.068 (10.00 thresh)
[0m[33m[init]: failed static init: no accel jerk detected, platform moving too much
[0m[34m[TIME]: 0.0013 seconds total (759.9 hz, 6.00 ms behind)
[0m[33m[init]: disparity is 84.818,99.068 (10.00 thresh)
[0m[33m[init]: failed static init: no accel jerk detected, platform moving too much
[0m[34m[TIME]: 0.0012 seconds total (823.7 hz, 5.60 ms behind)
[0m[33m[init]: disparity is 84.818,99.068 (10.00 thresh)
[0m[33m[init]: failed static init: no accel jerk detected, platform moving too much
[0m[34m[TIME]: 0.0012 seconds total (838.9 hz, 6.00 ms behind)
[0m[33m[init]: disparity is 84.818,99.068 (10.00 thresh)
[0m[33m[init]: failed static init: no accel jerk detected, platform moving too much
[0m[34m[TIME]: 0.0012 seconds total (836.1 hz, 6.00 ms behind)
[0m[33m[init]: disparity is 84.818,99.068 (10.00 thresh)
[0m[33m[init]: failed static init: no accel jerk detected, platform moving too much
[0m[34m[TIME]: 0.0022 seconds total (449.6 hz, 6.00 ms behind)
[0m[33m[init]: disparity is 84.818,99.068 (10.00 thresh)
[0m[33m[init]: failed static init: no accel jerk detected, platform moving too much
[0m[34m[TIME]: 0.0013 seconds total (742.4 hz, 4.80 ms behind)
[0m[33m[init]: disparity is 84.818,99.068 (10.00 thresh)
[0m[33m[init]: failed static init: no accel jerk detected, platform moving too much
[0m[34m[TIME]: 0.0019 seconds total (517.9 hz, 6.00 ms behind)
[0m[33m[init]: disparity is 84.818,99.068 (10.00 thresh)
[0m[33m[init]: failed static init: no accel jerk detected, platform moving too much
[0m[34m[TIME]: 0.0013 seconds total (780.6 hz, 6.40 ms behind)
[0m[33m[init]: disparity is 84.818,99.068 (10.00 thresh)
[0m[33m[init]: failed static init: no accel jerk detected, platform moving too much
[0m[34m[TIME]: 0.0015 seconds total (645.2 hz, 6.80 ms behind)
[0m[33m[init]: disparity is 84.818,99.068 (10.00 thresh)
[0m[33m[init]: failed static init: no accel jerk detected, platform moving too much
[0m[34m[TIME]: 0.0012 seconds total (829.9 hz, 5.60 ms behind)
[0m[33m[init]: disparity is 84.818,99.068 (10.00 thresh)
[0m[33m[init]: failed static init: no accel jerk detected, platform moving too much
[0m[34m[TIME]: 0.0009 seconds total (1052.6 hz, 5.60 ms behind)
[0m[33m[init]: disparity is 84.818,99.068 (10.00 thresh)
[0m[33m[init]: failed static init: no accel jerk detected, platform moving too much
[0m[34m[TIME]: 0.0013 seconds total (771.6 hz, 5.60 ms behind)
[0m[33m[init]: disparity is 84.818,99.068 (10.00 thresh)
[0m[33m[init]: failed static init: no accel jerk detected, platform moving too much
[0m[34m[TIME]: 0.0014 seconds total (738.0 hz, 5.60 ms behind)
[0m[33m[init]: disparity is 84.818,99.068 (10.00 thresh)
[0m[33m[init]: failed static init: no accel jerk detected, platform moving too much
[0m[34m[TIME]: 0.0013 seconds total (741.8 hz, 7.60 ms behind)
[0m[33m[init]: disparity is 84.818,99.068 (10.00 thresh)
[0m[33m[init]: failed static init: no accel jerk detected, platform moving too much
[0m[34m[TIME]: 0.0018 seconds total (567.9 hz, 5.60 ms behind)
[0m[33m[init]: disparity is 84.818,99.068 (10.00 thresh)
[0m[33m[init]: failed static init: no accel jerk detected, platform moving too much
[0m[34m[TIME]: 0.0012 seconds total (803.9 hz, 5.60 ms behind)
[0m[33m[init]: disparity is 84.818,99.068 (10.00 thresh)
[0m[33m[init]: failed static init: no accel jerk detected, platform moving too much
[0m[34m[TIME]: 0.0014 seconds total (711.2 hz, 5.20 ms behind)
[0m[33m[init]: disparity is 84.818,99.068 (10.00 thresh)
[0m[33m[init]: failed static init: no accel jerk detected, platform moving too much
[0m[34m[TIME]: 0.0014 seconds total (728.3 hz, 5.60 ms behind)
[0m[33m[init]: disparity is 84.818,99.068 (10.00 thresh)
[0m[33m[init]: failed static init: no accel jerk detected, platform moving too much
[0m[34m[TIME]: 0.0015 seconds total (648.5 hz, 6.00 ms behind)
[0m[33m[init]: disparity is 84.818,99.068 (10.00 thresh)
[0m[33m[init]: failed static init: no accel jerk detected, platform moving too much
[0m[34m[TIME]: 0.0012 seconds total (803.9 hz, 5.60 ms behind)
[0m[33m[init]: disparity is 84.818,99.068 (10.00 thresh)
[0m[33m[init]: failed static init: no accel jerk detected, platform moving too much
[0m[34m[TIME]: 0.0012 seconds total (852.5 hz, 6.00 ms behind)
[0m[33m[init]: disparity is 84.818,99.068 (10.00 thresh)
[0m[33m[init]: failed static init: no accel jerk detected, platform moving too much
[0m[34m[TIME]: 0.0012 seconds total (851.8 hz, 4.80 ms behind)
[0m[33m[init]: disparity is 84.818,99.068 (10.00 thresh)
[0m[33m[init]: failed static init: no accel jerk detected, platform moving too much
[0m[34m[TIME]: 0.0011 seconds total (933.7 hz, 5.60 ms behind)
[0m[33m[init]: disparity is 84.818,99.068 (10.00 thresh)
[0m[33m[init]: failed static init: no accel jerk detected, platform moving too much
[0m[34m[TIME]: 0.0014 seconds total (732.6 hz, 5.60 ms behind)
[0m[33m[init]: disparity is 84.818,99.068 (10.00 thresh)
[0m[33m[init]: failed static init: no accel jerk detected, platform moving too much
[0m[34m[TIME]: 0.0013 seconds total (778.2 hz, 6.00 ms behind)
[0m[33m[init]: disparity is 84.818,99.068 (10.00 thresh)
[0m[33m[init]: failed static init: no accel jerk detected, platform moving too much
[0m[34m[TIME]: 0.0012 seconds total (843.2 hz, 5.60 ms behind)
[0m[33m[init]: disparity is 84.818,99.068 (10.00 thresh)
[0m[33m[init]: failed static init: no accel jerk detected, platform moving too much
[0m[34m[TIME]: 0.0017 seconds total (587.9 hz, 4.80 ms behind)
[0m[33m[init]: disparity is 84.818,99.068 (10.00 thresh)
[0m[33m[init]: failed static init: no accel jerk detected, platform moving too much
[0m[34m[TIME]: 0.0010 seconds total (989.1 hz, 4.40 ms behind)
[0m[33m[init]: disparity is 84.818,99.068 (10.00 thresh)
[0m[33m[init]: failed static init: no accel jerk detected, platform moving too much
[0m[34m[TIME]: 0.0011 seconds total (885.7 hz, 4.80 ms behind)
[0m[33m[init]: disparity is 84.818,99.068 (10.00 thresh)
[0m[33m[init]: failed static init: no accel jerk detected, platform moving too much
[0m[34m[TIME]: 0.0011 seconds total (936.3 hz, 6.00 ms behind)
[0m[33m[init]: disparity is 84.818,99.068 (10.00 thresh)
[0m[33m[init]: failed static init: no accel jerk detected, platform moving too much
[0m[34m[TIME]: 0.0013 seconds total (781.3 hz, 6.00 ms behind)
[0m[33m[init]: disparity is 84.818,99.068 (10.00 thresh)
[0m[33m[init]: failed static init: no accel jerk detected, platform moving too much
[0m[34m[TIME]: 0.0013 seconds total (774.0 hz, 4.40 ms behind)
[0m[33m[init]: disparity is 84.818,99.068 (10.00 thresh)
[0m[33m[init]: failed static init: no accel jerk detected, platform moving too much
[0m[34m[TIME]: 0.0013 seconds total (746.3 hz, 5.60 ms behind)
[0m[33m[init]: disparity is 84.818,99.068 (10.00 thresh)
[0m[33m[init]: failed static init: no accel jerk detected, platform moving too much
[0m[34m[TIME]: 0.0011 seconds total (873.4 hz, 6.00 ms behind)
[0m[33m[init]: disparity is 84.818,99.068 (10.00 thresh)
[0m[33m[init]: failed static init: no accel jerk detected, platform moving too much
[0m[34m[TIME]: 0.0011 seconds total (874.1 hz, 3.60 ms behind)
[0m[33m[init]: disparity is 84.818,99.068 (10.00 thresh)
[0m[33m[init]: failed static init: no accel jerk detected, platform moving too much
[0m[34m[TIME]: 0.0015 seconds total (678.4 hz, 4.40 ms behind)
[0m[33m[init]: disparity is 84.818,99.068 (10.00 thresh)
[0m[33m[init]: failed static init: no accel jerk detected, platform moving too much
[0m[34m[TIME]: 0.0013 seconds total (791.8 hz, 5.60 ms behind)
[0m[33m[init]: disparity is 84.818,99.068 (10.00 thresh)
[0m[33m[init]: failed static init: no accel jerk detected, platform moving too much
[0m[34m[TIME]: 0.0013 seconds total (741.8 hz, 4.40 ms behind)
[0m[33m[init]: disparity is 84.818,99.068 (10.00 thresh)
[0m[33m[init]: failed static init: no accel jerk detected, platform moving too much
[0m[34m[TIME]: 0.0013 seconds total (761.6 hz, 4.80 ms behind)
[0m[33m[init]: disparity is 84.818,99.068 (10.00 thresh)
[0m[33m[init]: failed static init: no accel jerk detected, platform moving too much
[0m[34m[TIME]: 0.0011 seconds total (878.0 hz, 4.40 ms behind)
[0m[33m[init]: disparity is 84.818,99.068 (10.00 thresh)
[0m[33m[init]: failed static init: no accel jerk detected, platform moving too much
[0m[34m[TIME]: 0.0013 seconds total (746.3 hz, 5.20 ms behind)
[0m[33m[init]: disparity is 84.818,99.068 (10.00 thresh)
[0m[33m[init]: failed static init: no accel jerk detected, platform moving too much
[0m[34m[TIME]: 0.0014 seconds total (734.8 hz, 4.80 ms behind)
[0m[33m[init]: disparity is 84.818,99.068 (10.00 thresh)
[0m[33m[init]: failed static init: no accel jerk detected, platform moving too much
[0m[34m[TIME]: 0.0010 seconds total (1011.1 hz, 6.00 ms behind)
[0m[33m[init]: disparity is 84.818,99.068 (10.00 thresh)
[0m[33m[init]: failed static init: no accel jerk detected, platform moving too much
[0m[34m[TIME]: 0.0014 seconds total (723.1 hz, 4.40 ms behind)
[0m[33m[init]: disparity is 84.818,99.068 (10.00 thresh)
[0m[33m[init]: failed static init: no accel jerk detected, platform moving too much
[0m[34m[TIME]: 0.0013 seconds total (792.4 hz, 5.60 ms behind)
[0m[33m[init]: disparity is 84.818,99.068 (10.00 thresh)
[0m[33m[init]: failed static init: no accel jerk detected, platform moving too much
[0m[34m[TIME]: 0.0012 seconds total (813.0 hz, 5.60 ms behind)
[0m[33m[init]: disparity is 84.818,99.068 (10.00 thresh)
[0m[33m[init]: failed static init: no accel jerk detected, platform moving too much
[0m[34m[TIME]: 0.0012 seconds total (865.1 hz, 6.00 ms behind)
[0m[33m[init]: disparity is 84.818,99.068 (10.00 thresh)
[0m[33m[init]: failed static init: no accel jerk detected, platform moving too much
[0m[34m[TIME]: 0.0016 seconds total (608.6 hz, 4.80 ms behind)
[0m[33m[init]: disparity is 84.818,99.068 (10.00 thresh)
[0m[33m[init]: failed static init: no accel jerk detected, platform moving too much
[0m[34m[TIME]: 0.0011 seconds total (888.1 hz, 4.80 ms behind)
[0m[33m[init]: disparity is 84.818,99.068 (10.00 thresh)
[0m[33m[init]: failed static init: no accel jerk detected, platform moving too much
[0m[34m[TIME]: 0.0012 seconds total (806.5 hz, 4.80 ms behind)
[0m[33m[init]: disparity is 84.818,99.068 (10.00 thresh)
[0m[33m[init]: failed static init: no accel jerk detected, platform moving too much
[0m[34m[TIME]: 0.0015 seconds total (676.1 hz, 6.80 ms behind)
[0m[33m[init]: disparity is 84.818,99.068 (10.00 thresh)
[0m[33m[init]: failed static init: no accel jerk detected, platform moving too much
[0m[34m[TIME]: 0.0026 seconds total (378.9 hz, 4.80 ms behind)
[0m[33m[init]: disparity is 84.818,99.068 (10.00 thresh)
[0m[33m[init]: failed static init: no accel jerk detected, platform moving too much
[0m[34m[TIME]: 0.0016 seconds total (616.9 hz, 6.80 ms behind)
[0m[33m[init]: disparity is 84.818,99.068 (10.00 thresh)
[0m[33m[init]: failed static init: no accel jerk detected, platform moving too much
[0m[34m[TIME]: 0.0012 seconds total (812.3 hz, 4.40 ms behind)
[0m[33m[init]: disparity is 84.818,99.068 (10.00 thresh)
[0m[33m[init]: failed static init: no accel jerk detected, platform moving too much
[0m[34m[TIME]: 0.0013 seconds total (794.3 hz, 6.00 ms behind)
[0m[33m[init]: disparity is 84.818,99.068 (10.00 thresh)
[0m[33m[init]: failed static init: no accel jerk detected, platform moving too much
[0m[34m[TIME]: 0.0017 seconds total (605.3 hz, 4.80 ms behind)
[0m[33m[init]: disparity is 84.818,99.068 (10.00 thresh)
[0m[33m[init]: failed static init: no accel jerk detected, platform moving too much
[0m[34m[TIME]: 0.0018 seconds total (564.3 hz, 4.80 ms behind)
[0m[33m[init]: disparity is 84.818,99.068 (10.00 thresh)
[0m[33m[init]: failed static init: no accel jerk detected, platform moving too much
[0m[34m[TIME]: 0.0014 seconds total (699.3 hz, 4.80 ms behind)
[0m[33m[init]: disparity is 84.818,99.068 (10.00 thresh)
[0m[33m[init]: failed static init: no accel jerk detected, platform moving too much
[0m[34m[TIME]: 0.0012 seconds total (801.9 hz, 5.60 ms behind)
[0m[33m[init]: disparity is 84.818,99.068 (10.00 thresh)
[0m[33m[init]: failed static init: no accel jerk detected, platform moving too much
[0m[34m[TIME]: 0.0015 seconds total (684.0 hz, 4.40 ms behind)
[0m[33m[init]: disparity is 84.818,99.068 (10.00 thresh)
[0m[33m[init]: failed static init: no accel jerk detected, platform moving too much
[0m[34m[TIME]: 0.0011 seconds total (881.1 hz, 5.60 ms behind)
[0m[33m[init]: disparity is 84.818,99.068 (10.00 thresh)
[0m[33m[init]: failed static init: no accel jerk detected, platform moving too much
[0m[34m[TIME]: 0.0022 seconds total (463.0 hz, 5.60 ms behind)
[0m[33m[init]: disparity is 84.818,99.068 (10.00 thresh)
[0m[33m[init]: failed static init: no accel jerk detected, platform moving too much
[0m[34m[TIME]: 0.0023 seconds total (442.3 hz, 3.20 ms behind)
[0m[33m[init]: disparity is 84.818,99.068 (10.00 thresh)
[0m[33m[init]: failed static init: no accel jerk detected, platform moving too much
[0m[34m[TIME]: 0.0012 seconds total (812.3 hz, 6.00 ms behind)
[0m[33m[init]: disparity is 84.818,99.068 (10.00 thresh)
[0m[33m[init]: failed static init: no accel jerk detected, platform moving too much
[0m[34m[TIME]: 0.0014 seconds total (699.8 hz, 6.00 ms behind)
[0m[33m[init]: disparity is 84.818,99.068 (10.00 thresh)
[0m[33m[init]: failed static init: no accel jerk detected, platform moving too much
[0m[34m[TIME]: 0.0016 seconds total (618.8 hz, 4.80 ms behind)
[0m[33m[init]: disparity is 84.818,99.068 (10.00 thresh)
[0m[33m[init]: failed static init: no accel jerk detected, platform moving too much
[0m[34m[TIME]: 0.0014 seconds total (714.8 hz, 3.60 ms behind)
[0m[33m[init]: disparity is 84.818,99.068 (10.00 thresh)
[0m[33m[init]: failed static init: no accel jerk detected, platform moving too much
[0m[34m[TIME]: 0.0017 seconds total (580.0 hz, 5.60 ms behind)
[0m[33m[init]: disparity is 84.818,99.068 (10.00 thresh)
[0m[33m[init]: failed static init: no accel jerk detected, platform moving too much
[0m[34m[TIME]: 0.0014 seconds total (738.0 hz, 5.60 ms behind)
[0m[33m[init]: disparity is 84.818,99.068 (10.00 thresh)
[0m[33m[init]: failed static init: no accel jerk detected, platform moving too much
[0m[34m[TIME]: 0.0018 seconds total (561.5 hz, 5.60 ms behind)
[0m[33m[init]: disparity is 84.818,99.068 (10.00 thresh)
[0m[33m[init]: failed static init: no accel jerk detected, platform moving too much
[0m[34m[TIME]: 0.0014 seconds total (726.2 hz, 4.80 ms behind)
[0m[33m[init]: disparity is 84.818,99.068 (10.00 thresh)
[0m[33m[init]: failed static init: no accel jerk detected, platform moving too much
[0m[34m[TIME]: 0.0014 seconds total (734.8 hz, 6.00 ms behind)
[0m[33m[init]: disparity is 84.818,99.068 (10.00 thresh)
[0m[33m[init]: failed static init: no accel jerk detected, platform moving too much
[0m[34m[TIME]: 0.0013 seconds total (781.9 hz, 6.00 ms behind)
[0m[33m[init]: disparity is 84.818,99.068 (10.00 thresh)
[0m[33m[init]: failed static init: no accel jerk detected, platform moving too much
[0m[34m[TIME]: 0.0015 seconds total (664.0 hz, 5.60 ms behind)
[0m[33m[init]: disparity is 84.818,99.068 (10.00 thresh)
[0m[33m[init]: failed static init: no accel jerk detected, platform moving too much
[0m[34m[TIME]: 0.0022 seconds total (456.8 hz, 5.60 ms behind)
[0m[33m[init]: disparity is 84.818,99.068 (10.00 thresh)
[0m[33m[init]: failed static init: no accel jerk detected, platform moving too much
[0m[34m[TIME]: 0.0012 seconds total (827.1 hz, 4.80 ms behind)
[0m[33m[init]: disparity is 84.818,99.068 (10.00 thresh)
[0m[33m[init]: failed static init: no accel jerk detected, platform moving too much
[0m[34m[TIME]: 0.0015 seconds total (674.8 hz, 6.00 ms behind)
[0m[33m[init]: disparity is 84.818,99.068 (10.00 thresh)
[0m[33m[init]: failed static init: no accel jerk detected, platform moving too much
[0m[34m[TIME]: 0.0013 seconds total (787.4 hz, 4.80 ms behind)
[0m[33m[init]: disparity is 84.818,99.068 (10.00 thresh)
[0m[33m[init]: failed static init: no accel jerk detected, platform moving too much
[0m[34m[TIME]: 0.0012 seconds total (839.6 hz, 4.80 ms behind)
[0m[33m[init]: disparity is 84.818,99.068 (10.00 thresh)
[0m[33m[init]: failed static init: no accel jerk detected, platform moving too much
[0m[34m[TIME]: 0.0013 seconds total (796.2 hz, 5.60 ms behind)
[0m[33m[init]: disparity is 84.818,99.068 (10.00 thresh)
[0m[33m[init]: failed static init: no accel jerk detected, platform moving too much
[0m[34m[TIME]: 0.0014 seconds total (707.7 hz, 6.00 ms behind)
[0m[33m[init]: disparity is 84.818,99.068 (10.00 thresh)
[0m[33m[init]: failed static init: no accel jerk detected, platform moving too much
[0m[34m[TIME]: 0.0018 seconds total (555.6 hz, 6.40 ms behind)
[0m[33m[init]: disparity is 84.818,99.068 (10.00 thresh)
[0m[33m[init]: failed static init: no accel jerk detected, platform moving too much
[0m[34m[TIME]: 0.0011 seconds total (926.8 hz, 6.80 ms behind)
[0m[33m[init]: disparity is 84.818,99.068 (10.00 thresh)
[0m[33m[init]: failed static init: no accel jerk detected, platform moving too much
[0m[34m[TIME]: 0.0013 seconds total (796.2 hz, 6.40 ms behind)
[0m[33m[init]: disparity is 84.818,99.068 (10.00 thresh)
[0m[33m[init]: failed static init: no accel jerk detected, platform moving too much
[0m[34m[TIME]: 0.0016 seconds total (643.5 hz, 5.60 ms behind)
[0m[33m[init]: disparity is 84.818,99.068 (10.00 thresh)
[0m[33m[init]: failed static init: no accel jerk detected, platform moving too much
[0m[34m[TIME]: 0.0012 seconds total (819.7 hz, 6.00 ms behind)
[0m[33m[init]: disparity is 84.818,99.068 (10.00 thresh)
[0m[33m[init]: failed static init: no accel jerk detected, platform moving too much
[0m[34m[TIME]: 0.0012 seconds total (802.6 hz, 5.60 ms behind)
[0m[33m[init]: disparity is 84.818,99.068 (10.00 thresh)
[0m[33m[init]: failed static init: no accel jerk detected, platform moving too much
[0m[34m[TIME]: 0.0018 seconds total (568.5 hz, 5.60 ms behind)
[0m[33m[init]: disparity is 84.818,99.068 (10.00 thresh)
[0m[33m[init]: failed static init: no accel jerk detected, platform moving too much
[0m[34m[TIME]: 0.0012 seconds total (834.0 hz, 5.60 ms behind)
[0m[33m[init]: disparity is 84.818,99.068 (10.00 thresh)
[0m[33m[init]: failed static init: no accel jerk detected, platform moving too much
[0m[34m[TIME]: 0.0015 seconds total (685.4 hz, 4.40 ms behind)
[0m[33m[init]: disparity is 84.818,99.068 (10.00 thresh)
[0m[33m[init]: failed static init: no accel jerk detected, platform moving too much
[0m[34m[TIME]: 0.0016 seconds total (624.2 hz, 5.60 ms behind)
[0m[33m[init]: disparity is 84.818,99.068 (10.00 thresh)
[0m[33m[init]: failed static init: no accel jerk detected, platform moving too much
[0m[34m[TIME]: 0.0013 seconds total (791.1 hz, 6.00 ms behind)
[0m[33m[init]: disparity is 84.818,99.068 (10.00 thresh)
[0m[33m[init]: failed static init: no accel jerk detected, platform moving too much
[0m[34m[TIME]: 0.0013 seconds total (789.9 hz, 5.60 ms behind)
[0m[33m[init]: disparity is 84.818,99.068 (10.00 thresh)
[0m[33m[init]: failed static init: no accel jerk detected, platform moving too much
[0m[34m[TIME]: 0.0012 seconds total (825.8 hz, 6.00 ms behind)
[0m[33m[init]: disparity is 84.818,99.068 (10.00 thresh)
[0m[33m[init]: failed static init: no accel jerk detected, platform moving too much
[0m[34m[TIME]: 0.0012 seconds total (865.8 hz, 6.00 ms behind)
[0m[33m[init]: disparity is 84.818,99.068 (10.00 thresh)
[0m[33m[init]: failed static init: no accel jerk detected, platform moving too much
[0m[34m[TIME]: 0.0012 seconds total (815.7 hz, 5.60 ms behind)
[0m[33m[init]: disparity is 84.818,99.068 (10.00 thresh)
[0m[33m[init]: failed static init: no accel jerk detected, platform moving too much
[0m[34m[TIME]: 0.0012 seconds total (801.9 hz, 5.60 ms behind)
[0m[33m[init]: disparity is 84.818,99.068 (10.00 thresh)
[0m[33m[init]: failed static init: no accel jerk detected, platform moving too much
[0m[34m[TIME]: 0.0011 seconds total (946.1 hz, 5.60 ms behind)
[0m[33m[init]: disparity is 84.818,99.068 (10.00 thresh)
[0m[33m[init]: failed static init: no accel jerk detected, platform moving too much
[0m[34m[TIME]: 0.0014 seconds total (734.8 hz, 5.60 ms behind)
[0m[33m[init]: disparity is 84.818,99.068 (10.00 thresh)
[0m[33m[init]: failed static init: no accel jerk detected, platform moving too much
[0m[34m[TIME]: 0.0019 seconds total (530.8 hz, 4.80 ms behind)
[0m[33m[init]: disparity is 84.818,99.068 (10.00 thresh)
[0m[33m[init]: failed static init: no accel jerk detected, platform moving too much
[0m[34m[TIME]: 0.0019 seconds total (531.3 hz, 4.80 ms behind)
[0m[33m[init]: disparity is 84.818,99.068 (10.00 thresh)
[0m[33m[init]: failed static init: no accel jerk detected, platform moving too much
[0m[34m[TIME]: 0.0015 seconds total (645.2 hz, 4.40 ms behind)
[0m[33m[init]: disparity is 84.818,99.068 (10.00 thresh)
[0m[33m[init]: failed static init: no accel jerk detected, platform moving too much
[0m[34m[TIME]: 0.0012 seconds total (868.1 hz, 4.80 ms behind)
[0m[33m[init]: disparity is 84.818,99.068 (10.00 thresh)
[0m[33m[init]: failed static init: no accel jerk detected, platform moving too much
[0m[34m[TIME]: 0.0015 seconds total (685.4 hz, 4.80 ms behind)
[0m[33m[init]: disparity is 84.818,99.068 (10.00 thresh)
[0m[33m[init]: failed static init: no accel jerk detected, platform moving too much
[0m[34m[TIME]: 0.0020 seconds total (506.8 hz, 6.00 ms behind)
[0m[33m[init]: disparity is 84.818,99.068 (10.00 thresh)
[0m[33m[init]: failed static init: no accel jerk detected, platform moving too much
[0m[34m[TIME]: 0.0014 seconds total (690.6 hz, 5.60 ms behind)
[0m[33m[init]: disparity is 84.818,99.068 (10.00 thresh)
[0m[33m[init]: failed static init: no accel jerk detected, platform moving too much
[0m[34m[TIME]: 0.0012 seconds total (861.3 hz, 5.20 ms behind)
[0m[33m[init]: disparity is 84.818,99.068 (10.00 thresh)
[0m[33m[init]: failed static init: no accel jerk detected, platform moving too much
[0m[34m[TIME]: 0.0016 seconds total (625.8 hz, 5.60 ms behind)
[0m[33m[init]: disparity is 84.818,99.068 (10.00 thresh)
[0m[33m[init]: failed static init: no accel jerk detected, platform moving too much
[0m[34m[TIME]: 0.0011 seconds total (917.4 hz, 6.00 ms behind)
[0m[33m[init]: disparity is 84.818,99.068 (10.00 thresh)
[0m[33m[init]: failed static init: no accel jerk detected, platform moving too much
[0m[34m[TIME]: 0.0013 seconds total (774.6 hz, 5.60 ms behind)
[0m[33m[init]: disparity is 84.818,99.068 (10.00 thresh)
[0m[33m[init]: failed static init: no accel jerk detected, platform moving too much
[0m[34m[TIME]: 0.0017 seconds total (580.4 hz, 4.80 ms behind)
[0m[33m[init]: disparity is 84.818,99.068 (10.00 thresh)
[0m[33m[init]: failed static init: no accel jerk detected, platform moving too much
[0m[34m[TIME]: 0.0014 seconds total (707.7 hz, 4.40 ms behind)
[0m[33m[init]: disparity is 84.818,99.068 (10.00 thresh)
[0m[33m[init]: failed static init: no accel jerk detected, platform moving too much
[0m[34m[TIME]: 0.0012 seconds total (805.8 hz, 4.80 ms behind)
[0m[33m[init]: disparity is 84.818,99.068 (10.00 thresh)
[0m[33m[init]: failed static init: no accel jerk detected, platform moving too much
[0m[34m[TIME]: 0.0016 seconds total (618.4 hz, 4.80 ms behind)
[0m[33m[init]: disparity is 84.818,99.068 (10.00 thresh)
[0m[33m[init]: failed static init: no accel jerk detected, platform moving too much
[0m[34m[TIME]: 0.0013 seconds total (791.8 hz, 4.80 ms behind)
[0m[33m[init]: disparity is 84.818,99.068 (10.00 thresh)
[0m[33m[init]: failed static init: no accel jerk detected, platform moving too much
[0m[34m[TIME]: 0.0014 seconds total (736.9 hz, 4.80 ms behind)
[0m[33m[init]: disparity is 84.818,99.068 (10.00 thresh)
[0m[33m[init]: failed static init: no accel jerk detected, platform moving too much
[0m[34m[TIME]: 0.0019 seconds total (529.4 hz, 6.80 ms behind)
[0m[33m[init]: disparity is 84.818,99.068 (10.00 thresh)
[0m[33m[init]: failed static init: no accel jerk detected, platform moving too much
[0m[34m[TIME]: 0.0012 seconds total (804.5 hz, 6.00 ms behind)
[0m[33m[init]: disparity is 84.818,99.068 (10.00 thresh)
[0m[33m[init]: failed static init: no accel jerk detected, platform moving too much
[0m[34m[TIME]: 0.0012 seconds total (831.3 hz, 4.80 ms behind)
[0m[33m[init]: disparity is 84.818,99.068 (10.00 thresh)
[0m[33m[init]: failed static init: no accel jerk detected, platform moving too much
[0m[34m[TIME]: 0.0010 seconds total (961.5 hz, 4.40 ms behind)
[0m[33m[init]: disparity is 84.818,99.068 (10.00 thresh)
[0m[33m[init]: failed static init: no accel jerk detected, platform moving too much
[0m[34m[TIME]: 0.0019 seconds total (535.6 hz, 4.80 ms behind)
[0m[33m[init]: disparity is 84.818,99.068 (10.00 thresh)
[0m[33m[init]: failed static init: no accel jerk detected, platform moving too much
[0m[34m[TIME]: 0.0015 seconds total (685.4 hz, 4.40 ms behind)
[0m[33m[init]: disparity is 84.818,99.068 (10.00 thresh)
[0m[33m[init]: failed static init: no accel jerk detected, platform moving too much
[0m[34m[TIME]: 0.0012 seconds total (839.6 hz, 4.80 ms behind)
[0m[33m[init]: disparity is 84.818,99.068 (10.00 thresh)
[0m[33m[init]: failed static init: no accel jerk detected, platform moving too much
[0m[34m[TIME]: 0.0012 seconds total (849.6 hz, 4.40 ms behind)
[0m[33m[init]: disparity is 84.818,99.068 (10.00 thresh)
[0m[33m[init]: failed static init: no accel jerk detected, platform moving too much
[0m[34m[TIME]: 0.0019 seconds total (530.5 hz, 5.60 ms behind)
[0m[33m[init]: disparity is 84.818,99.068 (10.00 thresh)
[0m[33m[init]: failed static init: no accel jerk detected, platform moving too much
[0m[34m[TIME]: 0.0012 seconds total (805.2 hz, 5.60 ms behind)
[0m[33m[init]: disparity is 84.818,99.068 (10.00 thresh)
[0m[33m[init]: failed static init: no accel jerk detected, platform moving too much
[0m[34m[TIME]: 0.0014 seconds total (709.2 hz, 5.60 ms behind)
[0m[33m[init]: disparity is 84.818,99.068 (10.00 thresh)
[0m[33m[init]: failed static init: no accel jerk detected, platform moving too much
[0m[34m[TIME]: 0.0012 seconds total (804.5 hz, 4.80 ms behind)
[0m[33m[init]: disparity is 84.818,99.068 (10.00 thresh)
[0m[33m[init]: failed static init: no accel jerk detected, platform moving too much
[0m[34m[TIME]: 0.0011 seconds total (945.2 hz, 4.80 ms behind)
[0m[33m[init]: disparity is 84.818,99.068 (10.00 thresh)
[0m[33m[init]: failed static init: no accel jerk detected, platform moving too much
[0m[34m[TIME]: 0.0013 seconds total (789.3 hz, 4.40 ms behind)
[0m[33m[init]: disparity is 84.818,99.068 (10.00 thresh)
[0m[33m[init]: failed static init: no accel jerk detected, platform moving too much
[0m[34m[TIME]: 0.0017 seconds total (581.4 hz, 5.60 ms behind)
[0m[33m[init]: disparity is 84.818,99.068 (10.00 thresh)
[0m[33m[init]: failed static init: no accel jerk detected, platform moving too much
[0m[34m[TIME]: 0.0015 seconds total (665.8 hz, 4.40 ms behind)
[0m[33m[init]: disparity is 84.818,99.068 (10.00 thresh)
[0m[33m[init]: failed static init: no accel jerk detected, platform moving too much
[0m[34m[TIME]: 0.0014 seconds total (696.9 hz, 5.60 ms behind)
[0m[33m[init]: disparity is 84.818,99.068 (10.00 thresh)
[0m[33m[init]: failed static init: no accel jerk detected, platform moving too much
[0m[34m[TIME]: 0.0014 seconds total (717.9 hz, 6.00 ms behind)
[0m[33m[init]: disparity is 84.818,99.068 (10.00 thresh)
[0m[33m[init]: failed static init: no accel jerk detected, platform moving too much
[0m[34m[TIME]: 0.0018 seconds total (567.5 hz, 6.00 ms behind)
[0m[33m[init]: disparity is 84.818,99.068 (10.00 thresh)
[0m[33m[init]: failed static init: no accel jerk detected, platform moving too much
[0m[34m[TIME]: 0.0015 seconds total (654.0 hz, 6.00 ms behind)
[0m[33m[init]: disparity is 84.818,99.068 (10.00 thresh)
[0m[33m[init]: failed static init: no accel jerk detected, platform moving too much
[0m[34m[TIME]: 0.0022 seconds total (461.7 hz, 3.20 ms behind)
[0m[33m[init]: disparity is 84.818,99.068 (10.00 thresh)
[0m[33m[init]: failed static init: no accel jerk detected, platform moving too much
[0m[34m[TIME]: 0.0015 seconds total (650.6 hz, 5.60 ms behind)
[0m[33m[init]: disparity is 84.818,99.068 (10.00 thresh)
[0m[33m[init]: failed static init: no accel jerk detected, platform moving too much
[0m[34m[TIME]: 0.0011 seconds total (925.9 hz, 4.80 ms behind)
[0m[33m[init]: disparity is 84.818,99.068 (10.00 thresh)
[0m[33m[init]: failed static init: no accel jerk detected, platform moving too much
[0m[34m[TIME]: 0.0016 seconds total (617.7 hz, 6.00 ms behind)
[0m[33m[init]: disparity is 84.818,99.068 (10.00 thresh)
[0m[33m[init]: failed static init: no accel jerk detected, platform moving too much
[0m[34m[TIME]: 0.0011 seconds total (921.7 hz, 6.00 ms behind)
[0m[33m[init]: disparity is 84.818,99.068 (10.00 thresh)
[0m[33m[init]: failed static init: no accel jerk detected, platform moving too much
[0m[34m[TIME]: 0.0015 seconds total (686.8 hz, 6.00 ms behind)
[0m[33m[init]: disparity is 84.818,99.068 (10.00 thresh)
[0m[33m[init]: failed static init: no accel jerk detected, platform moving too much
[0m[34m[TIME]: 0.0015 seconds total (678.0 hz, 6.00 ms behind)
[0m[33m[init]: disparity is 84.818,99.068 (10.00 thresh)
[0m[33m[init]: failed static init: no accel jerk detected, platform moving too much
[0m[34m[TIME]: 0.0013 seconds total (778.8 hz, 5.60 ms behind)
[0m[33m[init]: disparity is 84.818,99.068 (10.00 thresh)
[0m[33m[init]: failed static init: no accel jerk detected, platform moving too much
[0m[34m[TIME]: 0.0014 seconds total (702.7 hz, 6.80 ms behind)
[0m[33m[init]: disparity is 84.818,99.068 (10.00 thresh)
[0m[33m[init]: failed static init: no accel jerk detected, platform moving too much
[0m[34m[TIME]: 0.0011 seconds total (939.0 hz, 6.00 ms behind)
[0m[33m[init]: disparity is 84.818,99.068 (10.00 thresh)
[0m[33m[init]: failed static init: no accel jerk detected, platform moving too much
[0m[34m[TIME]: 0.0013 seconds total (742.9 hz, 5.60 ms behind)
[0m[33m[init]: disparity is 84.818,99.068 (10.00 thresh)
[0m[33m[init]: failed static init: no accel jerk detected, platform moving too much
[0m[34m[TIME]: 0.0015 seconds total (649.8 hz, 4.80 ms behind)
[0m[33m[init]: disparity is 84.818,99.068 (10.00 thresh)
[0m[33m[init]: failed static init: no accel jerk detected, platform moving too much
[0m[34m[TIME]: 0.0010 seconds total (1001.0 hz, 4.80 ms behind)
[0m[33m[init]: disparity is 84.818,99.068 (10.00 thresh)
[0m[33m[init]: failed static init: no accel jerk detected, platform moving too much
[0m[34m[TIME]: 0.0013 seconds total (779.4 hz, 4.40 ms behind)
[0m[33m[init]: disparity is 84.818,99.068 (10.00 thresh)
[0m[33m[init]: failed static init: no accel jerk detected, platform moving too much
[0m[34m[TIME]: 0.0017 seconds total (602.0 hz, 5.60 ms behind)
[0m[33m[init]: disparity is 84.818,99.068 (10.00 thresh)
[0m[33m[init]: failed static init: no accel jerk detected, platform moving too much
[0m[34m[TIME]: 0.0019 seconds total (513.6 hz, 4.40 ms behind)
[0m[33m[init]: disparity is 84.818,99.068 (10.00 thresh)
[0m[33m[init]: failed static init: no accel jerk detected, platform moving too much
[0m[34m[TIME]: 0.0012 seconds total (839.6 hz, 4.80 ms behind)
[0m[33m[init]: disparity is 84.818,99.068 (10.00 thresh)
[0m[33m[init]: failed static init: no accel jerk detected, platform moving too much
[0m[34m[TIME]: 0.0018 seconds total (569.8 hz, 4.80 ms behind)
[0m[33m[init]: disparity is 84.818,99.068 (10.00 thresh)
[0m[33m[init]: failed static init: no accel jerk detected, platform moving too much
[0m[34m[TIME]: 0.0012 seconds total (861.3 hz, 4.80 ms behind)
[0m[33m[init]: disparity is 84.818,99.068 (10.00 thresh)
[0m[33m[init]: failed static init: no accel jerk detected, platform moving too much
[0m[34m[TIME]: 0.0015 seconds total (663.1 hz, 4.80 ms behind)
[0m[33m[init]: disparity is 84.818,99.068 (10.00 thresh)
[0m[33m[init]: failed static init: no accel jerk detected, platform moving too much
[0m[34m[TIME]: 0.0012 seconds total (851.8 hz, 4.80 ms behind)
[0m[33m[init]: disparity is 84.818,99.068 (10.00 thresh)
[0m[33m[init]: failed static init: no accel jerk detected, platform moving too much
[0m[34m[TIME]: 0.0016 seconds total (629.3 hz, 6.00 ms behind)
[0m[33m[init]: disparity is 84.818,99.068 (10.00 thresh)
[0m[33m[init]: failed static init: no accel jerk detected, platform moving too much
[0m[34m[TIME]: 0.0017 seconds total (589.3 hz, 6.00 ms behind)
[0m[33m[init]: disparity is 84.818,99.068 (10.00 thresh)
[0m[33m[init]: failed static init: no accel jerk detected, platform moving too much
[0m[34m[TIME]: 0.0016 seconds total (615.8 hz, 6.00 ms behind)
[0m[33m[init]: disparity is 84.818,99.068 (10.00 thresh)
[0m[33m[init]: failed static init: no accel jerk detected, platform moving too much
[0m[34m[TIME]: 0.0014 seconds total (724.6 hz, 5.60 ms behind)
[0m[33m[init]: disparity is 84.818,99.068 (10.00 thresh)
[0m[33m[init]: failed static init: no accel jerk detected, platform moving too much
[0m[34m[TIME]: 0.0013 seconds total (750.2 hz, 6.00 ms behind)
[0m[33m[init]: disparity is 84.818,99.068 (10.00 thresh)
[0m[33m[init]: failed static init: no accel jerk detected, platform moving too much
[0m[34m[TIME]: 0.0011 seconds total (936.3 hz, 5.60 ms behind)
[0m[33m[init]: disparity is 84.818,99.068 (10.00 thresh)
[0m[33m[init]: failed static init: no accel jerk detected, platform moving too much
[0m[34m[TIME]: 0.0016 seconds total (620.3 hz, 5.60 ms behind)
[0m[33m[init]: disparity is 84.818,99.068 (10.00 thresh)
[0m[33m[init]: failed static init: no accel jerk detected, platform moving too much
[0m[34m[TIME]: 0.0017 seconds total (574.4 hz, 5.60 ms behind)
[0m[33m[init]: disparity is 84.818,99.068 (10.00 thresh)
[0m[33m[init]: failed static init: no accel jerk detected, platform moving too much
[0m[34m[TIME]: 0.0015 seconds total (678.4 hz, 5.60 ms behind)
[0m[33m[init]: disparity is 84.818,99.068 (10.00 thresh)
[0m[33m[init]: failed static init: no accel jerk detected, platform moving too much
[0m[34m[TIME]: 0.0014 seconds total (694.0 hz, 4.80 ms behind)
[0m[33m[init]: disparity is 84.818,99.068 (10.00 thresh)
[0m[33m[init]: failed static init: no accel jerk detected, platform moving too much
[0m[34m[TIME]: 0.0014 seconds total (733.1 hz, 4.80 ms behind)
[0m[33m[init]: disparity is 84.818,99.068 (10.00 thresh)
[0m[33m[init]: failed static init: no accel jerk detected, platform moving too much
[0m[34m[TIME]: 0.0014 seconds total (690.1 hz, 8.00 ms behind)
[0m[33m[init]: disparity is 84.818,99.068 (10.00 thresh)
[0m[33m[init]: failed static init: no accel jerk detected, platform moving too much
[0m[34m[TIME]: 0.0011 seconds total (910.7 hz, 2.80 ms behind)
[0m[33m[init]: disparity is 84.818,99.068 (10.00 thresh)
[0m[33m[init]: failed static init: no accel jerk detected, platform moving too much
[0m[34m[TIME]: 0.0015 seconds total (678.9 hz, 6.80 ms behind)
[0m[33m[init]: disparity is 84.818,99.068 (10.00 thresh)
[0m[33m[init]: failed static init: no accel jerk detected, platform moving too much
[0m[34m[TIME]: 0.0013 seconds total (749.1 hz, 6.00 ms behind)
[0m[33m[init]: disparity is 84.818,99.068 (10.00 thresh)
[0m[33m[init]: failed static init: no accel jerk detected, platform moving too much
[0m[34m[TIME]: 0.0013 seconds total (766.3 hz, 5.60 ms behind)
[0m[33m[init]: disparity is 84.818,99.068 (10.00 thresh)
[0m[33m[init]: failed static init: no accel jerk detected, platform moving too much
[0m[34m[TIME]: 0.0017 seconds total (586.9 hz, 5.60 ms behind)
[0m[33m[init]: disparity is 84.818,99.068 (10.00 thresh)
[0m[33m[init]: failed static init: no accel jerk detected, platform moving too much
[0m[34m[TIME]: 0.0012 seconds total (832.6 hz, 4.80 ms behind)
[0m[33m[init]: disparity is 84.818,99.068 (10.00 thresh)
[0m[33m[init]: failed static init: no accel jerk detected, platform moving too much
[0m[34m[TIME]: 0.0011 seconds total (892.1 hz, 5.60 ms behind)
[0m[33m[init]: disparity is 84.818,99.068 (10.00 thresh)
[0m[33m[init]: failed static init: no accel jerk detected, platform moving too much
[0m[34m[TIME]: 0.0012 seconds total (840.3 hz, 6.00 ms behind)
[0m[33m[init]: disparity is 84.818,99.068 (10.00 thresh)
[0m[33m[init]: failed static init: no accel jerk detected, platform moving too much
[0m[34m[TIME]: 0.0011 seconds total (871.1 hz, 5.60 ms behind)
[0m[33m[init]: disparity is 84.818,99.068 (10.00 thresh)
[0m[33m[init]: failed static init: no accel jerk detected, platform moving too much
[0m[34m[TIME]: 0.0014 seconds total (708.2 hz, 5.60 ms behind)
[0m[33m[init]: disparity is 84.818,99.068 (10.00 thresh)
[0m[33m[init]: failed static init: no accel jerk detected, platform moving too much
[0m[34m[TIME]: 0.0012 seconds total (837.5 hz, 4.40 ms behind)
[0m[33m[init]: disparity is 84.818,99.068 (10.00 thresh)
[0m[33m[init]: failed static init: no accel jerk detected, platform moving too much
[0m[34m[TIME]: 0.0014 seconds total (699.8 hz, 5.60 ms behind)
[0m[33m[init]: disparity is 84.818,99.068 (10.00 thresh)
[0m[33m[init]: failed static init: no accel jerk detected, platform moving too much
[0m[34m[TIME]: 0.0012 seconds total (865.8 hz, 4.80 ms behind)
[0m[33m[init]: disparity is 84.818,99.068 (10.00 thresh)
[0m[33m[init]: failed static init: no accel jerk detected, platform moving too much
[0m[34m[TIME]: 0.0012 seconds total (831.9 hz, 4.80 ms behind)
[0m[33m[init]: disparity is 84.818,99.068 (10.00 thresh)
[0m[33m[init]: failed static init: no accel jerk detected, platform moving too much
[0m[34m[TIME]: 0.0018 seconds total (542.9 hz, 5.60 ms behind)
[0m[33m[init]: disparity is 84.818,99.068 (10.00 thresh)
[0m[33m[init]: failed static init: no accel jerk detected, platform moving too much
[0m[34m[TIME]: 0.0012 seconds total (831.3 hz, 4.80 ms behind)
[0m[33m[init]: disparity is 84.818,99.068 (10.00 thresh)
[0m[33m[init]: failed static init: no accel jerk detected, platform moving too much
[0m[34m[TIME]: 0.0013 seconds total (746.3 hz, 4.80 ms behind)
[0m[33m[init]: disparity is 84.818,99.068 (10.00 thresh)
[0m[33m[init]: failed static init: no accel jerk detected, platform moving too much
[0m[34m[TIME]: 0.0013 seconds total (749.1 hz, 5.60 ms behind)
[0m[33m[init]: disparity is 84.818,99.068 (10.00 thresh)
[0m[33m[init]: failed static init: no accel jerk detected, platform moving too much
[0m[34m[TIME]: 0.0013 seconds total (793.7 hz, 6.00 ms behind)
[0m[33m[init]: disparity is 84.818,99.068 (10.00 thresh)
[0m[33m[init]: failed static init: no accel jerk detected, platform moving too much
[0m[34m[TIME]: 0.0011 seconds total (939.0 hz, 6.00 ms behind)
[0m[33m[init]: disparity is 84.818,99.068 (10.00 thresh)
[0m[33m[init]: failed static init: no accel jerk detected, platform moving too much
[0m[34m[TIME]: 0.0014 seconds total (697.8 hz, 5.60 ms behind)
[0m[33m[init]: disparity is 84.818,99.068 (10.00 thresh)
[0m[33m[init]: failed static init: no accel jerk detected, platform moving too much
[0m[34m[TIME]: 0.0013 seconds total (742.9 hz, 4.80 ms behind)
[0m[33m[init]: disparity is 84.818,99.068 (10.00 thresh)
[0m[33m[init]: failed static init: no accel jerk detected, platform moving too much
[0m[34m[TIME]: 0.0014 seconds total (734.2 hz, 4.80 ms behind)
[0m[33m[init]: disparity is 84.818,99.068 (10.00 thresh)
[0m[33m[init]: failed static init: no accel jerk detected, platform moving too much
[0m[34m[TIME]: 0.0016 seconds total (636.5 hz, 4.80 ms behind)
[0m[33m[init]: disparity is 84.818,99.068 (10.00 thresh)
[0m[33m[init]: failed static init: no accel jerk detected, platform moving too much
[0m[34m[TIME]: 0.0016 seconds total (641.8 hz, 5.60 ms behind)
[0m[33m[init]: disparity is 84.818,99.068 (10.00 thresh)
[0m[33m[init]: failed static init: no accel jerk detected, platform moving too much
[0m[34m[TIME]: 0.0013 seconds total (773.4 hz, 4.80 ms behind)
[0m[33m[init]: disparity is 84.818,99.068 (10.00 thresh)
[0m[33m[init]: failed static init: no accel jerk detected, platform moving too much
[0m[34m[TIME]: 0.0014 seconds total (692.5 hz, 4.80 ms behind)
[0m[33m[init]: disparity is 84.818,99.068 (10.00 thresh)
[0m[33m[init]: failed static init: no accel jerk detected, platform moving too much
[0m[34m[TIME]: 0.0014 seconds total (734.2 hz, 5.60 ms behind)
[0m[33m[init]: disparity is 84.818,99.068 (10.00 thresh)
[0m[33m[init]: failed static init: no accel jerk detected, platform moving too much
[0m[34m[TIME]: 0.0012 seconds total (850.3 hz, 5.60 ms behind)
[0m[33m[init]: disparity is 84.818,99.068 (10.00 thresh)
[0m[33m[init]: failed static init: no accel jerk detected, platform moving too much
[0m[34m[TIME]: 0.0013 seconds total (750.8 hz, 6.00 ms behind)
[0m[33m[init]: disparity is 84.818,99.068 (10.00 thresh)
[0m[33m[init]: failed static init: no accel jerk detected, platform moving too much
[0m[34m[TIME]: 0.0014 seconds total (711.2 hz, 5.60 ms behind)
[0m[33m[init]: disparity is 84.818,99.068 (10.00 thresh)
[0m[33m[init]: failed static init: no accel jerk detected, platform moving too much
[0m[34m[TIME]: 0.0018 seconds total (561.8 hz, 4.80 ms behind)
[0m[33m[init]: disparity is 84.818,99.068 (10.00 thresh)
[0m[33m[init]: failed static init: no accel jerk detected, platform moving too much
[0m[34m[TIME]: 0.0012 seconds total (867.3 hz, 5.60 ms behind)
[0m[33m[init]: disparity is 84.818,99.068 (10.00 thresh)
[0m[33m[init]: failed static init: no accel jerk detected, platform moving too much
[0m[34m[TIME]: 0.0015 seconds total (672.5 hz, 5.60 ms behind)
[0m[33m[init]: disparity is 84.818,99.068 (10.00 thresh)
[0m[33m[init]: failed static init: no accel jerk detected, platform moving too much
[0m[34m[TIME]: 0.0011 seconds total (869.6 hz, 4.80 ms behind)
[0m[33m[init]: disparity is 84.818,99.068 (10.00 thresh)
[0m[33m[init]: failed static init: no accel jerk detected, platform moving too much
[0m[34m[TIME]: 0.0010 seconds total (1022.5 hz, 5.60 ms behind)
[0m[33m[init]: disparity is 84.818,99.068 (10.00 thresh)
[0m[33m[init]: failed static init: no accel jerk detected, platform moving too much
[0m[34m[TIME]: 0.0012 seconds total (836.1 hz, 4.40 ms behind)
[0m[33m[init]: disparity is 84.818,99.068 (10.00 thresh)
[0m[33m[init]: failed static init: no accel jerk detected, platform moving too much
[0m[34m[TIME]: 0.0021 seconds total (480.3 hz, 5.60 ms behind)
[0m[33m[init]: disparity is 84.818,99.068 (10.00 thresh)
[0m[33m[init]: failed static init: no accel jerk detected, platform moving too much
[0m[34m[TIME]: 0.0012 seconds total (830.6 hz, 6.00 ms behind)
[0m[33m[init]: disparity is 84.818,99.068 (10.00 thresh)
[0m[33m[init]: failed static init: no accel jerk detected, platform moving too much
[0m[34m[TIME]: 0.0015 seconds total (662.7 hz, 6.00 ms behind)
[0m[33m[init]: disparity is 84.818,99.068 (10.00 thresh)
[0m[33m[init]: failed static init: no accel jerk detected, platform moving too much
[0m[34m[TIME]: 0.0014 seconds total (726.2 hz, 5.60 ms behind)
[0m[33m[init]: disparity is 84.818,99.068 (10.00 thresh)
[0m[33m[init]: failed static init: no accel jerk detected, platform moving too much
[0m[34m[TIME]: 0.0012 seconds total (866.6 hz, 4.80 ms behind)
[0m[33m[init]: disparity is 84.818,99.068 (10.00 thresh)
[0m[33m[init]: failed static init: no accel jerk detected, platform moving too much
[0m[34m[TIME]: 0.0011 seconds total (907.4 hz, 5.60 ms behind)
[0m[33m[init]: disparity is 84.818,99.068 (10.00 thresh)
[0m[33m[init]: failed static init: no accel jerk detected, platform moving too much
[0m[34m[TIME]: 0.0011 seconds total (921.7 hz, 5.20 ms behind)
[0m[33m[init]: disparity is 84.818,99.068 (10.00 thresh)
[0m[33m[init]: failed static init: no accel jerk detected, platform moving too much
[0m[34m[TIME]: 0.0014 seconds total (697.4 hz, 5.60 ms behind)
[0m[33m[init]: disparity is 84.818,99.068 (10.00 thresh)
[0m[33m[init]: failed static init: no accel jerk detected, platform moving too much
[0m[34m[TIME]: 0.0012 seconds total (826.4 hz, 4.80 ms behind)
[0m[33m[init]: disparity is 84.818,99.068 (10.00 thresh)
[0m[33m[init]: failed static init: no accel jerk detected, platform moving too much
[0m[34m[TIME]: 0.0014 seconds total (701.3 hz, 5.60 ms behind)
[0m[33m[init]: disparity is 84.818,99.068 (10.00 thresh)
[0m[33m[init]: failed static init: no accel jerk detected, platform moving too much
[0m[34m[TIME]: 0.0018 seconds total (558.7 hz, 5.60 ms behind)
[0m[33m[init]: disparity is 84.818,99.068 (10.00 thresh)
[0m[33m[init]: failed static init: no accel jerk detected, platform moving too much
[0m[34m[TIME]: 0.0022 seconds total (452.1 hz, 6.00 ms behind)
[0m[33m[init]: disparity is 84.818,99.068 (10.00 thresh)
[0m[33m[init]: failed static init: no accel jerk detected, platform moving too much
[0m[34m[TIME]: 0.0012 seconds total (867.3 hz, 5.20 ms behind)
[0m[33m[init]: disparity is 84.818,99.068 (10.00 thresh)
[0m[33m[init]: failed static init: no accel jerk detected, platform moving too much
[0m[34m[TIME]: 0.0014 seconds total (709.7 hz, 5.60 ms behind)
[0m[33m[init]: disparity is 84.818,99.068 (10.00 thresh)
[0m[33m[init]: failed static init: no accel jerk detected, platform moving too much
[0m[34m[TIME]: 0.0013 seconds total (742.9 hz, 5.20 ms behind)
[0m[33m[init]: disparity is 84.818,99.068 (10.00 thresh)
[0m[33m[init]: failed static init: no accel jerk detected, platform moving too much
[0m[34m[TIME]: 0.0014 seconds total (737.5 hz, 4.80 ms behind)
[0m[33m[init]: disparity is 84.818,99.068 (10.00 thresh)
[0m[33m[init]: failed static init: no accel jerk detected, platform moving too much
[0m[34m[TIME]: 0.0015 seconds total (667.6 hz, 5.60 ms behind)
[0m[33m[init]: disparity is 84.818,99.068 (10.00 thresh)
[0m[33m[init]: failed static init: no accel jerk detected, platform moving too much
[0m[34m[TIME]: 0.0012 seconds total (805.8 hz, 6.00 ms behind)
[0m[33m[init]: disparity is 84.818,99.068 (10.00 thresh)
[0m[33m[init]: failed static init: no accel jerk detected, platform moving too much
[0m[34m[TIME]: 0.0015 seconds total (677.5 hz, 5.60 ms behind)
[0m[33m[init]: disparity is 84.818,99.068 (10.00 thresh)
[0m[33m[init]: failed static init: no accel jerk detected, platform moving too much
[0m[34m[TIME]: 0.0015 seconds total (656.2 hz, 5.60 ms behind)
[0m[33m[init]: disparity is 84.818,99.068 (10.00 thresh)
[0m[33m[init]: failed static init: no accel jerk detected, platform moving too much
[0m[34m[TIME]: 0.0013 seconds total (769.2 hz, 6.00 ms behind)
[0m[33m[init]: disparity is 84.818,99.068 (10.00 thresh)
[0m[33m[init]: failed static init: no accel jerk detected, platform moving too much
[0m[34m[TIME]: 0.0017 seconds total (590.7 hz, 6.00 ms behind)
[0m[33m[init]: disparity is 84.818,99.068 (10.00 thresh)
[0m[33m[init]: failed static init: no accel jerk detected, platform moving too much
[0m[34m[TIME]: 0.0019 seconds total (523.3 hz, 6.00 ms behind)
[0m[33m[init]: disparity is 84.818,99.068 (10.00 thresh)
[0m[33m[init]: failed static init: no accel jerk detected, platform moving too much
[0m[34m[TIME]: 0.0011 seconds total (939.8 hz, 6.40 ms behind)
[0m[33m[init]: disparity is 84.818,99.068 (10.00 thresh)
[0m[33m[init]: failed static init: no accel jerk detected, platform moving too much
[0m[34m[TIME]: 0.0012 seconds total (856.2 hz, 6.80 ms behind)
[0m[33m[init]: disparity is 84.818,99.068 (10.00 thresh)
[0m[33m[init]: failed static init: no accel jerk detected, platform moving too much
[0m[34m[TIME]: 0.0015 seconds total (689.2 hz, 6.80 ms behind)
[0m[33m[init]: disparity is 84.818,99.068 (10.00 thresh)
[0m[33m[init]: failed static init: no accel jerk detected, platform moving too much
[0m[34m[TIME]: 0.0014 seconds total (739.1 hz, 7.60 ms behind)
[0m[33m[init]: disparity is 84.818,99.068 (10.00 thresh)
[0m[33m[init]: failed static init: no accel jerk detected, platform moving too much
[0m[34m[TIME]: 0.0010 seconds total (960.6 hz, 7.60 ms behind)
[0m[33m[init]: disparity is 84.818,99.068 (10.00 thresh)
[0m[33m[init]: failed static init: no accel jerk detected, platform moving too much
[0m[34m[TIME]: 0.0012 seconds total (806.5 hz, 6.80 ms behind)
[0m[33m[init]: disparity is 84.818,99.068 (10.00 thresh)
[0m[33m[init]: failed static init: no accel jerk detected, platform moving too much
[0m[34m[TIME]: 0.0015 seconds total (688.2 hz, 6.40 ms behind)
[0m[33m[init]: disparity is 84.818,99.068 (10.00 thresh)
[0m[33m[init]: failed static init: no accel jerk detected, platform moving too much
[0m[34m[TIME]: 0.0013 seconds total (785.5 hz, 8.00 ms behind)
[0m[33m[init]: disparity is 84.818,99.068 (10.00 thresh)
[0m[33m[init]: failed static init: no accel jerk detected, platform moving too much
[0m[34m[TIME]: 0.0010 seconds total (993.0 hz, 7.60 ms behind)
[0m[33m[init]: disparity is 84.818,99.068 (10.00 thresh)
[0m[33m[init]: failed static init: no accel jerk detected, platform moving too much
[0m[34m[TIME]: 0.0015 seconds total (646.8 hz, 6.80 ms behind)
[0m[33m[init]: disparity is 84.818,99.068 (10.00 thresh)
[0m[33m[init]: failed static init: no accel jerk detected, platform moving too much
[0m[34m[TIME]: 0.0012 seconds total (849.6 hz, 6.00 ms behind)
[0m[33m[init]: disparity is 84.818,99.068 (10.00 thresh)
[0m[33m[init]: failed static init: no accel jerk detected, platform moving too much
[0m[34m[TIME]: 0.0012 seconds total (838.9 hz, 6.80 ms behind)
[0m[33m[init]: disparity is 84.818,99.068 (10.00 thresh)
[0m[33m[init]: failed static init: no accel jerk detected, platform moving too much
[0m[34m[TIME]: 0.0015 seconds total (683.1 hz, 6.00 ms behind)
[0m[33m[init]: disparity is 84.818,99.068 (10.00 thresh)
[0m[33m[init]: failed static init: no accel jerk detected, platform moving too much
[0m[34m[TIME]: 0.0014 seconds total (729.4 hz, 6.00 ms behind)
[0m[33m[init]: disparity is 84.818,99.068 (10.00 thresh)
[0m[33m[init]: failed static init: no accel jerk detected, platform moving too much
[0m[34m[TIME]: 0.0012 seconds total (846.0 hz, 5.60 ms behind)
[0m[33m[init]: disparity is 84.818,99.068 (10.00 thresh)
[0m[33m[init]: failed static init: no accel jerk detected, platform moving too much
[0m[34m[TIME]: 0.0018 seconds total (557.7 hz, 6.00 ms behind)
[0m[33m[init]: disparity is 84.818,99.068 (10.00 thresh)
[0m[33m[init]: failed static init: no accel jerk detected, platform moving too much
[0m[34m[TIME]: 0.0013 seconds total (742.4 hz, 7.60 ms behind)
[0m[33m[init]: disparity is 84.818,99.068 (10.00 thresh)
[0m[33m[init]: failed static init: no accel jerk detected, platform moving too much
[0m[34m[TIME]: 0.0012 seconds total (856.2 hz, 6.00 ms behind)
[0m[33m[init]: disparity is 84.818,99.068 (10.00 thresh)
[0m[33m[init]: failed static init: no accel jerk detected, platform moving too much
[0m[34m[TIME]: 0.0014 seconds total (693.5 hz, 5.60 ms behind)
[0m[33m[init]: disparity is 84.818,99.068 (10.00 thresh)
[0m[33m[init]: failed static init: no accel jerk detected, platform moving too much
[0m[34m[TIME]: 0.0014 seconds total (734.2 hz, 5.20 ms behind)
[0m[33m[init]: disparity is 84.818,99.068 (10.00 thresh)
[0m[33m[init]: failed static init: no accel jerk detected, platform moving too much
[0m[34m[TIME]: 0.0018 seconds total (563.7 hz, 6.40 ms behind)
[0m[33m[init]: disparity is 84.818,99.068 (10.00 thresh)
[0m[33m[init]: failed static init: no accel jerk detected, platform moving too much
[0m[34m[TIME]: 0.0015 seconds total (687.3 hz, 6.00 ms behind)
[0m[33m[init]: disparity is 84.818,99.068 (10.00 thresh)
[0m[33m[init]: failed static init: no accel jerk detected, platform moving too much
[0m[34m[TIME]: 0.0013 seconds total (750.8 hz, 6.40 ms behind)
[0m[33m[init]: disparity is 84.818,99.068 (10.00 thresh)
[0m[33m[init]: failed static init: no accel jerk detected, platform moving too much
[0m[34m[TIME]: 0.0014 seconds total (694.9 hz, 6.80 ms behind)
[0m[33m[init]: disparity is 84.818,99.068 (10.00 thresh)
[0m[33m[init]: failed static init: no accel jerk detected, platform moving too much
[0m[34m[TIME]: 0.0014 seconds total (740.2 hz, 6.00 ms behind)
[0m[33m[init]: disparity is 84.818,99.068 (10.00 thresh)
[0m[33m[init]: failed static init: no accel jerk detected, platform moving too much
[0m[34m[TIME]: 0.0012 seconds total (856.2 hz, 5.20 ms behind)
[0m[33m[init]: disparity is 84.818,99.068 (10.00 thresh)
[0m[33m[init]: failed static init: no accel jerk detected, platform moving too much
[0m[34m[TIME]: 0.0016 seconds total (623.8 hz, 4.40 ms behind)
[0m[33m[init]: disparity is 84.818,99.068 (10.00 thresh)
[0m[33m[init]: failed static init: no accel jerk detected, platform moving too much
[0m[34m[TIME]: 0.0011 seconds total (904.2 hz, 5.60 ms behind)
[0m[33m[init]: disparity is 84.818,99.068 (10.00 thresh)
[0m[33m[init]: failed static init: no accel jerk detected, platform moving too much
[0m[34m[TIME]: 0.0014 seconds total (693.5 hz, 4.80 ms behind)
[0m[33m[init]: disparity is 84.818,99.068 (10.00 thresh)
[0m[33m[init]: failed static init: no accel jerk detected, platform moving too much
[0m[34m[TIME]: 0.0014 seconds total (706.2 hz, 5.20 ms behind)
[0m[33m[init]: disparity is 84.818,99.068 (10.00 thresh)
[0m[33m[init]: failed static init: no accel jerk detected, platform moving too much
[0m[34m[TIME]: 0.0019 seconds total (536.8 hz, 4.40 ms behind)
[0m[33m[init]: disparity is 84.818,99.068 (10.00 thresh)
[0m[33m[init]: failed static init: no accel jerk detected, platform moving too much
[0m[34m[TIME]: 0.0010 seconds total (967.1 hz, 4.80 ms behind)
[0m[33m[init]: disparity is 84.818,99.068 (10.00 thresh)
[0m[33m[init]: failed static init: no accel jerk detected, platform moving too much
[0m[34m[TIME]: 0.0017 seconds total (588.6 hz, 4.00 ms behind)
[0m[33m[init]: disparity is 84.818,99.068 (10.00 thresh)
[0m[33m[init]: failed static init: no accel jerk detected, platform moving too much
[0m[34m[TIME]: 0.0012 seconds total (841.8 hz, 5.20 ms behind)
[0m[33m[init]: disparity is 84.818,99.068 (10.00 thresh)
[0m[33m[init]: failed static init: no accel jerk detected, platform moving too much
[0m[34m[TIME]: 0.0013 seconds total (786.8 hz, 5.60 ms behind)
[0m[33m[init]: disparity is 84.818,99.068 (10.00 thresh)
[0m[33m[init]: failed static init: no accel jerk detected, platform moving too much
[0m[34m[TIME]: 0.0013 seconds total (793.7 hz, 5.60 ms behind)
[0m[33m[init]: disparity is 84.818,99.068 (10.00 thresh)
[0m[33m[init]: failed static init: no accel jerk detected, platform moving too much
[0m[34m[TIME]: 0.0010 seconds total (1015.2 hz, 5.60 ms behind)
[0m[33m[init]: disparity is 84.818,99.068 (10.00 thresh)
[0m[33m[init]: failed static init: no accel jerk detected, platform moving too much
[0m[34m[TIME]: 0.0015 seconds total (662.3 hz, 5.60 ms behind)
[0m[33m[init]: disparity is 84.818,99.068 (10.00 thresh)
[0m[33m[init]: failed static init: no accel jerk detected, platform moving too much
[0m[34m[TIME]: 0.0014 seconds total (725.2 hz, 6.40 ms behind)
[0m[33m[init]: disparity is 84.818,99.068 (10.00 thresh)
[0m[33m[init]: failed static init: no accel jerk detected, platform moving too much
[0m[34m[TIME]: 0.0012 seconds total (810.4 hz, 6.00 ms behind)
[0m[33m[init]: disparity is 84.818,99.068 (10.00 thresh)
[0m[33m[init]: failed static init: no accel jerk detected, platform moving too much
[0m[34m[TIME]: 0.0015 seconds total (668.9 hz, 4.40 ms behind)
[0m[33m[init]: disparity is 84.818,99.068 (10.00 thresh)
[0m[33m[init]: failed static init: no accel jerk detected, platform moving too much
[0m[34m[TIME]: 0.0012 seconds total (829.2 hz, 5.60 ms behind)
[0m[33m[init]: disparity is 84.818,99.068 (10.00 thresh)
[0m[33m[init]: failed static init: no accel jerk detected, platform moving too much
[0m[34m[TIME]: 0.0018 seconds total (561.2 hz, 4.80 ms behind)
[0m[33m[init]: disparity is 84.818,99.068 (10.00 thresh)
[0m[33m[init]: failed static init: no accel jerk detected, platform moving too much
[0m[34m[TIME]: 0.0013 seconds total (765.7 hz, 4.80 ms behind)
[0m[33m[init]: disparity is 84.818,99.068 (10.00 thresh)
[0m[33m[init]: failed static init: no accel jerk detected, platform moving too much
[0m[34m[TIME]: 0.0014 seconds total (712.3 hz, 6.00 ms behind)
[0m[33m[init]: disparity is 84.818,99.068 (10.00 thresh)
[0m[33m[init]: failed static init: no accel jerk detected, platform moving too much
[0m[34m[TIME]: 0.0014 seconds total (716.8 hz, 5.60 ms behind)
[0m[33m[init]: disparity is 84.818,99.068 (10.00 thresh)
[0m[33m[init]: failed static init: no accel jerk detected, platform moving too much
[0m[34m[TIME]: 0.0013 seconds total (761.0 hz, 4.00 ms behind)
[0m[33m[init]: disparity is 84.818,99.068 (10.00 thresh)
[0m[33m[init]: failed static init: no accel jerk detected, platform moving too much
[0m[34m[TIME]: 0.0013 seconds total (784.9 hz, 6.80 ms behind)
[0m[33m[init]: disparity is 84.818,99.068 (10.00 thresh)
[0m[33m[init]: failed static init: no accel jerk detected, platform moving too much
[0m[34m[TIME]: 0.0018 seconds total (563.7 hz, 5.60 ms behind)
[0m[33m[init]: disparity is 84.818,99.068 (10.00 thresh)
[0m[33m[init]: failed static init: no accel jerk detected, platform moving too much
[0m